customer_id,name,email,city,signup_date
CUST_0001,Varun Mehta,varun.mehta1@example.in,Mumbai,2025-11-09
CUST_0002,Pooja Gupta,pooja.gupta2@example.in,Ahmedabad,2025-09-26
CUST_0003,Simran Das,simran.das3@example.in,Bengaluru,2026-01-29
CUST_0004,Kavya Verma,kavya.verma4@example.in,Mumbai,2025-09-23
CUST_0005,Aditya Gupta,aditya.gupta5@example.in,Visakhapatnam,2026-02-01
CUST_0006,Aarav Das,aarav.das6@example.in,Kolkata,2026-02-13
CUST_0007,Nikhil Das,nikhil.das7@example.in,Indore,2025-10-26
CUST_0008,Arjun Agarwal,arjun.agarwal8@example.in,Pune,2025-09-01
CUST_0009,Gaurav Nair,gaurav.nair9@example.in,Indore,2025-11-26
CUST_0010,Rahul Joshi,rahul.joshi10@example.in,Kolkata,2025-11-25
CUST_0011,Priya Patel,priya.patel11@example.in,Nagpur,2025-09-24
CUST_0012,Ishita Reddy,ishita.reddy12@example.in,Ludhiana,2025-11-06
CUST_0013,Swati Verma,swati.verma13@example.in,Thane,2026-01-15
CUST_0014,Priya Chopra,priya.chopra14@example.in,Bengaluru,2026-01-19
CUST_0015,Sneha Kapoor,sneha.kapoor15@example.in,Kanpur,2026-01-25
CUST_0016,Aditya Patel,aditya.patel16@example.in,Delhi,2026-02-16
CUST_0017,Pooja Kumar,pooja.kumar17@example.in,Bengaluru,2025-10-29
CUST_0018,Bhavna Mehta,bhavna.mehta18@example.in,Nagpur,2025-11-10
CUST_0019,Arjun Reddy,arjun.reddy19@example.in,Chennai,2025-12-03
CUST_0020,Ishita Rao,ishita.rao20@example.in,Pune,2026-02-26
CUST_0021,Deepika Patel,deepika.patel21@example.in,Ludhiana,2026-02-09
CUST_0022,Neha Das,neha.das22@example.in,Surat,2025-10-11
CUST_0023,Arjun Chopra,arjun.chopra23@example.in,Pune,2026-02-10
CUST_0024,Nikhil Das,nikhil.das24@example.in,Surat,2026-02-22
CUST_0025,Karan Verma,karan.verma25@example.in,Surat,2025-09-08
CUST_0026,Swati Shah,swati.shah26@example.in,Nagpur,2025-11-07
CUST_0027,Rohan Rao,rohan.rao27@example.in,Ghaziabad,2025-11-19
CUST_0028,Aditya Iyer,aditya.iyer28@example.in,Nagpur,2026-02-11
CUST_0029,Arjun Joshi,arjun.joshi29@example.in,Pune,2025-10-05
CUST_0030,Pooja Das,pooja.das30@example.in,Vadodara,2025-11-06
CUST_0031,Divya Agarwal,divya.agarwal31@example.in,Indore,2026-01-27
CUST_0032,Siddharth Reddy,siddharth.reddy32@example.in,Surat,2025-10-05
CUST_0033,Dev Iyer,dev.iyer33@example.in,Bengaluru,2025-09-12
CUST_0034,Bhavna Mehta,bhavna.mehta34@example.in,Ahmedabad,2026-02-07
CUST_0035,Neha Deshmukh,neha.deshmukh35@example.in,Ludhiana,2025-09-16
CUST_0036,Siddharth Chopra,siddharth.chopra36@example.in,Ludhiana,2025-12-28
CUST_0037,Dev Singh,dev.singh37@example.in,Vadodara,2025-09-02
CUST_0038,Simran Mehta,simran.mehta38@example.in,Vadodara,2025-11-07
CUST_0039,Gaurav Shah,gaurav.shah39@example.in,Hyderabad,2025-11-14
CUST_0040,Kavya Nair,kavya.nair40@example.in,Thane,2025-08-31
CUST_0041,Divya Singh,divya.singh41@example.in,Visakhapatnam,2025-10-15
CUST_0042,Dev Mehta,dev.mehta42@example.in,Jaipur,2026-02-10
CUST_0043,Dev Kapoor,dev.kapoor43@example.in,Kolkata,2025-10-09
CUST_0044,Ishita Nair,ishita.nair44@example.in,Vadodara,2026-01-13
CUST_0045,Deepika Sharma,deepika.sharma45@example.in,Ludhiana,2025-11-21
CUST_0046,Riya Sharma,riya.sharma46@example.in,Hyderabad,2025-12-01
CUST_0047,Sanjay Kumar,sanjay.kumar47@example.in,Surat,2025-09-14
CUST_0048,Pooja Agarwal,pooja.agarwal48@example.in,Bengaluru,2025-09-21
CUST_0049,Divya Iyer,divya.iyer49@example.in,Bengaluru,2026-01-14
CUST_0050,Gaurav Joshi,gaurav.joshi50@example.in,Ahmedabad,2026-02-15
CUST_0051,Riya Das,riya.das51@example.in,Chennai,2025-11-06
CUST_0052,Dev Kapoor,dev.kapoor52@example.in,Indore,2025-10-24
CUST_0053,Deepika Das,deepika.das53@example.in,Kolkata,2025-11-18
CUST_0054,Siddharth Reddy,siddharth.reddy54@example.in,Thane,2026-01-10
CUST_0055,Arjun Mehta,arjun.mehta55@example.in,Surat,2025-10-27
CUST_0056,Rohan Shah,rohan.shah56@example.in,Mumbai,2026-01-28
CUST_0057,Meera Gupta,meera.gupta57@example.in,Ghaziabad,2025-10-26
CUST_0058,Aarav Patel,aarav.patel58@example.in,Delhi,2025-10-28
CUST_0059,Rohan Verma,rohan.verma59@example.in,Lucknow,2025-09-18
CUST_0060,Dev Gupta,dev.gupta60@example.in,Pune,2026-02-18
CUST_0061,Riya Rao,riya.rao61@example.in,Vadodara,2025-10-03
CUST_0062,Divya Agarwal,divya.agarwal62@example.in,Ghaziabad,2025-12-30
CUST_0063,Pooja Iyer,pooja.iyer63@example.in,Indore,2025-10-18
CUST_0064,Priya Mehta,priya.mehta64@example.in,Indore,2025-11-29
CUST_0065,Kavya Deshmukh,kavya.deshmukh65@example.in,Thane,2025-09-13
CUST_0066,Simran Mehta,simran.mehta66@example.in,Delhi,2025-12-12
CUST_0067,Divya Shah,divya.shah67@example.in,Hyderabad,2025-11-02
CUST_0068,Aditya Rao,aditya.rao68@example.in,Vadodara,2025-12-23
CUST_0069,Vikram Deshmukh,vikram.deshmukh69@example.in,Chennai,2025-11-10
CUST_0070,Arjun Gupta,arjun.gupta70@example.in,Bengaluru,2025-12-22
CUST_0071,Swati Das,swati.das71@example.in,Hyderabad,2025-09-12
CUST_0072,Varun Das,varun.das72@example.in,Mumbai,2025-09-23
CUST_0073,Deepika Gupta,deepika.gupta73@example.in,Chennai,2025-12-13
CUST_0074,Riya Iyer,riya.iyer74@example.in,Kolkata,2025-12-11
CUST_0075,Sanjay Verma,sanjay.verma75@example.in,Chennai,2025-12-06
CUST_0076,Aarav Chopra,aarav.chopra76@example.in,Pune,2025-12-25
CUST_0077,Sneha Deshmukh,sneha.deshmukh77@example.in,Vadodara,2026-02-16
CUST_0078,Nikhil Iyer,nikhil.iyer78@example.in,Ahmedabad,2025-10-18
CUST_0079,Sneha Rao,sneha.rao79@example.in,Delhi,2026-01-26
CUST_0080,Divya Das,divya.das80@example.in,Delhi,2025-11-19
CUST_0081,Ananya Verma,ananya.verma81@example.in,Ghaziabad,2025-12-31
CUST_0082,Dev Sen,dev.sen82@example.in,Chennai,2025-09-14
CUST_0083,Dev Patel,dev.patel83@example.in,Chennai,2025-09-17
CUST_0084,Tanvi Patel,tanvi.patel84@example.in,Surat,2025-12-12
CUST_0085,Priya Agarwal,priya.agarwal85@example.in,Surat,2026-01-26
CUST_0086,Tanvi Verma,tanvi.verma86@example.in,Ludhiana,2025-09-20
CUST_0087,Kavya Agarwal,kavya.agarwal87@example.in,Ghaziabad,2026-01-11
CUST_0088,Karan Singh,karan.singh88@example.in,Kolkata,2026-02-18
CUST_0089,Nikhil Shah,nikhil.shah89@example.in,Surat,2025-11-06
CUST_0090,Siddharth Joshi,siddharth.joshi90@example.in,Jaipur,2025-12-26
CUST_0091,Karan Patel,karan.patel91@example.in,Mumbai,2025-12-26
CUST_0092,Tanvi Agarwal,tanvi.agarwal92@example.in,Hyderabad,2025-09-18
CUST_0093,Meera Rao,meera.rao93@example.in,Visakhapatnam,2025-11-06
CUST_0094,Vikram Reddy,vikram.reddy94@example.in,Bengaluru,2025-11-01
CUST_0095,Ishita Kumar,ishita.kumar95@example.in,Chennai,2025-12-21
CUST_0096,Manish Das,manish.das96@example.in,Jaipur,2026-02-03
CUST_0097,Swati Sen,swati.sen97@example.in,Mumbai,2026-02-17
CUST_0098,Manish Das,manish.das98@example.in,Jaipur,2026-02-16
CUST_0099,Priya Joshi,priya.joshi99@example.in,Pune,2025-09-29
CUST_0100,Sanjay Mehta,sanjay.mehta100@example.in,Vadodara,2025-10-09
CUST_0101,Rahul Kumar,rahul.kumar101@example.in,Ludhiana,2025-10-23
CUST_0102,Nikhil Shah,nikhil.shah102@example.in,Kolkata,2026-02-22
CUST_0103,Varun Singh,varun.singh103@example.in,Visakhapatnam,2026-01-03
CUST_0104,Rahul Verma,rahul.verma104@example.in,Bengaluru,2026-02-09
CUST_0105,Kavya Singh,kavya.singh105@example.in,Delhi,2025-08-31
CUST_0106,Karan Joshi,karan.joshi106@example.in,Pune,2025-10-11
CUST_0107,Divya Bhat,divya.bhat107@example.in,Vadodara,2026-02-27
CUST_0108,Kavya Das,kavya.das108@example.in,Mumbai,2025-09-28
CUST_0109,Rohan Joshi,rohan.joshi109@example.in,Vadodara,2025-09-09
CUST_0110,Manish Reddy,manish.reddy110@example.in,Ghaziabad,2026-01-19
CUST_0111,Vikram Deshmukh,vikram.deshmukh111@example.in,Ahmedabad,2025-09-10
CUST_0112,Sneha Reddy,sneha.reddy112@example.in,Delhi,2025-11-30
CUST_0113,Aditya Gupta,aditya.gupta113@example.in,Hyderabad,2025-11-29
CUST_0114,Gaurav Das,gaurav.das114@example.in,Indore,2026-02-05
CUST_0115,Divya Joshi,divya.joshi115@example.in,Surat,2025-10-11
CUST_0116,Swati Nair,swati.nair116@example.in,Indore,2025-09-06
CUST_0117,Neha Shah,neha.shah117@example.in,Indore,2026-02-18
CUST_0118,Bhavna Gupta,bhavna.gupta118@example.in,Pune,2025-10-10
CUST_0119,Swati Mehta,swati.mehta119@example.in,Nagpur,2025-09-09
CUST_0120,Bhavna Iyer,bhavna.iyer120@example.in,Surat,2025-10-21
CUST_0121,Manish Bhat,manish.bhat121@example.in,Kanpur,2025-11-17
CUST_0122,Manish Gupta,manish.gupta122@example.in,Surat,2025-09-06
CUST_0123,Simran Rao,simran.rao123@example.in,Nagpur,2025-11-23
CUST_0124,Rahul Patel,rahul.patel124@example.in,Pune,2025-11-28
CUST_0125,Varun Sen,varun.sen125@example.in,Nagpur,2026-02-20
CUST_0126,Manish Das,manish.das126@example.in,Lucknow,2025-09-07
CUST_0127,Priya Singh,priya.singh127@example.in,Chennai,2026-01-26
CUST_0128,Rahul Verma,rahul.verma128@example.in,Hyderabad,2026-01-30
CUST_0129,Kavya Reddy,kavya.reddy129@example.in,Lucknow,2025-12-20
CUST_0130,Tanvi Sen,tanvi.sen130@example.in,Hyderabad,2025-12-07
CUST_0131,Sanjay Agarwal,sanjay.agarwal131@example.in,Kolkata,2025-11-04
CUST_0132,Ananya Deshmukh,ananya.deshmukh132@example.in,Mumbai,2026-01-11
CUST_0133,Deepika Das,deepika.das133@example.in,Kolkata,2025-12-02
CUST_0134,Kavya Patel,kavya.patel134@example.in,Lucknow,2026-02-06
CUST_0135,Karan Mehta,karan.mehta135@example.in,Jaipur,2026-01-07
CUST_0136,Sneha Deshmukh,sneha.deshmukh136@example.in,Lucknow,2025-12-12
CUST_0137,Nikhil Kumar,nikhil.kumar137@example.in,Vadodara,2025-10-02
CUST_0138,Aditya Deshmukh,aditya.deshmukh138@example.in,Nagpur,2026-02-20
CUST_0139,Divya Nair,divya.nair139@example.in,Ludhiana,2026-01-23
CUST_0140,Sneha Chopra,sneha.chopra140@example.in,Vadodara,2025-08-31
CUST_0141,Sneha Kumar,sneha.kumar141@example.in,Kolkata,2025-12-19
CUST_0142,Swati Agarwal,swati.agarwal142@example.in,Ludhiana,2026-02-14
CUST_0143,Karan Bhat,karan.bhat143@example.in,Thane,2025-12-22
CUST_0144,Simran Rao,simran.rao144@example.in,Visakhapatnam,2025-12-30
CUST_0145,Swati Nair,swati.nair145@example.in,Bengaluru,2025-11-11
CUST_0146,Dev Kapoor,dev.kapoor146@example.in,Lucknow,2025-09-23
CUST_0147,Manish Gupta,manish.gupta147@example.in,Jaipur,2025-10-27
CUST_0148,Swati Rao,swati.rao148@example.in,Ahmedabad,2025-09-06
CUST_0149,Ananya Gupta,ananya.gupta149@example.in,Bhopal,2026-02-03
CUST_0150,Bhavna Patel,bhavna.patel150@example.in,Thane,2025-12-15
CUST_0151,Sanjay Agarwal,sanjay.agarwal151@example.in,Kolkata,2026-02-25
CUST_0152,Siddharth Iyer,siddharth.iyer152@example.in,Nagpur,2025-11-01
CUST_0153,Vikram Sharma,vikram.sharma153@example.in,Hyderabad,2025-12-17
CUST_0154,Pooja Nair,pooja.nair154@example.in,Visakhapatnam,2025-12-27
CUST_0155,Ananya Das,ananya.das155@example.in,Surat,2025-10-01
CUST_0156,Arjun Joshi,arjun.joshi156@example.in,Thane,2026-02-17
CUST_0157,Dev Das,dev.das157@example.in,Ludhiana,2025-11-20
CUST_0158,Gaurav Bhat,gaurav.bhat158@example.in,Ludhiana,2026-01-07
CUST_0159,Kavya Das,kavya.das159@example.in,Thane,2025-10-10
CUST_0160,Divya Iyer,divya.iyer160@example.in,Thane,2025-11-05
CUST_0161,Gaurav Gupta,gaurav.gupta161@example.in,Pune,2026-01-11
CUST_0162,Riya Gupta,riya.gupta162@example.in,Pune,2025-12-21
CUST_0163,Rohan Kumar,rohan.kumar163@example.in,Surat,2025-11-08
CUST_0164,Karan Shah,karan.shah164@example.in,Vadodara,2025-09-20
CUST_0165,Vikram Joshi,vikram.joshi165@example.in,Surat,2025-12-07
CUST_0166,Nikhil Joshi,nikhil.joshi166@example.in,Kolkata,2025-09-16
CUST_0167,Kavya Deshmukh,kavya.deshmukh167@example.in,Lucknow,2026-01-16
CUST_0168,Arjun Deshmukh,arjun.deshmukh168@example.in,Delhi,2025-10-22
CUST_0169,Manish Deshmukh,manish.deshmukh169@example.in,Nagpur,2026-01-27
CUST_0170,Nikhil Sharma,nikhil.sharma170@example.in,Ghaziabad,2025-12-06
CUST_0171,Riya Sharma,riya.sharma171@example.in,Kanpur,2025-11-15
CUST_0172,Gaurav Chopra,gaurav.chopra172@example.in,Indore,2026-01-15
CUST_0173,Divya Das,divya.das173@example.in,Ludhiana,2025-10-26
CUST_0174,Riya Gupta,riya.gupta174@example.in,Pune,2025-12-20
CUST_0175,Riya Sharma,riya.sharma175@example.in,Nagpur,2025-11-25
CUST_0176,Simran Chopra,simran.chopra176@example.in,Chennai,2025-12-28
CUST_0177,Deepika Joshi,deepika.joshi177@example.in,Ludhiana,2026-01-14
CUST_0178,Aarav Chopra,aarav.chopra178@example.in,Ghaziabad,2026-01-22
CUST_0179,Simran Sharma,simran.sharma179@example.in,Bengaluru,2026-02-11
CUST_0180,Kavya Joshi,kavya.joshi180@example.in,Thane,2025-10-16
CUST_0181,Ananya Singh,ananya.singh181@example.in,Nagpur,2025-11-22
CUST_0182,Aditya Bhat,aditya.bhat182@example.in,Lucknow,2025-11-25
CUST_0183,Gaurav Chopra,gaurav.chopra183@example.in,Pune,2025-12-16
CUST_0184,Rahul Patel,rahul.patel184@example.in,Bhopal,2025-09-04
CUST_0185,Divya Das,divya.das185@example.in,Delhi,2025-11-28
CUST_0186,Pooja Patel,pooja.patel186@example.in,Delhi,2025-09-07
CUST_0187,Pooja Rao,pooja.rao187@example.in,Mumbai,2026-02-06
CUST_0188,Vikram Gupta,vikram.gupta188@example.in,Ahmedabad,2025-12-30
CUST_0189,Simran Mehta,simran.mehta189@example.in,Ghaziabad,2025-10-25
CUST_0190,Arjun Singh,arjun.singh190@example.in,Kanpur,2025-10-12
CUST_0191,Tanvi Kapoor,tanvi.kapoor191@example.in,Hyderabad,2025-10-11
CUST_0192,Sneha Mehta,sneha.mehta192@example.in,Ghaziabad,2025-09-06
CUST_0193,Deepika Kumar,deepika.kumar193@example.in,Ghaziabad,2026-02-20
CUST_0194,Deepika Chopra,deepika.chopra194@example.in,Nagpur,2025-10-20
CUST_0195,Rohan Agarwal,rohan.agarwal195@example.in,Surat,2025-09-26
CUST_0196,Nikhil Kumar,nikhil.kumar196@example.in,Ludhiana,2025-09-30
CUST_0197,Swati Agarwal,swati.agarwal197@example.in,Delhi,2025-11-27
CUST_0198,Meera Deshmukh,meera.deshmukh198@example.in,Kanpur,2025-09-17
CUST_0199,Dev Shah,dev.shah199@example.in,Mumbai,2025-12-16
CUST_0200,Manish Iyer,manish.iyer200@example.in,Hyderabad,2025-12-19
CUST_0201,Ishita Bhat,ishita.bhat201@example.in,Ahmedabad,2025-12-20
CUST_0202,Neha Sen,neha.sen202@example.in,Pune,2026-02-04
CUST_0203,Swati Das,swati.das203@example.in,Bhopal,2025-12-28
CUST_0204,Kavya Agarwal,kavya.agarwal204@example.in,Pune,2025-11-21
CUST_0205,Bhavna Gupta,bhavna.gupta205@example.in,Bengaluru,2025-11-10
CUST_0206,Sanjay Bhat,sanjay.bhat206@example.in,Surat,2025-12-27
CUST_0207,Amit Kapoor,amit.kapoor207@example.in,Nagpur,2025-11-25
CUST_0208,Aarav Iyer,aarav.iyer208@example.in,Lucknow,2025-10-16
CUST_0209,Riya Rao,riya.rao209@example.in,Kanpur,2025-11-05
CUST_0210,Karan Singh,karan.singh210@example.in,Ludhiana,2026-02-26
CUST_0211,Sanjay Singh,sanjay.singh211@example.in,Vadodara,2025-09-02
CUST_0212,Dev Rao,dev.rao212@example.in,Bengaluru,2025-10-31
CUST_0213,Divya Deshmukh,divya.deshmukh213@example.in,Bhopal,2026-01-20
CUST_0214,Gaurav Gupta,gaurav.gupta214@example.in,Bhopal,2026-02-12
CUST_0215,Nikhil Iyer,nikhil.iyer215@example.in,Thane,2025-09-04
CUST_0216,Rohan Kumar,rohan.kumar216@example.in,Surat,2025-12-12
CUST_0217,Nikhil Gupta,nikhil.gupta217@example.in,Jaipur,2026-02-16
CUST_0218,Amit Reddy,amit.reddy218@example.in,Bhopal,2026-01-19
CUST_0219,Dev Reddy,dev.reddy219@example.in,Indore,2026-01-18
CUST_0220,Karan Reddy,karan.reddy220@example.in,Thane,2025-11-08
CUST_0221,Sneha Singh,sneha.singh221@example.in,Surat,2025-09-30
CUST_0222,Divya Rao,divya.rao222@example.in,Lucknow,2025-09-30
CUST_0223,Divya Das,divya.das223@example.in,Chennai,2025-10-19
CUST_0224,Aditya Iyer,aditya.iyer224@example.in,Pune,2026-01-28
CUST_0225,Gaurav Sen,gaurav.sen225@example.in,Ludhiana,2025-11-11
CUST_0226,Priya Rao,priya.rao226@example.in,Jaipur,2025-10-28
CUST_0227,Ishita Nair,ishita.nair227@example.in,Jaipur,2025-09-03
CUST_0228,Nikhil Das,nikhil.das228@example.in,Ahmedabad,2025-11-09
CUST_0229,Ananya Verma,ananya.verma229@example.in,Vadodara,2025-11-13
CUST_0230,Nikhil Joshi,nikhil.joshi230@example.in,Bhopal,2025-09-26
CUST_0231,Bhavna Sharma,bhavna.sharma231@example.in,Ghaziabad,2025-11-11
CUST_0232,Riya Iyer,riya.iyer232@example.in,Thane,2025-11-26
CUST_0233,Neha Verma,neha.verma233@example.in,Pune,2025-12-31
CUST_0234,Priya Patel,priya.patel234@example.in,Nagpur,2026-01-03
CUST_0235,Rohan Agarwal,rohan.agarwal235@example.in,Delhi,2025-10-08
CUST_0236,Vikram Agarwal,vikram.agarwal236@example.in,Jaipur,2025-09-21
CUST_0237,Pooja Mehta,pooja.mehta237@example.in,Vadodara,2025-12-15
CUST_0238,Tanvi Kapoor,tanvi.kapoor238@example.in,Ludhiana,2025-10-27
CUST_0239,Gaurav Sen,gaurav.sen239@example.in,Nagpur,2025-12-24
CUST_0240,Deepika Bhat,deepika.bhat240@example.in,Jaipur,2026-01-28
CUST_0241,Kavya Kumar,kavya.kumar241@example.in,Ghaziabad,2026-02-05
CUST_0242,Ananya Kapoor,ananya.kapoor242@example.in,Hyderabad,2025-10-23
CUST_0243,Varun Rao,varun.rao243@example.in,Pune,2026-02-16
CUST_0244,Rohan Nair,rohan.nair244@example.in,Surat,2025-10-14
CUST_0245,Meera Patel,meera.patel245@example.in,Chennai,2025-08-31
CUST_0246,Kavya Bhat,kavya.bhat246@example.in,Ludhiana,2025-12-29
CUST_0247,Sneha Verma,sneha.verma247@example.in,Surat,2025-11-12
CUST_0248,Nikhil Kumar,nikhil.kumar248@example.in,Thane,2025-09-18
CUST_0249,Simran Gupta,simran.gupta249@example.in,Pune,2026-02-07
CUST_0250,Amit Rao,amit.rao250@example.in,Indore,2025-09-29
CUST_0251,Meera Gupta,meera.gupta251@example.in,Ahmedabad,2025-11-07
CUST_0252,Manish Joshi,manish.joshi252@example.in,Bengaluru,2025-09-15
CUST_0253,Neha Kumar,neha.kumar253@example.in,Ludhiana,2026-01-23
CUST_0254,Deepika Kumar,deepika.kumar254@example.in,Thane,2025-10-01
CUST_0255,Arjun Kumar,arjun.kumar255@example.in,Nagpur,2025-11-08
CUST_0256,Dev Das,dev.das256@example.in,Bhopal,2025-12-21
CUST_0257,Rohan Kapoor,rohan.kapoor257@example.in,Delhi,2025-12-19
CUST_0258,Divya Shah,divya.shah258@example.in,Ludhiana,2025-11-03
CUST_0259,Aarav Patel,aarav.patel259@example.in,Surat,2026-02-19
CUST_0260,Manish Agarwal,manish.agarwal260@example.in,Ghaziabad,2025-09-05
CUST_0261,Gaurav Singh,gaurav.singh261@example.in,Ghaziabad,2025-09-10
CUST_0262,Gaurav Nair,gaurav.nair262@example.in,Bhopal,2026-01-10
CUST_0263,Varun Bhat,varun.bhat263@example.in,Pune,2025-10-16
CUST_0264,Amit Deshmukh,amit.deshmukh264@example.in,Bhopal,2025-09-23
CUST_0265,Riya Reddy,riya.reddy265@example.in,Indore,2025-11-24
CUST_0266,Karan Mehta,karan.mehta266@example.in,Chennai,2026-02-15
CUST_0267,Kavya Iyer,kavya.iyer267@example.in,Jaipur,2026-08-05
CUST_0268,Siddharth Das,siddharth.das268@example.in,Delhi,2026-04-20
CUST_0269,Rohan Shah,rohan.shah269@example.in,Pune,2026-02-12
CUST_0270,Priya Chopra,priya.chopra270@example.in,Visakhapatnam,2025-08-31
CUST_0271,Simran Das,simran.das271@example.in,Thane,2026-03-30
CUST_0272,Ananya Rao,ananya.rao272@example.in,Visakhapatnam,2026-03-04
CUST_0273,Tanvi Iyer,tanvi.iyer273@example.in,Thane,2025-09-26
CUST_0274,Aditya Singh,aditya.singh274@example.in,Vadodara,2025-11-06
CUST_0275,Deepika Kumar,deepika.kumar275@example.in,Thane,2026-05-06
CUST_0276,Priya Sharma,priya.sharma276@example.in,Ludhiana,2025-12-31
CUST_0277,Nikhil Nair,nikhil.nair277@example.in,Jaipur,2026-06-09
CUST_0278,Aarav Das,aarav.das278@example.in,Indore,2025-10-17
CUST_0279,Pooja Mehta,pooja.mehta279@example.in,Thane,2025-10-30
CUST_0280,Varun Joshi,varun.joshi280@example.in,Bhopal,2026-01-27
CUST_0281,Dev Singh,dev.singh281@example.in,Indore,2026-05-05
CUST_0282,Riya Gupta,riya.gupta282@example.in,Thane,2026-06-09
CUST_0283,Vikram Chopra,vikram.chopra283@example.in,Kolkata,2026-07-03
CUST_0284,Dev Joshi,dev.joshi284@example.in,Bengaluru,2026-01-19
CUST_0285,Gaurav Deshmukh,gaurav.deshmukh285@example.in,Lucknow,2026-05-17
CUST_0286,Rahul Sharma,rahul.sharma286@example.in,Jaipur,2026-01-30
CUST_0287,Manish Agarwal,manish.agarwal287@example.in,Ghaziabad,2026-08-03
CUST_0288,Riya Joshi,riya.joshi288@example.in,Thane,2026-06-02
CUST_0289,Riya Reddy,riya.reddy289@example.in,Lucknow,2026-06-09
CUST_0290,Gaurav Das,gaurav.das290@example.in,Nagpur,2026-04-21
CUST_0291,Deepika Shah,deepika.shah291@example.in,Kolkata,2025-12-31
CUST_0292,Amit Chopra,amit.chopra292@example.in,Surat,2026-03-29
CUST_0293,Ananya Shah,ananya.shah293@example.in,Bhopal,2026-03-14
CUST_0294,Siddharth Joshi,siddharth.joshi294@example.in,Bhopal,2025-09-18
CUST_0295,Vikram Sen,vikram.sen295@example.in,Ghaziabad,2026-02-16
CUST_0296,Bhavna Mehta,bhavna.mehta296@example.in,Thane,2025-10-21
CUST_0297,Dev Bhat,dev.bhat297@example.in,Mumbai,2025-11-12
CUST_0298,Kavya Joshi,kavya.joshi298@example.in,Bengaluru,2026-04-28
CUST_0299,Swati Singh,swati.singh299@example.in,Lucknow,2026-07-16
CUST_0300,Nikhil Chopra,nikhil.chopra300@example.in,Bengaluru,2026-02-15
CUST_0301,Bhavna Das,bhavna.das301@example.in,Nagpur,2026-02-09
CUST_0302,Varun Iyer,varun.iyer302@example.in,Vadodara,2025-09-18
CUST_0303,Tanvi Patel,tanvi.patel303@example.in,Surat,2026-07-20
CUST_0304,Simran Kumar,simran.kumar304@example.in,Surat,2025-10-16
CUST_0305,Kavya Mehta,kavya.mehta305@example.in,Hyderabad,2026-04-15
CUST_0306,Neha Kumar,neha.kumar306@example.in,Mumbai,2025-09-23
CUST_0307,Karan Verma,karan.verma307@example.in,Jaipur,2026-03-02
CUST_0308,Ishita Deshmukh,ishita.deshmukh308@example.in,Ahmedabad,2026-01-03
CUST_0309,Dev Deshmukh,dev.deshmukh309@example.in,Ghaziabad,2026-08-15
CUST_0310,Swati Nair,swati.nair310@example.in,Chennai,2025-11-28
CUST_0311,Rohan Kapoor,rohan.kapoor311@example.in,Nagpur,2026-07-14
CUST_0312,Simran Gupta,simran.gupta312@example.in,Bhopal,2026-06-25
CUST_0313,Vikram Gupta,vikram.gupta313@example.in,Thane,2026-07-23
CUST_0314,Rahul Bhat,rahul.bhat314@example.in,Pune,2026-08-07
CUST_0315,Aarav Bhat,aarav.bhat315@example.in,Jaipur,2026-08-12
CUST_0316,Meera Nair,meera.nair316@example.in,Bengaluru,2026-04-14
CUST_0317,Ishita Agarwal,ishita.agarwal317@example.in,Jaipur,2026-07-24
CUST_0318,Kavya Singh,kavya.singh318@example.in,Thane,2026-02-01
CUST_0319,Aditya Chopra,aditya.chopra319@example.in,Bhopal,2025-10-24
CUST_0320,Pooja Chopra,pooja.chopra320@example.in,Ghaziabad,2026-03-02
CUST_0321,Amit Kumar,amit.kumar321@example.in,Jaipur,2025-09-11
CUST_0322,Manish Chopra,manish.chopra322@example.in,Pune,2025-09-04
CUST_0323,Amit Verma,amit.verma323@example.in,Ludhiana,2026-05-12
CUST_0324,Manish Kumar,manish.kumar324@example.in,Surat,2026-07-07
CUST_0325,Swati Reddy,swati.reddy325@example.in,Surat,2026-07-22
CUST_0326,Aditya Kapoor,aditya.kapoor326@example.in,Pune,2026-08-13
CUST_0327,Gaurav Joshi,gaurav.joshi327@example.in,Hyderabad,2026-07-18
CUST_0328,Varun Verma,varun.verma328@example.in,Jaipur,2026-04-13
CUST_0329,Ananya Agarwal,ananya.agarwal329@example.in,Kanpur,2025-11-06
CUST_0330,Rohan Kumar,rohan.kumar330@example.in,Lucknow,2026-03-31
CUST_0331,Neha Rao,neha.rao331@example.in,Ahmedabad,2026-06-03
CUST_0332,Sanjay Reddy,sanjay.reddy332@example.in,Visakhapatnam,2026-05-14
CUST_0333,Deepika Singh,deepika.singh333@example.in,Chennai,2026-01-09
CUST_0334,Deepika Iyer,deepika.iyer334@example.in,Jaipur,2026-02-20
CUST_0335,Swati Mehta,swati.mehta335@example.in,Thane,2025-10-08
CUST_0336,Vikram Gupta,vikram.gupta336@example.in,Nagpur,2026-06-12
CUST_0337,Ishita Patel,ishita.patel337@example.in,Nagpur,2025-09-07
CUST_0338,Rahul Das,rahul.das338@example.in,Hyderabad,2026-04-20
CUST_0339,Ishita Singh,ishita.singh339@example.in,Ghaziabad,2026-03-14
CUST_0340,Manish Reddy,manish.reddy340@example.in,Hyderabad,2026-08-11
CUST_0341,Pooja Iyer,pooja.iyer341@example.in,Mumbai,2026-07-14
CUST_0342,Sanjay Das,sanjay.das342@example.in,Lucknow,2026-07-09
CUST_0343,Pooja Patel,pooja.patel343@example.in,Thane,2026-02-01
CUST_0344,Varun Deshmukh,varun.deshmukh344@example.in,Hyderabad,2025-11-10
CUST_0345,Ananya Verma,ananya.verma345@example.in,Jaipur,2026-05-10
CUST_0346,Priya Mehta,priya.mehta346@example.in,Surat,2026-06-02
CUST_0347,Vikram Chopra,vikram.chopra347@example.in,Thane,2026-03-08
CUST_0348,Simran Das,simran.das348@example.in,Indore,2026-06-27
CUST_0349,Divya Joshi,divya.joshi349@example.in,Indore,2026-08-01
CUST_0350,Priya Iyer,priya.iyer350@example.in,Ludhiana,2026-03-27
CUST_0351,Rahul Verma,rahul.verma351@example.in,Kanpur,2025-12-20
CUST_0352,Arjun Bhat,arjun.bhat352@example.in,Surat,2026-03-04
CUST_0353,Priya Reddy,priya.reddy353@example.in,Vadodara,2026-07-27
CUST_0354,Ishita Verma,ishita.verma354@example.in,Nagpur,2026-01-19
CUST_0355,Aditya Mehta,aditya.mehta355@example.in,Thane,2025-10-16
CUST_0356,Simran Rao,simran.rao356@example.in,Ludhiana,2025-09-10
CUST_0357,Ananya Shah,ananya.shah357@example.in,Surat,2025-11-03
CUST_0358,Swati Agarwal,swati.agarwal358@example.in,Kolkata,2025-10-05
CUST_0359,Manish Das,manish.das359@example.in,Kolkata,2026-06-27
CUST_0360,Aditya Gupta,aditya.gupta360@example.in,Lucknow,2025-11-14
CUST_0361,Swati Kapoor,swati.kapoor361@example.in,Mumbai,2026-01-19
CUST_0362,Bhavna Joshi,bhavna.joshi362@example.in,Ahmedabad,2026-06-03
CUST_0363,Rahul Nair,rahul.nair363@example.in,Hyderabad,2026-08-04
CUST_0364,Bhavna Sharma,bhavna.sharma364@example.in,Ahmedabad,2025-09-07
CUST_0365,Ishita Gupta,ishita.gupta365@example.in,Ghaziabad,2026-02-12
CUST_0366,Aarav Nair,aarav.nair366@example.in,Pune,2025-09-26
CUST_0367,Vikram Deshmukh,vikram.deshmukh367@example.in,Visakhapatnam,2025-10-28
CUST_0368,Divya Patel,divya.patel368@example.in,Bhopal,2026-04-17
CUST_0369,Gaurav Reddy,gaurav.reddy369@example.in,Visakhapatnam,2026-06-30
CUST_0370,Priya Bhat,priya.bhat370@example.in,Visakhapatnam,2025-12-22
CUST_0371,Tanvi Verma,tanvi.verma371@example.in,Visakhapatnam,2026-02-01
CUST_0372,Arjun Sharma,arjun.sharma372@example.in,Delhi,2026-05-03
CUST_0373,Bhavna Chopra,bhavna.chopra373@example.in,Indore,2025-10-25
CUST_0374,Riya Bhat,riya.bhat374@example.in,Bengaluru,2025-10-11
CUST_0375,Karan Kapoor,karan.kapoor375@example.in,Ahmedabad,2025-10-03
CUST_0376,Vikram Singh,vikram.singh376@example.in,Ludhiana,2026-07-21
CUST_0377,Amit Das,amit.das377@example.in,Lucknow,2026-03-14
CUST_0378,Tanvi Sen,tanvi.sen378@example.in,Jaipur,2026-04-20
CUST_0379,Dev Kapoor,dev.kapoor379@example.in,Indore,2025-10-20
CUST_0380,Swati Mehta,swati.mehta380@example.in,Vadodara,2025-12-19
CUST_0381,Kavya Bhat,kavya.bhat381@example.in,Surat,2026-03-30
CUST_0382,Karan Bhat,karan.bhat382@example.in,Nagpur,2026-03-31
CUST_0383,Divya Mehta,divya.mehta383@example.in,Lucknow,2026-04-06
CUST_0384,Karan Singh,karan.singh384@example.in,Kanpur,2025-11-17
CUST_0385,Simran Iyer,simran.iyer385@example.in,Bengaluru,2025-10-16
CUST_0386,Manish Patel,manish.patel386@example.in,Bengaluru,2026-04-09
CUST_0387,Priya Reddy,priya.reddy387@example.in,Ahmedabad,2026-06-11
CUST_0388,Ananya Agarwal,ananya.agarwal388@example.in,Vadodara,2026-06-14
CUST_0389,Karan Mehta,karan.mehta389@example.in,Indore,2026-02-28
CUST_0390,Bhavna Deshmukh,bhavna.deshmukh390@example.in,Delhi,2026-01-25
CUST_0391,Tanvi Kumar,tanvi.kumar391@example.in,Kanpur,2025-10-23
CUST_0392,Amit Sen,amit.sen392@example.in,Kolkata,2025-11-18
CUST_0393,Simran Iyer,simran.iyer393@example.in,Surat,2025-10-25
CUST_0394,Ishita Das,ishita.das394@example.in,Kanpur,2025-10-28
CUST_0395,Gaurav Singh,gaurav.singh395@example.in,Ghaziabad,2025-12-24
CUST_0396,Swati Deshmukh,swati.deshmukh396@example.in,Vadodara,2026-07-15
CUST_0397,Tanvi Das,tanvi.das397@example.in,Mumbai,2026-07-08
CUST_0398,Deepika Singh,deepika.singh398@example.in,Mumbai,2025-12-01
CUST_0399,Rahul Kumar,rahul.kumar399@example.in,Lucknow,2026-02-26
CUST_0400,Aarav Nair,aarav.nair400@example.in,Ahmedabad,2026-06-16
CUST_0401,Simran Chopra,simran.chopra401@example.in,Bengaluru,2025-11-11
CUST_0402,Divya Sharma,divya.sharma402@example.in,Bengaluru,2026-05-29
CUST_0403,Aditya Chopra,aditya.chopra403@example.in,Indore,2026-04-20
CUST_0404,Karan Nair,karan.nair404@example.in,Kanpur,2026-02-06
CUST_0405,Divya Shah,divya.shah405@example.in,Ghaziabad,2026-07-02
CUST_0406,Rohan Verma,rohan.verma406@example.in,Ahmedabad,2025-11-19
CUST_0407,Gaurav Kapoor,gaurav.kapoor407@example.in,Delhi,2026-08-11
CUST_0408,Rohan Singh,rohan.singh408@example.in,Thane,2026-08-04
CUST_0409,Kavya Iyer,kavya.iyer409@example.in,Ludhiana,2026-04-14
CUST_0410,Kavya Singh,kavya.singh410@example.in,Kolkata,2026-05-20
CUST_0411,Priya Reddy,priya.reddy411@example.in,Indore,2025-10-26
CUST_0412,Sneha Agarwal,sneha.agarwal412@example.in,Bhopal,2026-05-27
CUST_0413,Simran Kumar,simran.kumar413@example.in,Delhi,2025-12-21
CUST_0414,Siddharth Kapoor,siddharth.kapoor414@example.in,Delhi,2025-09-03
CUST_0415,Aditya Kumar,aditya.kumar415@example.in,Kolkata,2025-11-09
CUST_0416,Gaurav Singh,gaurav.singh416@example.in,Jaipur,2026-02-14
CUST_0417,Priya Sharma,priya.sharma417@example.in,Bhopal,2026-04-08
CUST_0418,Neha Joshi,neha.joshi418@example.in,Nagpur,2026-05-30
CUST_0419,Nikhil Gupta,nikhil.gupta419@example.in,Visakhapatnam,2026-06-13
CUST_0420,Manish Reddy,manish.reddy420@example.in,Bengaluru,2026-03-22
CUST_0421,Bhavna Verma,bhavna.verma421@example.in,Indore,2025-09-09
CUST_0422,Arjun Patel,arjun.patel422@example.in,Lucknow,2026-06-21
CUST_0423,Kavya Agarwal,kavya.agarwal423@example.in,Nagpur,2026-07-24
CUST_0424,Kavya Kumar,kavya.kumar424@example.in,Hyderabad,2026-03-26
CUST_0425,Aarav Shah,aarav.shah425@example.in,Chennai,2026-07-13
CUST_0426,Arjun Reddy,arjun.reddy426@example.in,Bengaluru,2026-04-11
CUST_0427,Bhavna Mehta,bhavna.mehta427@example.in,Surat,2026-04-11
CUST_0428,Amit Chopra,amit.chopra428@example.in,Visakhapatnam,2025-10-10
CUST_0429,Siddharth Kumar,siddharth.kumar429@example.in,Lucknow,2025-12-22
CUST_0430,Karan Nair,karan.nair430@example.in,Bengaluru,2026-05-19
CUST_0431,Varun Mehta,varun.mehta431@example.in,Visakhapatnam,2026-05-19
CUST_0432,Aditya Reddy,aditya.reddy432@example.in,Kanpur,2026-07-27
CUST_0433,Manish Joshi,manish.joshi433@example.in,Surat,2025-10-22
CUST_0434,Vikram Singh,vikram.singh434@example.in,Kolkata,2025-11-27
CUST_0435,Tanvi Joshi,tanvi.joshi435@example.in,Bengaluru,2025-11-29
CUST_0436,Gaurav Iyer,gaurav.iyer436@example.in,Thane,2026-06-15
CUST_0437,Gaurav Agarwal,gaurav.agarwal437@example.in,Thane,2026-08-14
CUST_0438,Deepika Agarwal,deepika.agarwal438@example.in,Ludhiana,2026-02-12
CUST_0439,Bhavna Shah,bhavna.shah439@example.in,Ahmedabad,2026-04-13
CUST_0440,Rohan Iyer,rohan.iyer440@example.in,Thane,2026-07-20
CUST_0441,Sneha Singh,sneha.singh441@example.in,Ghaziabad,2025-09-28
CUST_0442,Ishita Sen,ishita.sen442@example.in,Bengaluru,2026-02-05
CUST_0443,Arjun Bhat,arjun.bhat443@example.in,Delhi,2025-09-29
CUST_0444,Ishita Kumar,ishita.kumar444@example.in,Bengaluru,2026-07-27
CUST_0445,Bhavna Patel,bhavna.patel445@example.in,Ludhiana,2026-07-01
CUST_0446,Dev Chopra,dev.chopra446@example.in,Thane,2026-06-24
CUST_0447,Meera Verma,meera.verma447@example.in,Thane,2026-06-19
CUST_0448,Varun Rao,varun.rao448@example.in,Lucknow,2026-07-06
CUST_0449,Riya Sen,riya.sen449@example.in,Ahmedabad,2025-10-01
CUST_0450,Arjun Mehta,arjun.mehta450@example.in,Lucknow,2025-10-13
CUST_0451,Dev Nair,dev.nair451@example.in,Delhi,2026-01-04
CUST_0452,Nikhil Bhat,nikhil.bhat452@example.in,Thane,2026-05-26
CUST_0453,Dev Kapoor,dev.kapoor453@example.in,Chennai,2026-03-05
CUST_0454,Ishita Kumar,ishita.kumar454@example.in,Nagpur,2026-03-28
CUST_0455,Gaurav Shah,gaurav.shah455@example.in,Ludhiana,2025-09-26
CUST_0456,Swati Shah,swati.shah456@example.in,Bengaluru,2026-02-15
CUST_0457,Priya Das,priya.das457@example.in,Nagpur,2026-01-23
CUST_0458,Rahul Kapoor,rahul.kapoor458@example.in,Ahmedabad,2026-02-17
CUST_0459,Rohan Agarwal,rohan.agarwal459@example.in,Ahmedabad,2026-02-26
CUST_0460,Sneha Chopra,sneha.chopra460@example.in,Ahmedabad,2026-07-01
CUST_0461,Nikhil Patel,nikhil.patel461@example.in,Jaipur,2026-06-13
CUST_0462,Siddharth Shah,siddharth.shah462@example.in,Ahmedabad,2026-08-09
CUST_0463,Nikhil Sen,nikhil.sen463@example.in,Bengaluru,2026-07-27
CUST_0464,Simran Deshmukh,simran.deshmukh464@example.in,Visakhapatnam,2026-03-04
CUST_0465,Aarav Reddy,aarav.reddy465@example.in,Jaipur,2025-12-01
CUST_0466,Aditya Shah,aditya.shah466@example.in,Bhopal,2025-12-07
CUST_0467,Pooja Joshi,pooja.joshi467@example.in,Ahmedabad,2025-10-09
CUST_0468,Sneha Mehta,sneha.mehta468@example.in,Visakhapatnam,2026-06-03
CUST_0469,Manish Sen,manish.sen469@example.in,Delhi,2026-08-04
CUST_0470,Karan Kapoor,karan.kapoor470@example.in,Ahmedabad,2026-07-02
CUST_0471,Siddharth Joshi,siddharth.joshi471@example.in,Chennai,2025-12-01
CUST_0472,Manish Kapoor,manish.kapoor472@example.in,Chennai,2026-04-12
CUST_0473,Ananya Deshmukh,ananya.deshmukh473@example.in,Kanpur,2026-08-12
CUST_0474,Divya Gupta,divya.gupta474@example.in,Thane,2026-07-09
CUST_0475,Sneha Bhat,sneha.bhat475@example.in,Surat,2026-05-31
CUST_0476,Pooja Kumar,pooja.kumar476@example.in,Bhopal,2025-12-08
CUST_0477,Ishita Agarwal,ishita.agarwal477@example.in,Thane,2026-04-24
CUST_0478,Gaurav Kumar,gaurav.kumar478@example.in,Nagpur,2026-05-15
CUST_0479,Dev Deshmukh,dev.deshmukh479@example.in,Chennai,2025-12-11
CUST_0480,Swati Kapoor,swati.kapoor480@example.in,Ahmedabad,2026-01-06
CUST_0481,Ananya Iyer,ananya.iyer481@example.in,Kanpur,2026-06-10
CUST_0482,Deepika Mehta,deepika.mehta482@example.in,Visakhapatnam,2025-11-02
CUST_0483,Sneha Patel,sneha.patel483@example.in,Chennai,2026-01-17
CUST_0484,Arjun Sen,arjun.sen484@example.in,Ahmedabad,2026-04-11
CUST_0485,Rohan Gupta,rohan.gupta485@example.in,Thane,2026-02-25
CUST_0486,Deepika Sharma,deepika.sharma486@example.in,Indore,2025-09-27
CUST_0487,Siddharth Sen,siddharth.sen487@example.in,Kanpur,2025-12-29
CUST_0488,Siddharth Patel,siddharth.patel488@example.in,Kanpur,2025-12-23
CUST_0489,Aarav Shah,aarav.shah489@example.in,Hyderabad,2026-07-29
CUST_0490,Karan Joshi,karan.joshi490@example.in,Ahmedabad,2025-09-19
CUST_0491,Sneha Iyer,sneha.iyer491@example.in,Ahmedabad,2026-04-28
CUST_0492,Arjun Kapoor,arjun.kapoor492@example.in,Mumbai,2025-10-10
CUST_0493,Aarav Singh,aarav.singh493@example.in,Kolkata,2025-11-15
CUST_0494,Meera Kapoor,meera.kapoor494@example.in,Visakhapatnam,2026-04-04
CUST_0495,Priya Kumar,priya.kumar495@example.in,Surat,2026-02-01
CUST_0496,Priya Verma,priya.verma496@example.in,Surat,2026-04-02
CUST_0497,Varun Kapoor,varun.kapoor497@example.in,Thane,2025-10-02
CUST_0498,Priya Iyer,priya.iyer498@example.in,Ludhiana,2026-06-01
CUST_0499,Aarav Sen,aarav.sen499@example.in,Ghaziabad,2026-01-01
CUST_0500,Nikhil Joshi,nikhil.joshi500@example.in,Jaipur,2026-04-07
CUST_0501,Aarav Kapoor,aarav.kapoor501@example.in,Kanpur,2026-01-01
CUST_0502,Amit Deshmukh,amit.deshmukh502@example.in,Chennai,2026-08-06
CUST_0503,Simran Patel,simran.patel503@example.in,Visakhapatnam,2026-03-03
CUST_0504,Rohan Sen,rohan.sen504@example.in,Vadodara,2026-05-17
CUST_0505,Swati Sen,swati.sen505@example.in,Vadodara,2025-09-10
CUST_0506,Siddharth Iyer,siddharth.iyer506@example.in,Delhi,2026-07-22
CUST_0507,Siddharth Reddy,siddharth.reddy507@example.in,Pune,2025-09-08
CUST_0508,Ishita Patel,ishita.patel508@example.in,Kanpur,2026-01-01
CUST_0509,Divya Mehta,divya.mehta509@example.in,Ghaziabad,2026-02-17
CUST_0510,Vikram Verma,vikram.verma510@example.in,Kanpur,2026-06-06
CUST_0511,Karan Nair,karan.nair511@example.in,Thane,2026-05-03
CUST_0512,Varun Nair,varun.nair512@example.in,Ahmedabad,2025-10-02
CUST_0513,Nikhil Bhat,nikhil.bhat513@example.in,Delhi,2026-01-28
CUST_0514,Aditya Verma,aditya.verma514@example.in,Kolkata,2025-09-21
CUST_0515,Karan Kumar,karan.kumar515@example.in,Visakhapatnam,2026-03-22
CUST_0516,Manish Das,manish.das516@example.in,Bhopal,2026-01-07
CUST_0517,Ananya Rao,ananya.rao517@example.in,Jaipur,2026-03-01
CUST_0518,Bhavna Verma,bhavna.verma518@example.in,Lucknow,2026-01-17
CUST_0519,Priya Reddy,priya.reddy519@example.in,Indore,2026-03-23
CUST_0520,Divya Bhat,divya.bhat520@example.in,Nagpur,2026-02-20
CUST_0521,Neha Iyer,neha.iyer521@example.in,Bhopal,2026-03-07
CUST_0522,Deepika Sen,deepika.sen522@example.in,Pune,2025-10-12
CUST_0523,Divya Deshmukh,divya.deshmukh523@example.in,Bengaluru,2026-04-08
CUST_0524,Tanvi Nair,tanvi.nair524@example.in,Vadodara,2026-01-28
CUST_0525,Karan Mehta,karan.mehta525@example.in,Bengaluru,2026-02-14
CUST_0526,Simran Kumar,simran.kumar526@example.in,Jaipur,2026-04-16
CUST_0527,Tanvi Deshmukh,tanvi.deshmukh527@example.in,Chennai,2026-04-15
CUST_0528,Ishita Bhat,ishita.bhat528@example.in,Delhi,2026-02-27
CUST_0529,Tanvi Deshmukh,tanvi.deshmukh529@example.in,Pune,2026-07-24
CUST_0530,Swati Verma,swati.verma530@example.in,Bengaluru,2026-08-09
CUST_0531,Varun Chopra,varun.chopra531@example.in,Kanpur,2026-05-20
CUST_0532,Swati Nair,swati.nair532@example.in,Mumbai,2025-11-12
CUST_0533,Bhavna Kapoor,bhavna.kapoor533@example.in,Thane,2025-09-17
CUST_0534,Vikram Patel,vikram.patel534@example.in,Surat,2026-07-27
CUST_0535,Ishita Reddy,ishita.reddy535@example.in,Nagpur,2026-06-17
CUST_0536,Ananya Kapoor,ananya.kapoor536@example.in,Ahmedabad,2026-08-13
CUST_0537,Arjun Reddy,arjun.reddy537@example.in,Kanpur,2026-04-15
CUST_0538,Gaurav Patel,gaurav.patel538@example.in,Ghaziabad,2025-11-09
CUST_0539,Dev Reddy,dev.reddy539@example.in,Nagpur,2026-02-07
CUST_0540,Varun Singh,varun.singh540@example.in,Surat,2025-10-28
CUST_0541,Aarav Nair,aarav.nair541@example.in,Bhopal,2026-05-23
CUST_0542,Siddharth Das,siddharth.das542@example.in,Hyderabad,2026-01-12
CUST_0543,Gaurav Singh,gaurav.singh543@example.in,Thane,2025-12-18
CUST_0544,Tanvi Kumar,tanvi.kumar544@example.in,Bhopal,2025-12-11
CUST_0545,Priya Joshi,priya.joshi545@example.in,Bengaluru,2026-04-19
CUST_0546,Neha Bhat,neha.bhat546@example.in,Bengaluru,2026-08-15
CUST_0547,Bhavna Shah,bhavna.shah547@example.in,Kanpur,2025-10-03
CUST_0548,Meera Das,meera.das548@example.in,Jaipur,2026-01-31
CUST_0549,Bhavna Nair,bhavna.nair549@example.in,Chennai,2026-03-04
CUST_0550,Dev Gupta,dev.gupta550@example.in,Hyderabad,2025-12-11
CUST_0551,Swati Joshi,swati.joshi551@example.in,Surat,2026-05-10
CUST_0552,Aarav Reddy,aarav.reddy552@example.in,Vadodara,2026-06-20
CUST_0553,Ishita Bhat,ishita.bhat553@example.in,Vadodara,2025-11-05
CUST_0554,Tanvi Patel,tanvi.patel554@example.in,Bengaluru,2026-02-05
CUST_0555,Siddharth Iyer,siddharth.iyer555@example.in,Visakhapatnam,2026-03-29
CUST_0556,Gaurav Deshmukh,gaurav.deshmukh556@example.in,Ghaziabad,2025-10-07
CUST_0557,Vikram Shah,vikram.shah557@example.in,Bengaluru,2026-04-18
CUST_0558,Arjun Sen,arjun.sen558@example.in,Kanpur,2025-11-04
CUST_0559,Sanjay Das,sanjay.das559@example.in,Ghaziabad,2025-12-02
CUST_0560,Gaurav Joshi,gaurav.joshi560@example.in,Indore,2026-05-15
CUST_0561,Deepika Verma,deepika.verma561@example.in,Hyderabad,2026-05-23
CUST_0562,Vikram Kumar,vikram.kumar562@example.in,Chennai,2025-11-21
CUST_0563,Karan Gupta,karan.gupta563@example.in,Kanpur,2026-05-23
CUST_0564,Sanjay Kumar,sanjay.kumar564@example.in,Bengaluru,2026-01-06
CUST_0565,Aditya Das,aditya.das565@example.in,Pune,2025-11-03
CUST_0566,Varun Kumar,varun.kumar566@example.in,Ludhiana,2026-05-31
CUST_0567,Rohan Sen,rohan.sen567@example.in,Chennai,2026-06-30
CUST_0568,Amit Joshi,amit.joshi568@example.in,Chennai,2026-08-03
CUST_0569,Tanvi Kapoor,tanvi.kapoor569@example.in,Lucknow,2026-06-15
CUST_0570,Ananya Sharma,ananya.sharma570@example.in,Bengaluru,2025-09-23
CUST_0571,Varun Agarwal,varun.agarwal571@example.in,Pune,2026-07-30
CUST_0572,Aditya Agarwal,aditya.agarwal572@example.in,Indore,2026-07-13
CUST_0573,Varun Sharma,varun.sharma573@example.in,Bhopal,2026-07-18
CUST_0574,Meera Kumar,meera.kumar574@example.in,Jaipur,2026-05-05
CUST_0575,Pooja Chopra,pooja.chopra575@example.in,Jaipur,2026-04-20
CUST_0576,Rohan Verma,rohan.verma576@example.in,Chennai,2026-04-13
CUST_0577,Kavya Iyer,kavya.iyer577@example.in,Thane,2025-12-13
CUST_0578,Karan Kapoor,karan.kapoor578@example.in,Ahmedabad,2026-02-07
CUST_0579,Bhavna Shah,bhavna.shah579@example.in,Kanpur,2026-03-23
CUST_0580,Vikram Reddy,vikram.reddy580@example.in,Visakhapatnam,2026-06-14
CUST_0581,Priya Shah,priya.shah581@example.in,Surat,2026-04-26
CUST_0582,Priya Singh,priya.singh582@example.in,Thane,2026-01-04
CUST_0583,Vikram Mehta,vikram.mehta583@example.in,Delhi,2026-01-26
CUST_0584,Siddharth Kapoor,siddharth.kapoor584@example.in,Indore,2026-01-05
CUST_0585,Bhavna Nair,bhavna.nair585@example.in,Lucknow,2026-06-22
CUST_0586,Divya Shah,divya.shah586@example.in,Kolkata,2025-11-20
CUST_0587,Riya Sen,riya.sen587@example.in,Thane,2026-05-13
CUST_0588,Sanjay Kumar,sanjay.kumar588@example.in,Bhopal,2025-09-11
CUST_0589,Rohan Chopra,rohan.chopra589@example.in,Visakhapatnam,2026-04-22
CUST_0590,Pooja Rao,pooja.rao590@example.in,Ghaziabad,2026-02-27
CUST_0591,Ananya Verma,ananya.verma591@example.in,Jaipur,2026-05-11
CUST_0592,Tanvi Iyer,tanvi.iyer592@example.in,Jaipur,2026-06-01
CUST_0593,Aarav Mehta,aarav.mehta593@example.in,Indore,2025-11-07
CUST_0594,Sanjay Singh,sanjay.singh594@example.in,Kanpur,2026-03-25
CUST_0595,Ishita Verma,ishita.verma595@example.in,Nagpur,2025-09-26
CUST_0596,Amit Das,amit.das596@example.in,Kolkata,2026-03-04
CUST_0597,Meera Kumar,meera.kumar597@example.in,Bengaluru,2026-03-16
CUST_0598,Dev Bhat,dev.bhat598@example.in,Vadodara,2026-01-21
CUST_0599,Manish Kapoor,manish.kapoor599@example.in,Ludhiana,2025-10-30
CUST_0600,Vikram Mehta,vikram.mehta600@example.in,Nagpur,2026-03-10
CUST_0601,Swati Shah,swati.shah601@example.in,Vadodara,2026-03-06
CUST_0602,Gaurav Joshi,gaurav.joshi602@example.in,Kolkata,2026-07-05
CUST_0603,Dev Chopra,dev.chopra603@example.in,Visakhapatnam,2025-09-20
CUST_0604,Ananya Verma,ananya.verma604@example.in,Ahmedabad,2026-02-17
CUST_0605,Swati Iyer,swati.iyer605@example.in,Visakhapatnam,2026-04-21
CUST_0606,Vikram Kapoor,vikram.kapoor606@example.in,Visakhapatnam,2025-11-10
CUST_0607,Karan Kapoor,karan.kapoor607@example.in,Lucknow,2025-11-22
CUST_0608,Siddharth Kapoor,siddharth.kapoor608@example.in,Jaipur,2026-06-30
CUST_0609,Karan Sen,karan.sen609@example.in,Visakhapatnam,2026-05-30
CUST_0610,Riya Agarwal,riya.agarwal610@example.in,Jaipur,2026-05-01
CUST_0611,Manish Sharma,manish.sharma611@example.in,Kanpur,2026-02-16
CUST_0612,Simran Mehta,simran.mehta612@example.in,Indore,2026-06-25
CUST_0613,Sneha Sharma,sneha.sharma613@example.in,Ludhiana,2026-04-30
CUST_0614,Rahul Agarwal,rahul.agarwal614@example.in,Ghaziabad,2025-12-25
CUST_0615,Divya Verma,divya.verma615@example.in,Ghaziabad,2026-05-03
CUST_0616,Neha Sen,neha.sen616@example.in,Ludhiana,2026-03-13
CUST_0617,Vikram Gupta,vikram.gupta617@example.in,Delhi,2026-06-20
CUST_0618,Nikhil Mehta,nikhil.mehta618@example.in,Kolkata,2025-09-09
CUST_0619,Arjun Shah,arjun.shah619@example.in,Indore,2025-11-16
CUST_0620,Kavya Rao,kavya.rao620@example.in,Indore,2026-05-14
CUST_0621,Gaurav Kapoor,gaurav.kapoor621@example.in,Bhopal,2025-10-01
CUST_0622,Nikhil Joshi,nikhil.joshi622@example.in,Visakhapatnam,2025-12-15
CUST_0623,Meera Shah,meera.shah623@example.in,Bhopal,2026-05-27
CUST_0624,Siddharth Shah,siddharth.shah624@example.in,Chennai,2026-04-23
CUST_0625,Deepika Das,deepika.das625@example.in,Lucknow,2026-06-06
CUST_0626,Ishita Singh,ishita.singh626@example.in,Ludhiana,2026-05-05
CUST_0627,Aditya Gupta,aditya.gupta627@example.in,Pune,2026-06-12
CUST_0628,Sneha Gupta,sneha.gupta628@example.in,Jaipur,2026-01-25
CUST_0629,Nikhil Rao,nikhil.rao629@example.in,Bhopal,2026-02-09
CUST_0630,Riya Reddy,riya.reddy630@example.in,Vadodara,2026-01-18
CUST_0631,Sneha Mehta,sneha.mehta631@example.in,Ghaziabad,2026-08-12
CUST_0632,Meera Chopra,meera.chopra632@example.in,Nagpur,2026-02-23
CUST_0633,Gaurav Joshi,gaurav.joshi633@example.in,Jaipur,2025-09-21
CUST_0634,Sneha Patel,sneha.patel634@example.in,Kanpur,2026-04-14
CUST_0635,Varun Singh,varun.singh635@example.in,Bhopal,2025-12-18
CUST_0636,Aditya Das,aditya.das636@example.in,Pune,2026-06-14
CUST_0637,Nikhil Singh,nikhil.singh637@example.in,Ahmedabad,2025-10-25
CUST_0638,Tanvi Agarwal,tanvi.agarwal638@example.in,Surat,2026-01-02
CUST_0639,Ananya Sen,ananya.sen639@example.in,Surat,2026-07-23
CUST_0640,Pooja Verma,pooja.verma640@example.in,Hyderabad,2026-03-30
CUST_0641,Karan Iyer,karan.iyer641@example.in,Hyderabad,2026-08-14
CUST_0642,Gaurav Joshi,gaurav.joshi642@example.in,Mumbai,2026-06-08
CUST_0643,Deepika Nair,deepika.nair643@example.in,Indore,2026-07-31
CUST_0644,Deepika Iyer,deepika.iyer644@example.in,Bhopal,2026-07-30
CUST_0645,Aditya Kumar,aditya.kumar645@example.in,Lucknow,2026-01-24
CUST_0646,Varun Verma,varun.verma646@example.in,Bengaluru,2026-07-30
CUST_0647,Amit Gupta,amit.gupta647@example.in,Vadodara,2025-09-19
CUST_0648,Deepika Nair,deepika.nair648@example.in,Indore,2025-11-29
CUST_0649,Deepika Verma,deepika.verma649@example.in,Nagpur,2026-05-11
CUST_0650,Neha Kumar,neha.kumar650@example.in,Delhi,2025-09-04
CUST_0651,Sneha Agarwal,sneha.agarwal651@example.in,Ludhiana,2025-10-24
CUST_0652,Deepika Shah,deepika.shah652@example.in,Jaipur,2026-04-20
CUST_0653,Varun Das,varun.das653@example.in,Visakhapatnam,2026-05-10
CUST_0654,Sanjay Joshi,sanjay.joshi654@example.in,Visakhapatnam,2026-04-27
CUST_0655,Rahul Rao,rahul.rao655@example.in,Hyderabad,2026-02-16
CUST_0656,Neha Bhat,neha.bhat656@example.in,Pune,2025-12-04
CUST_0657,Aarav Shah,aarav.shah657@example.in,Jaipur,2026-06-17
CUST_0658,Simran Rao,simran.rao658@example.in,Chennai,2026-07-09
CUST_0659,Bhavna Chopra,bhavna.chopra659@example.in,Indore,2026-05-21
CUST_0660,Karan Patel,karan.patel660@example.in,Nagpur,2026-08-08
CUST_0661,Priya Nair,priya.nair661@example.in,Ahmedabad,2026-05-02
CUST_0662,Karan Gupta,karan.gupta662@example.in,Mumbai,2026-01-11
CUST_0663,Siddharth Gupta,siddharth.gupta663@example.in,Thane,2026-01-14
CUST_0664,Karan Kumar,karan.kumar664@example.in,Ghaziabad,2026-06-20
CUST_0665,Aarav Singh,aarav.singh665@example.in,Kanpur,2025-12-29
CUST_0666,Ananya Mehta,ananya.mehta666@example.in,Thane,2026-02-04
CUST_0667,Neha Chopra,neha.chopra667@example.in,Visakhapatnam,2026-02-06
CUST_0668,Nikhil Mehta,nikhil.mehta668@example.in,Jaipur,2026-03-07
CUST_0669,Tanvi Gupta,tanvi.gupta669@example.in,Surat,2025-11-07
CUST_0670,Riya Joshi,riya.joshi670@example.in,Thane,2026-07-07
CUST_0671,Ishita Deshmukh,ishita.deshmukh671@example.in,Vadodara,2026-04-29
CUST_0672,Gaurav Das,gaurav.das672@example.in,Kolkata,2026-01-04
CUST_0673,Simran Kapoor,simran.kapoor673@example.in,Bengaluru,2026-05-27
CUST_0674,Arjun Sen,arjun.sen674@example.in,Kanpur,2025-10-09
CUST_0675,Deepika Agarwal,deepika.agarwal675@example.in,Hyderabad,2025-10-01
CUST_0676,Manish Das,manish.das676@example.in,Visakhapatnam,2025-12-12
CUST_0677,Amit Das,amit.das677@example.in,Ahmedabad,2025-11-23
CUST_0678,Karan Sen,karan.sen678@example.in,Thane,2025-10-29
CUST_0679,Simran Rao,simran.rao679@example.in,Ghaziabad,2026-05-08
CUST_0680,Rohan Sen,rohan.sen680@example.in,Thane,2025-09-28
CUST_0681,Arjun Joshi,arjun.joshi681@example.in,Visakhapatnam,2026-03-31
CUST_0682,Arjun Agarwal,arjun.agarwal682@example.in,Delhi,2026-06-13
CUST_0683,Arjun Kumar,arjun.kumar683@example.in,Mumbai,2026-03-21
CUST_0684,Rahul Sharma,rahul.sharma684@example.in,Kolkata,2026-06-23
CUST_0685,Rohan Verma,rohan.verma685@example.in,Indore,2026-02-23
CUST_0686,Nikhil Patel,nikhil.patel686@example.in,Vadodara,2025-09-30
CUST_0687,Deepika Patel,deepika.patel687@example.in,Bhopal,2025-09-16
CUST_0688,Sneha Deshmukh,sneha.deshmukh688@example.in,Chennai,2025-11-08
CUST_0689,Gaurav Deshmukh,gaurav.deshmukh689@example.in,Kanpur,2026-03-14
CUST_0690,Arjun Chopra,arjun.chopra690@example.in,Nagpur,2025-10-11
CUST_0691,Simran Das,simran.das691@example.in,Ahmedabad,2026-07-31
CUST_0692,Bhavna Reddy,bhavna.reddy692@example.in,Hyderabad,2025-11-30
CUST_0693,Meera Chopra,meera.chopra693@example.in,Visakhapatnam,2025-11-04
CUST_0694,Divya Gupta,divya.gupta694@example.in,Mumbai,2025-09-11
CUST_0695,Sneha Bhat,sneha.bhat695@example.in,Vadodara,2026-04-05
CUST_0696,Meera Chopra,meera.chopra696@example.in,Surat,2026-01-04
CUST_0697,Arjun Reddy,arjun.reddy697@example.in,Ahmedabad,2026-01-19
CUST_0698,Aditya Mehta,aditya.mehta698@example.in,Delhi,2026-08-04
CUST_0699,Kavya Kapoor,kavya.kapoor699@example.in,Mumbai,2026-01-01
CUST_0700,Aditya Patel,aditya.patel700@example.in,Hyderabad,2026-07-01
CUST_0701,Ananya Bhat,ananya.bhat701@example.in,Ludhiana,2026-08-10
CUST_0702,Nikhil Verma,nikhil.verma702@example.in,Surat,2025-09-22
CUST_0703,Siddharth Bhat,siddharth.bhat703@example.in,Surat,2026-06-03
CUST_0704,Aditya Verma,aditya.verma704@example.in,Ahmedabad,2026-05-15
CUST_0705,Sneha Gupta,sneha.gupta705@example.in,Ghaziabad,2026-02-10
CUST_0706,Amit Kapoor,amit.kapoor706@example.in,Lucknow,2025-12-30
CUST_0707,Sneha Joshi,sneha.joshi707@example.in,Visakhapatnam,2025-12-22
CUST_0708,Kavya Kumar,kavya.kumar708@example.in,Pune,2025-10-01
CUST_0709,Meera Agarwal,meera.agarwal709@example.in,Chennai,2026-07-17
CUST_0710,Simran Deshmukh,simran.deshmukh710@example.in,Vadodara,2026-05-11
CUST_0711,Ananya Reddy,ananya.reddy711@example.in,Nagpur,2026-05-26
CUST_0712,Karan Deshmukh,karan.deshmukh712@example.in,Indore,2025-11-15
CUST_0713,Sneha Chopra,sneha.chopra713@example.in,Chennai,2026-06-02
CUST_0714,Riya Gupta,riya.gupta714@example.in,Surat,2026-01-31
CUST_0715,Bhavna Joshi,bhavna.joshi715@example.in,Thane,2025-09-29
CUST_0716,Meera Deshmukh,meera.deshmukh716@example.in,Indore,2026-06-12
CUST_0717,Dev Joshi,dev.joshi717@example.in,Nagpur,2026-01-02
CUST_0718,Rahul Rao,rahul.rao718@example.in,Lucknow,2026-07-28
CUST_0719,Rohan Bhat,rohan.bhat719@example.in,Kanpur,2025-10-17
CUST_0720,Meera Rao,meera.rao720@example.in,Delhi,2026-01-15
CUST_0721,Siddharth Kapoor,siddharth.kapoor721@example.in,Ludhiana,2025-09-20
CUST_0722,Bhavna Patel,bhavna.patel722@example.in,Kolkata,2026-06-27
CUST_0723,Divya Das,divya.das723@example.in,Kolkata,2026-05-03
CUST_0724,Aditya Shah,aditya.shah724@example.in,Jaipur,2025-09-07
CUST_0725,Aditya Rao,aditya.rao725@example.in,Hyderabad,2026-05-03
CUST_0726,Deepika Gupta,deepika.gupta726@example.in,Ludhiana,2025-12-13
CUST_0727,Siddharth Gupta,siddharth.gupta727@example.in,Vadodara,2026-02-11
CUST_0728,Gaurav Kumar,gaurav.kumar728@example.in,Nagpur,2026-04-26
CUST_0729,Meera Reddy,meera.reddy729@example.in,Jaipur,2026-01-11
CUST_0730,Ishita Sen,ishita.sen730@example.in,Bhopal,2026-04-26
CUST_0731,Priya Iyer,priya.iyer731@example.in,Lucknow,2025-12-13
CUST_0732,Ishita Shah,ishita.shah732@example.in,Indore,2025-09-23
CUST_0733,Amit Gupta,amit.gupta733@example.in,Ahmedabad,2025-09-08
CUST_0734,Rahul Das,rahul.das734@example.in,Ghaziabad,2026-06-23
CUST_0735,Divya Deshmukh,divya.deshmukh735@example.in,Jaipur,2025-11-17
CUST_0736,Aditya Shah,aditya.shah736@example.in,Surat,2026-03-13
CUST_0737,Amit Gupta,amit.gupta737@example.in,Bhopal,2026-06-08
CUST_0738,Varun Shah,varun.shah738@example.in,Pune,2026-05-08
CUST_0739,Divya Iyer,divya.iyer739@example.in,Thane,2025-11-25
CUST_0740,Divya Reddy,divya.reddy740@example.in,Chennai,2025-11-10
CUST_0741,Divya Das,divya.das741@example.in,Bhopal,2025-12-03
CUST_0742,Deepika Das,deepika.das742@example.in,Delhi,2026-05-26
CUST_0743,Ananya Patel,ananya.patel743@example.in,Delhi,2025-09-03
CUST_0744,Kavya Joshi,kavya.joshi744@example.in,Surat,2025-10-04
CUST_0745,Nikhil Joshi,nikhil.joshi745@example.in,Mumbai,2025-12-20
CUST_0746,Dev Bhat,dev.bhat746@example.in,Kanpur,2025-09-30
CUST_0747,Tanvi Kapoor,tanvi.kapoor747@example.in,Bhopal,2026-08-03
CUST_0748,Riya Sharma,riya.sharma748@example.in,Mumbai,2026-05-30
CUST_0749,Meera Deshmukh,meera.deshmukh749@example.in,Mumbai,2025-09-08
CUST_0750,Dev Singh,dev.singh750@example.in,Vadodara,2026-01-24
CUST_0751,Aarav Sen,aarav.sen751@example.in,Indore,2025-11-30
CUST_0752,Priya Mehta,priya.mehta752@example.in,Visakhapatnam,2025-11-15
CUST_0753,Pooja Rao,pooja.rao753@example.in,Ludhiana,2026-05-27
CUST_0754,Rahul Reddy,rahul.reddy754@example.in,Pune,2026-03-22
CUST_0755,Rohan Reddy,rohan.reddy755@example.in,Nagpur,2026-04-23
CUST_0756,Amit Gupta,amit.gupta756@example.in,Surat,2026-01-31
CUST_0757,Simran Patel,simran.patel757@example.in,Delhi,2025-10-17
CUST_0758,Siddharth Chopra,siddharth.chopra758@example.in,Nagpur,2026-06-09
CUST_0759,Riya Verma,riya.verma759@example.in,Mumbai,2025-11-26
CUST_0760,Rohan Iyer,rohan.iyer760@example.in,Indore,2026-07-27
CUST_0761,Swati Shah,swati.shah761@example.in,Ghaziabad,2025-10-18
CUST_0762,Sanjay Sen,sanjay.sen762@example.in,Delhi,2025-12-26
CUST_0763,Aditya Agarwal,aditya.agarwal763@example.in,Bhopal,2026-01-16
CUST_0764,Ananya Patel,ananya.patel764@example.in,Pune,2026-06-05
CUST_0765,Amit Verma,amit.verma765@example.in,Chennai,2026-02-08
CUST_0766,Aarav Rao,aarav.rao766@example.in,Ghaziabad,2025-11-12
CUST_0767,Gaurav Chopra,gaurav.chopra767@example.in,Bengaluru,2026-01-31
CUST_0768,Neha Agarwal,neha.agarwal768@example.in,Surat,2026-06-17
CUST_0769,Manish Chopra,manish.chopra769@example.in,Vadodara,2026-02-16
CUST_0770,Siddharth Joshi,siddharth.joshi770@example.in,Bengaluru,2026-05-14
CUST_0771,Divya Reddy,divya.reddy771@example.in,Delhi,2025-10-20
CUST_0772,Kavya Gupta,kavya.gupta772@example.in,Bengaluru,2026-02-21
CUST_0773,Tanvi Kapoor,tanvi.kapoor773@example.in,Ludhiana,2026-03-22
CUST_0774,Gaurav Shah,gaurav.shah774@example.in,Mumbai,2026-07-21
CUST_0775,Rahul Bhat,rahul.bhat775@example.in,Bhopal,2025-12-25
CUST_0776,Ishita Das,ishita.das776@example.in,Nagpur,2026-04-09
CUST_0777,Neha Agarwal,neha.agarwal777@example.in,Nagpur,2025-10-13
CUST_0778,Gaurav Kapoor,gaurav.kapoor778@example.in,Jaipur,2026-01-04
CUST_0779,Nikhil Patel,nikhil.patel779@example.in,Bengaluru,2026-01-15
CUST_0780,Vikram Chopra,vikram.chopra780@example.in,Ahmedabad,2026-03-18
CUST_0781,Karan Reddy,karan.reddy781@example.in,Hyderabad,2025-10-16
CUST_0782,Aarav Kumar,aarav.kumar782@example.in,Thane,2026-03-03
CUST_0783,Gaurav Singh,gaurav.singh783@example.in,Hyderabad,2025-11-06
CUST_0784,Rohan Nair,rohan.nair784@example.in,Indore,2026-04-17
CUST_0785,Meera Das,meera.das785@example.in,Visakhapatnam,2026-03-27
CUST_0786,Priya Sharma,priya.sharma786@example.in,Bengaluru,2026-02-28
CUST_0787,Meera Patel,meera.patel787@example.in,Ludhiana,2026-07-03
CUST_0788,Swati Shah,swati.shah788@example.in,Nagpur,2025-09-06
CUST_0789,Sneha Deshmukh,sneha.deshmukh789@example.in,Nagpur,2025-10-13
CUST_0790,Divya Das,divya.das790@example.in,Surat,2026-06-19
CUST_0791,Dev Nair,dev.nair791@example.in,Nagpur,2025-11-25
CUST_0792,Vikram Singh,vikram.singh792@example.in,Jaipur,2026-01-15
CUST_0793,Riya Joshi,riya.joshi793@example.in,Bengaluru,2025-11-24
CUST_0794,Kavya Singh,kavya.singh794@example.in,Indore,2026-01-31
CUST_0795,Riya Patel,riya.patel795@example.in,Kanpur,2026-01-06
CUST_0796,Pooja Iyer,pooja.iyer796@example.in,Ludhiana,2026-07-12
CUST_0797,Aditya Bhat,aditya.bhat797@example.in,Hyderabad,2025-11-08
CUST_0798,Sneha Sharma,sneha.sharma798@example.in,Nagpur,2026-02-17
CUST_0799,Manish Kapoor,manish.kapoor799@example.in,Nagpur,2026-02-15
CUST_0800,Arjun Shah,arjun.shah800@example.in,Indore,2026-07-30
CUST_0801,Tanvi Joshi,tanvi.joshi801@example.in,Jaipur,2026-02-11
CUST_0802,Tanvi Rao,tanvi.rao802@example.in,Bhopal,2026-02-07
CUST_0803,Neha Chopra,neha.chopra803@example.in,Lucknow,2026-01-27
CUST_0804,Divya Iyer,divya.iyer804@example.in,Ghaziabad,2026-01-02
CUST_0805,Karan Chopra,karan.chopra805@example.in,Pune,2026-03-20
CUST_0806,Ishita Mehta,ishita.mehta806@example.in,Ghaziabad,2025-12-11
CUST_0807,Amit Das,amit.das807@example.in,Chennai,2026-08-15
CUST_0808,Gaurav Das,gaurav.das808@example.in,Mumbai,2026-04-24
CUST_0809,Nikhil Rao,nikhil.rao809@example.in,Thane,2026-01-27
CUST_0810,Manish Patel,manish.patel810@example.in,Indore,2026-08-10
CUST_0811,Riya Joshi,riya.joshi811@example.in,Jaipur,2026-01-01
CUST_0812,Rahul Joshi,rahul.joshi812@example.in,Indore,2026-03-12
CUST_0813,Rohan Bhat,rohan.bhat813@example.in,Ludhiana,2026-05-03
CUST_0814,Amit Chopra,amit.chopra814@example.in,Vadodara,2026-05-17
CUST_0815,Deepika Deshmukh,deepika.deshmukh815@example.in,Vadodara,2025-09-18
CUST_0816,Swati Reddy,swati.reddy816@example.in,Vadodara,2026-07-01
CUST_0817,Varun Patel,varun.patel817@example.in,Hyderabad,2026-01-05
CUST_0818,Simran Reddy,simran.reddy818@example.in,Chennai,2026-07-28
CUST_0819,Tanvi Verma,tanvi.verma819@example.in,Ghaziabad,2026-07-27
CUST_0820,Simran Chopra,simran.chopra820@example.in,Lucknow,2026-04-08
CUST_0821,Priya Sharma,priya.sharma821@example.in,Hyderabad,2026-01-10
CUST_0822,Pooja Sen,pooja.sen822@example.in,Visakhapatnam,2026-06-12
CUST_0823,Amit Agarwal,amit.agarwal823@example.in,Surat,2026-04-16
CUST_0824,Ishita Chopra,ishita.chopra824@example.in,Thane,2026-08-13
CUST_0825,Amit Sen,amit.sen825@example.in,Ahmedabad,2026-02-23
CUST_0826,Aarav Iyer,aarav.iyer826@example.in,Hyderabad,2026-01-29
CUST_0827,Kavya Patel,kavya.patel827@example.in,Hyderabad,2025-11-11
CUST_0828,Ishita Kumar,ishita.kumar828@example.in,Lucknow,2026-04-21
CUST_0829,Swati Rao,swati.rao829@example.in,Visakhapatnam,2026-05-05
CUST_0830,Ishita Iyer,ishita.iyer830@example.in,Hyderabad,2026-04-12
CUST_0831,Divya Bhat,divya.bhat831@example.in,Lucknow,2025-10-04
CUST_0832,Sneha Verma,sneha.verma832@example.in,Hyderabad,2025-09-11
CUST_0833,Bhavna Shah,bhavna.shah833@example.in,Hyderabad,2026-08-12
CUST_0834,Swati Nair,swati.nair834@example.in,Surat,2026-05-22
CUST_0835,Neha Das,neha.das835@example.in,Chennai,2026-02-16
CUST_0836,Meera Deshmukh,meera.deshmukh836@example.in,Thane,2025-12-27
CUST_0837,Swati Chopra,swati.chopra837@example.in,Chennai,2025-12-04
CUST_0838,Varun Deshmukh,varun.deshmukh838@example.in,Nagpur,2025-09-14
CUST_0839,Divya Kapoor,divya.kapoor839@example.in,Kolkata,2026-04-18
CUST_0840,Amit Deshmukh,amit.deshmukh840@example.in,Nagpur,2025-09-02
CUST_0841,Nikhil Rao,nikhil.rao841@example.in,Kolkata,2026-01-20
CUST_0842,Gaurav Patel,gaurav.patel842@example.in,Ghaziabad,2025-10-22
CUST_0843,Swati Das,swati.das843@example.in,Chennai,2026-03-06
CUST_0844,Karan Rao,karan.rao844@example.in,Thane,2025-10-28
CUST_0845,Rahul Iyer,rahul.iyer845@example.in,Visakhapatnam,2026-07-24
CUST_0846,Karan Kapoor,karan.kapoor846@example.in,Nagpur,2026-07-09
CUST_0847,Siddharth Agarwal,siddharth.agarwal847@example.in,Hyderabad,2026-02-25
CUST_0848,Ishita Bhat,ishita.bhat848@example.in,Ludhiana,2025-11-27
CUST_0849,Manish Kumar,manish.kumar849@example.in,Ludhiana,2026-06-29
CUST_0850,Rohan Joshi,rohan.joshi850@example.in,Lucknow,2025-10-30
CUST_0851,Pooja Kumar,pooja.kumar851@example.in,Hyderabad,2025-12-02
CUST_0852,Ishita Joshi,ishita.joshi852@example.in,Visakhapatnam,2026-03-17
CUST_0853,Kavya Kapoor,kavya.kapoor853@example.in,Ahmedabad,2026-06-21
CUST_0854,Siddharth Deshmukh,siddharth.deshmukh854@example.in,Chennai,2026-05-07
CUST_0855,Varun Das,varun.das855@example.in,Chennai,2026-06-11
CUST_0856,Neha Iyer,neha.iyer856@example.in,Jaipur,2025-11-10
CUST_0857,Neha Shah,neha.shah857@example.in,Thane,2026-07-14
CUST_0858,Ananya Reddy,ananya.reddy858@example.in,Mumbai,2026-05-06
CUST_0859,Vikram Rao,vikram.rao859@example.in,Nagpur,2026-06-14
CUST_0860,Dev Iyer,dev.iyer860@example.in,Indore,2026-08-16
CUST_0861,Riya Deshmukh,riya.deshmukh861@example.in,Thane,2026-05-08
CUST_0862,Neha Patel,neha.patel862@example.in,Ghaziabad,2025-09-15
CUST_0863,Swati Gupta,swati.gupta863@example.in,Jaipur,2025-09-16
CUST_0864,Rahul Gupta,rahul.gupta864@example.in,Vadodara,2026-01-25
CUST_0865,Neha Bhat,neha.bhat865@example.in,Ghaziabad,2026-05-11
CUST_0866,Meera Sen,meera.sen866@example.in,Hyderabad,2026-06-20
CUST_0867,Priya Singh,priya.singh867@example.in,Vadodara,2026-03-06
CUST_0868,Meera Verma,meera.verma868@example.in,Thane,2026-06-06
CUST_0869,Aditya Deshmukh,aditya.deshmukh869@example.in,Hyderabad,2026-07-31
CUST_0870,Gaurav Gupta,gaurav.gupta870@example.in,Jaipur,2025-09-16
CUST_0871,Arjun Singh,arjun.singh871@example.in,Kanpur,2025-10-14
CUST_0872,Arjun Mehta,arjun.mehta872@example.in,Surat,2025-12-16
CUST_0873,Swati Agarwal,swati.agarwal873@example.in,Kanpur,2026-07-09
CUST_0874,Varun Deshmukh,varun.deshmukh874@example.in,Chennai,2026-07-12
CUST_0875,Vikram Rao,vikram.rao875@example.in,Kolkata,2025-09-30
CUST_0876,Amit Reddy,amit.reddy876@example.in,Vadodara,2026-01-21
CUST_0877,Tanvi Das,tanvi.das877@example.in,Chennai,2026-02-12
CUST_0878,Nikhil Kumar,nikhil.kumar878@example.in,Jaipur,2026-06-20
CUST_0879,Rahul Sen,rahul.sen879@example.in,Hyderabad,2025-11-08
CUST_0880,Gaurav Deshmukh,gaurav.deshmukh880@example.in,Delhi,2026-01-19
CUST_0881,Bhavna Joshi,bhavna.joshi881@example.in,Ahmedabad,2026-01-05
CUST_0882,Vikram Shah,vikram.shah882@example.in,Surat,2026-08-12
CUST_0883,Siddharth Iyer,siddharth.iyer883@example.in,Ahmedabad,2026-06-22
CUST_0884,Varun Singh,varun.singh884@example.in,Indore,2026-03-11
CUST_0885,Arjun Patel,arjun.patel885@example.in,Bengaluru,2026-03-25
CUST_0886,Dev Singh,dev.singh886@example.in,Kanpur,2026-04-20
CUST_0887,Riya Shah,riya.shah887@example.in,Ghaziabad,2025-09-01
CUST_0888,Bhavna Patel,bhavna.patel888@example.in,Thane,2026-07-22
CUST_0889,Simran Reddy,simran.reddy889@example.in,Bengaluru,2026-05-31
CUST_0890,Siddharth Rao,siddharth.rao890@example.in,Indore,2025-12-17
CUST_0891,Riya Singh,riya.singh891@example.in,Lucknow,2026-01-23
CUST_0892,Karan Das,karan.das892@example.in,Ghaziabad,2025-11-05
CUST_0893,Amit Iyer,amit.iyer893@example.in,Lucknow,2026-08-15
CUST_0894,Gaurav Verma,gaurav.verma894@example.in,Delhi,2025-10-20
CUST_0895,Varun Bhat,varun.bhat895@example.in,Mumbai,2025-11-02
CUST_0896,Deepika Nair,deepika.nair896@example.in,Thane,2026-04-21
CUST_0897,Aarav Deshmukh,aarav.deshmukh897@example.in,Kolkata,2025-11-06
CUST_0898,Sanjay Kumar,sanjay.kumar898@example.in,Chennai,2026-01-18
CUST_0899,Rohan Reddy,rohan.reddy899@example.in,Pune,2025-10-12
CUST_0900,Ishita Nair,ishita.nair900@example.in,Delhi,2026-03-21
CUST_0901,Varun Kumar,varun.kumar901@example.in,Surat,2026-04-07
CUST_0902,Varun Patel,varun.patel902@example.in,Hyderabad,2025-08-31
CUST_0903,Aditya Iyer,aditya.iyer903@example.in,Bengaluru,2025-11-06
CUST_0904,Amit Gupta,amit.gupta904@example.in,Visakhapatnam,2026-08-14
CUST_0905,Arjun Sharma,arjun.sharma905@example.in,Mumbai,2026-02-22
CUST_0906,Manish Mehta,manish.mehta906@example.in,Indore,2025-11-06
CUST_0907,Riya Patel,riya.patel907@example.in,Surat,2026-03-15
CUST_0908,Rohan Mehta,rohan.mehta908@example.in,Hyderabad,2026-02-07
CUST_0909,Ishita Kumar,ishita.kumar909@example.in,Ahmedabad,2026-03-14
CUST_0910,Gaurav Joshi,gaurav.joshi910@example.in,Ahmedabad,2025-10-05
CUST_0911,Dev Agarwal,dev.agarwal911@example.in,Mumbai,2026-07-09
CUST_0912,Varun Nair,varun.nair912@example.in,Thane,2026-02-26
CUST_0913,Divya Rao,divya.rao913@example.in,Ahmedabad,2026-03-29
CUST_0914,Tanvi Bhat,tanvi.bhat914@example.in,Kolkata,2025-10-14
CUST_0915,Sanjay Mehta,sanjay.mehta915@example.in,Ahmedabad,2025-11-02
CUST_0916,Amit Chopra,amit.chopra916@example.in,Kanpur,2026-04-07
CUST_0917,Karan Joshi,karan.joshi917@example.in,Surat,2026-01-19
CUST_0918,Varun Patel,varun.patel918@example.in,Surat,2026-06-10
CUST_0919,Tanvi Kapoor,tanvi.kapoor919@example.in,Ludhiana,2026-01-23
CUST_0920,Gaurav Sharma,gaurav.sharma920@example.in,Jaipur,2025-12-14
CUST_0921,Dev Kapoor,dev.kapoor921@example.in,Visakhapatnam,2025-12-05
CUST_0922,Divya Chopra,divya.chopra922@example.in,Jaipur,2026-07-27
CUST_0923,Ananya Gupta,ananya.gupta923@example.in,Bhopal,2026-03-16
CUST_0924,Priya Gupta,priya.gupta924@example.in,Bhopal,2026-07-23
CUST_0925,Tanvi Patel,tanvi.patel925@example.in,Visakhapatnam,2025-09-06
CUST_0926,Ishita Shah,ishita.shah926@example.in,Ahmedabad,2026-03-17
CUST_0927,Bhavna Agarwal,bhavna.agarwal927@example.in,Indore,2026-03-06
CUST_0928,Meera Nair,meera.nair928@example.in,Bhopal,2025-10-07
CUST_0929,Aarav Agarwal,aarav.agarwal929@example.in,Bengaluru,2025-09-07
CUST_0930,Rahul Rao,rahul.rao930@example.in,Delhi,2025-09-30
CUST_0931,Swati Chopra,swati.chopra931@example.in,Visakhapatnam,2026-01-24
CUST_0932,Varun Sen,varun.sen932@example.in,Indore,2026-04-04
CUST_0933,Nikhil Chopra,nikhil.chopra933@example.in,Bengaluru,2026-07-24
CUST_0934,Meera Das,meera.das934@example.in,Ludhiana,2025-11-17
CUST_0935,Rahul Patel,rahul.patel935@example.in,Jaipur,2025-10-10
CUST_0936,Dev Rao,dev.rao936@example.in,Ahmedabad,2026-06-01
CUST_0937,Karan Chopra,karan.chopra937@example.in,Ghaziabad,2026-07-21
CUST_0938,Gaurav Patel,gaurav.patel938@example.in,Jaipur,2026-04-11
CUST_0939,Divya Gupta,divya.gupta939@example.in,Delhi,2026-01-03
CUST_0940,Rohan Deshmukh,rohan.deshmukh940@example.in,Hyderabad,2026-04-20
CUST_0941,Tanvi Kapoor,tanvi.kapoor941@example.in,Delhi,2026-02-05
CUST_0942,Simran Nair,simran.nair942@example.in,Hyderabad,2025-09-06
CUST_0943,Nikhil Joshi,nikhil.joshi943@example.in,Mumbai,2025-11-22
CUST_0944,Riya Reddy,riya.reddy944@example.in,Visakhapatnam,2026-05-22
CUST_0945,Swati Singh,swati.singh945@example.in,Chennai,2026-03-09
CUST_0946,Vikram Singh,vikram.singh946@example.in,Hyderabad,2025-09-15
CUST_0947,Karan Deshmukh,karan.deshmukh947@example.in,Pune,2026-05-26
CUST_0948,Rohan Singh,rohan.singh948@example.in,Ghaziabad,2026-07-18
CUST_0949,Rohan Iyer,rohan.iyer949@example.in,Thane,2026-05-19
CUST_0950,Ishita Verma,ishita.verma950@example.in,Bhopal,2026-06-17
CUST_0951,Neha Reddy,neha.reddy951@example.in,Chennai,2026-01-08
CUST_0952,Gaurav Mehta,gaurav.mehta952@example.in,Ghaziabad,2026-08-11
CUST_0953,Divya Mehta,divya.mehta953@example.in,Surat,2026-05-18
CUST_0954,Aarav Verma,aarav.verma954@example.in,Mumbai,2026-01-03
CUST_0955,Ananya Iyer,ananya.iyer955@example.in,Kanpur,2026-03-15
CUST_0956,Deepika Joshi,deepika.joshi956@example.in,Chennai,2025-09-18
CUST_0957,Meera Deshmukh,meera.deshmukh957@example.in,Surat,2026-02-11
CUST_0958,Pooja Deshmukh,pooja.deshmukh958@example.in,Lucknow,2026-01-16
CUST_0959,Manish Patel,manish.patel959@example.in,Ghaziabad,2026-03-09
CUST_0960,Priya Sen,priya.sen960@example.in,Delhi,2025-11-30
CUST_0961,Pooja Sen,pooja.sen961@example.in,Delhi,2026-03-24
CUST_0962,Rohan Bhat,rohan.bhat962@example.in,Jaipur,2026-02-06
CUST_0963,Karan Patel,karan.patel963@example.in,Vadodara,2026-04-21
CUST_0964,Aarav Reddy,aarav.reddy964@example.in,Kolkata,2026-01-27
CUST_0965,Amit Kumar,amit.kumar965@example.in,Ludhiana,2026-01-02
CUST_0966,Arjun Reddy,arjun.reddy966@example.in,Ghaziabad,2026-05-10
CUST_0967,Gaurav Rao,gaurav.rao967@example.in,Vadodara,2026-01-03
CUST_0968,Vikram Sharma,vikram.sharma968@example.in,Indore,2025-09-12
CUST_0969,Pooja Das,pooja.das969@example.in,Kanpur,2026-07-22
CUST_0970,Manish Sharma,manish.sharma970@example.in,Lucknow,2025-08-31
CUST_0971,Gaurav Chopra,gaurav.chopra971@example.in,Jaipur,2025-10-23
CUST_0972,Aditya Sen,aditya.sen972@example.in,Surat,2026-04-02
CUST_0973,Riya Verma,riya.verma973@example.in,Ahmedabad,2026-01-21
CUST_0974,Rohan Verma,rohan.verma974@example.in,Surat,2026-05-24
CUST_0975,Kavya Reddy,kavya.reddy975@example.in,Thane,2025-10-13
CUST_0976,Amit Mehta,amit.mehta976@example.in,Visakhapatnam,2025-11-07
CUST_0977,Varun Chopra,varun.chopra977@example.in,Bengaluru,2026-06-30
CUST_0978,Amit Verma,amit.verma978@example.in,Indore,2026-08-05
CUST_0979,Vikram Gupta,vikram.gupta979@example.in,Jaipur,2026-01-11
CUST_0980,Bhavna Shah,bhavna.shah980@example.in,Nagpur,2026-02-14
CUST_0981,Karan Bhat,karan.bhat981@example.in,Pune,2025-12-28
CUST_0982,Rohan Rao,rohan.rao982@example.in,Ahmedabad,2026-06-26
CUST_0983,Priya Joshi,priya.joshi983@example.in,Hyderabad,2025-11-23
CUST_0984,Arjun Bhat,arjun.bhat984@example.in,Lucknow,2026-03-27
CUST_0985,Priya Das,priya.das985@example.in,Kanpur,2025-12-15
CUST_0986,Arjun Kumar,arjun.kumar986@example.in,Thane,2026-01-13
CUST_0987,Bhavna Mehta,bhavna.mehta987@example.in,Bengaluru,2025-11-19
CUST_0988,Swati Kumar,swati.kumar988@example.in,Ludhiana,2025-09-20
CUST_0989,Aditya Shah,aditya.shah989@example.in,Ahmedabad,2025-10-16
CUST_0990,Nikhil Gupta,nikhil.gupta990@example.in,Kanpur,2026-03-21
CUST_0991,Dev Verma,dev.verma991@example.in,Jaipur,2026-01-11
CUST_0992,Manish Nair,manish.nair992@example.in,Mumbai,2026-03-26
CUST_0993,Bhavna Bhat,bhavna.bhat993@example.in,Vadodara,2026-06-08
CUST_0994,Pooja Mehta,pooja.mehta994@example.in,Thane,2025-10-22
CUST_0995,Swati Joshi,swati.joshi995@example.in,Hyderabad,2025-09-06
CUST_0996,Ananya Gupta,ananya.gupta996@example.in,Ahmedabad,2025-12-10
CUST_0997,Manish Chopra,manish.chopra997@example.in,Kanpur,2026-07-19
CUST_0998,Varun Patel,varun.patel998@example.in,Ghaziabad,2026-06-27
CUST_0999,Rahul Patel,rahul.patel999@example.in,Mumbai,2025-10-03
CUST_1000,Aditya Bhat,aditya.bhat1000@example.in,Ahmedabad,2025-10-17
CUST_1001,Sanjay Shah,sanjay.shah1001@example.in,Hyderabad,2025-09-21
CUST_1002,Arjun Verma,arjun.verma1002@example.in,Chennai,2026-06-20
CUST_1003,Kavya Chopra,kavya.chopra1003@example.in,Bhopal,2025-09-15
CUST_1004,Siddharth Deshmukh,siddharth.deshmukh1004@example.in,Chennai,2026-02-28
CUST_1005,Aditya Nair,aditya.nair1005@example.in,Pune,2026-01-21
CUST_1006,Arjun Joshi,arjun.joshi1006@example.in,Delhi,2026-07-11
CUST_1007,Tanvi Kapoor,tanvi.kapoor1007@example.in,Surat,2026-07-28
CUST_1008,Sneha Iyer,sneha.iyer1008@example.in,Indore,2026-06-08
CUST_1009,Riya Verma,riya.verma1009@example.in,Bengaluru,2026-01-21
CUST_1010,Siddharth Joshi,siddharth.joshi1010@example.in,Indore,2025-12-11
CUST_1011,Varun Sen,varun.sen1011@example.in,Surat,2026-07-19
CUST_1012,Swati Das,swati.das1012@example.in,Mumbai,2026-03-14
CUST_1013,Swati Reddy,swati.reddy1013@example.in,Bhopal,2026-06-05
CUST_1014,Swati Iyer,swati.iyer1014@example.in,Kanpur,2026-06-16
CUST_1015,Dev Shah,dev.shah1015@example.in,Nagpur,2026-01-16
CUST_1016,Neha Sharma,neha.sharma1016@example.in,Lucknow,2026-07-02
CUST_1017,Pooja Sharma,pooja.sharma1017@example.in,Pune,2025-09-29
CUST_1018,Swati Iyer,swati.iyer1018@example.in,Visakhapatnam,2026-03-02
CUST_1019,Gaurav Agarwal,gaurav.agarwal1019@example.in,Surat,2025-11-20
CUST_1020,Priya Gupta,priya.gupta1020@example.in,Surat,2026-01-14
CUST_1021,Meera Verma,meera.verma1021@example.in,Surat,2026-06-21
CUST_1022,Bhavna Chopra,bhavna.chopra1022@example.in,Kanpur,2025-11-27
CUST_1023,Neha Gupta,neha.gupta1023@example.in,Ghaziabad,2026-02-09
CUST_1024,Swati Reddy,swati.reddy1024@example.in,Ghaziabad,2025-09-14
CUST_1025,Nikhil Reddy,nikhil.reddy1025@example.in,Ghaziabad,2026-06-15
CUST_1026,Vikram Agarwal,vikram.agarwal1026@example.in,Kolkata,2026-05-10
CUST_1027,Meera Kumar,meera.kumar1027@example.in,Chennai,2026-05-09
CUST_1028,Ananya Patel,ananya.patel1028@example.in,Delhi,2025-12-28
CUST_1029,Tanvi Gupta,tanvi.gupta1029@example.in,Mumbai,2026-05-27
CUST_1030,Riya Sharma,riya.sharma1030@example.in,Lucknow,2026-07-11
CUST_1031,Aditya Joshi,aditya.joshi1031@example.in,Lucknow,2025-11-29
CUST_1032,Deepika Shah,deepika.shah1032@example.in,Delhi,2025-09-11
CUST_1033,Vikram Agarwal,vikram.agarwal1033@example.in,Ahmedabad,2025-10-26
CUST_1034,Bhavna Sen,bhavna.sen1034@example.in,Kanpur,2025-10-07
CUST_1035,Ishita Chopra,ishita.chopra1035@example.in,Ghaziabad,2025-10-21
CUST_1036,Karan Kumar,karan.kumar1036@example.in,Lucknow,2025-11-08
CUST_1037,Neha Deshmukh,neha.deshmukh1037@example.in,Bhopal,2026-07-29
CUST_1038,Karan Nair,karan.nair1038@example.in,Vadodara,2026-07-11
CUST_1039,Swati Reddy,swati.reddy1039@example.in,Surat,2026-08-06
CUST_1040,Amit Nair,amit.nair1040@example.in,Nagpur,2026-02-04
CUST_1041,Divya Kumar,divya.kumar1041@example.in,Ahmedabad,2025-11-29
CUST_1042,Divya Sharma,divya.sharma1042@example.in,Ghaziabad,2026-03-19
CUST_1043,Bhavna Agarwal,bhavna.agarwal1043@example.in,Delhi,2025-12-02
CUST_1044,Tanvi Shah,tanvi.shah1044@example.in,Ludhiana,2025-12-22
CUST_1045,Varun Agarwal,varun.agarwal1045@example.in,Hyderabad,2026-05-12
CUST_1046,Vikram Shah,vikram.shah1046@example.in,Bengaluru,2025-12-30
CUST_1047,Ishita Shah,ishita.shah1047@example.in,Chennai,2026-07-22
CUST_1048,Sanjay Patel,sanjay.patel1048@example.in,Lucknow,2026-04-16
CUST_1049,Aarav Singh,aarav.singh1049@example.in,Kolkata,2026-01-05
CUST_1050,Nikhil Patel,nikhil.patel1050@example.in,Kanpur,2026-01-09
CUST_1051,Swati Mehta,swati.mehta1051@example.in,Mumbai,2025-09-24
CUST_1052,Siddharth Bhat,siddharth.bhat1052@example.in,Indore,2025-11-24
CUST_1053,Sanjay Deshmukh,sanjay.deshmukh1053@example.in,Bhopal,2026-03-12
CUST_1054,Ishita Das,ishita.das1054@example.in,Nagpur,2025-10-21
CUST_1055,Manish Iyer,manish.iyer1055@example.in,Ghaziabad,2026-07-30
CUST_1056,Gaurav Gupta,gaurav.gupta1056@example.in,Chennai,2026-04-19
CUST_1057,Rohan Verma,rohan.verma1057@example.in,Jaipur,2025-09-10
CUST_1058,Karan Singh,karan.singh1058@example.in,Hyderabad,2025-10-07
CUST_1059,Karan Nair,karan.nair1059@example.in,Nagpur,2025-11-21
CUST_1060,Divya Patel,divya.patel1060@example.in,Vadodara,2025-10-17
CUST_1061,Karan Kapoor,karan.kapoor1061@example.in,Ludhiana,2026-05-05
CUST_1062,Nikhil Sharma,nikhil.sharma1062@example.in,Indore,2026-07-31
CUST_1063,Neha Kapoor,neha.kapoor1063@example.in,Indore,2025-11-19
CUST_1064,Ananya Mehta,ananya.mehta1064@example.in,Lucknow,2025-12-14
CUST_1065,Aditya Deshmukh,aditya.deshmukh1065@example.in,Vadodara,2026-06-03
CUST_1066,Rahul Kumar,rahul.kumar1066@example.in,Jaipur,2025-12-30
CUST_1067,Priya Verma,priya.verma1067@example.in,Nagpur,2026-06-19
CUST_1068,Meera Iyer,meera.iyer1068@example.in,Ahmedabad,2025-09-27
CUST_1069,Ishita Sharma,ishita.sharma1069@example.in,Indore,2025-10-14
CUST_1070,Sneha Kapoor,sneha.kapoor1070@example.in,Bhopal,2025-12-11
CUST_1071,Priya Sharma,priya.sharma1071@example.in,Kolkata,2025-11-26
CUST_1072,Varun Kumar,varun.kumar1072@example.in,Bengaluru,2026-04-30
CUST_1073,Bhavna Mehta,bhavna.mehta1073@example.in,Jaipur,2026-03-22
CUST_1074,Riya Iyer,riya.iyer1074@example.in,Pune,2025-10-16
CUST_1075,Varun Das,varun.das1075@example.in,Nagpur,2025-12-03
CUST_1076,Ishita Chopra,ishita.chopra1076@example.in,Kanpur,2025-12-04
CUST_1077,Arjun Verma,arjun.verma1077@example.in,Pune,2026-04-13
CUST_1078,Arjun Singh,arjun.singh1078@example.in,Surat,2026-01-15
CUST_1079,Amit Verma,amit.verma1079@example.in,Ahmedabad,2026-08-07
CUST_1080,Priya Patel,priya.patel1080@example.in,Kanpur,2026-06-04
CUST_1081,Kavya Agarwal,kavya.agarwal1081@example.in,Surat,2026-06-10
CUST_1082,Ananya Chopra,ananya.chopra1082@example.in,Visakhapatnam,2026-04-02
CUST_1083,Meera Iyer,meera.iyer1083@example.in,Ghaziabad,2025-12-29
CUST_1084,Riya Kumar,riya.kumar1084@example.in,Bengaluru,2026-03-21
CUST_1085,Sanjay Verma,sanjay.verma1085@example.in,Visakhapatnam,2026-06-19
CUST_1086,Sanjay Sen,sanjay.sen1086@example.in,Ghaziabad,2026-08-12
CUST_1087,Tanvi Joshi,tanvi.joshi1087@example.in,Hyderabad,2026-04-17
CUST_1088,Neha Nair,neha.nair1088@example.in,Kolkata,2025-12-07
CUST_1089,Vikram Verma,vikram.verma1089@example.in,Indore,2025-10-10
CUST_1090,Simran Deshmukh,simran.deshmukh1090@example.in,Kolkata,2026-07-18
CUST_1091,Vikram Kapoor,vikram.kapoor1091@example.in,Pune,2026-02-10
CUST_1092,Deepika Patel,deepika.patel1092@example.in,Bengaluru,2026-03-17
CUST_1093,Meera Chopra,meera.chopra1093@example.in,Vadodara,2026-02-13
CUST_1094,Bhavna Singh,bhavna.singh1094@example.in,Visakhapatnam,2026-04-22
CUST_1095,Deepika Sharma,deepika.sharma1095@example.in,Ludhiana,2026-06-27
CUST_1096,Dev Deshmukh,dev.deshmukh1096@example.in,Hyderabad,2026-03-31
CUST_1097,Vikram Joshi,vikram.joshi1097@example.in,Ghaziabad,2026-06-28
CUST_1098,Amit Mehta,amit.mehta1098@example.in,Hyderabad,2026-06-15
CUST_1099,Gaurav Mehta,gaurav.mehta1099@example.in,Jaipur,2026-06-01
CUST_1100,Sanjay Reddy,sanjay.reddy1100@example.in,Indore,2026-01-13
CUST_1101,Siddharth Iyer,siddharth.iyer1101@example.in,Ghaziabad,2026-07-08
CUST_1102,Riya Verma,riya.verma1102@example.in,Chennai,2026-01-19
CUST_1103,Siddharth Joshi,siddharth.joshi1103@example.in,Ludhiana,2026-07-08
CUST_1104,Simran Chopra,simran.chopra1104@example.in,Delhi,2026-03-21
CUST_1105,Sanjay Shah,sanjay.shah1105@example.in,Surat,2025-09-25
CUST_1106,Divya Iyer,divya.iyer1106@example.in,Pune,2026-03-09
CUST_1107,Aarav Shah,aarav.shah1107@example.in,Jaipur,2026-02-06
CUST_1108,Rahul Iyer,rahul.iyer1108@example.in,Hyderabad,2025-12-25
CUST_1109,Vikram Kumar,vikram.kumar1109@example.in,Thane,2026-02-11
CUST_1110,Rahul Deshmukh,rahul.deshmukh1110@example.in,Ludhiana,2026-07-27
CUST_1111,Rohan Rao,rohan.rao1111@example.in,Thane,2025-12-17
CUST_1112,Deepika Deshmukh,deepika.deshmukh1112@example.in,Bhopal,2026-05-22
CUST_1113,Bhavna Reddy,bhavna.reddy1113@example.in,Delhi,2026-05-21
CUST_1114,Swati Nair,swati.nair1114@example.in,Bengaluru,2026-02-06
CUST_1115,Nikhil Sen,nikhil.sen1115@example.in,Nagpur,2025-11-08
CUST_1116,Gaurav Sen,gaurav.sen1116@example.in,Ghaziabad,2025-09-14
CUST_1117,Neha Rao,neha.rao1117@example.in,Kolkata,2025-09-29
CUST_1118,Pooja Verma,pooja.verma1118@example.in,Thane,2025-09-25
CUST_1119,Deepika Reddy,deepika.reddy1119@example.in,Kolkata,2026-01-18
CUST_1120,Ishita Bhat,ishita.bhat1120@example.in,Visakhapatnam,2026-03-22
CUST_1121,Varun Mehta,varun.mehta1121@example.in,Mumbai,2026-01-01
CUST_1122,Ishita Iyer,ishita.iyer1122@example.in,Ludhiana,2026-04-16
CUST_1123,Neha Iyer,neha.iyer1123@example.in,Ghaziabad,2026-06-09
CUST_1124,Ishita Reddy,ishita.reddy1124@example.in,Chennai,2026-01-10
CUST_1125,Divya Patel,divya.patel1125@example.in,Jaipur,2025-09-14
CUST_1126,Siddharth Verma,siddharth.verma1126@example.in,Chennai,2026-06-19
CUST_1127,Gaurav Rao,gaurav.rao1127@example.in,Surat,2026-07-28
CUST_1128,Pooja Rao,pooja.rao1128@example.in,Pune,2026-07-30
CUST_1129,Kavya Sen,kavya.sen1129@example.in,Mumbai,2026-08-15
CUST_1130,Aarav Iyer,aarav.iyer1130@example.in,Ahmedabad,2026-07-28
CUST_1131,Neha Kapoor,neha.kapoor1131@example.in,Mumbai,2025-12-23
CUST_1132,Rahul Kapoor,rahul.kapoor1132@example.in,Jaipur,2026-07-26
CUST_1133,Rahul Deshmukh,rahul.deshmukh1133@example.in,Nagpur,2026-02-25
CUST_1134,Arjun Singh,arjun.singh1134@example.in,Kolkata,2026-04-26
CUST_1135,Sneha Sen,sneha.sen1135@example.in,Ludhiana,2026-03-22
CUST_1136,Amit Mehta,amit.mehta1136@example.in,Mumbai,2026-05-19
CUST_1137,Simran Reddy,simran.reddy1137@example.in,Vadodara,2026-07-28
CUST_1138,Tanvi Kapoor,tanvi.kapoor1138@example.in,Jaipur,2026-01-30
CUST_1139,Simran Mehta,simran.mehta1139@example.in,Bhopal,2025-10-02
CUST_1140,Karan Singh,karan.singh1140@example.in,Lucknow,2026-01-19
CUST_1141,Rahul Kumar,rahul.kumar1141@example.in,Kolkata,2025-11-15
CUST_1142,Dev Gupta,dev.gupta1142@example.in,Delhi,2026-07-04
CUST_1143,Siddharth Shah,siddharth.shah1143@example.in,Ahmedabad,2025-09-13
CUST_1144,Varun Iyer,varun.iyer1144@example.in,Jaipur,2026-01-10
CUST_1145,Deepika Deshmukh,deepika.deshmukh1145@example.in,Nagpur,2026-03-17
CUST_1146,Divya Verma,divya.verma1146@example.in,Ghaziabad,2026-06-19
CUST_1147,Manish Rao,manish.rao1147@example.in,Lucknow,2025-12-22
CUST_1148,Simran Das,simran.das1148@example.in,Bhopal,2026-08-09
CUST_1149,Ishita Sen,ishita.sen1149@example.in,Jaipur,2025-11-26
CUST_1150,Manish Das,manish.das1150@example.in,Chennai,2026-01-28
CUST_1151,Priya Iyer,priya.iyer1151@example.in,Ahmedabad,2026-01-10
CUST_1152,Divya Das,divya.das1152@example.in,Chennai,2026-08-14
CUST_1153,Sanjay Shah,sanjay.shah1153@example.in,Bengaluru,2025-12-22
CUST_1154,Ishita Gupta,ishita.gupta1154@example.in,Jaipur,2026-04-03
CUST_1155,Swati Shah,swati.shah1155@example.in,Kanpur,2026-01-11
CUST_1156,Amit Kumar,amit.kumar1156@example.in,Thane,2025-10-30
CUST_1157,Riya Verma,riya.verma1157@example.in,Ghaziabad,2026-06-24
CUST_1158,Tanvi Patel,tanvi.patel1158@example.in,Bhopal,2025-12-08
CUST_1159,Dev Mehta,dev.mehta1159@example.in,Nagpur,2026-05-29
CUST_1160,Sneha Deshmukh,sneha.deshmukh1160@example.in,Delhi,2025-11-16
CUST_1161,Vikram Rao,vikram.rao1161@example.in,Lucknow,2026-03-28
CUST_1162,Amit Bhat,amit.bhat1162@example.in,Ahmedabad,2026-02-08
CUST_1163,Bhavna Nair,bhavna.nair1163@example.in,Bengaluru,2026-05-07
CUST_1164,Karan Nair,karan.nair1164@example.in,Lucknow,2026-07-21
CUST_1165,Ananya Sharma,ananya.sharma1165@example.in,Thane,2026-01-18
CUST_1166,Aditya Nair,aditya.nair1166@example.in,Ghaziabad,2025-11-20
CUST_1167,Riya Patel,riya.patel1167@example.in,Ahmedabad,2026-07-11
CUST_1168,Kavya Deshmukh,kavya.deshmukh1168@example.in,Nagpur,2026-04-07
CUST_1169,Riya Chopra,riya.chopra1169@example.in,Mumbai,2025-09-19
CUST_1170,Meera Rao,meera.rao1170@example.in,Kanpur,2025-09-07
CUST_1171,Sanjay Shah,sanjay.shah1171@example.in,Visakhapatnam,2025-12-06
CUST_1172,Aarav Sharma,aarav.sharma1172@example.in,Surat,2025-12-24
CUST_1173,Nikhil Reddy,nikhil.reddy1173@example.in,Jaipur,2025-11-05
CUST_1174,Priya Chopra,priya.chopra1174@example.in,Visakhapatnam,2026-06-28
CUST_1175,Sneha Nair,sneha.nair1175@example.in,Bengaluru,2025-09-23
CUST_1176,Sneha Kumar,sneha.kumar1176@example.in,Thane,2026-05-24
CUST_1177,Tanvi Sen,tanvi.sen1177@example.in,Lucknow,2026-04-10
CUST_1178,Sanjay Joshi,sanjay.joshi1178@example.in,Lucknow,2026-05-08
CUST_1179,Ishita Rao,ishita.rao1179@example.in,Chennai,2026-03-25
CUST_1180,Aarav Gupta,aarav.gupta1180@example.in,Surat,2025-11-06
CUST_1181,Aditya Sharma,aditya.sharma1181@example.in,Ghaziabad,2026-05-16
CUST_1182,Neha Mehta,neha.mehta1182@example.in,Kanpur,2026-07-30
CUST_1183,Swati Verma,swati.verma1183@example.in,Nagpur,2026-07-24
CUST_1184,Rahul Das,rahul.das1184@example.in,Ludhiana,2025-09-24
CUST_1185,Tanvi Verma,tanvi.verma1185@example.in,Hyderabad,2026-07-31
CUST_1186,Manish Sharma,manish.sharma1186@example.in,Delhi,2025-10-29
CUST_1187,Kavya Bhat,kavya.bhat1187@example.in,Nagpur,2025-11-02
CUST_1188,Meera Singh,meera.singh1188@example.in,Bhopal,2025-11-17
CUST_1189,Aditya Sharma,aditya.sharma1189@example.in,Jaipur,2026-04-03
CUST_1190,Simran Mehta,simran.mehta1190@example.in,Visakhapatnam,2026-01-16
CUST_1191,Tanvi Kapoor,tanvi.kapoor1191@example.in,Ahmedabad,2026-04-02
CUST_1192,Manish Mehta,manish.mehta1192@example.in,Visakhapatnam,2026-07-13
CUST_1193,Priya Kumar,priya.kumar1193@example.in,Hyderabad,2025-10-24
CUST_1194,Riya Rao,riya.rao1194@example.in,Ludhiana,2025-12-11
CUST_1195,Gaurav Singh,gaurav.singh1195@example.in,Visakhapatnam,2025-12-12
CUST_1196,Ishita Deshmukh,ishita.deshmukh1196@example.in,Jaipur,2025-11-21
CUST_1197,Ananya Das,ananya.das1197@example.in,Bhopal,2025-12-15
CUST_1198,Nikhil Iyer,nikhil.iyer1198@example.in,Lucknow,2025-12-29
CUST_1199,Aarav Sharma,aarav.sharma1199@example.in,Bengaluru,2025-10-26
CUST_1200,Manish Agarwal,manish.agarwal1200@example.in,Bhopal,2025-11-15
CUST_1201,Rohan Sen,rohan.sen1201@example.in,Bengaluru,2025-10-21
CUST_1202,Sanjay Singh,sanjay.singh1202@example.in,Surat,2026-04-21
CUST_1203,Sneha Singh,sneha.singh1203@example.in,Thane,2025-09-25
CUST_1204,Priya Nair,priya.nair1204@example.in,Delhi,2026-01-26
CUST_1205,Ishita Shah,ishita.shah1205@example.in,Indore,2025-10-29
CUST_1206,Priya Verma,priya.verma1206@example.in,Mumbai,2025-11-09
CUST_1207,Simran Nair,simran.nair1207@example.in,Lucknow,2026-03-02
CUST_1208,Sanjay Bhat,sanjay.bhat1208@example.in,Ludhiana,2026-01-15
CUST_1209,Sanjay Patel,sanjay.patel1209@example.in,Kanpur,2026-02-22
CUST_1210,Neha Mehta,neha.mehta1210@example.in,Nagpur,2026-03-23
CUST_1211,Arjun Singh,arjun.singh1211@example.in,Nagpur,2026-05-02
CUST_1212,Swati Deshmukh,swati.deshmukh1212@example.in,Chennai,2025-10-27
CUST_1213,Vikram Verma,vikram.verma1213@example.in,Chennai,2025-10-23
CUST_1214,Kavya Agarwal,kavya.agarwal1214@example.in,Bhopal,2026-06-18
CUST_1215,Simran Bhat,simran.bhat1215@example.in,Chennai,2026-07-09
CUST_1216,Siddharth Reddy,siddharth.reddy1216@example.in,Ludhiana,2025-09-14
CUST_1217,Bhavna Joshi,bhavna.joshi1217@example.in,Bhopal,2026-05-07
CUST_1218,Priya Deshmukh,priya.deshmukh1218@example.in,Thane,2025-09-23
CUST_1219,Rohan Singh,rohan.singh1219@example.in,Lucknow,2025-09-06
CUST_1220,Nikhil Sen,nikhil.sen1220@example.in,Ghaziabad,2026-06-16
CUST_1221,Pooja Shah,pooja.shah1221@example.in,Visakhapatnam,2026-05-25
CUST_1222,Nikhil Kapoor,nikhil.kapoor1222@example.in,Hyderabad,2026-04-09
CUST_1223,Simran Gupta,simran.gupta1223@example.in,Bhopal,2026-02-24
CUST_1224,Simran Chopra,simran.chopra1224@example.in,Ahmedabad,2026-06-12
CUST_1225,Sanjay Kapoor,sanjay.kapoor1225@example.in,Delhi,2025-09-05
CUST_1226,Varun Nair,varun.nair1226@example.in,Visakhapatnam,2026-04-28
CUST_1227,Bhavna Iyer,bhavna.iyer1227@example.in,Chennai,2025-10-08
CUST_1228,Gaurav Iyer,gaurav.iyer1228@example.in,Lucknow,2026-01-01
CUST_1229,Karan Singh,karan.singh1229@example.in,Delhi,2026-05-17
CUST_1230,Pooja Das,pooja.das1230@example.in,Nagpur,2026-03-25
CUST_1231,Manish Gupta,manish.gupta1231@example.in,Bengaluru,2026-04-23
CUST_1232,Arjun Agarwal,arjun.agarwal1232@example.in,Thane,2025-10-15
CUST_1233,Bhavna Iyer,bhavna.iyer1233@example.in,Thane,2026-02-08
CUST_1234,Priya Iyer,priya.iyer1234@example.in,Mumbai,2025-10-22
CUST_1235,Siddharth Deshmukh,siddharth.deshmukh1235@example.in,Delhi,2026-06-12
CUST_1236,Meera Sharma,meera.sharma1236@example.in,Bengaluru,2026-07-06
CUST_1237,Tanvi Kumar,tanvi.kumar1237@example.in,Visakhapatnam,2026-06-14
CUST_1238,Aditya Bhat,aditya.bhat1238@example.in,Lucknow,2026-03-05
CUST_1239,Manish Verma,manish.verma1239@example.in,Surat,2026-04-20
CUST_1240,Karan Das,karan.das1240@example.in,Ludhiana,2026-07-04
CUST_1241,Riya Reddy,riya.reddy1241@example.in,Thane,2025-10-28
CUST_1242,Priya Gupta,priya.gupta1242@example.in,Mumbai,2026-02-21
CUST_1243,Ishita Kumar,ishita.kumar1243@example.in,Vadodara,2026-05-25
CUST_1244,Ishita Mehta,ishita.mehta1244@example.in,Delhi,2025-11-23
CUST_1245,Riya Joshi,riya.joshi1245@example.in,Indore,2025-10-24
CUST_1246,Rahul Kapoor,rahul.kapoor1246@example.in,Kolkata,2025-12-05
CUST_1247,Priya Chopra,priya.chopra1247@example.in,Kolkata,2026-04-22
CUST_1248,Manish Rao,manish.rao1248@example.in,Lucknow,2025-10-25
CUST_1249,Gaurav Deshmukh,gaurav.deshmukh1249@example.in,Delhi,2026-07-21
CUST_1250,Manish Agarwal,manish.agarwal1250@example.in,Hyderabad,2026-04-18
CUST_1251,Arjun Agarwal,arjun.agarwal1251@example.in,Visakhapatnam,2025-11-07
CUST_1252,Riya Sharma,riya.sharma1252@example.in,Visakhapatnam,2025-09-24
CUST_1253,Meera Deshmukh,meera.deshmukh1253@example.in,Ghaziabad,2026-05-05
CUST_1254,Deepika Sen,deepika.sen1254@example.in,Chennai,2026-06-23
CUST_1255,Neha Joshi,neha.joshi1255@example.in,Hyderabad,2026-03-17
CUST_1256,Simran Kapoor,simran.kapoor1256@example.in,Ludhiana,2026-02-11
CUST_1257,Dev Chopra,dev.chopra1257@example.in,Indore,2026-07-08
CUST_1258,Deepika Gupta,deepika.gupta1258@example.in,Pune,2026-03-22
CUST_1259,Karan Kumar,karan.kumar1259@example.in,Thane,2025-11-07
CUST_1260,Vikram Deshmukh,vikram.deshmukh1260@example.in,Ludhiana,2026-05-20
CUST_1261,Sneha Das,sneha.das1261@example.in,Lucknow,2026-06-10
CUST_1262,Varun Rao,varun.rao1262@example.in,Kolkata,2025-12-16
CUST_1263,Tanvi Kumar,tanvi.kumar1263@example.in,Kanpur,2026-08-10
CUST_1264,Vikram Nair,vikram.nair1264@example.in,Visakhapatnam,2026-06-04
CUST_1265,Nikhil Shah,nikhil.shah1265@example.in,Hyderabad,2026-02-27
CUST_1266,Meera Iyer,meera.iyer1266@example.in,Ghaziabad,2026-06-19
CUST_1267,Simran Deshmukh,simran.deshmukh1267@example.in,Vadodara,2026-01-24
CUST_1268,Sanjay Deshmukh,sanjay.deshmukh1268@example.in,Mumbai,2026-05-25
CUST_1269,Priya Sharma,priya.sharma1269@example.in,Nagpur,2025-11-13
CUST_1270,Ananya Verma,ananya.verma1270@example.in,Kolkata,2026-01-14
CUST_1271,Gaurav Nair,gaurav.nair1271@example.in,Jaipur,2026-08-15
CUST_1272,Rahul Joshi,rahul.joshi1272@example.in,Delhi,2026-01-29
CUST_1273,Aditya Das,aditya.das1273@example.in,Delhi,2026-03-02
CUST_1274,Manish Bhat,manish.bhat1274@example.in,Hyderabad,2026-07-12
CUST_1275,Bhavna Das,bhavna.das1275@example.in,Surat,2026-07-28
CUST_1276,Meera Chopra,meera.chopra1276@example.in,Surat,2026-05-19
CUST_1277,Swati Kumar,swati.kumar1277@example.in,Delhi,2026-03-14
CUST_1278,Siddharth Deshmukh,siddharth.deshmukh1278@example.in,Lucknow,2026-06-09
CUST_1279,Ananya Sharma,ananya.sharma1279@example.in,Pune,2025-12-12
CUST_1280,Tanvi Bhat,tanvi.bhat1280@example.in,Surat,2026-07-21
CUST_1281,Nikhil Reddy,nikhil.reddy1281@example.in,Ghaziabad,2026-06-06
CUST_1282,Divya Kapoor,divya.kapoor1282@example.in,Kolkata,2025-12-08
CUST_1283,Sneha Bhat,sneha.bhat1283@example.in,Chennai,2026-08-15
CUST_1284,Rohan Nair,rohan.nair1284@example.in,Chennai,2026-05-21
CUST_1285,Priya Chopra,priya.chopra1285@example.in,Delhi,2026-04-07
CUST_1286,Rahul Das,rahul.das1286@example.in,Pune,2025-11-05
CUST_1287,Neha Agarwal,neha.agarwal1287@example.in,Pune,2025-09-02
CUST_1288,Karan Bhat,karan.bhat1288@example.in,Ahmedabad,2025-09-20
CUST_1289,Vikram Shah,vikram.shah1289@example.in,Ludhiana,2025-09-26
CUST_1290,Gaurav Kapoor,gaurav.kapoor1290@example.in,Jaipur,2026-05-09
CUST_1291,Swati Agarwal,swati.agarwal1291@example.in,Vadodara,2026-03-02
CUST_1292,Rohan Shah,rohan.shah1292@example.in,Visakhapatnam,2025-12-21
CUST_1293,Neha Sen,neha.sen1293@example.in,Bengaluru,2026-05-16
CUST_1294,Neha Deshmukh,neha.deshmukh1294@example.in,Vadodara,2026-06-01
CUST_1295,Siddharth Patel,siddharth.patel1295@example.in,Kanpur,2025-12-22
CUST_1296,Sanjay Rao,sanjay.rao1296@example.in,Lucknow,2026-02-16
CUST_1297,Ishita Kumar,ishita.kumar1297@example.in,Kolkata,2026-07-13
CUST_1298,Dev Iyer,dev.iyer1298@example.in,Vadodara,2026-07-29
CUST_1299,Aarav Mehta,aarav.mehta1299@example.in,Kanpur,2026-04-16
CUST_1300,Pooja Kapoor,pooja.kapoor1300@example.in,Ludhiana,2026-01-02
CUST_1301,Ananya Shah,ananya.shah1301@example.in,Nagpur,2025-10-28
CUST_1302,Siddharth Singh,siddharth.singh1302@example.in,Vadodara,2026-01-22
CUST_1303,Aarav Sen,aarav.sen1303@example.in,Kanpur,2026-05-21
CUST_1304,Swati Sen,swati.sen1304@example.in,Thane,2026-05-07
CUST_1305,Ananya Kumar,ananya.kumar1305@example.in,Kolkata,2026-02-11
CUST_1306,Dev Patel,dev.patel1306@example.in,Hyderabad,2025-11-24
CUST_1307,Gaurav Das,gaurav.das1307@example.in,Vadodara,2025-09-03
CUST_1308,Varun Patel,varun.patel1308@example.in,Kolkata,2026-08-09
CUST_1309,Varun Rao,varun.rao1309@example.in,Indore,2025-10-23
CUST_1310,Aditya Das,aditya.das1310@example.in,Indore,2026-07-28
CUST_1311,Manish Patel,manish.patel1311@example.in,Ahmedabad,2025-09-12
CUST_1312,Arjun Shah,arjun.shah1312@example.in,Delhi,2025-10-14
CUST_1313,Rohan Verma,rohan.verma1313@example.in,Chennai,2026-01-06
CUST_1314,Meera Patel,meera.patel1314@example.in,Ghaziabad,2025-12-25
CUST_1315,Deepika Singh,deepika.singh1315@example.in,Indore,2026-03-17
CUST_1316,Arjun Chopra,arjun.chopra1316@example.in,Indore,2026-02-08
CUST_1317,Aarav Chopra,aarav.chopra1317@example.in,Hyderabad,2026-05-31
CUST_1318,Aarav Kapoor,aarav.kapoor1318@example.in,Bengaluru,2026-06-26
CUST_1319,Ananya Patel,ananya.patel1319@example.in,Kanpur,2026-05-15
CUST_1320,Priya Kumar,priya.kumar1320@example.in,Jaipur,2026-07-07
CUST_1321,Rohan Kumar,rohan.kumar1321@example.in,Thane,2026-03-14
CUST_1322,Siddharth Sharma,siddharth.sharma1322@example.in,Bhopal,2025-11-19
CUST_1323,Meera Gupta,meera.gupta1323@example.in,Ahmedabad,2026-03-19
CUST_1324,Swati Das,swati.das1324@example.in,Jaipur,2026-07-21
CUST_1325,Vikram Kumar,vikram.kumar1325@example.in,Kanpur,2025-09-05
CUST_1326,Meera Das,meera.das1326@example.in,Ahmedabad,2025-11-02
CUST_1327,Ananya Sharma,ananya.sharma1327@example.in,Ghaziabad,2026-07-02
CUST_1328,Siddharth Das,siddharth.das1328@example.in,Vadodara,2025-10-13
CUST_1329,Sneha Rao,sneha.rao1329@example.in,Kanpur,2025-12-17
CUST_1330,Kavya Sen,kavya.sen1330@example.in,Ahmedabad,2025-11-21
CUST_1331,Neha Gupta,neha.gupta1331@example.in,Ludhiana,2026-01-07
CUST_1332,Aditya Mehta,aditya.mehta1332@example.in,Chennai,2026-08-09
CUST_1333,Swati Agarwal,swati.agarwal1333@example.in,Delhi,2026-06-08
CUST_1334,Arjun Das,arjun.das1334@example.in,Bengaluru,2026-01-26
CUST_1335,Simran Patel,simran.patel1335@example.in,Pune,2025-10-20
CUST_1336,Aditya Agarwal,aditya.agarwal1336@example.in,Bhopal,2026-02-16
CUST_1337,Ishita Joshi,ishita.joshi1337@example.in,Surat,2025-10-21
CUST_1338,Sneha Kapoor,sneha.kapoor1338@example.in,Bengaluru,2025-12-08
CUST_1339,Karan Iyer,karan.iyer1339@example.in,Thane,2026-02-15
CUST_1340,Tanvi Kumar,tanvi.kumar1340@example.in,Ghaziabad,2025-11-17
CUST_1341,Amit Agarwal,amit.agarwal1341@example.in,Kanpur,2026-02-08
CUST_1342,Kavya Nair,kavya.nair1342@example.in,Mumbai,2026-02-07
CUST_1343,Pooja Gupta,pooja.gupta1343@example.in,Indore,2026-01-19
CUST_1344,Manish Reddy,manish.reddy1344@example.in,Ahmedabad,2026-08-13
CUST_1345,Divya Shah,divya.shah1345@example.in,Bhopal,2026-04-24
CUST_1346,Arjun Reddy,arjun.reddy1346@example.in,Jaipur,2026-05-07
CUST_1347,Meera Mehta,meera.mehta1347@example.in,Chennai,2026-07-27
CUST_1348,Tanvi Patel,tanvi.patel1348@example.in,Pune,2025-11-10
CUST_1349,Sanjay Das,sanjay.das1349@example.in,Kolkata,2026-01-12
CUST_1350,Divya Patel,divya.patel1350@example.in,Bengaluru,2025-09-09
CUST_1351,Bhavna Sen,bhavna.sen1351@example.in,Mumbai,2026-06-24
CUST_1352,Amit Chopra,amit.chopra1352@example.in,Ghaziabad,2025-12-17
CUST_1353,Deepika Verma,deepika.verma1353@example.in,Vadodara,2026-01-11
CUST_1354,Meera Das,meera.das1354@example.in,Bhopal,2026-07-31
CUST_1355,Gaurav Joshi,gaurav.joshi1355@example.in,Kanpur,2026-03-19
CUST_1356,Pooja Agarwal,pooja.agarwal1356@example.in,Jaipur,2025-11-07
CUST_1357,Arjun Sen,arjun.sen1357@example.in,Visakhapatnam,2025-10-16
CUST_1358,Siddharth Reddy,siddharth.reddy1358@example.in,Visakhapatnam,2025-09-05
CUST_1359,Simran Gupta,simran.gupta1359@example.in,Ludhiana,2026-08-16
CUST_1360,Neha Sen,neha.sen1360@example.in,Ahmedabad,2026-04-16
CUST_1361,Neha Nair,neha.nair1361@example.in,Ghaziabad,2026-06-16
CUST_1362,Simran Joshi,simran.joshi1362@example.in,Bhopal,2026-03-02
CUST_1363,Ananya Gupta,ananya.gupta1363@example.in,Bhopal,2025-12-27
CUST_1364,Rohan Singh,rohan.singh1364@example.in,Kanpur,2025-12-28
CUST_1365,Ananya Rao,ananya.rao1365@example.in,Visakhapatnam,2026-03-03
CUST_1366,Siddharth Iyer,siddharth.iyer1366@example.in,Thane,2025-09-23
CUST_1367,Ananya Shah,ananya.shah1367@example.in,Hyderabad,2026-05-24
CUST_1368,Varun Singh,varun.singh1368@example.in,Pune,2026-06-23
CUST_1369,Meera Agarwal,meera.agarwal1369@example.in,Chennai,2026-03-11
CUST_1370,Varun Chopra,varun.chopra1370@example.in,Kanpur,2026-06-27
CUST_1371,Varun Patel,varun.patel1371@example.in,Visakhapatnam,2026-01-06
CUST_1372,Siddharth Gupta,siddharth.gupta1372@example.in,Visakhapatnam,2026-03-26
CUST_1373,Ishita Reddy,ishita.reddy1373@example.in,Bhopal,2026-05-04
CUST_1374,Sanjay Kapoor,sanjay.kapoor1374@example.in,Mumbai,2026-05-14
CUST_1375,Sanjay Joshi,sanjay.joshi1375@example.in,Thane,2025-11-23
CUST_1376,Pooja Patel,pooja.patel1376@example.in,Visakhapatnam,2026-07-26
CUST_1377,Rahul Rao,rahul.rao1377@example.in,Ahmedabad,2025-12-04
CUST_1378,Neha Reddy,neha.reddy1378@example.in,Ludhiana,2025-10-30
CUST_1379,Simran Gupta,simran.gupta1379@example.in,Indore,2026-02-16
CUST_1380,Divya Mehta,divya.mehta1380@example.in,Bhopal,2026-08-11
CUST_1381,Riya Iyer,riya.iyer1381@example.in,Kolkata,2026-06-29
CUST_1382,Neha Deshmukh,neha.deshmukh1382@example.in,Mumbai,2026-01-02
CUST_1383,Ananya Joshi,ananya.joshi1383@example.in,Ghaziabad,2026-06-30
CUST_1384,Neha Joshi,neha.joshi1384@example.in,Visakhapatnam,2025-09-20
CUST_1385,Sanjay Agarwal,sanjay.agarwal1385@example.in,Ahmedabad,2025-09-28
CUST_1386,Neha Singh,neha.singh1386@example.in,Chennai,2026-05-22
CUST_1387,Siddharth Kapoor,siddharth.kapoor1387@example.in,Ghaziabad,2026-07-23
CUST_1388,Aarav Kumar,aarav.kumar1388@example.in,Bengaluru,2025-12-19
CUST_1389,Arjun Kapoor,arjun.kapoor1389@example.in,Bhopal,2026-05-04
CUST_1390,Neha Gupta,neha.gupta1390@example.in,Indore,2026-07-04
CUST_1391,Vikram Agarwal,vikram.agarwal1391@example.in,Chennai,2026-07-16
CUST_1392,Simran Sen,simran.sen1392@example.in,Pune,2025-11-24
CUST_1393,Divya Shah,divya.shah1393@example.in,Thane,2026-07-02
CUST_1394,Amit Patel,amit.patel1394@example.in,Surat,2026-03-12
CUST_1395,Siddharth Joshi,siddharth.joshi1395@example.in,Hyderabad,2025-09-08
CUST_1396,Aditya Sen,aditya.sen1396@example.in,Visakhapatnam,2026-08-16
CUST_1397,Kavya Joshi,kavya.joshi1397@example.in,Ludhiana,2025-10-19
CUST_1398,Neha Iyer,neha.iyer1398@example.in,Ludhiana,2026-07-04
CUST_1399,Ananya Das,ananya.das1399@example.in,Visakhapatnam,2025-10-30
CUST_1400,Rohan Iyer,rohan.iyer1400@example.in,Ahmedabad,2026-07-05
CUST_1401,Meera Sharma,meera.sharma1401@example.in,Indore,2026-05-25
CUST_1402,Kavya Reddy,kavya.reddy1402@example.in,Delhi,2026-05-29
CUST_1403,Kavya Gupta,kavya.gupta1403@example.in,Bhopal,2026-03-14
CUST_1404,Ishita Agarwal,ishita.agarwal1404@example.in,Ghaziabad,2025-10-20
CUST_1405,Kavya Joshi,kavya.joshi1405@example.in,Pune,2026-05-02
CUST_1406,Gaurav Gupta,gaurav.gupta1406@example.in,Bengaluru,2026-01-23
CUST_1407,Tanvi Das,tanvi.das1407@example.in,Indore,2026-01-09
CUST_1408,Aditya Sharma,aditya.sharma1408@example.in,Mumbai,2026-06-22
CUST_1409,Dev Mehta,dev.mehta1409@example.in,Visakhapatnam,2025-09-03
CUST_1410,Siddharth Rao,siddharth.rao1410@example.in,Lucknow,2026-03-28
CUST_1411,Ishita Mehta,ishita.mehta1411@example.in,Ahmedabad,2026-04-06
CUST_1412,Varun Agarwal,varun.agarwal1412@example.in,Pune,2026-01-11
CUST_1413,Bhavna Das,bhavna.das1413@example.in,Indore,2026-06-16
CUST_1414,Ishita Kapoor,ishita.kapoor1414@example.in,Pune,2026-08-14
CUST_1415,Siddharth Rao,siddharth.rao1415@example.in,Indore,2026-06-09
CUST_1416,Swati Das,swati.das1416@example.in,Bhopal,2025-11-30
CUST_1417,Ishita Das,ishita.das1417@example.in,Vadodara,2026-05-05
CUST_1418,Rahul Kumar,rahul.kumar1418@example.in,Ghaziabad,2026-02-23
CUST_1419,Gaurav Chopra,gaurav.chopra1419@example.in,Ahmedabad,2026-08-03
CUST_1420,Priya Gupta,priya.gupta1420@example.in,Thane,2025-11-21
CUST_1421,Priya Rao,priya.rao1421@example.in,Visakhapatnam,2026-03-24
CUST_1422,Swati Shah,swati.shah1422@example.in,Vadodara,2026-07-11
CUST_1423,Nikhil Verma,nikhil.verma1423@example.in,Chennai,2026-03-18
CUST_1424,Varun Sharma,varun.sharma1424@example.in,Bengaluru,2025-11-13
CUST_1425,Riya Kapoor,riya.kapoor1425@example.in,Indore,2025-10-15
CUST_1426,Rohan Singh,rohan.singh1426@example.in,Surat,2026-03-08
CUST_1427,Rohan Kapoor,rohan.kapoor1427@example.in,Delhi,2026-03-15
CUST_1428,Deepika Chopra,deepika.chopra1428@example.in,Ludhiana,2026-08-01
CUST_1429,Dev Kumar,dev.kumar1429@example.in,Ludhiana,2025-09-29
CUST_1430,Gaurav Nair,gaurav.nair1430@example.in,Bhopal,2026-04-12
CUST_1431,Aarav Rao,aarav.rao1431@example.in,Visakhapatnam,2026-01-24
CUST_1432,Aditya Verma,aditya.verma1432@example.in,Ludhiana,2026-05-19
CUST_1433,Dev Gupta,dev.gupta1433@example.in,Ludhiana,2025-11-25
CUST_1434,Simran Verma,simran.verma1434@example.in,Kanpur,2025-12-31
CUST_1435,Varun Sharma,varun.sharma1435@example.in,Chennai,2025-10-14
CUST_1436,Rahul Chopra,rahul.chopra1436@example.in,Kanpur,2026-08-08
CUST_1437,Siddharth Chopra,siddharth.chopra1437@example.in,Ghaziabad,2025-12-11
CUST_1438,Dev Sharma,dev.sharma1438@example.in,Bengaluru,2025-10-16
CUST_1439,Meera Kumar,meera.kumar1439@example.in,Vadodara,2026-06-25
CUST_1440,Ishita Reddy,ishita.reddy1440@example.in,Pune,2025-12-24
CUST_1441,Tanvi Rao,tanvi.rao1441@example.in,Thane,2026-03-25
CUST_1442,Amit Sharma,amit.sharma1442@example.in,Pune,2025-11-28
CUST_1443,Kavya Sen,kavya.sen1443@example.in,Hyderabad,2026-06-13
CUST_1444,Rohan Sen,rohan.sen1444@example.in,Jaipur,2026-02-21
CUST_1445,Priya Sen,priya.sen1445@example.in,Pune,2026-06-02
CUST_1446,Manish Agarwal,manish.agarwal1446@example.in,Pune,2026-04-14
CUST_1447,Siddharth Agarwal,siddharth.agarwal1447@example.in,Bhopal,2026-01-02
CUST_1448,Gaurav Shah,gaurav.shah1448@example.in,Thane,2026-08-14
CUST_1449,Arjun Agarwal,arjun.agarwal1449@example.in,Mumbai,2026-05-04
CUST_1450,Priya Singh,priya.singh1450@example.in,Bengaluru,2026-03-14
CUST_1451,Varun Gupta,varun.gupta1451@example.in,Surat,2026-02-08
CUST_1452,Kavya Reddy,kavya.reddy1452@example.in,Visakhapatnam,2026-06-01
CUST_1453,Aarav Singh,aarav.singh1453@example.in,Surat,2026-01-25
CUST_1454,Rohan Chopra,rohan.chopra1454@example.in,Lucknow,2025-10-08
CUST_1455,Meera Nair,meera.nair1455@example.in,Bhopal,2026-02-07
CUST_1456,Ishita Rao,ishita.rao1456@example.in,Ghaziabad,2026-01-15
CUST_1457,Neha Rao,neha.rao1457@example.in,Bhopal,2025-12-11
CUST_1458,Pooja Gupta,pooja.gupta1458@example.in,Pune,2025-12-14
CUST_1459,Pooja Rao,pooja.rao1459@example.in,Surat,2026-07-13
CUST_1460,Ishita Joshi,ishita.joshi1460@example.in,Hyderabad,2025-10-31
CUST_1461,Deepika Patel,deepika.patel1461@example.in,Bhopal,2026-07-11
CUST_1462,Aarav Das,aarav.das1462@example.in,Delhi,2026-05-04
CUST_1463,Ishita Kapoor,ishita.kapoor1463@example.in,Lucknow,2026-05-10
CUST_1464,Sanjay Agarwal,sanjay.agarwal1464@example.in,Pune,2026-05-09
CUST_1465,Neha Sen,neha.sen1465@example.in,Pune,2026-03-22
CUST_1466,Pooja Agarwal,pooja.agarwal1466@example.in,Ahmedabad,2025-09-27
CUST_1467,Dev Deshmukh,dev.deshmukh1467@example.in,Bhopal,2026-06-03
CUST_1468,Ananya Sen,ananya.sen1468@example.in,Kanpur,2026-03-20
CUST_1469,Bhavna Nair,bhavna.nair1469@example.in,Thane,2025-10-31
CUST_1470,Nikhil Sen,nikhil.sen1470@example.in,Thane,2026-02-08
CUST_1471,Nikhil Sharma,nikhil.sharma1471@example.in,Mumbai,2026-08-11
CUST_1472,Aditya Chopra,aditya.chopra1472@example.in,Ghaziabad,2025-10-21
CUST_1473,Karan Reddy,karan.reddy1473@example.in,Ludhiana,2026-01-10
CUST_1474,Neha Das,neha.das1474@example.in,Pune,2025-12-30
CUST_1475,Rahul Iyer,rahul.iyer1475@example.in,Ludhiana,2026-02-22
CUST_1476,Ishita Nair,ishita.nair1476@example.in,Bhopal,2026-04-05
CUST_1477,Aditya Deshmukh,aditya.deshmukh1477@example.in,Kanpur,2026-03-05
CUST_1478,Bhavna Chopra,bhavna.chopra1478@example.in,Pune,2026-04-18
CUST_1479,Neha Agarwal,neha.agarwal1479@example.in,Ahmedabad,2026-06-21
CUST_1480,Simran Gupta,simran.gupta1480@example.in,Hyderabad,2026-01-16
CUST_1481,Swati Gupta,swati.gupta1481@example.in,Vadodara,2026-04-09
CUST_1482,Bhavna Chopra,bhavna.chopra1482@example.in,Kolkata,2025-11-13
CUST_1483,Swati Joshi,swati.joshi1483@example.in,Bhopal,2025-09-04
CUST_1484,Neha Deshmukh,neha.deshmukh1484@example.in,Bhopal,2025-11-07
CUST_1485,Sanjay Sen,sanjay.sen1485@example.in,Vadodara,2026-02-08
CUST_1486,Swati Iyer,swati.iyer1486@example.in,Jaipur,2026-01-06
CUST_1487,Meera Agarwal,meera.agarwal1487@example.in,Delhi,2026-03-22
CUST_1488,Priya Nair,priya.nair1488@example.in,Delhi,2025-12-19
CUST_1489,Manish Singh,manish.singh1489@example.in,Bhopal,2026-07-19
CUST_1490,Priya Bhat,priya.bhat1490@example.in,Lucknow,2026-01-11
CUST_1491,Ishita Reddy,ishita.reddy1491@example.in,Vadodara,2026-06-12
CUST_1492,Deepika Singh,deepika.singh1492@example.in,Kanpur,2025-09-10
CUST_1493,Kavya Mehta,kavya.mehta1493@example.in,Kanpur,2026-08-13
CUST_1494,Tanvi Rao,tanvi.rao1494@example.in,Ghaziabad,2026-06-21
CUST_1495,Varun Das,varun.das1495@example.in,Chennai,2026-01-23
CUST_1496,Ishita Shah,ishita.shah1496@example.in,Visakhapatnam,2026-05-07
CUST_1497,Gaurav Bhat,gaurav.bhat1497@example.in,Bengaluru,2026-03-14
CUST_1498,Tanvi Kumar,tanvi.kumar1498@example.in,Thane,2026-07-20
CUST_1499,Vikram Nair,vikram.nair1499@example.in,Lucknow,2026-04-03
CUST_1500,Varun Kapoor,varun.kapoor1500@example.in,Ghaziabad,2026-03-26
CUST_1501,Bhavna Patel,bhavna.patel1501@example.in,Bengaluru,2025-11-21
CUST_1502,Karan Gupta,karan.gupta1502@example.in,Lucknow,2026-02-09
CUST_1503,Varun Kumar,varun.kumar1503@example.in,Pune,2026-07-06
CUST_1504,Varun Chopra,varun.chopra1504@example.in,Pune,2026-04-15
CUST_1505,Gaurav Reddy,gaurav.reddy1505@example.in,Ghaziabad,2026-05-24
CUST_1506,Arjun Deshmukh,arjun.deshmukh1506@example.in,Chennai,2025-12-03
CUST_1507,Bhavna Sharma,bhavna.sharma1507@example.in,Ahmedabad,2025-12-29
CUST_1508,Simran Singh,simran.singh1508@example.in,Bengaluru,2025-12-16
CUST_1509,Neha Chopra,neha.chopra1509@example.in,Hyderabad,2025-10-18
CUST_1510,Rohan Iyer,rohan.iyer1510@example.in,Vadodara,2025-09-27
CUST_1511,Aarav Chopra,aarav.chopra1511@example.in,Visakhapatnam,2025-10-12
CUST_1512,Priya Singh,priya.singh1512@example.in,Ludhiana,2025-11-18
CUST_1513,Rohan Chopra,rohan.chopra1513@example.in,Jaipur,2025-12-26
CUST_1514,Pooja Kumar,pooja.kumar1514@example.in,Thane,2026-07-17
CUST_1515,Vikram Joshi,vikram.joshi1515@example.in,Visakhapatnam,2025-11-26
CUST_1516,Aarav Verma,aarav.verma1516@example.in,Kanpur,2026-02-13
CUST_1517,Bhavna Iyer,bhavna.iyer1517@example.in,Thane,2026-06-03
CUST_1518,Deepika Singh,deepika.singh1518@example.in,Vadodara,2026-04-15
CUST_1519,Vikram Das,vikram.das1519@example.in,Chennai,2026-06-29
CUST_1520,Tanvi Bhat,tanvi.bhat1520@example.in,Ghaziabad,2026-04-10
CUST_1521,Dev Das,dev.das1521@example.in,Jaipur,2026-02-24
CUST_1522,Riya Das,riya.das1522@example.in,Surat,2025-10-15
CUST_1523,Arjun Kumar,arjun.kumar1523@example.in,Kanpur,2026-03-30
CUST_1524,Rahul Joshi,rahul.joshi1524@example.in,Jaipur,2025-09-05
CUST_1525,Aarav Sen,aarav.sen1525@example.in,Ahmedabad,2026-02-23
CUST_1526,Sneha Iyer,sneha.iyer1526@example.in,Vadodara,2025-09-04
CUST_1527,Nikhil Iyer,nikhil.iyer1527@example.in,Bhopal,2026-01-31
CUST_1528,Aarav Deshmukh,aarav.deshmukh1528@example.in,Jaipur,2026-07-02
CUST_1529,Pooja Sharma,pooja.sharma1529@example.in,Vadodara,2026-03-10
CUST_1530,Aditya Deshmukh,aditya.deshmukh1530@example.in,Vadodara,2026-04-11
CUST_1531,Siddharth Gupta,siddharth.gupta1531@example.in,Chennai,2026-07-27
CUST_1532,Siddharth Chopra,siddharth.chopra1532@example.in,Surat,2026-01-12
CUST_1533,Rohan Deshmukh,rohan.deshmukh1533@example.in,Surat,2026-05-22
CUST_1534,Gaurav Kapoor,gaurav.kapoor1534@example.in,Pune,2026-01-23
CUST_1535,Varun Das,varun.das1535@example.in,Pune,2026-03-30
CUST_1536,Aditya Patel,aditya.patel1536@example.in,Chennai,2025-11-08
CUST_1537,Sneha Mehta,sneha.mehta1537@example.in,Thane,2026-07-13
CUST_1538,Arjun Singh,arjun.singh1538@example.in,Ludhiana,2026-05-09
CUST_1539,Aditya Shah,aditya.shah1539@example.in,Mumbai,2025-11-16
CUST_1540,Ananya Das,ananya.das1540@example.in,Mumbai,2025-12-04
CUST_1541,Priya Kumar,priya.kumar1541@example.in,Pune,2025-11-03
CUST_1542,Nikhil Bhat,nikhil.bhat1542@example.in,Mumbai,2025-12-28
CUST_1543,Rohan Joshi,rohan.joshi1543@example.in,Mumbai,2026-05-10
CUST_1544,Aditya Shah,aditya.shah1544@example.in,Indore,2026-02-06
CUST_1545,Swati Iyer,swati.iyer1545@example.in,Kanpur,2026-04-25
CUST_1546,Nikhil Verma,nikhil.verma1546@example.in,Lucknow,2025-10-11
CUST_1547,Manish Joshi,manish.joshi1547@example.in,Delhi,2026-01-14
CUST_1548,Gaurav Chopra,gaurav.chopra1548@example.in,Bengaluru,2026-06-05
CUST_1549,Riya Nair,riya.nair1549@example.in,Kolkata,2026-01-06
CUST_1550,Manish Chopra,manish.chopra1550@example.in,Mumbai,2025-11-01
CUST_1551,Gaurav Gupta,gaurav.gupta1551@example.in,Nagpur,2026-04-14
CUST_1552,Pooja Verma,pooja.verma1552@example.in,Kolkata,2026-04-23
CUST_1553,Divya Mehta,divya.mehta1553@example.in,Visakhapatnam,2026-08-06
CUST_1554,Aditya Iyer,aditya.iyer1554@example.in,Nagpur,2026-08-14
CUST_1555,Sneha Shah,sneha.shah1555@example.in,Chennai,2026-07-19
CUST_1556,Divya Verma,divya.verma1556@example.in,Vadodara,2026-05-24
CUST_1557,Priya Singh,priya.singh1557@example.in,Bhopal,2026-07-23
CUST_1558,Sneha Rao,sneha.rao1558@example.in,Kanpur,2025-09-26
CUST_1559,Bhavna Rao,bhavna.rao1559@example.in,Hyderabad,2025-12-29
CUST_1560,Varun Deshmukh,varun.deshmukh1560@example.in,Lucknow,2025-09-07
CUST_1561,Neha Singh,neha.singh1561@example.in,Ghaziabad,2025-10-31
CUST_1562,Siddharth Gupta,siddharth.gupta1562@example.in,Mumbai,2025-09-21
CUST_1563,Amit Iyer,amit.iyer1563@example.in,Ludhiana,2025-11-18
CUST_1564,Ishita Patel,ishita.patel1564@example.in,Surat,2025-11-19
CUST_1565,Riya Patel,riya.patel1565@example.in,Ludhiana,2026-02-20
CUST_1566,Deepika Verma,deepika.verma1566@example.in,Delhi,2026-03-01
CUST_1567,Varun Joshi,varun.joshi1567@example.in,Vadodara,2025-10-24
CUST_1568,Vikram Iyer,vikram.iyer1568@example.in,Surat,2026-02-09
CUST_1569,Meera Reddy,meera.reddy1569@example.in,Thane,2025-12-07
CUST_1570,Aarav Chopra,aarav.chopra1570@example.in,Kanpur,2025-11-07
CUST_1571,Rahul Verma,rahul.verma1571@example.in,Bhopal,2026-04-12
CUST_1572,Meera Kumar,meera.kumar1572@example.in,Vadodara,2026-05-08
CUST_1573,Aditya Agarwal,aditya.agarwal1573@example.in,Chennai,2026-06-05
CUST_1574,Ishita Shah,ishita.shah1574@example.in,Thane,2026-01-18
CUST_1575,Bhavna Kapoor,bhavna.kapoor1575@example.in,Vadodara,2025-11-21
CUST_1576,Rohan Sen,rohan.sen1576@example.in,Ahmedabad,2026-04-18
CUST_1577,Sneha Singh,sneha.singh1577@example.in,Vadodara,2026-03-06
CUST_1578,Arjun Sharma,arjun.sharma1578@example.in,Visakhapatnam,2026-03-13
CUST_1579,Divya Nair,divya.nair1579@example.in,Mumbai,2026-07-14
CUST_1580,Bhavna Reddy,bhavna.reddy1580@example.in,Ludhiana,2025-12-31
CUST_1581,Karan Patel,karan.patel1581@example.in,Vadodara,2026-03-17
CUST_1582,Aditya Sen,aditya.sen1582@example.in,Bhopal,2026-06-09
CUST_1583,Vikram Kapoor,vikram.kapoor1583@example.in,Jaipur,2026-02-12
CUST_1584,Kavya Shah,kavya.shah1584@example.in,Hyderabad,2025-10-19
CUST_1585,Dev Patel,dev.patel1585@example.in,Delhi,2025-11-05
CUST_1586,Neha Verma,neha.verma1586@example.in,Kolkata,2025-10-24
CUST_1587,Riya Rao,riya.rao1587@example.in,Hyderabad,2025-09-16
CUST_1588,Amit Chopra,amit.chopra1588@example.in,Bhopal,2026-05-27
CUST_1589,Tanvi Agarwal,tanvi.agarwal1589@example.in,Pune,2025-09-25
CUST_1590,Ishita Gupta,ishita.gupta1590@example.in,Ludhiana,2025-10-06
CUST_1591,Aarav Rao,aarav.rao1591@example.in,Bhopal,2025-10-10
CUST_1592,Arjun Verma,arjun.verma1592@example.in,Kanpur,2026-06-12
CUST_1593,Divya Deshmukh,divya.deshmukh1593@example.in,Kanpur,2025-09-29
CUST_1594,Manish Kapoor,manish.kapoor1594@example.in,Pune,2026-05-28
CUST_1595,Ananya Patel,ananya.patel1595@example.in,Jaipur,2025-10-09
CUST_1596,Aditya Sen,aditya.sen1596@example.in,Hyderabad,2025-10-21
CUST_1597,Divya Gupta,divya.gupta1597@example.in,Vadodara,2026-03-16
CUST_1598,Aditya Rao,aditya.rao1598@example.in,Visakhapatnam,2026-08-02
CUST_1599,Pooja Agarwal,pooja.agarwal1599@example.in,Chennai,2026-06-12
CUST_1600,Divya Das,divya.das1600@example.in,Indore,2025-10-24
CUST_1601,Gaurav Agarwal,gaurav.agarwal1601@example.in,Kanpur,2026-08-11
CUST_1602,Arjun Deshmukh,arjun.deshmukh1602@example.in,Hyderabad,2025-11-24
CUST_1603,Swati Nair,swati.nair1603@example.in,Vadodara,2026-03-24
CUST_1604,Dev Shah,dev.shah1604@example.in,Chennai,2026-05-31
CUST_1605,Tanvi Bhat,tanvi.bhat1605@example.in,Kanpur,2026-02-08
CUST_1606,Meera Shah,meera.shah1606@example.in,Kanpur,2026-03-30
CUST_1607,Gaurav Deshmukh,gaurav.deshmukh1607@example.in,Lucknow,2026-07-08
CUST_1608,Pooja Agarwal,pooja.agarwal1608@example.in,Vadodara,2025-12-18
CUST_1609,Siddharth Das,siddharth.das1609@example.in,Pune,2026-03-03
CUST_1610,Arjun Bhat,arjun.bhat1610@example.in,Nagpur,2025-08-31
CUST_1611,Divya Verma,divya.verma1611@example.in,Jaipur,2026-07-02
CUST_1612,Aarav Sen,aarav.sen1612@example.in,Ahmedabad,2026-02-01
CUST_1613,Aarav Kumar,aarav.kumar1613@example.in,Surat,2025-12-18
CUST_1614,Bhavna Shah,bhavna.shah1614@example.in,Mumbai,2026-01-19
CUST_1615,Deepika Das,deepika.das1615@example.in,Visakhapatnam,2026-06-11
CUST_1616,Amit Agarwal,amit.agarwal1616@example.in,Ahmedabad,2025-10-18
CUST_1617,Ananya Bhat,ananya.bhat1617@example.in,Kanpur,2025-11-18
CUST_1618,Vikram Singh,vikram.singh1618@example.in,Kanpur,2026-06-25
CUST_1619,Pooja Gupta,pooja.gupta1619@example.in,Pune,2026-01-31
CUST_1620,Rohan Agarwal,rohan.agarwal1620@example.in,Nagpur,2026-06-18
CUST_1621,Deepika Rao,deepika.rao1621@example.in,Bengaluru,2026-02-13
CUST_1622,Swati Iyer,swati.iyer1622@example.in,Chennai,2026-05-07
CUST_1623,Manish Agarwal,manish.agarwal1623@example.in,Hyderabad,2026-07-01
CUST_1624,Varun Kumar,varun.kumar1624@example.in,Delhi,2026-06-22
CUST_1625,Siddharth Patel,siddharth.patel1625@example.in,Delhi,2026-02-18
CUST_1626,Ishita Deshmukh,ishita.deshmukh1626@example.in,Indore,2025-10-31
CUST_1627,Bhavna Gupta,bhavna.gupta1627@example.in,Ludhiana,2025-09-05
CUST_1628,Varun Chopra,varun.chopra1628@example.in,Delhi,2026-02-03
CUST_1629,Dev Verma,dev.verma1629@example.in,Lucknow,2026-06-03
CUST_1630,Amit Joshi,amit.joshi1630@example.in,Lucknow,2026-05-15
CUST_1631,Nikhil Gupta,nikhil.gupta1631@example.in,Ahmedabad,2025-09-25
CUST_1632,Simran Chopra,simran.chopra1632@example.in,Thane,2026-07-01
CUST_1633,Amit Sen,amit.sen1633@example.in,Bengaluru,2025-12-22
CUST_1634,Kavya Kumar,kavya.kumar1634@example.in,Nagpur,2025-11-14
CUST_1635,Vikram Shah,vikram.shah1635@example.in,Bengaluru,2026-05-01
CUST_1636,Amit Verma,amit.verma1636@example.in,Vadodara,2026-03-23
CUST_1637,Rahul Patel,rahul.patel1637@example.in,Nagpur,2026-05-14
CUST_1638,Kavya Joshi,kavya.joshi1638@example.in,Ahmedabad,2026-05-04
CUST_1639,Meera Rao,meera.rao1639@example.in,Bhopal,2026-03-21
CUST_1640,Varun Agarwal,varun.agarwal1640@example.in,Kolkata,2026-06-14
CUST_1641,Tanvi Sen,tanvi.sen1641@example.in,Surat,2026-01-02
CUST_1642,Rohan Singh,rohan.singh1642@example.in,Indore,2026-02-12
CUST_1643,Simran Agarwal,simran.agarwal1643@example.in,Bengaluru,2025-10-27
CUST_1644,Simran Deshmukh,simran.deshmukh1644@example.in,Indore,2026-03-06
CUST_1645,Ishita Rao,ishita.rao1645@example.in,Lucknow,2026-02-23
CUST_1646,Tanvi Sharma,tanvi.sharma1646@example.in,Jaipur,2025-11-25
CUST_1647,Ishita Kapoor,ishita.kapoor1647@example.in,Thane,2026-07-16
CUST_1648,Vikram Bhat,vikram.bhat1648@example.in,Delhi,2025-12-28
CUST_1649,Aditya Reddy,aditya.reddy1649@example.in,Ahmedabad,2025-10-13
CUST_1650,Priya Verma,priya.verma1650@example.in,Surat,2026-07-14
CUST_1651,Deepika Joshi,deepika.joshi1651@example.in,Jaipur,2025-09-07
CUST_1652,Karan Mehta,karan.mehta1652@example.in,Jaipur,2026-04-18
CUST_1653,Riya Sharma,riya.sharma1653@example.in,Lucknow,2025-12-16
CUST_1654,Divya Das,divya.das1654@example.in,Kolkata,2025-12-13
CUST_1655,Meera Sen,meera.sen1655@example.in,Pune,2026-06-07
CUST_1656,Riya Kapoor,riya.kapoor1656@example.in,Ahmedabad,2026-08-08
CUST_1657,Aarav Chopra,aarav.chopra1657@example.in,Ghaziabad,2026-08-05
CUST_1658,Dev Verma,dev.verma1658@example.in,Pune,2025-11-26
CUST_1659,Ananya Kumar,ananya.kumar1659@example.in,Kolkata,2026-07-13
CUST_1660,Rahul Verma,rahul.verma1660@example.in,Thane,2026-08-01
CUST_1661,Aarav Patel,aarav.patel1661@example.in,Nagpur,2026-08-04
CUST_1662,Rahul Reddy,rahul.reddy1662@example.in,Hyderabad,2025-09-09
CUST_1663,Sneha Chopra,sneha.chopra1663@example.in,Surat,2026-03-13
CUST_1664,Dev Mehta,dev.mehta1664@example.in,Lucknow,2026-05-06
CUST_1665,Bhavna Kapoor,bhavna.kapoor1665@example.in,Vadodara,2025-10-15
CUST_1666,Neha Rao,neha.rao1666@example.in,Visakhapatnam,2026-04-22
CUST_1667,Meera Sharma,meera.sharma1667@example.in,Delhi,2026-01-04
CUST_1668,Deepika Sen,deepika.sen1668@example.in,Jaipur,2026-02-17
CUST_1669,Riya Chopra,riya.chopra1669@example.in,Chennai,2025-09-09
CUST_1670,Ishita Reddy,ishita.reddy1670@example.in,Kanpur,2026-07-17
CUST_1671,Sneha Gupta,sneha.gupta1671@example.in,Visakhapatnam,2026-01-19
CUST_1672,Swati Verma,swati.verma1672@example.in,Pune,2026-03-17
CUST_1673,Sanjay Sharma,sanjay.sharma1673@example.in,Vadodara,2026-01-21
CUST_1674,Pooja Joshi,pooja.joshi1674@example.in,Lucknow,2026-03-20
CUST_1675,Simran Joshi,simran.joshi1675@example.in,Bengaluru,2026-03-14
CUST_1676,Dev Kapoor,dev.kapoor1676@example.in,Surat,2026-04-01
CUST_1677,Pooja Agarwal,pooja.agarwal1677@example.in,Ahmedabad,2026-04-06
CUST_1678,Sneha Kapoor,sneha.kapoor1678@example.in,Lucknow,2026-04-17
CUST_1679,Meera Joshi,meera.joshi1679@example.in,Kolkata,2026-07-31
CUST_1680,Vikram Agarwal,vikram.agarwal1680@example.in,Vadodara,2026-08-16
CUST_1681,Swati Rao,swati.rao1681@example.in,Ahmedabad,2026-02-05
CUST_1682,Nikhil Sen,nikhil.sen1682@example.in,Ahmedabad,2026-04-08
CUST_1683,Deepika Joshi,deepika.joshi1683@example.in,Ghaziabad,2025-11-19
CUST_1684,Karan Patel,karan.patel1684@example.in,Vadodara,2026-05-30
CUST_1685,Divya Mehta,divya.mehta1685@example.in,Chennai,2026-02-09
CUST_1686,Manish Joshi,manish.joshi1686@example.in,Mumbai,2026-02-10
CUST_1687,Sanjay Deshmukh,sanjay.deshmukh1687@example.in,Indore,2026-02-02
CUST_1688,Arjun Singh,arjun.singh1688@example.in,Ahmedabad,2025-12-05
CUST_1689,Priya Joshi,priya.joshi1689@example.in,Chennai,2025-09-13
CUST_1690,Gaurav Kapoor,gaurav.kapoor1690@example.in,Ludhiana,2026-01-14
CUST_1691,Tanvi Agarwal,tanvi.agarwal1691@example.in,Ludhiana,2025-12-27
CUST_1692,Tanvi Gupta,tanvi.gupta1692@example.in,Surat,2025-09-13
CUST_1693,Ishita Patel,ishita.patel1693@example.in,Bhopal,2025-11-07
CUST_1694,Dev Kapoor,dev.kapoor1694@example.in,Bhopal,2026-07-29
CUST_1695,Ishita Nair,ishita.nair1695@example.in,Nagpur,2026-05-09
CUST_1696,Riya Joshi,riya.joshi1696@example.in,Chennai,2025-12-07
CUST_1697,Pooja Verma,pooja.verma1697@example.in,Indore,2025-09-07
CUST_1698,Deepika Singh,deepika.singh1698@example.in,Indore,2025-12-22
CUST_1699,Divya Rao,divya.rao1699@example.in,Kolkata,2025-10-03
CUST_1700,Neha Bhat,neha.bhat1700@example.in,Ludhiana,2026-05-08
CUST_1701,Nikhil Shah,nikhil.shah1701@example.in,Thane,2026-01-04
CUST_1702,Kavya Chopra,kavya.chopra1702@example.in,Delhi,2026-07-08
CUST_1703,Divya Chopra,divya.chopra1703@example.in,Lucknow,2026-03-20
CUST_1704,Tanvi Agarwal,tanvi.agarwal1704@example.in,Ludhiana,2026-06-01
CUST_1705,Dev Verma,dev.verma1705@example.in,Visakhapatnam,2025-10-25
CUST_1706,Arjun Bhat,arjun.bhat1706@example.in,Delhi,2026-01-03
CUST_1707,Dev Das,dev.das1707@example.in,Nagpur,2025-09-20
CUST_1708,Meera Chopra,meera.chopra1708@example.in,Visakhapatnam,2026-07-19
CUST_1709,Ananya Rao,ananya.rao1709@example.in,Jaipur,2026-04-13
CUST_1710,Siddharth Kumar,siddharth.kumar1710@example.in,Jaipur,2026-04-24
CUST_1711,Neha Deshmukh,neha.deshmukh1711@example.in,Jaipur,2026-07-10
CUST_1712,Deepika Verma,deepika.verma1712@example.in,Visakhapatnam,2025-11-11
CUST_1713,Arjun Bhat,arjun.bhat1713@example.in,Bengaluru,2026-05-14
CUST_1714,Priya Nair,priya.nair1714@example.in,Ghaziabad,2026-06-06
CUST_1715,Vikram Chopra,vikram.chopra1715@example.in,Indore,2026-02-12
CUST_1716,Arjun Sharma,arjun.sharma1716@example.in,Chennai,2026-04-20
CUST_1717,Amit Rao,amit.rao1717@example.in,Thane,2025-10-16
CUST_1718,Rahul Shah,rahul.shah1718@example.in,Chennai,2025-11-02
CUST_1719,Rohan Mehta,rohan.mehta1719@example.in,Thane,2026-07-21
CUST_1720,Ishita Patel,ishita.patel1720@example.in,Visakhapatnam,2026-03-15
CUST_1721,Divya Sen,divya.sen1721@example.in,Ludhiana,2025-11-20
CUST_1722,Siddharth Das,siddharth.das1722@example.in,Nagpur,2025-09-22
CUST_1723,Gaurav Nair,gaurav.nair1723@example.in,Lucknow,2026-06-16
CUST_1724,Bhavna Joshi,bhavna.joshi1724@example.in,Chennai,2025-11-13
CUST_1725,Neha Verma,neha.verma1725@example.in,Indore,2026-02-04
CUST_1726,Sneha Bhat,sneha.bhat1726@example.in,Jaipur,2026-07-17
CUST_1727,Neha Mehta,neha.mehta1727@example.in,Ahmedabad,2025-12-12
CUST_1728,Aarav Kapoor,aarav.kapoor1728@example.in,Pune,2025-09-06
CUST_1729,Arjun Iyer,arjun.iyer1729@example.in,Bhopal,2026-06-05
CUST_1730,Swati Sharma,swati.sharma1730@example.in,Ludhiana,2026-05-10
CUST_1731,Pooja Rao,pooja.rao1731@example.in,Ghaziabad,2026-08-03
CUST_1732,Riya Bhat,riya.bhat1732@example.in,Indore,2026-04-14
CUST_1733,Rohan Kapoor,rohan.kapoor1733@example.in,Ludhiana,2025-09-03
CUST_1734,Pooja Das,pooja.das1734@example.in,Pune,2026-07-14
CUST_1735,Varun Das,varun.das1735@example.in,Kolkata,2025-09-25
CUST_1736,Neha Joshi,neha.joshi1736@example.in,Delhi,2026-07-31
CUST_1737,Ishita Verma,ishita.verma1737@example.in,Ahmedabad,2025-09-16
CUST_1738,Simran Agarwal,simran.agarwal1738@example.in,Ludhiana,2026-01-30
CUST_1739,Karan Patel,karan.patel1739@example.in,Delhi,2025-10-25
CUST_1740,Kavya Nair,kavya.nair1740@example.in,Chennai,2026-08-10
CUST_1741,Sneha Kapoor,sneha.kapoor1741@example.in,Ludhiana,2026-06-20
CUST_1742,Swati Das,swati.das1742@example.in,Chennai,2026-04-21
CUST_1743,Divya Agarwal,divya.agarwal1743@example.in,Kanpur,2025-09-18
CUST_1744,Rohan Kumar,rohan.kumar1744@example.in,Lucknow,2026-03-07
CUST_1745,Sanjay Chopra,sanjay.chopra1745@example.in,Bengaluru,2026-04-06
CUST_1746,Manish Das,manish.das1746@example.in,Bengaluru,2026-01-27
CUST_1747,Riya Joshi,riya.joshi1747@example.in,Hyderabad,2026-01-18
CUST_1748,Karan Sen,karan.sen1748@example.in,Indore,2026-05-26
CUST_1749,Aditya Rao,aditya.rao1749@example.in,Ludhiana,2025-09-29
CUST_1750,Priya Agarwal,priya.agarwal1750@example.in,Visakhapatnam,2025-10-14
CUST_1751,Riya Kapoor,riya.kapoor1751@example.in,Jaipur,2026-04-06
CUST_1752,Tanvi Shah,tanvi.shah1752@example.in,Pune,2026-05-27
CUST_1753,Amit Kapoor,amit.kapoor1753@example.in,Kanpur,2025-11-05
CUST_1754,Tanvi Agarwal,tanvi.agarwal1754@example.in,Bhopal,2026-05-24
CUST_1755,Divya Iyer,divya.iyer1755@example.in,Bhopal,2025-12-01
CUST_1756,Sanjay Kapoor,sanjay.kapoor1756@example.in,Surat,2026-01-26
CUST_1757,Aditya Sharma,aditya.sharma1757@example.in,Hyderabad,2025-09-12
CUST_1758,Arjun Mehta,arjun.mehta1758@example.in,Kolkata,2026-07-12
CUST_1759,Kavya Deshmukh,kavya.deshmukh1759@example.in,Delhi,2026-02-17
CUST_1760,Ishita Das,ishita.das1760@example.in,Kolkata,2025-09-05
CUST_1761,Varun Rao,varun.rao1761@example.in,Jaipur,2026-01-08
CUST_1762,Swati Patel,swati.patel1762@example.in,Jaipur,2026-01-31
CUST_1763,Dev Das,dev.das1763@example.in,Lucknow,2025-09-03
CUST_1764,Priya Shah,priya.shah1764@example.in,Lucknow,2026-03-21
CUST_1765,Divya Agarwal,divya.agarwal1765@example.in,Ludhiana,2025-09-14
CUST_1766,Manish Nair,manish.nair1766@example.in,Kolkata,2026-02-16
CUST_1767,Manish Shah,manish.shah1767@example.in,Bhopal,2026-04-30
CUST_1768,Swati Verma,swati.verma1768@example.in,Ahmedabad,2026-05-04
CUST_1769,Vikram Bhat,vikram.bhat1769@example.in,Vadodara,2026-02-18
CUST_1770,Arjun Deshmukh,arjun.deshmukh1770@example.in,Delhi,2026-05-24
CUST_1771,Sneha Agarwal,sneha.agarwal1771@example.in,Lucknow,2026-06-11
CUST_1772,Meera Sharma,meera.sharma1772@example.in,Kolkata,2026-06-22
CUST_1773,Simran Shah,simran.shah1773@example.in,Kanpur,2025-10-03
CUST_1774,Vikram Singh,vikram.singh1774@example.in,Mumbai,2026-02-20
CUST_1775,Siddharth Das,siddharth.das1775@example.in,Chennai,2026-06-19
CUST_1776,Tanvi Chopra,tanvi.chopra1776@example.in,Chennai,2026-07-01
CUST_1777,Priya Kumar,priya.kumar1777@example.in,Lucknow,2025-09-16
CUST_1778,Rahul Deshmukh,rahul.deshmukh1778@example.in,Bengaluru,2026-05-12
CUST_1779,Sanjay Gupta,sanjay.gupta1779@example.in,Kanpur,2026-04-19
CUST_1780,Manish Kumar,manish.kumar1780@example.in,Kolkata,2026-05-26
CUST_1781,Sneha Nair,sneha.nair1781@example.in,Hyderabad,2026-03-10
CUST_1782,Swati Verma,swati.verma1782@example.in,Kolkata,2025-10-17
CUST_1783,Arjun Sen,arjun.sen1783@example.in,Mumbai,2026-05-05
CUST_1784,Sanjay Sen,sanjay.sen1784@example.in,Ahmedabad,2025-12-06
CUST_1785,Karan Iyer,karan.iyer1785@example.in,Visakhapatnam,2026-02-05
CUST_1786,Gaurav Shah,gaurav.shah1786@example.in,Ahmedabad,2025-10-20
CUST_1787,Manish Sen,manish.sen1787@example.in,Ahmedabad,2025-12-14
CUST_1788,Divya Verma,divya.verma1788@example.in,Thane,2026-03-17
CUST_1789,Nikhil Sen,nikhil.sen1789@example.in,Hyderabad,2025-09-02
CUST_1790,Sneha Verma,sneha.verma1790@example.in,Ludhiana,2025-10-14
CUST_1791,Karan Bhat,karan.bhat1791@example.in,Delhi,2025-10-22
CUST_1792,Dev Kumar,dev.kumar1792@example.in,Mumbai,2026-06-22
CUST_1793,Gaurav Kumar,gaurav.kumar1793@example.in,Kolkata,2026-02-11
CUST_1794,Aditya Rao,aditya.rao1794@example.in,Jaipur,2026-01-19
CUST_1795,Meera Shah,meera.shah1795@example.in,Thane,2026-08-09
CUST_1796,Priya Singh,priya.singh1796@example.in,Ahmedabad,2025-11-19
CUST_1797,Rahul Mehta,rahul.mehta1797@example.in,Mumbai,2026-07-15
CUST_1798,Meera Sen,meera.sen1798@example.in,Hyderabad,2025-12-14
CUST_1799,Meera Reddy,meera.reddy1799@example.in,Vadodara,2026-02-10
CUST_1800,Rahul Joshi,rahul.joshi1800@example.in,Jaipur,2026-06-20
CUST_1801,Pooja Nair,pooja.nair1801@example.in,Bengaluru,2026-02-06
CUST_1802,Tanvi Shah,tanvi.shah1802@example.in,Vadodara,2026-04-15
CUST_1803,Ananya Joshi,ananya.joshi1803@example.in,Mumbai,2026-04-29
CUST_1804,Sanjay Verma,sanjay.verma1804@example.in,Hyderabad,2026-03-15
CUST_1805,Ananya Patel,ananya.patel1805@example.in,Indore,2026-03-19
CUST_1806,Neha Kapoor,neha.kapoor1806@example.in,Ghaziabad,2026-07-19
CUST_1807,Manish Bhat,manish.bhat1807@example.in,Ludhiana,2026-03-01
CUST_1808,Sneha Shah,sneha.shah1808@example.in,Kolkata,2026-08-09
CUST_1809,Swati Das,swati.das1809@example.in,Bengaluru,2026-04-26
CUST_1810,Amit Joshi,amit.joshi1810@example.in,Bengaluru,2026-04-27
CUST_1811,Priya Bhat,priya.bhat1811@example.in,Jaipur,2026-08-16
CUST_1812,Varun Bhat,varun.bhat1812@example.in,Bhopal,2025-12-27
CUST_1813,Pooja Joshi,pooja.joshi1813@example.in,Ludhiana,2026-01-10
CUST_1814,Deepika Reddy,deepika.reddy1814@example.in,Nagpur,2025-12-02
CUST_1815,Nikhil Shah,nikhil.shah1815@example.in,Lucknow,2026-04-20
CUST_1816,Riya Sharma,riya.sharma1816@example.in,Bengaluru,2026-05-01
CUST_1817,Priya Reddy,priya.reddy1817@example.in,Bhopal,2026-04-24
CUST_1818,Bhavna Nair,bhavna.nair1818@example.in,Jaipur,2026-02-25
CUST_1819,Tanvi Agarwal,tanvi.agarwal1819@example.in,Ahmedabad,2026-05-18
CUST_1820,Priya Chopra,priya.chopra1820@example.in,Hyderabad,2026-02-13
CUST_1821,Meera Patel,meera.patel1821@example.in,Jaipur,2026-05-30
CUST_1822,Arjun Chopra,arjun.chopra1822@example.in,Ghaziabad,2026-03-30
CUST_1823,Pooja Kapoor,pooja.kapoor1823@example.in,Surat,2026-06-07
CUST_1824,Neha Iyer,neha.iyer1824@example.in,Nagpur,2025-10-03
CUST_1825,Karan Rao,karan.rao1825@example.in,Ghaziabad,2026-04-08
CUST_1826,Swati Deshmukh,swati.deshmukh1826@example.in,Ghaziabad,2026-02-22
CUST_1827,Meera Gupta,meera.gupta1827@example.in,Chennai,2026-08-05
CUST_1828,Simran Patel,simran.patel1828@example.in,Ghaziabad,2026-05-07
CUST_1829,Priya Agarwal,priya.agarwal1829@example.in,Ludhiana,2026-04-25
CUST_1830,Karan Das,karan.das1830@example.in,Hyderabad,2026-04-15
CUST_1831,Neha Kumar,neha.kumar1831@example.in,Nagpur,2025-10-05
CUST_1832,Tanvi Mehta,tanvi.mehta1832@example.in,Ludhiana,2026-03-13
CUST_1833,Karan Iyer,karan.iyer1833@example.in,Delhi,2025-10-16
CUST_1834,Aditya Joshi,aditya.joshi1834@example.in,Ghaziabad,2026-07-22
CUST_1835,Swati Sharma,swati.sharma1835@example.in,Ahmedabad,2026-08-04
CUST_1836,Vikram Bhat,vikram.bhat1836@example.in,Vadodara,2026-01-27
CUST_1837,Siddharth Kapoor,siddharth.kapoor1837@example.in,Ghaziabad,2026-04-16
CUST_1838,Aditya Rao,aditya.rao1838@example.in,Lucknow,2026-01-31
CUST_1839,Amit Kumar,amit.kumar1839@example.in,Indore,2026-02-23
CUST_1840,Rohan Agarwal,rohan.agarwal1840@example.in,Mumbai,2026-07-10
CUST_1841,Dev Chopra,dev.chopra1841@example.in,Ahmedabad,2026-01-28
CUST_1842,Ananya Reddy,ananya.reddy1842@example.in,Vadodara,2025-09-27
CUST_1843,Aarav Das,aarav.das1843@example.in,Kanpur,2025-10-26
CUST_1844,Bhavna Kumar,bhavna.kumar1844@example.in,Mumbai,2025-12-29
CUST_1845,Kavya Agarwal,kavya.agarwal1845@example.in,Nagpur,2026-07-17
CUST_1846,Karan Chopra,karan.chopra1846@example.in,Nagpur,2026-03-14
CUST_1847,Kavya Das,kavya.das1847@example.in,Kolkata,2026-08-05
CUST_1848,Neha Iyer,neha.iyer1848@example.in,Ahmedabad,2025-12-05
CUST_1849,Meera Chopra,meera.chopra1849@example.in,Kanpur,2026-04-01
CUST_1850,Vikram Kumar,vikram.kumar1850@example.in,Ahmedabad,2025-11-07
CUST_1851,Aarav Patel,aarav.patel1851@example.in,Mumbai,2025-11-12
CUST_1852,Divya Iyer,divya.iyer1852@example.in,Indore,2025-11-08
CUST_1853,Rohan Joshi,rohan.joshi1853@example.in,Indore,2026-04-21
CUST_1854,Sanjay Kapoor,sanjay.kapoor1854@example.in,Indore,2026-07-16
CUST_1855,Neha Bhat,neha.bhat1855@example.in,Visakhapatnam,2026-04-05
CUST_1856,Meera Bhat,meera.bhat1856@example.in,Nagpur,2026-02-28
CUST_1857,Pooja Nair,pooja.nair1857@example.in,Indore,2026-07-06
CUST_1858,Aarav Agarwal,aarav.agarwal1858@example.in,Bhopal,2025-12-30
CUST_1859,Nikhil Sen,nikhil.sen1859@example.in,Pune,2026-03-29
CUST_1860,Deepika Das,deepika.das1860@example.in,Ghaziabad,2026-03-06
CUST_1861,Ananya Verma,ananya.verma1861@example.in,Ghaziabad,2026-05-05
CUST_1862,Nikhil Reddy,nikhil.reddy1862@example.in,Hyderabad,2026-06-24
CUST_1863,Riya Patel,riya.patel1863@example.in,Ahmedabad,2026-05-27
CUST_1864,Bhavna Singh,bhavna.singh1864@example.in,Thane,2026-05-22
CUST_1865,Rohan Sen,rohan.sen1865@example.in,Ludhiana,2025-10-15
CUST_1866,Pooja Iyer,pooja.iyer1866@example.in,Bengaluru,2026-08-16
CUST_1867,Varun Das,varun.das1867@example.in,Ghaziabad,2026-02-06
CUST_1868,Tanvi Verma,tanvi.verma1868@example.in,Lucknow,2026-05-31
CUST_1869,Gaurav Sharma,gaurav.sharma1869@example.in,Bhopal,2026-04-20
CUST_1870,Dev Iyer,dev.iyer1870@example.in,Ghaziabad,2026-02-16
CUST_1871,Kavya Reddy,kavya.reddy1871@example.in,Jaipur,2026-01-26
CUST_1872,Neha Verma,neha.verma1872@example.in,Ludhiana,2026-02-02
CUST_1873,Divya Agarwal,divya.agarwal1873@example.in,Pune,2025-10-01
CUST_1874,Varun Iyer,varun.iyer1874@example.in,Ghaziabad,2025-11-25
CUST_1875,Amit Verma,amit.verma1875@example.in,Jaipur,2026-07-16
CUST_1876,Aarav Kumar,aarav.kumar1876@example.in,Bhopal,2025-10-12
CUST_1877,Vikram Sen,vikram.sen1877@example.in,Bengaluru,2026-01-20
CUST_1878,Rahul Joshi,rahul.joshi1878@example.in,Ludhiana,2026-01-21
CUST_1879,Rahul Singh,rahul.singh1879@example.in,Mumbai,2025-10-27
CUST_1880,Tanvi Nair,tanvi.nair1880@example.in,Ghaziabad,2025-11-16
CUST_1881,Simran Bhat,simran.bhat1881@example.in,Kanpur,2025-11-28
CUST_1882,Rahul Gupta,rahul.gupta1882@example.in,Bhopal,2025-12-01
CUST_1883,Swati Sen,swati.sen1883@example.in,Delhi,2026-02-22
CUST_1884,Rohan Joshi,rohan.joshi1884@example.in,Ludhiana,2025-11-17
CUST_1885,Manish Iyer,manish.iyer1885@example.in,Indore,2026-03-15
CUST_1886,Pooja Bhat,pooja.bhat1886@example.in,Chennai,2025-12-16
CUST_1887,Amit Reddy,amit.reddy1887@example.in,Delhi,2026-07-25
CUST_1888,Rahul Mehta,rahul.mehta1888@example.in,Delhi,2025-11-24
CUST_1889,Arjun Chopra,arjun.chopra1889@example.in,Bhopal,2026-02-01
CUST_1890,Riya Das,riya.das1890@example.in,Surat,2026-03-13
CUST_1891,Simran Chopra,simran.chopra1891@example.in,Bhopal,2026-01-12
CUST_1892,Vikram Sen,vikram.sen1892@example.in,Indore,2025-09-06
CUST_1893,Sneha Bhat,sneha.bhat1893@example.in,Nagpur,2026-08-13
CUST_1894,Karan Sen,karan.sen1894@example.in,Delhi,2025-10-19
CUST_1895,Deepika Das,deepika.das1895@example.in,Kanpur,2026-04-09
CUST_1896,Tanvi Singh,tanvi.singh1896@example.in,Lucknow,2026-01-16
CUST_1897,Rahul Mehta,rahul.mehta1897@example.in,Pune,2026-08-01
CUST_1898,Amit Chopra,amit.chopra1898@example.in,Thane,2026-08-11
CUST_1899,Divya Gupta,divya.gupta1899@example.in,Ghaziabad,2025-12-08
CUST_1900,Dev Shah,dev.shah1900@example.in,Chennai,2026-02-07
CUST_1901,Meera Sharma,meera.sharma1901@example.in,Mumbai,2025-10-04
CUST_1902,Aarav Deshmukh,aarav.deshmukh1902@example.in,Hyderabad,2026-05-26
CUST_1903,Priya Bhat,priya.bhat1903@example.in,Kanpur,2025-12-21
CUST_1904,Divya Kumar,divya.kumar1904@example.in,Pune,2025-12-07
CUST_1905,Ananya Sharma,ananya.sharma1905@example.in,Ludhiana,2025-10-17
CUST_1906,Ananya Kapoor,ananya.kapoor1906@example.in,Kolkata,2026-07-03
CUST_1907,Varun Mehta,varun.mehta1907@example.in,Hyderabad,2025-10-14
CUST_1908,Bhavna Kapoor,bhavna.kapoor1908@example.in,Ahmedabad,2026-03-11
CUST_1909,Simran Agarwal,simran.agarwal1909@example.in,Chennai,2025-10-26
CUST_1910,Nikhil Nair,nikhil.nair1910@example.in,Pune,2026-01-28
CUST_1911,Arjun Patel,arjun.patel1911@example.in,Thane,2026-01-19
CUST_1912,Gaurav Deshmukh,gaurav.deshmukh1912@example.in,Lucknow,2026-01-09
CUST_1913,Neha Patel,neha.patel1913@example.in,Pune,2025-10-01
CUST_1914,Siddharth Chopra,siddharth.chopra1914@example.in,Lucknow,2025-09-30
CUST_1915,Rahul Singh,rahul.singh1915@example.in,Chennai,2026-04-13
CUST_1916,Rohan Iyer,rohan.iyer1916@example.in,Kolkata,2026-07-09
CUST_1917,Siddharth Nair,siddharth.nair1917@example.in,Bhopal,2025-10-25
CUST_1918,Vikram Das,vikram.das1918@example.in,Indore,2025-12-20
CUST_1919,Tanvi Mehta,tanvi.mehta1919@example.in,Thane,2026-01-10
CUST_1920,Priya Verma,priya.verma1920@example.in,Bengaluru,2025-10-06
CUST_1921,Amit Singh,amit.singh1921@example.in,Thane,2025-09-09
CUST_1922,Sanjay Iyer,sanjay.iyer1922@example.in,Ahmedabad,2026-07-31
CUST_1923,Varun Sharma,varun.sharma1923@example.in,Delhi,2026-08-06
CUST_1924,Siddharth Singh,siddharth.singh1924@example.in,Ahmedabad,2026-02-15
CUST_1925,Sanjay Chopra,sanjay.chopra1925@example.in,Ghaziabad,2025-09-01
CUST_1926,Dev Iyer,dev.iyer1926@example.in,Bhopal,2026-04-11
CUST_1927,Siddharth Patel,siddharth.patel1927@example.in,Vadodara,2025-12-24
CUST_1928,Aarav Chopra,aarav.chopra1928@example.in,Bhopal,2025-11-01
CUST_1929,Amit Das,amit.das1929@example.in,Kanpur,2026-02-17
CUST_1930,Simran Kumar,simran.kumar1930@example.in,Nagpur,2025-09-28
CUST_1931,Varun Patel,varun.patel1931@example.in,Kanpur,2026-05-31
CUST_1932,Bhavna Shah,bhavna.shah1932@example.in,Bengaluru,2026-04-23
CUST_1933,Gaurav Kumar,gaurav.kumar1933@example.in,Kolkata,2025-11-29
CUST_1934,Meera Verma,meera.verma1934@example.in,Nagpur,2026-08-04
CUST_1935,Aditya Kumar,aditya.kumar1935@example.in,Nagpur,2025-10-24
CUST_1936,Varun Reddy,varun.reddy1936@example.in,Bhopal,2025-10-13
CUST_1937,Sanjay Bhat,sanjay.bhat1937@example.in,Kolkata,2025-11-10
CUST_1938,Ananya Rao,ananya.rao1938@example.in,Mumbai,2026-06-30
CUST_1939,Pooja Iyer,pooja.iyer1939@example.in,Nagpur,2025-10-02
CUST_1940,Swati Das,swati.das1940@example.in,Jaipur,2026-05-13
CUST_1941,Meera Bhat,meera.bhat1941@example.in,Mumbai,2025-09-18
CUST_1942,Karan Verma,karan.verma1942@example.in,Lucknow,2025-09-21
CUST_1943,Siddharth Mehta,siddharth.mehta1943@example.in,Kolkata,2026-07-31
CUST_1944,Simran Sen,simran.sen1944@example.in,Thane,2026-08-13
CUST_1945,Bhavna Das,bhavna.das1945@example.in,Ahmedabad,2026-06-23
CUST_1946,Pooja Patel,pooja.patel1946@example.in,Delhi,2025-11-11
CUST_1947,Riya Sharma,riya.sharma1947@example.in,Bhopal,2026-07-13
CUST_1948,Ananya Gupta,ananya.gupta1948@example.in,Ahmedabad,2025-09-07
CUST_1949,Neha Verma,neha.verma1949@example.in,Jaipur,2025-10-19
CUST_1950,Arjun Kapoor,arjun.kapoor1950@example.in,Chennai,2026-06-29
CUST_1951,Rohan Mehta,rohan.mehta1951@example.in,Hyderabad,2026-05-12
CUST_1952,Tanvi Kapoor,tanvi.kapoor1952@example.in,Surat,2025-10-02
CUST_1953,Swati Rao,swati.rao1953@example.in,Indore,2026-02-19
CUST_1954,Swati Chopra,swati.chopra1954@example.in,Lucknow,2025-10-31
CUST_1955,Simran Agarwal,simran.agarwal1955@example.in,Vadodara,2025-11-09
CUST_1956,Karan Rao,karan.rao1956@example.in,Delhi,2026-06-30
CUST_1957,Neha Shah,neha.shah1957@example.in,Bengaluru,2025-10-31
CUST_1958,Rahul Joshi,rahul.joshi1958@example.in,Indore,2025-11-25
CUST_1959,Nikhil Reddy,nikhil.reddy1959@example.in,Vadodara,2025-11-23
CUST_1960,Arjun Gupta,arjun.gupta1960@example.in,Ghaziabad,2025-09-20
CUST_1961,Vikram Mehta,vikram.mehta1961@example.in,Ludhiana,2026-03-11
CUST_1962,Gaurav Nair,gaurav.nair1962@example.in,Mumbai,2026-05-07
CUST_1963,Rohan Sharma,rohan.sharma1963@example.in,Mumbai,2025-11-30
CUST_1964,Deepika Patel,deepika.patel1964@example.in,Ghaziabad,2026-01-23
CUST_1965,Kavya Iyer,kavya.iyer1965@example.in,Ahmedabad,2025-12-14
CUST_1966,Vikram Singh,vikram.singh1966@example.in,Visakhapatnam,2026-04-18
CUST_1967,Kavya Gupta,kavya.gupta1967@example.in,Chennai,2026-07-09
CUST_1968,Nikhil Verma,nikhil.verma1968@example.in,Ludhiana,2025-12-01
CUST_1969,Nikhil Iyer,nikhil.iyer1969@example.in,Ludhiana,2025-10-15
CUST_1970,Varun Kumar,varun.kumar1970@example.in,Kanpur,2026-04-02
CUST_1971,Aarav Das,aarav.das1971@example.in,Surat,2025-12-07
CUST_1972,Priya Sen,priya.sen1972@example.in,Hyderabad,2026-07-13
CUST_1973,Ishita Das,ishita.das1973@example.in,Visakhapatnam,2025-12-21
CUST_1974,Arjun Rao,arjun.rao1974@example.in,Pune,2025-09-27
CUST_1975,Aditya Mehta,aditya.mehta1975@example.in,Ahmedabad,2026-08-16
CUST_1976,Bhavna Iyer,bhavna.iyer1976@example.in,Bhopal,2025-11-29
CUST_1977,Neha Verma,neha.verma1977@example.in,Delhi,2026-07-27
CUST_1978,Ishita Kumar,ishita.kumar1978@example.in,Kolkata,2026-04-10
CUST_1979,Rahul Shah,rahul.shah1979@example.in,Ludhiana,2026-04-20
CUST_1980,Ananya Mehta,ananya.mehta1980@example.in,Delhi,2026-06-02
CUST_1981,Neha Nair,neha.nair1981@example.in,Mumbai,2026-05-06
CUST_1982,Dev Mehta,dev.mehta1982@example.in,Bengaluru,2025-12-29
CUST_1983,Divya Bhat,divya.bhat1983@example.in,Ghaziabad,2026-06-23
CUST_1984,Karan Deshmukh,karan.deshmukh1984@example.in,Kolkata,2026-08-12
CUST_1985,Sanjay Shah,sanjay.shah1985@example.in,Surat,2025-10-26
CUST_1986,Karan Gupta,karan.gupta1986@example.in,Hyderabad,2025-12-30
CUST_1987,Divya Deshmukh,divya.deshmukh1987@example.in,Kolkata,2026-03-11
CUST_1988,Sanjay Gupta,sanjay.gupta1988@example.in,Bengaluru,2026-04-29
CUST_1989,Amit Iyer,amit.iyer1989@example.in,Delhi,2026-04-11
CUST_1990,Vikram Rao,vikram.rao1990@example.in,Ludhiana,2026-04-20
CUST_1991,Neha Chopra,neha.chopra1991@example.in,Kanpur,2025-11-08
CUST_1992,Arjun Rao,arjun.rao1992@example.in,Kanpur,2026-01-16
CUST_1993,Aditya Shah,aditya.shah1993@example.in,Ahmedabad,2025-09-16
CUST_1994,Nikhil Agarwal,nikhil.agarwal1994@example.in,Delhi,2026-01-21
CUST_1995,Vikram Mehta,vikram.mehta1995@example.in,Thane,2026-04-22
CUST_1996,Kavya Nair,kavya.nair1996@example.in,Lucknow,2025-12-21
CUST_1997,Sanjay Kumar,sanjay.kumar1997@example.in,Ludhiana,2025-11-19
CUST_1998,Swati Kapoor,swati.kapoor1998@example.in,Chennai,2026-06-22
CUST_1999,Meera Gupta,meera.gupta1999@example.in,Bengaluru,2026-03-29
CUST_2000,Bhavna Sen,bhavna.sen2000@example.in,Bhopal,2025-12-19
