order_item_id,order_id,product_id,quantity,unit_price_inr,total_price_inr
ITEM_50001,ORD_10000,PROD_SCR_05,1,249,249
ITEM_50002,ORD_10001,PROD_WATCH_01,1,2999,2999
ITEM_50003,ORD_10002,PROD_CASE_05,1,899,899
ITEM_50004,ORD_10003,PROD_EAR_01,1,1499,1499
ITEM_50005,ORD_10004,PROD_SPK_03,1,1299,1299
ITEM_50006,ORD_10005,PROD_SPK_01,1,2499,2499
ITEM_50007,ORD_10006,PROD_SPK_02,1,3999,3999
ITEM_50008,ORD_10007,PROD_EAR_01,1,1499,1499
ITEM_50009,ORD_10008,PROD_PWR_04,1,899,899
ITEM_50010,ORD_10009,PROD_PWR_01,1,1299,1299
ITEM_50011,ORD_10010,PROD_CASE_01,1,499,499
ITEM_50012,ORD_10011,PROD_EAR_02,1,2499,2499
ITEM_50013,ORD_10012,PROD_SCR_01,1,299,299
ITEM_50014,ORD_10013,PROD_SCR_05,1,249,249
ITEM_50015,ORD_10014,PROD_EAR_05,1,1999,1999
ITEM_50016,ORD_10015,PROD_SPK_04,1,3299,3299
ITEM_50017,ORD_10016,PROD_WATCH_03,1,1899,1899
ITEM_50018,ORD_10017,PROD_CASE_04,1,599,599
ITEM_50019,ORD_10018,PROD_CHG_02,1,1899,1899
ITEM_50020,ORD_10019,PROD_CHG_04,1,1499,1499
ITEM_50021,ORD_10020,PROD_SCR_05,1,249,249
ITEM_50022,ORD_10021,PROD_CASE_02,1,799,799
ITEM_50023,ORD_10022,PROD_CASE_04,1,599,599
ITEM_50024,ORD_10023,PROD_PWR_03,1,3299,3299
ITEM_50025,ORD_10024,PROD_CASE_04,1,599,599
ITEM_50026,ORD_10025,PROD_CHG_03,1,999,999
ITEM_50027,ORD_10026,PROD_WATCH_03,1,1899,1899
ITEM_50028,ORD_10027,PROD_SCR_04,1,699,699
ITEM_50029,ORD_10028,PROD_PWR_03,1,3299,3299
ITEM_50030,ORD_10029,PROD_SPK_05,1,4999,4999
ITEM_50031,ORD_10030,PROD_EAR_05,1,1999,1999
ITEM_50032,ORD_10031,PROD_PWR_01,1,1299,1299
ITEM_50033,ORD_10032,PROD_EAR_05,1,1999,1999
ITEM_50034,ORD_10033,PROD_PWR_05,1,2799,2799
ITEM_50035,ORD_10034,PROD_EAR_02,1,2499,2499
ITEM_50036,ORD_10035,PROD_PWR_04,1,899,899
ITEM_50037,ORD_10036,PROD_EAR_02,1,2499,2499
ITEM_50038,ORD_10037,PROD_CASE_05,1,899,899
ITEM_50039,ORD_10038,PROD_CHG_02,1,1899,1899
ITEM_50040,ORD_10039,PROD_SPK_02,1,3999,3999
ITEM_50041,ORD_10040,PROD_SCR_04,1,699,699
ITEM_50042,ORD_10041,PROD_WATCH_05,1,6999,6999
ITEM_50043,ORD_10042,PROD_SPK_01,1,2499,2499
ITEM_50044,ORD_10043,PROD_EAR_04,1,4299,4299
ITEM_50045,ORD_10044,PROD_CASE_01,1,499,499
ITEM_50046,ORD_10045,PROD_WATCH_04,1,3999,3999
ITEM_50047,ORD_10046,PROD_PWR_05,1,2799,2799
ITEM_50048,ORD_10047,PROD_CHG_01,1,699,699
ITEM_50049,ORD_10048,PROD_CHG_04,1,1499,1499
ITEM_50050,ORD_10049,PROD_EAR_03,1,3499,3499
ITEM_50051,ORD_10050,PROD_CHG_04,1,1499,1499
ITEM_50052,ORD_10051,PROD_WATCH_05,1,6999,6999
ITEM_50053,ORD_10052,PROD_SPK_02,1,3999,3999
ITEM_50054,ORD_10053,PROD_EAR_01,1,1499,1499
ITEM_50055,ORD_10054,PROD_WATCH_04,1,3999,3999
ITEM_50056,ORD_10055,PROD_PWR_05,1,2799,2799
ITEM_50057,ORD_10056,PROD_PWR_03,1,3299,3299
ITEM_50058,ORD_10057,PROD_PWR_03,1,3299,3299
ITEM_50059,ORD_10058,PROD_CASE_05,1,899,899
ITEM_50060,ORD_10059,PROD_EAR_04,1,4299,4299
ITEM_50061,ORD_10060,PROD_SPK_04,1,3299,3299
ITEM_50062,ORD_10061,PROD_CASE_03,1,999,999
ITEM_50063,ORD_10062,PROD_SCR_04,1,699,699
ITEM_50064,ORD_10063,PROD_SCR_01,1,299,299
ITEM_50065,ORD_10064,PROD_SPK_03,1,1299,1299
ITEM_50066,ORD_10065,PROD_PWR_05,1,2799,2799
ITEM_50067,ORD_10066,PROD_CHG_05,1,799,799
ITEM_50068,ORD_10067,PROD_CHG_03,1,999,999
ITEM_50069,ORD_10068,PROD_CASE_04,1,599,599
ITEM_50070,ORD_10069,PROD_SCR_02,1,499,499
ITEM_50071,ORD_10070,PROD_SCR_03,1,349,349
ITEM_50072,ORD_10071,PROD_PWR_01,1,1299,1299
ITEM_50073,ORD_10072,PROD_SPK_04,1,3299,3299
ITEM_50074,ORD_10073,PROD_CHG_05,1,799,799
ITEM_50075,ORD_10074,PROD_WATCH_03,1,1899,1899
ITEM_50076,ORD_10075,PROD_PWR_04,1,899,899
ITEM_50077,ORD_10076,PROD_SPK_02,1,3999,3999
ITEM_50078,ORD_10077,PROD_WATCH_05,1,6999,6999
ITEM_50079,ORD_10078,PROD_CASE_05,1,899,899
ITEM_50080,ORD_10079,PROD_WATCH_02,1,5499,5499
ITEM_50081,ORD_10080,PROD_PWR_03,1,3299,3299
ITEM_50082,ORD_10081,PROD_CASE_02,1,799,799
ITEM_50083,ORD_10082,PROD_EAR_02,1,2499,2499
ITEM_50084,ORD_10083,PROD_EAR_05,1,1999,1999
ITEM_50085,ORD_10084,PROD_SPK_01,1,2499,2499
ITEM_50086,ORD_10085,PROD_SPK_01,1,2499,2499
ITEM_50087,ORD_10086,PROD_SPK_03,1,1299,1299
ITEM_50088,ORD_10087,PROD_WATCH_02,1,5499,5499
ITEM_50089,ORD_10088,PROD_CHG_01,1,699,699
ITEM_50090,ORD_10089,PROD_CHG_03,1,999,999
ITEM_50091,ORD_10090,PROD_SCR_02,1,499,499
ITEM_50092,ORD_10091,PROD_WATCH_04,1,3999,3999
ITEM_50093,ORD_10092,PROD_CASE_03,1,999,999
ITEM_50094,ORD_10093,PROD_CASE_01,1,499,499
ITEM_50095,ORD_10094,PROD_WATCH_05,1,6999,6999
ITEM_50096,ORD_10095,PROD_CHG_04,1,1499,1499
ITEM_50097,ORD_10096,PROD_PWR_05,1,2799,2799
ITEM_50098,ORD_10097,PROD_CHG_04,1,1499,1499
ITEM_50099,ORD_10098,PROD_CASE_01,1,499,499
ITEM_50100,ORD_10099,PROD_CASE_05,1,899,899
ITEM_50101,ORD_10100,PROD_SPK_04,1,3299,3299
ITEM_50102,ORD_10101,PROD_PWR_03,1,3299,3299
ITEM_50103,ORD_10102,PROD_PWR_04,1,899,899
ITEM_50104,ORD_10103,PROD_CHG_04,1,1499,1499
ITEM_50105,ORD_10104,PROD_SPK_04,1,3299,3299
ITEM_50106,ORD_10105,PROD_EAR_02,1,2499,2499
ITEM_50107,ORD_10106,PROD_PWR_04,1,899,899
ITEM_50108,ORD_10107,PROD_WATCH_05,1,6999,6999
ITEM_50109,ORD_10108,PROD_SCR_03,1,349,349
ITEM_50110,ORD_10109,PROD_EAR_05,1,1999,1999
ITEM_50111,ORD_10110,PROD_SCR_03,1,349,349
ITEM_50112,ORD_10111,PROD_SPK_03,1,1299,1299
ITEM_50113,ORD_10112,PROD_WATCH_02,1,5499,5499
ITEM_50114,ORD_10113,PROD_EAR_01,1,1499,1499
ITEM_50115,ORD_10114,PROD_CASE_04,1,599,599
ITEM_50116,ORD_10115,PROD_CHG_03,1,999,999
ITEM_50117,ORD_10116,PROD_WATCH_03,1,1899,1899
ITEM_50118,ORD_10117,PROD_SPK_03,1,1299,1299
ITEM_50119,ORD_10118,PROD_EAR_05,1,1999,1999
ITEM_50120,ORD_10119,PROD_EAR_01,1,1499,1499
ITEM_50121,ORD_10120,PROD_WATCH_04,1,3999,3999
ITEM_50122,ORD_10121,PROD_EAR_01,1,1499,1499
ITEM_50123,ORD_10122,PROD_SPK_03,1,1299,1299
ITEM_50124,ORD_10123,PROD_CASE_02,1,799,799
ITEM_50125,ORD_10124,PROD_CHG_03,1,999,999
ITEM_50126,ORD_10125,PROD_CASE_05,1,899,899
ITEM_50127,ORD_10126,PROD_PWR_03,1,3299,3299
ITEM_50128,ORD_10127,PROD_SPK_02,1,3999,3999
ITEM_50129,ORD_10128,PROD_EAR_03,1,3499,3499
ITEM_50130,ORD_10129,PROD_CHG_05,1,799,799
ITEM_50131,ORD_10130,PROD_WATCH_05,1,6999,6999
ITEM_50132,ORD_10131,PROD_SCR_02,1,499,499
ITEM_50133,ORD_10132,PROD_EAR_05,1,1999,1999
ITEM_50134,ORD_10133,PROD_EAR_01,1,1499,1499
ITEM_50135,ORD_10134,PROD_SCR_01,1,299,299
ITEM_50136,ORD_10135,PROD_PWR_01,1,1299,1299
ITEM_50137,ORD_10136,PROD_PWR_02,1,2199,2199
ITEM_50138,ORD_10137,PROD_CHG_04,1,1499,1499
ITEM_50139,ORD_10138,PROD_SCR_01,1,299,299
ITEM_50140,ORD_10139,PROD_SPK_02,1,3999,3999
ITEM_50141,ORD_10140,PROD_WATCH_03,1,1899,1899
ITEM_50142,ORD_10141,PROD_SCR_01,1,299,299
ITEM_50143,ORD_10142,PROD_SCR_05,1,249,249
ITEM_50144,ORD_10143,PROD_SPK_02,1,3999,3999
ITEM_50145,ORD_10144,PROD_PWR_02,1,2199,2199
ITEM_50146,ORD_10145,PROD_EAR_02,1,2499,2499
ITEM_50147,ORD_10146,PROD_CHG_01,1,699,699
ITEM_50148,ORD_10147,PROD_PWR_02,1,2199,2199
ITEM_50149,ORD_10148,PROD_SPK_02,1,3999,3999
ITEM_50150,ORD_10149,PROD_SPK_02,1,3999,3999
ITEM_50151,ORD_10150,PROD_CHG_02,1,1899,1899
ITEM_50152,ORD_10151,PROD_EAR_03,1,3499,3499
ITEM_50153,ORD_10152,PROD_SCR_04,1,699,699
ITEM_50154,ORD_10153,PROD_SCR_05,1,249,249
ITEM_50155,ORD_10154,PROD_WATCH_05,1,6999,6999
ITEM_50156,ORD_10155,PROD_PWR_04,1,899,899
ITEM_50157,ORD_10156,PROD_PWR_03,1,3299,3299
ITEM_50158,ORD_10157,PROD_SPK_05,1,4999,4999
ITEM_50159,ORD_10158,PROD_CASE_01,1,499,499
ITEM_50160,ORD_10159,PROD_SPK_02,1,3999,3999
ITEM_50161,ORD_10160,PROD_CHG_03,1,999,999
ITEM_50162,ORD_10161,PROD_EAR_03,1,3499,3499
ITEM_50163,ORD_10162,PROD_EAR_02,1,2499,2499
ITEM_50164,ORD_10163,PROD_SCR_03,1,349,349
ITEM_50165,ORD_10164,PROD_EAR_04,1,4299,4299
ITEM_50166,ORD_10165,PROD_WATCH_05,1,6999,6999
ITEM_50167,ORD_10166,PROD_WATCH_05,1,6999,6999
ITEM_50168,ORD_10167,PROD_SPK_05,1,4999,4999
ITEM_50169,ORD_10168,PROD_SCR_03,1,349,349
ITEM_50170,ORD_10169,PROD_EAR_02,1,2499,2499
ITEM_50171,ORD_10170,PROD_CHG_01,1,699,699
ITEM_50172,ORD_10171,PROD_PWR_02,1,2199,2199
ITEM_50173,ORD_10172,PROD_CASE_04,1,599,599
ITEM_50174,ORD_10173,PROD_CHG_02,1,1899,1899
ITEM_50175,ORD_10174,PROD_SCR_03,1,349,349
ITEM_50176,ORD_10175,PROD_EAR_05,1,1999,1999
ITEM_50177,ORD_10176,PROD_EAR_04,1,4299,4299
ITEM_50178,ORD_10177,PROD_CASE_05,1,899,899
ITEM_50179,ORD_10178,PROD_PWR_02,1,2199,2199
ITEM_50180,ORD_10179,PROD_SPK_04,1,3299,3299
ITEM_50181,ORD_10180,PROD_EAR_05,1,1999,1999
ITEM_50182,ORD_10181,PROD_WATCH_05,1,6999,6999
ITEM_50183,ORD_10182,PROD_CASE_03,1,999,999
ITEM_50184,ORD_10183,PROD_SPK_03,1,1299,1299
ITEM_50185,ORD_10184,PROD_CASE_02,1,799,799
ITEM_50186,ORD_10185,PROD_CASE_02,1,799,799
ITEM_50187,ORD_10186,PROD_SCR_05,1,249,249
ITEM_50188,ORD_10187,PROD_SCR_03,1,349,349
ITEM_50189,ORD_10188,PROD_SPK_04,1,3299,3299
ITEM_50190,ORD_10189,PROD_WATCH_01,1,2999,2999
ITEM_50191,ORD_10190,PROD_WATCH_05,1,6999,6999
ITEM_50192,ORD_10191,PROD_EAR_05,1,1999,1999
ITEM_50193,ORD_10192,PROD_WATCH_04,1,3999,3999
ITEM_50194,ORD_10193,PROD_WATCH_01,1,2999,2999
ITEM_50195,ORD_10194,PROD_CASE_03,1,999,999
ITEM_50196,ORD_10195,PROD_WATCH_05,1,6999,6999
ITEM_50197,ORD_10196,PROD_SCR_03,1,349,349
ITEM_50198,ORD_10197,PROD_CASE_01,1,499,499
ITEM_50199,ORD_10198,PROD_WATCH_03,1,1899,1899
ITEM_50200,ORD_10199,PROD_EAR_03,1,3499,3499
ITEM_50201,ORD_10200,PROD_EAR_04,1,4299,4299
ITEM_50202,ORD_10201,PROD_EAR_05,1,1999,1999
ITEM_50203,ORD_10202,PROD_PWR_01,1,1299,1299
ITEM_50204,ORD_10203,PROD_PWR_04,1,899,899
ITEM_50205,ORD_10204,PROD_SPK_03,1,1299,1299
ITEM_50206,ORD_10205,PROD_SPK_04,1,3299,3299
ITEM_50207,ORD_10206,PROD_PWR_03,1,3299,3299
ITEM_50208,ORD_10207,PROD_CHG_05,1,799,799
ITEM_50209,ORD_10208,PROD_SCR_03,1,349,349
ITEM_50210,ORD_10209,PROD_CASE_04,1,599,599
ITEM_50211,ORD_10210,PROD_EAR_04,1,4299,4299
ITEM_50212,ORD_10211,PROD_PWR_03,1,3299,3299
ITEM_50213,ORD_10212,PROD_WATCH_01,1,2999,2999
ITEM_50214,ORD_10213,PROD_PWR_05,1,2799,2799
ITEM_50215,ORD_10214,PROD_WATCH_05,1,6999,6999
ITEM_50216,ORD_10215,PROD_EAR_04,1,4299,4299
ITEM_50217,ORD_10216,PROD_WATCH_02,1,5499,5499
ITEM_50218,ORD_10217,PROD_CHG_04,1,1499,1499
ITEM_50219,ORD_10218,PROD_WATCH_01,1,2999,2999
ITEM_50220,ORD_10219,PROD_SCR_01,1,299,299
ITEM_50221,ORD_10220,PROD_WATCH_01,1,2999,2999
ITEM_50222,ORD_10221,PROD_SCR_04,1,699,699
ITEM_50223,ORD_10222,PROD_SCR_02,1,499,499
ITEM_50224,ORD_10223,PROD_SPK_02,1,3999,3999
ITEM_50225,ORD_10224,PROD_CHG_02,1,1899,1899
ITEM_50226,ORD_10225,PROD_CASE_01,1,499,499
ITEM_50227,ORD_10226,PROD_CHG_03,1,999,999
ITEM_50228,ORD_10227,PROD_CHG_01,1,699,699
ITEM_50229,ORD_10228,PROD_EAR_04,1,4299,4299
ITEM_50230,ORD_10229,PROD_SCR_04,1,699,699
ITEM_50231,ORD_10230,PROD_CASE_03,1,999,999
ITEM_50232,ORD_10231,PROD_PWR_01,1,1299,1299
ITEM_50233,ORD_10232,PROD_PWR_04,1,899,899
ITEM_50234,ORD_10233,PROD_CHG_01,1,699,699
ITEM_50235,ORD_10234,PROD_WATCH_02,1,5499,5499
ITEM_50236,ORD_10235,PROD_CHG_01,1,699,699
ITEM_50237,ORD_10236,PROD_CHG_04,1,1499,1499
ITEM_50238,ORD_10237,PROD_CASE_05,1,899,899
ITEM_50239,ORD_10238,PROD_CASE_05,1,899,899
ITEM_50240,ORD_10239,PROD_CASE_01,1,499,499
ITEM_50241,ORD_10240,PROD_WATCH_02,1,5499,5499
ITEM_50242,ORD_10241,PROD_PWR_03,1,3299,3299
ITEM_50243,ORD_10242,PROD_SCR_05,1,249,249
ITEM_50244,ORD_10243,PROD_CASE_04,1,599,599
ITEM_50245,ORD_10244,PROD_WATCH_04,1,3999,3999
ITEM_50246,ORD_10245,PROD_SCR_03,1,349,349
ITEM_50247,ORD_10246,PROD_WATCH_04,1,3999,3999
ITEM_50248,ORD_10247,PROD_CASE_02,1,799,799
ITEM_50249,ORD_10248,PROD_WATCH_04,1,3999,3999
ITEM_50250,ORD_10249,PROD_WATCH_01,1,2999,2999
ITEM_50251,ORD_10250,PROD_SCR_05,1,249,249
ITEM_50252,ORD_10251,PROD_CHG_01,1,699,699
ITEM_50253,ORD_10252,PROD_CHG_05,1,799,799
ITEM_50254,ORD_10253,PROD_WATCH_02,1,5499,5499
ITEM_50255,ORD_10254,PROD_EAR_04,1,4299,4299
ITEM_50256,ORD_10255,PROD_CHG_03,1,999,999
ITEM_50257,ORD_10256,PROD_EAR_03,1,3499,3499
ITEM_50258,ORD_10257,PROD_CHG_05,1,799,799
ITEM_50259,ORD_10258,PROD_PWR_04,1,899,899
ITEM_50260,ORD_10259,PROD_WATCH_02,1,5499,5499
ITEM_50261,ORD_10260,PROD_CHG_02,1,1899,1899
ITEM_50262,ORD_10261,PROD_SPK_04,1,3299,3299
ITEM_50263,ORD_10262,PROD_CHG_01,1,699,699
ITEM_50264,ORD_10263,PROD_WATCH_03,1,1899,1899
ITEM_50265,ORD_10264,PROD_WATCH_02,1,5499,5499
ITEM_50266,ORD_10265,PROD_WATCH_02,1,5499,5499
ITEM_50267,ORD_10266,PROD_CASE_01,1,499,499
ITEM_50268,ORD_10267,PROD_PWR_05,1,2799,2799
ITEM_50269,ORD_10268,PROD_SCR_04,1,699,699
ITEM_50270,ORD_10269,PROD_CASE_05,1,899,899
ITEM_50271,ORD_10270,PROD_CASE_01,1,499,499
ITEM_50272,ORD_10271,PROD_SPK_02,1,3999,3999
ITEM_50273,ORD_10272,PROD_SPK_02,1,3999,3999
ITEM_50274,ORD_10273,PROD_PWR_05,1,2799,2799
ITEM_50275,ORD_10274,PROD_WATCH_04,1,3999,3999
ITEM_50276,ORD_10275,PROD_SPK_03,1,1299,1299
ITEM_50277,ORD_10276,PROD_CASE_04,1,599,599
ITEM_50278,ORD_10277,PROD_CASE_02,1,799,799
ITEM_50279,ORD_10278,PROD_SPK_02,1,3999,3999
ITEM_50280,ORD_10279,PROD_WATCH_04,1,3999,3999
ITEM_50281,ORD_10280,PROD_CHG_04,1,1499,1499
ITEM_50282,ORD_10281,PROD_EAR_02,1,2499,2499
ITEM_50283,ORD_10282,PROD_SPK_01,1,2499,2499
ITEM_50284,ORD_10283,PROD_EAR_01,1,1499,1499
ITEM_50285,ORD_10284,PROD_SCR_04,1,699,699
ITEM_50286,ORD_10285,PROD_PWR_04,1,899,899
ITEM_50287,ORD_10286,PROD_WATCH_04,1,3999,3999
ITEM_50288,ORD_10287,PROD_EAR_05,1,1999,1999
ITEM_50289,ORD_10288,PROD_SCR_01,1,299,299
ITEM_50290,ORD_10289,PROD_SCR_01,1,299,299
ITEM_50291,ORD_10290,PROD_CHG_05,1,799,799
ITEM_50292,ORD_10291,PROD_PWR_05,1,2799,2799
ITEM_50293,ORD_10292,PROD_SCR_03,1,349,349
ITEM_50294,ORD_10293,PROD_PWR_04,1,899,899
ITEM_50295,ORD_10294,PROD_CHG_04,1,1499,1499
ITEM_50296,ORD_10295,PROD_CHG_05,1,799,799
ITEM_50297,ORD_10296,PROD_SCR_03,1,349,349
ITEM_50298,ORD_10297,PROD_CHG_04,1,1499,1499
ITEM_50299,ORD_10298,PROD_SCR_03,1,349,349
ITEM_50300,ORD_10299,PROD_SCR_05,1,249,249
ITEM_50301,ORD_10300,PROD_PWR_05,1,2799,2799
ITEM_50302,ORD_10301,PROD_SPK_04,1,3299,3299
ITEM_50303,ORD_10302,PROD_PWR_01,1,1299,1299
ITEM_50304,ORD_10303,PROD_WATCH_05,1,6999,6999
ITEM_50305,ORD_10304,PROD_EAR_04,1,4299,4299
ITEM_50306,ORD_10305,PROD_PWR_02,1,2199,2199
ITEM_50307,ORD_10306,PROD_SCR_05,1,249,249
ITEM_50308,ORD_10307,PROD_WATCH_02,1,5499,5499
ITEM_50309,ORD_10308,PROD_SPK_03,1,1299,1299
ITEM_50310,ORD_10309,PROD_SCR_05,1,249,249
ITEM_50311,ORD_10310,PROD_SCR_01,1,299,299
ITEM_50312,ORD_10311,PROD_WATCH_05,1,6999,6999
ITEM_50313,ORD_10312,PROD_SCR_04,1,699,699
ITEM_50314,ORD_10313,PROD_CASE_02,1,799,799
ITEM_50315,ORD_10314,PROD_WATCH_02,1,5499,5499
ITEM_50316,ORD_10315,PROD_EAR_02,1,2499,2499
ITEM_50317,ORD_10316,PROD_CASE_01,1,499,499
ITEM_50318,ORD_10317,PROD_SCR_01,1,299,299
ITEM_50319,ORD_10318,PROD_SPK_02,1,3999,3999
ITEM_50320,ORD_10319,PROD_SCR_01,1,299,299
ITEM_50321,ORD_10320,PROD_EAR_01,1,1499,1499
ITEM_50322,ORD_10321,PROD_CASE_03,1,999,999
ITEM_50323,ORD_10322,PROD_PWR_05,1,2799,2799
ITEM_50324,ORD_10323,PROD_SPK_05,1,4999,4999
ITEM_50325,ORD_10324,PROD_SCR_05,1,249,249
ITEM_50326,ORD_10325,PROD_PWR_03,1,3299,3299
ITEM_50327,ORD_10326,PROD_SCR_04,1,699,699
ITEM_50328,ORD_10327,PROD_SCR_04,1,699,699
ITEM_50329,ORD_10328,PROD_SCR_01,1,299,299
ITEM_50330,ORD_10329,PROD_SCR_03,1,349,349
ITEM_50331,ORD_10330,PROD_WATCH_04,1,3999,3999
ITEM_50332,ORD_10331,PROD_SPK_03,1,1299,1299
ITEM_50333,ORD_10332,PROD_SPK_02,1,3999,3999
ITEM_50334,ORD_10333,PROD_EAR_02,1,2499,2499
ITEM_50335,ORD_10334,PROD_EAR_05,1,1999,1999
ITEM_50336,ORD_10335,PROD_SPK_01,1,2499,2499
ITEM_50337,ORD_10336,PROD_CHG_03,1,999,999
ITEM_50338,ORD_10337,PROD_CASE_01,1,499,499
ITEM_50339,ORD_10338,PROD_CHG_03,1,999,999
ITEM_50340,ORD_10339,PROD_CHG_02,1,1899,1899
ITEM_50341,ORD_10340,PROD_SCR_05,1,249,249
ITEM_50342,ORD_10341,PROD_CHG_05,1,799,799
ITEM_50343,ORD_10342,PROD_CHG_04,1,1499,1499
ITEM_50344,ORD_10343,PROD_CASE_04,1,599,599
ITEM_50345,ORD_10344,PROD_SPK_01,1,2499,2499
ITEM_50346,ORD_10345,PROD_SPK_02,1,3999,3999
ITEM_50347,ORD_10346,PROD_WATCH_05,1,6999,6999
ITEM_50348,ORD_10347,PROD_EAR_02,1,2499,2499
ITEM_50349,ORD_10348,PROD_CASE_01,1,499,499
ITEM_50350,ORD_10349,PROD_EAR_05,1,1999,1999
ITEM_50351,ORD_10350,PROD_CASE_05,1,899,899
ITEM_50352,ORD_10351,PROD_WATCH_02,1,5499,5499
ITEM_50353,ORD_10352,PROD_EAR_03,1,3499,3499
ITEM_50354,ORD_10353,PROD_SPK_03,1,1299,1299
ITEM_50355,ORD_10354,PROD_EAR_04,1,4299,4299
ITEM_50356,ORD_10355,PROD_PWR_03,1,3299,3299
ITEM_50357,ORD_10356,PROD_PWR_02,1,2199,2199
ITEM_50358,ORD_10357,PROD_CASE_01,1,499,499
ITEM_50359,ORD_10358,PROD_CHG_04,1,1499,1499
ITEM_50360,ORD_10359,PROD_SCR_04,1,699,699
ITEM_50361,ORD_10360,PROD_PWR_02,1,2199,2199
ITEM_50362,ORD_10361,PROD_PWR_04,1,899,899
ITEM_50363,ORD_10362,PROD_SCR_02,1,499,499
ITEM_50364,ORD_10363,PROD_CHG_02,1,1899,1899
ITEM_50365,ORD_10364,PROD_WATCH_03,1,1899,1899
ITEM_50366,ORD_10365,PROD_CHG_04,1,1499,1499
ITEM_50367,ORD_10366,PROD_SPK_04,1,3299,3299
ITEM_50368,ORD_10367,PROD_SCR_03,1,349,349
ITEM_50369,ORD_10368,PROD_SPK_04,1,3299,3299
ITEM_50370,ORD_10369,PROD_PWR_05,1,2799,2799
ITEM_50371,ORD_10370,PROD_EAR_05,1,1999,1999
ITEM_50372,ORD_10371,PROD_CASE_01,1,499,499
ITEM_50373,ORD_10372,PROD_EAR_03,1,3499,3499
ITEM_50374,ORD_10373,PROD_EAR_04,1,4299,4299
ITEM_50375,ORD_10374,PROD_SPK_04,1,3299,3299
ITEM_50376,ORD_10375,PROD_WATCH_05,1,6999,6999
ITEM_50377,ORD_10376,PROD_CHG_03,1,999,999
ITEM_50378,ORD_10377,PROD_SPK_04,1,3299,3299
ITEM_50379,ORD_10378,PROD_SCR_04,1,699,699
ITEM_50380,ORD_10379,PROD_SCR_04,1,699,699
ITEM_50381,ORD_10380,PROD_SCR_01,1,299,299
ITEM_50382,ORD_10381,PROD_EAR_03,1,3499,3499
ITEM_50383,ORD_10382,PROD_PWR_04,1,899,899
ITEM_50384,ORD_10383,PROD_PWR_01,1,1299,1299
ITEM_50385,ORD_10384,PROD_CHG_02,1,1899,1899
ITEM_50386,ORD_10385,PROD_SPK_05,1,4999,4999
ITEM_50387,ORD_10386,PROD_WATCH_05,1,6999,6999
ITEM_50388,ORD_10387,PROD_EAR_04,1,4299,4299
ITEM_50389,ORD_10388,PROD_CHG_03,1,999,999
ITEM_50390,ORD_10389,PROD_PWR_03,1,3299,3299
ITEM_50391,ORD_10390,PROD_EAR_01,1,1499,1499
ITEM_50392,ORD_10391,PROD_SPK_05,1,4999,4999
ITEM_50393,ORD_10392,PROD_WATCH_04,1,3999,3999
ITEM_50394,ORD_10393,PROD_PWR_04,1,899,899
ITEM_50395,ORD_10394,PROD_WATCH_01,1,2999,2999
ITEM_50396,ORD_10395,PROD_CASE_03,1,999,999
ITEM_50397,ORD_10396,PROD_SCR_03,1,349,349
ITEM_50398,ORD_10397,PROD_SCR_03,1,349,349
ITEM_50399,ORD_10398,PROD_EAR_05,1,1999,1999
ITEM_50400,ORD_10399,PROD_SPK_04,1,3299,3299
ITEM_50401,ORD_10400,PROD_SPK_02,1,3999,3999
ITEM_50402,ORD_10401,PROD_SPK_02,1,3999,3999
ITEM_50403,ORD_10402,PROD_SPK_03,1,1299,1299
ITEM_50404,ORD_10403,PROD_PWR_04,1,899,899
ITEM_50405,ORD_10404,PROD_CASE_04,1,599,599
ITEM_50406,ORD_10405,PROD_CASE_01,1,499,499
ITEM_50407,ORD_10406,PROD_SCR_02,1,499,499
ITEM_50408,ORD_10407,PROD_WATCH_04,1,3999,3999
ITEM_50409,ORD_10408,PROD_CHG_04,1,1499,1499
ITEM_50410,ORD_10409,PROD_SPK_02,1,3999,3999
ITEM_50411,ORD_10410,PROD_SCR_02,1,499,499
ITEM_50412,ORD_10411,PROD_WATCH_04,1,3999,3999
ITEM_50413,ORD_10412,PROD_EAR_01,1,1499,1499
ITEM_50414,ORD_10413,PROD_EAR_03,1,3499,3499
ITEM_50415,ORD_10414,PROD_SCR_04,1,699,699
ITEM_50416,ORD_10415,PROD_PWR_04,1,899,899
ITEM_50417,ORD_10416,PROD_SCR_04,1,699,699
ITEM_50418,ORD_10417,PROD_CHG_01,1,699,699
ITEM_50419,ORD_10418,PROD_SCR_02,1,499,499
ITEM_50420,ORD_10419,PROD_SPK_05,1,4999,4999
ITEM_50421,ORD_10420,PROD_WATCH_03,1,1899,1899
ITEM_50422,ORD_10421,PROD_EAR_02,1,2499,2499
ITEM_50423,ORD_10422,PROD_WATCH_05,1,6999,6999
ITEM_50424,ORD_10423,PROD_PWR_01,1,1299,1299
ITEM_50425,ORD_10424,PROD_EAR_04,1,4299,4299
ITEM_50426,ORD_10425,PROD_SPK_01,1,2499,2499
ITEM_50427,ORD_10426,PROD_SPK_05,1,4999,4999
ITEM_50428,ORD_10427,PROD_CASE_04,1,599,599
ITEM_50429,ORD_10428,PROD_SCR_04,1,699,699
ITEM_50430,ORD_10429,PROD_CHG_01,1,699,699
ITEM_50431,ORD_10430,PROD_EAR_02,1,2499,2499
ITEM_50432,ORD_10431,PROD_EAR_02,1,2499,2499
ITEM_50433,ORD_10432,PROD_PWR_01,1,1299,1299
ITEM_50434,ORD_10433,PROD_WATCH_04,1,3999,3999
ITEM_50435,ORD_10434,PROD_PWR_01,1,1299,1299
ITEM_50436,ORD_10435,PROD_CASE_01,1,499,499
ITEM_50437,ORD_10436,PROD_EAR_02,1,2499,2499
ITEM_50438,ORD_10437,PROD_PWR_02,1,2199,2199
ITEM_50439,ORD_10438,PROD_CHG_01,1,699,699
ITEM_50440,ORD_10439,PROD_CASE_03,1,999,999
ITEM_50441,ORD_10440,PROD_WATCH_01,1,2999,2999
ITEM_50442,ORD_10441,PROD_CHG_05,1,799,799
ITEM_50443,ORD_10442,PROD_SCR_05,1,249,249
ITEM_50444,ORD_10443,PROD_EAR_02,1,2499,2499
ITEM_50445,ORD_10444,PROD_EAR_02,1,2499,2499
ITEM_50446,ORD_10445,PROD_PWR_02,1,2199,2199
ITEM_50447,ORD_10446,PROD_PWR_04,1,899,899
ITEM_50448,ORD_10447,PROD_PWR_01,1,1299,1299
ITEM_50449,ORD_10448,PROD_PWR_05,1,2799,2799
ITEM_50450,ORD_10449,PROD_WATCH_01,1,2999,2999
ITEM_50451,ORD_10450,PROD_EAR_03,1,3499,3499
ITEM_50452,ORD_10451,PROD_WATCH_04,1,3999,3999
ITEM_50453,ORD_10452,PROD_SPK_01,1,2499,2499
ITEM_50454,ORD_10453,PROD_CHG_05,1,799,799
ITEM_50455,ORD_10454,PROD_SPK_03,1,1299,1299
ITEM_50456,ORD_10455,PROD_SPK_05,1,4999,4999
ITEM_50457,ORD_10456,PROD_SCR_01,1,299,299
ITEM_50458,ORD_10457,PROD_WATCH_03,1,1899,1899
ITEM_50459,ORD_10458,PROD_CHG_01,1,699,699
ITEM_50460,ORD_10459,PROD_SCR_04,1,699,699
ITEM_50461,ORD_10460,PROD_CHG_02,1,1899,1899
ITEM_50462,ORD_10461,PROD_EAR_02,1,2499,2499
ITEM_50463,ORD_10462,PROD_EAR_01,1,1499,1499
ITEM_50464,ORD_10463,PROD_EAR_01,1,1499,1499
ITEM_50465,ORD_10464,PROD_SPK_02,1,3999,3999
ITEM_50466,ORD_10465,PROD_EAR_05,1,1999,1999
ITEM_50467,ORD_10466,PROD_PWR_03,1,3299,3299
ITEM_50468,ORD_10467,PROD_CHG_03,1,999,999
ITEM_50469,ORD_10468,PROD_EAR_01,1,1499,1499
ITEM_50470,ORD_10469,PROD_CASE_03,1,999,999
ITEM_50471,ORD_10470,PROD_EAR_02,1,2499,2499
ITEM_50472,ORD_10471,PROD_CASE_03,1,999,999
ITEM_50473,ORD_10472,PROD_WATCH_05,1,6999,6999
ITEM_50474,ORD_10473,PROD_CHG_04,1,1499,1499
ITEM_50475,ORD_10474,PROD_CASE_04,1,599,599
ITEM_50476,ORD_10475,PROD_PWR_03,1,3299,3299
ITEM_50477,ORD_10476,PROD_CASE_01,1,499,499
ITEM_50478,ORD_10477,PROD_CASE_02,1,799,799
ITEM_50479,ORD_10478,PROD_EAR_05,1,1999,1999
ITEM_50480,ORD_10479,PROD_CASE_05,1,899,899
ITEM_50481,ORD_10480,PROD_CASE_03,1,999,999
ITEM_50482,ORD_10481,PROD_SPK_05,1,4999,4999
ITEM_50483,ORD_10482,PROD_SCR_05,1,249,249
ITEM_50484,ORD_10483,PROD_EAR_04,1,4299,4299
ITEM_50485,ORD_10484,PROD_PWR_03,1,3299,3299
ITEM_50486,ORD_10485,PROD_CHG_04,1,1499,1499
ITEM_50487,ORD_10486,PROD_CASE_05,1,899,899
ITEM_50488,ORD_10487,PROD_SCR_04,1,699,699
ITEM_50489,ORD_10488,PROD_CHG_02,1,1899,1899
ITEM_50490,ORD_10489,PROD_EAR_02,1,2499,2499
ITEM_50491,ORD_10490,PROD_EAR_05,1,1999,1999
ITEM_50492,ORD_10491,PROD_WATCH_05,1,6999,6999
ITEM_50493,ORD_10492,PROD_EAR_02,1,2499,2499
ITEM_50494,ORD_10493,PROD_CHG_02,1,1899,1899
ITEM_50495,ORD_10494,PROD_WATCH_01,1,2999,2999
ITEM_50496,ORD_10495,PROD_CHG_02,1,1899,1899
ITEM_50497,ORD_10496,PROD_SCR_04,1,699,699
ITEM_50498,ORD_10497,PROD_PWR_03,1,3299,3299
ITEM_50499,ORD_10498,PROD_CHG_01,1,699,699
ITEM_50500,ORD_10499,PROD_EAR_04,1,4299,4299
ITEM_50501,ORD_10500,PROD_SCR_03,1,349,349
ITEM_50502,ORD_10501,PROD_EAR_04,1,4299,4299
ITEM_50503,ORD_10502,PROD_PWR_02,1,2199,2199
ITEM_50504,ORD_10503,PROD_EAR_01,1,1499,1499
ITEM_50505,ORD_10504,PROD_SCR_03,1,349,349
ITEM_50506,ORD_10505,PROD_EAR_02,1,2499,2499
ITEM_50507,ORD_10506,PROD_CASE_03,1,999,999
ITEM_50508,ORD_10507,PROD_EAR_05,1,1999,1999
ITEM_50509,ORD_10508,PROD_PWR_04,1,899,899
ITEM_50510,ORD_10509,PROD_SCR_02,1,499,499
ITEM_50511,ORD_10510,PROD_CASE_02,1,799,799
ITEM_50512,ORD_10511,PROD_EAR_04,1,4299,4299
ITEM_50513,ORD_10512,PROD_SPK_03,1,1299,1299
ITEM_50514,ORD_10513,PROD_SPK_05,1,4999,4999
ITEM_50515,ORD_10514,PROD_CHG_02,1,1899,1899
ITEM_50516,ORD_10515,PROD_PWR_05,1,2799,2799
ITEM_50517,ORD_10516,PROD_EAR_04,1,4299,4299
ITEM_50518,ORD_10517,PROD_CASE_03,1,999,999
ITEM_50519,ORD_10518,PROD_SPK_01,1,2499,2499
ITEM_50520,ORD_10519,PROD_CHG_02,1,1899,1899
ITEM_50521,ORD_10520,PROD_WATCH_05,1,6999,6999
ITEM_50522,ORD_10521,PROD_SCR_05,1,249,249
ITEM_50523,ORD_10522,PROD_EAR_01,1,1499,1499
ITEM_50524,ORD_10523,PROD_SCR_05,1,249,249
ITEM_50525,ORD_10524,PROD_CHG_02,1,1899,1899
ITEM_50526,ORD_10525,PROD_CASE_02,1,799,799
ITEM_50527,ORD_10526,PROD_CHG_03,1,999,999
ITEM_50528,ORD_10527,PROD_WATCH_04,1,3999,3999
ITEM_50529,ORD_10528,PROD_CHG_04,1,1499,1499
ITEM_50530,ORD_10529,PROD_WATCH_04,1,3999,3999
ITEM_50531,ORD_10530,PROD_CASE_02,1,799,799
ITEM_50532,ORD_10531,PROD_CASE_02,1,799,799
ITEM_50533,ORD_10532,PROD_WATCH_02,1,5499,5499
ITEM_50534,ORD_10533,PROD_CHG_05,1,799,799
ITEM_50535,ORD_10534,PROD_CASE_04,1,599,599
ITEM_50536,ORD_10535,PROD_CHG_04,1,1499,1499
ITEM_50537,ORD_10536,PROD_SCR_03,1,349,349
ITEM_50538,ORD_10537,PROD_PWR_04,1,899,899
ITEM_50539,ORD_10538,PROD_CHG_04,1,1499,1499
ITEM_50540,ORD_10539,PROD_WATCH_01,1,2999,2999
ITEM_50541,ORD_10540,PROD_PWR_03,2,3299,6598
ITEM_50542,ORD_10541,PROD_SPK_02,2,3999,7998
ITEM_50543,ORD_10542,PROD_WATCH_04,1,3999,3999
ITEM_50544,ORD_10543,PROD_SPK_05,1,4999,4999
ITEM_50545,ORD_10544,PROD_SPK_02,2,3999,7998
ITEM_50546,ORD_10545,PROD_WATCH_01,2,2999,5998
ITEM_50547,ORD_10546,PROD_WATCH_04,2,3999,7998
ITEM_50548,ORD_10547,PROD_SPK_05,1,4999,4999
ITEM_50549,ORD_10548,PROD_PWR_03,2,3299,6598
ITEM_50550,ORD_10549,PROD_WATCH_02,1,5499,5499
ITEM_50551,ORD_10550,PROD_EAR_04,1,4299,4299
ITEM_50552,ORD_10551,PROD_PWR_03,1,3299,3299
ITEM_50553,ORD_10552,PROD_WATCH_02,2,5499,10998
ITEM_50554,ORD_10553,PROD_SPK_05,2,4999,9998
ITEM_50555,ORD_10554,PROD_EAR_04,2,4299,8598
ITEM_50556,ORD_10555,PROD_WATCH_01,1,2999,2999
ITEM_50557,ORD_10556,PROD_WATCH_05,1,6999,6999
ITEM_50558,ORD_10557,PROD_EAR_03,2,3499,6998
ITEM_50559,ORD_10558,PROD_PWR_03,2,3299,6598
ITEM_50560,ORD_10559,PROD_SPK_05,2,4999,9998
ITEM_50561,ORD_10560,PROD_SPK_05,2,4999,9998
ITEM_50562,ORD_10561,PROD_WATCH_01,2,2999,5998
ITEM_50563,ORD_10562,PROD_SPK_02,1,3999,3999
ITEM_50564,ORD_10563,PROD_EAR_04,2,4299,8598
ITEM_50565,ORD_10564,PROD_PWR_03,2,3299,6598
ITEM_50566,ORD_10565,PROD_WATCH_05,2,6999,13998
ITEM_50567,ORD_10566,PROD_SPK_05,1,4999,4999
ITEM_50568,ORD_10567,PROD_SPK_05,2,4999,9998
ITEM_50569,ORD_10568,PROD_WATCH_05,1,6999,6999
ITEM_50570,ORD_10569,PROD_EAR_04,2,4299,8598
ITEM_50571,ORD_10570,PROD_SPK_02,2,3999,7998
ITEM_50572,ORD_10571,PROD_SPK_02,2,3999,7998
ITEM_50573,ORD_10572,PROD_SPK_01,1,2499,2499
ITEM_50574,ORD_10573,PROD_EAR_04,1,4299,4299
ITEM_50575,ORD_10574,PROD_SPK_01,2,2499,4998
ITEM_50576,ORD_10575,PROD_WATCH_05,2,6999,13998
ITEM_50577,ORD_10576,PROD_SPK_01,2,2499,4998
ITEM_50578,ORD_10577,PROD_EAR_04,1,4299,4299
ITEM_50579,ORD_10578,PROD_SPK_04,2,3299,6598
ITEM_50580,ORD_10579,PROD_WATCH_02,2,5499,10998
ITEM_50581,ORD_10580,PROD_WATCH_05,1,6999,6999
ITEM_50582,ORD_10581,PROD_EAR_02,1,2499,2499
ITEM_50583,ORD_10582,PROD_EAR_04,1,4299,4299
ITEM_50584,ORD_10583,PROD_SPK_04,1,3299,3299
ITEM_50585,ORD_10584,PROD_PWR_03,2,3299,6598
ITEM_50586,ORD_10585,PROD_WATCH_04,1,3999,3999
ITEM_50587,ORD_10586,PROD_PWR_03,2,3299,6598
ITEM_50588,ORD_10587,PROD_WATCH_04,1,3999,3999
ITEM_50589,ORD_10588,PROD_WATCH_05,2,6999,13998
ITEM_50590,ORD_10589,PROD_WATCH_04,1,3999,3999
ITEM_50591,ORD_10590,PROD_WATCH_04,2,3999,7998
ITEM_50592,ORD_10591,PROD_PWR_05,2,2799,5598
ITEM_50593,ORD_10592,PROD_EAR_04,2,4299,8598
ITEM_50594,ORD_10593,PROD_WATCH_02,2,5499,10998
ITEM_50595,ORD_10594,PROD_SPK_01,1,2499,2499
ITEM_50596,ORD_10595,PROD_EAR_04,2,4299,8598
ITEM_50597,ORD_10596,PROD_EAR_03,1,3499,3499
ITEM_50598,ORD_10597,PROD_EAR_03,2,3499,6998
ITEM_50599,ORD_10598,PROD_SPK_05,2,4999,9998
ITEM_50600,ORD_10599,PROD_PWR_03,1,3299,3299
ITEM_50601,ORD_10600,PROD_SPK_04,2,3299,6598
ITEM_50602,ORD_10601,PROD_PWR_03,2,3299,6598
ITEM_50603,ORD_10602,PROD_SPK_04,1,3299,3299
ITEM_50604,ORD_10603,PROD_WATCH_04,2,3999,7998
ITEM_50605,ORD_10604,PROD_PWR_03,2,3299,6598
ITEM_50606,ORD_10605,PROD_EAR_04,1,4299,4299
ITEM_50607,ORD_10606,PROD_PWR_05,1,2799,2799
ITEM_50608,ORD_10607,PROD_EAR_03,1,3499,3499
ITEM_50609,ORD_10608,PROD_WATCH_01,1,2999,2999
ITEM_50610,ORD_10609,PROD_SPK_02,1,3999,3999
ITEM_50611,ORD_10610,PROD_SPK_02,1,3999,3999
ITEM_50612,ORD_10611,PROD_EAR_02,1,2499,2499
ITEM_50613,ORD_10612,PROD_PWR_03,1,3299,3299
ITEM_50614,ORD_10613,PROD_EAR_02,2,2499,4998
ITEM_50615,ORD_10614,PROD_PWR_03,1,3299,3299
ITEM_50616,ORD_10615,PROD_SPK_02,1,3999,3999
ITEM_50617,ORD_10616,PROD_WATCH_05,1,6999,6999
ITEM_50618,ORD_10617,PROD_PWR_03,1,3299,3299
ITEM_50619,ORD_10618,PROD_PWR_03,1,3299,3299
ITEM_50620,ORD_10619,PROD_EAR_02,2,2499,4998
ITEM_50621,ORD_10620,PROD_PWR_03,2,3299,6598
ITEM_50622,ORD_10621,PROD_PWR_05,2,2799,5598
ITEM_50623,ORD_10622,PROD_PWR_05,2,2799,5598
ITEM_50624,ORD_10623,PROD_SPK_01,1,2499,2499
ITEM_50625,ORD_10624,PROD_SPK_02,2,3999,7998
ITEM_50626,ORD_10625,PROD_WATCH_01,1,2999,2999
ITEM_50627,ORD_10626,PROD_SPK_02,2,3999,7998
ITEM_50628,ORD_10627,PROD_SPK_01,2,2499,4998
ITEM_50629,ORD_10628,PROD_PWR_03,1,3299,3299
ITEM_50630,ORD_10629,PROD_EAR_03,2,3499,6998
ITEM_50631,ORD_10630,PROD_PWR_03,1,3299,3299
ITEM_50632,ORD_10631,PROD_PWR_05,1,2799,2799
ITEM_50633,ORD_10632,PROD_EAR_02,1,2499,2499
ITEM_50634,ORD_10633,PROD_WATCH_01,1,2999,2999
ITEM_50635,ORD_10634,PROD_SPK_05,1,4999,4999
ITEM_50636,ORD_10635,PROD_PWR_05,1,2799,2799
ITEM_50637,ORD_10636,PROD_WATCH_01,1,2999,2999
ITEM_50638,ORD_10637,PROD_SPK_02,1,3999,3999
ITEM_50639,ORD_10638,PROD_SPK_01,2,2499,4998
ITEM_50640,ORD_10639,PROD_SPK_02,1,3999,3999
ITEM_50641,ORD_10640,PROD_PWR_03,1,3299,3299
ITEM_50642,ORD_10641,PROD_EAR_03,1,3499,3499
ITEM_50643,ORD_10642,PROD_PWR_03,1,3299,3299
ITEM_50644,ORD_10643,PROD_WATCH_04,2,3999,7998
ITEM_50645,ORD_10644,PROD_WATCH_02,1,5499,5499
ITEM_50646,ORD_10645,PROD_SPK_01,2,2499,4998
ITEM_50647,ORD_10646,PROD_SPK_05,2,4999,9998
ITEM_50648,ORD_10647,PROD_EAR_04,2,4299,8598
ITEM_50649,ORD_10648,PROD_SPK_04,2,3299,6598
ITEM_50650,ORD_10649,PROD_EAR_02,2,2499,4998
ITEM_50651,ORD_10650,PROD_PWR_05,1,2799,2799
ITEM_50652,ORD_10651,PROD_WATCH_02,2,5499,10998
ITEM_50653,ORD_10652,PROD_WATCH_05,2,6999,13998
ITEM_50654,ORD_10653,PROD_WATCH_04,1,3999,3999
ITEM_50655,ORD_10654,PROD_WATCH_05,2,6999,13998
ITEM_50656,ORD_10655,PROD_SPK_04,2,3299,6598
ITEM_50657,ORD_10656,PROD_SPK_01,1,2499,2499
ITEM_50658,ORD_10657,PROD_EAR_03,2,3499,6998
ITEM_50659,ORD_10658,PROD_WATCH_02,2,5499,10998
ITEM_50660,ORD_10659,PROD_WATCH_04,2,3999,7998
ITEM_50661,ORD_10660,PROD_WATCH_02,1,5499,5499
ITEM_50662,ORD_10661,PROD_WATCH_01,1,2999,2999
ITEM_50663,ORD_10662,PROD_PWR_05,2,2799,5598
ITEM_50664,ORD_10663,PROD_SPK_01,1,2499,2499
ITEM_50665,ORD_10664,PROD_SPK_02,2,3999,7998
ITEM_50666,ORD_10665,PROD_EAR_03,1,3499,3499
ITEM_50667,ORD_10666,PROD_SPK_04,2,3299,6598
ITEM_50668,ORD_10667,PROD_WATCH_02,2,5499,10998
ITEM_50669,ORD_10668,PROD_SPK_04,1,3299,3299
ITEM_50670,ORD_10669,PROD_SPK_05,2,4999,9998
ITEM_50671,ORD_10670,PROD_SPK_04,2,3299,6598
ITEM_50672,ORD_10671,PROD_WATCH_04,1,3999,3999
ITEM_50673,ORD_10672,PROD_WATCH_02,2,5499,10998
ITEM_50674,ORD_10673,PROD_EAR_04,1,4299,4299
ITEM_50675,ORD_10674,PROD_PWR_03,2,3299,6598
ITEM_50676,ORD_10675,PROD_SPK_01,1,2499,2499
ITEM_50677,ORD_10676,PROD_EAR_04,1,4299,4299
ITEM_50678,ORD_10677,PROD_SPK_02,1,3999,3999
ITEM_50679,ORD_10678,PROD_EAR_03,2,3499,6998
ITEM_50680,ORD_10679,PROD_EAR_02,1,2499,2499
ITEM_50681,ORD_10680,PROD_EAR_03,1,3499,3499
ITEM_50682,ORD_10681,PROD_SPK_02,1,3999,3999
ITEM_50683,ORD_10682,PROD_EAR_02,2,2499,4998
ITEM_50684,ORD_10683,PROD_WATCH_04,2,3999,7998
ITEM_50685,ORD_10684,PROD_WATCH_01,2,2999,5998
ITEM_50686,ORD_10685,PROD_SPK_02,2,3999,7998
ITEM_50687,ORD_10686,PROD_WATCH_01,1,2999,2999
ITEM_50688,ORD_10687,PROD_SPK_04,1,3299,3299
ITEM_50689,ORD_10688,PROD_WATCH_05,2,6999,13998
ITEM_50690,ORD_10689,PROD_WATCH_04,2,3999,7998
ITEM_50691,ORD_10690,PROD_EAR_02,2,2499,4998
ITEM_50692,ORD_10691,PROD_EAR_02,2,2499,4998
ITEM_50693,ORD_10692,PROD_WATCH_04,2,3999,7998
ITEM_50694,ORD_10693,PROD_WATCH_01,2,2999,5998
ITEM_50695,ORD_10694,PROD_EAR_03,2,3499,6998
ITEM_50696,ORD_10695,PROD_EAR_04,1,4299,4299
ITEM_50697,ORD_10696,PROD_PWR_05,2,2799,5598
ITEM_50698,ORD_10697,PROD_WATCH_04,1,3999,3999
ITEM_50699,ORD_10698,PROD_SPK_02,1,3999,3999
ITEM_50700,ORD_10699,PROD_EAR_04,2,4299,8598
ITEM_50701,ORD_10700,PROD_SPK_04,2,3299,6598
ITEM_50702,ORD_10701,PROD_SPK_02,1,3999,3999
ITEM_50703,ORD_10702,PROD_EAR_03,2,3499,6998
ITEM_50704,ORD_10703,PROD_SPK_01,1,2499,2499
ITEM_50705,ORD_10704,PROD_SPK_04,2,3299,6598
ITEM_50706,ORD_10705,PROD_WATCH_02,1,5499,5499
ITEM_50707,ORD_10706,PROD_EAR_03,1,3499,3499
ITEM_50708,ORD_10707,PROD_PWR_03,1,3299,3299
ITEM_50709,ORD_10708,PROD_WATCH_01,2,2999,5998
ITEM_50710,ORD_10709,PROD_EAR_02,1,2499,2499
ITEM_50711,ORD_10710,PROD_WATCH_01,1,2999,2999
ITEM_50712,ORD_10711,PROD_PWR_03,1,3299,3299
ITEM_50713,ORD_10712,PROD_WATCH_04,2,3999,7998
ITEM_50714,ORD_10713,PROD_PWR_03,2,3299,6598
ITEM_50715,ORD_10714,PROD_PWR_05,1,2799,2799
ITEM_50716,ORD_10715,PROD_SPK_04,1,3299,3299
ITEM_50717,ORD_10716,PROD_SPK_04,1,3299,3299
ITEM_50718,ORD_10717,PROD_WATCH_04,1,3999,3999
ITEM_50719,ORD_10718,PROD_EAR_02,2,2499,4998
ITEM_50720,ORD_10719,PROD_SPK_04,1,3299,3299
ITEM_50721,ORD_10720,PROD_SPK_05,1,4999,4999
ITEM_50722,ORD_10721,PROD_SPK_02,1,3999,3999
ITEM_50723,ORD_10722,PROD_WATCH_02,2,5499,10998
ITEM_50724,ORD_10723,PROD_EAR_03,2,3499,6998
ITEM_50725,ORD_10724,PROD_WATCH_05,2,6999,13998
ITEM_50726,ORD_10725,PROD_SPK_05,1,4999,4999
ITEM_50727,ORD_10726,PROD_EAR_04,1,4299,4299
ITEM_50728,ORD_10727,PROD_EAR_04,1,4299,4299
ITEM_50729,ORD_10728,PROD_SPK_04,1,3299,3299
ITEM_50730,ORD_10729,PROD_SPK_02,1,3999,3999
ITEM_50731,ORD_10730,PROD_EAR_04,1,4299,4299
ITEM_50732,ORD_10731,PROD_EAR_02,1,2499,2499
ITEM_50733,ORD_10732,PROD_WATCH_02,1,5499,5499
ITEM_50734,ORD_10733,PROD_EAR_02,1,2499,2499
ITEM_50735,ORD_10734,PROD_SPK_04,1,3299,3299
ITEM_50736,ORD_10735,PROD_SPK_04,1,3299,3299
ITEM_50737,ORD_10736,PROD_PWR_05,2,2799,5598
ITEM_50738,ORD_10737,PROD_EAR_03,1,3499,3499
ITEM_50739,ORD_10738,PROD_WATCH_05,1,6999,6999
ITEM_50740,ORD_10739,PROD_WATCH_04,2,3999,7998
ITEM_50741,ORD_10740,PROD_SPK_01,1,2499,2499
ITEM_50742,ORD_10741,PROD_WATCH_02,2,5499,10998
ITEM_50743,ORD_10742,PROD_EAR_03,1,3499,3499
ITEM_50744,ORD_10743,PROD_WATCH_02,2,5499,10998
ITEM_50745,ORD_10744,PROD_SPK_04,1,3299,3299
ITEM_50746,ORD_10745,PROD_SPK_01,1,2499,2499
ITEM_50747,ORD_10746,PROD_WATCH_01,1,2999,2999
ITEM_50748,ORD_10747,PROD_SPK_02,1,3999,3999
ITEM_50749,ORD_10748,PROD_SPK_05,1,4999,4999
ITEM_50750,ORD_10749,PROD_WATCH_01,1,2999,2999
ITEM_50751,ORD_10750,PROD_PWR_05,1,2799,2799
ITEM_50752,ORD_10751,PROD_SPK_02,2,3999,7998
ITEM_50753,ORD_10752,PROD_WATCH_01,2,2999,5998
ITEM_50754,ORD_10753,PROD_SPK_04,1,3299,3299
ITEM_50755,ORD_10754,PROD_EAR_02,1,2499,2499
ITEM_50756,ORD_10755,PROD_SPK_01,1,2499,2499
ITEM_50757,ORD_10756,PROD_SPK_04,2,3299,6598
ITEM_50758,ORD_10757,PROD_WATCH_02,1,5499,5499
ITEM_50759,ORD_10758,PROD_SPK_02,2,3999,7998
ITEM_50760,ORD_10759,PROD_EAR_03,2,3499,6998
ITEM_50761,ORD_10760,PROD_SPK_04,2,3299,6598
ITEM_50762,ORD_10761,PROD_WATCH_05,1,6999,6999
ITEM_50763,ORD_10762,PROD_SPK_05,2,4999,9998
ITEM_50764,ORD_10763,PROD_EAR_03,2,3499,6998
ITEM_50765,ORD_10764,PROD_WATCH_05,2,6999,13998
ITEM_50766,ORD_10765,PROD_WATCH_01,2,2999,5998
ITEM_50767,ORD_10766,PROD_PWR_05,1,2799,2799
ITEM_50768,ORD_10767,PROD_EAR_03,1,3499,3499
ITEM_50769,ORD_10768,PROD_PWR_05,2,2799,5598
ITEM_50770,ORD_10769,PROD_SPK_01,2,2499,4998
ITEM_50771,ORD_10770,PROD_EAR_02,1,2499,2499
ITEM_50772,ORD_10771,PROD_WATCH_01,2,2999,5998
ITEM_50773,ORD_10772,PROD_EAR_02,1,2499,2499
ITEM_50774,ORD_10773,PROD_SPK_01,2,2499,4998
ITEM_50775,ORD_10774,PROD_SPK_04,1,3299,3299
ITEM_50776,ORD_10775,PROD_WATCH_04,1,3999,3999
ITEM_50777,ORD_10776,PROD_WATCH_05,2,6999,13998
ITEM_50778,ORD_10777,PROD_PWR_03,2,3299,6598
ITEM_50779,ORD_10778,PROD_WATCH_02,2,5499,10998
ITEM_50780,ORD_10779,PROD_SPK_04,1,3299,3299
ITEM_50781,ORD_10780,PROD_EAR_03,2,3499,6998
ITEM_50782,ORD_10781,PROD_EAR_02,2,2499,4998
ITEM_50783,ORD_10782,PROD_WATCH_04,2,3999,7998
ITEM_50784,ORD_10783,PROD_WATCH_05,1,6999,6999
ITEM_50785,ORD_10784,PROD_SPK_04,1,3299,3299
ITEM_50786,ORD_10785,PROD_SPK_04,2,3299,6598
ITEM_50787,ORD_10786,PROD_WATCH_05,1,6999,6999
ITEM_50788,ORD_10787,PROD_SPK_05,1,4999,4999
ITEM_50789,ORD_10788,PROD_EAR_04,2,4299,8598
ITEM_50790,ORD_10789,PROD_EAR_04,2,4299,8598
ITEM_50791,ORD_10790,PROD_WATCH_05,1,6999,6999
ITEM_50792,ORD_10791,PROD_PWR_05,1,2799,2799
ITEM_50793,ORD_10792,PROD_WATCH_02,1,5499,5499
ITEM_50794,ORD_10793,PROD_EAR_02,2,2499,4998
ITEM_50795,ORD_10794,PROD_WATCH_01,1,2999,2999
ITEM_50796,ORD_10795,PROD_WATCH_01,1,2999,2999
ITEM_50797,ORD_10796,PROD_WATCH_02,2,5499,10998
ITEM_50798,ORD_10797,PROD_PWR_03,1,3299,3299
ITEM_50799,ORD_10798,PROD_EAR_03,2,3499,6998
ITEM_50800,ORD_10799,PROD_PWR_05,1,2799,2799
ITEM_50801,ORD_10800,PROD_WATCH_01,2,2999,5998
ITEM_50802,ORD_10801,PROD_EAR_03,2,3499,6998
ITEM_50803,ORD_10802,PROD_EAR_04,2,4299,8598
ITEM_50804,ORD_10803,PROD_SPK_04,1,3299,3299
ITEM_50805,ORD_10804,PROD_EAR_04,2,4299,8598
ITEM_50806,ORD_10805,PROD_EAR_02,1,2499,2499
ITEM_50807,ORD_10806,PROD_PWR_05,1,2799,2799
ITEM_50808,ORD_10807,PROD_SPK_05,1,4999,4999
ITEM_50809,ORD_10808,PROD_WATCH_02,2,5499,10998
ITEM_50810,ORD_10809,PROD_EAR_02,1,2499,2499
ITEM_50811,ORD_10810,PROD_SPK_05,1,4999,4999
ITEM_50812,ORD_10811,PROD_SPK_01,1,2499,2499
ITEM_50813,ORD_10812,PROD_WATCH_04,1,3999,3999
ITEM_50814,ORD_10813,PROD_SPK_04,1,3299,3299
ITEM_50815,ORD_10814,PROD_PWR_05,1,2799,2799
ITEM_50816,ORD_10815,PROD_WATCH_04,1,3999,3999
ITEM_50817,ORD_10816,PROD_EAR_04,1,4299,4299
ITEM_50818,ORD_10817,PROD_PWR_03,1,3299,3299
ITEM_50819,ORD_10818,PROD_PWR_03,1,3299,3299
ITEM_50820,ORD_10819,PROD_EAR_03,1,3499,3499
ITEM_50821,ORD_10820,PROD_SPK_04,1,3299,3299
ITEM_50822,ORD_10821,PROD_EAR_02,2,2499,4998
ITEM_50823,ORD_10822,PROD_PWR_05,2,2799,5598
ITEM_50824,ORD_10823,PROD_PWR_03,2,3299,6598
ITEM_50825,ORD_10824,PROD_EAR_02,2,2499,4998
ITEM_50826,ORD_10825,PROD_SPK_01,1,2499,2499
ITEM_50827,ORD_10826,PROD_WATCH_01,2,2999,5998
ITEM_50828,ORD_10827,PROD_EAR_02,1,2499,2499
ITEM_50829,ORD_10828,PROD_WATCH_01,2,2999,5998
ITEM_50830,ORD_10829,PROD_SPK_01,2,2499,4998
ITEM_50831,ORD_10830,PROD_SPK_02,1,3999,3999
ITEM_50832,ORD_10831,PROD_PWR_03,1,3299,3299
ITEM_50833,ORD_10832,PROD_WATCH_05,2,6999,13998
ITEM_50834,ORD_10833,PROD_PWR_03,1,3299,3299
ITEM_50835,ORD_10834,PROD_WATCH_05,2,6999,13998
ITEM_50836,ORD_10835,PROD_SPK_02,1,3999,3999
ITEM_50837,ORD_10836,PROD_WATCH_05,1,6999,6999
ITEM_50838,ORD_10837,PROD_EAR_04,2,4299,8598
ITEM_50839,ORD_10838,PROD_SPK_04,1,3299,3299
ITEM_50840,ORD_10839,PROD_SPK_02,1,3999,3999
ITEM_50841,ORD_10840,PROD_WATCH_02,2,5499,10998
ITEM_50842,ORD_10841,PROD_EAR_04,1,4299,4299
ITEM_50843,ORD_10842,PROD_SPK_04,1,3299,3299
ITEM_50844,ORD_10843,PROD_SPK_04,2,3299,6598
ITEM_50845,ORD_10844,PROD_SPK_04,2,3299,6598
ITEM_50846,ORD_10845,PROD_EAR_02,1,2499,2499
ITEM_50847,ORD_10846,PROD_PWR_05,1,2799,2799
ITEM_50848,ORD_10847,PROD_SPK_02,1,3999,3999
ITEM_50849,ORD_10848,PROD_SPK_02,2,3999,7998
ITEM_50850,ORD_10849,PROD_EAR_03,2,3499,6998
ITEM_50851,ORD_10850,PROD_SPK_01,2,2499,4998
ITEM_50852,ORD_10851,PROD_EAR_02,2,2499,4998
ITEM_50853,ORD_10852,PROD_PWR_05,1,2799,2799
ITEM_50854,ORD_10853,PROD_SPK_01,1,2499,2499
ITEM_50855,ORD_10854,PROD_SPK_02,2,3999,7998
ITEM_50856,ORD_10855,PROD_PWR_03,2,3299,6598
ITEM_50857,ORD_10856,PROD_SPK_01,2,2499,4998
ITEM_50858,ORD_10857,PROD_SPK_04,2,3299,6598
ITEM_50859,ORD_10858,PROD_WATCH_04,1,3999,3999
ITEM_50860,ORD_10859,PROD_SPK_01,2,2499,4998
ITEM_50861,ORD_10860,PROD_EAR_02,2,2499,4998
ITEM_50862,ORD_10861,PROD_WATCH_02,1,5499,5499
ITEM_50863,ORD_10862,PROD_PWR_03,2,3299,6598
ITEM_50864,ORD_10863,PROD_WATCH_05,1,6999,6999
ITEM_50865,ORD_10864,PROD_SPK_01,1,2499,2499
ITEM_50866,ORD_10865,PROD_EAR_02,1,2499,2499
ITEM_50867,ORD_10866,PROD_PWR_05,1,2799,2799
ITEM_50868,ORD_10867,PROD_EAR_02,1,2499,2499
ITEM_50869,ORD_10868,PROD_SPK_04,1,3299,3299
ITEM_50870,ORD_10869,PROD_SPK_01,2,2499,4998
ITEM_50871,ORD_10870,PROD_EAR_04,1,4299,4299
ITEM_50872,ORD_10871,PROD_SPK_02,1,3999,3999
ITEM_50873,ORD_10872,PROD_WATCH_05,2,6999,13998
ITEM_50874,ORD_10873,PROD_EAR_02,1,2499,2499
ITEM_50875,ORD_10874,PROD_EAR_04,2,4299,8598
ITEM_50876,ORD_10875,PROD_SPK_02,2,3999,7998
ITEM_50877,ORD_10876,PROD_EAR_03,2,3499,6998
ITEM_50878,ORD_10877,PROD_PWR_05,2,2799,5598
ITEM_50879,ORD_10878,PROD_WATCH_01,1,2999,2999
ITEM_50880,ORD_10879,PROD_WATCH_02,2,5499,10998
ITEM_50881,ORD_10880,PROD_EAR_04,1,4299,4299
ITEM_50882,ORD_10881,PROD_CASE_03,1,999,999
ITEM_50883,ORD_10882,PROD_EAR_03,1,3499,3499
ITEM_50884,ORD_10883,PROD_CASE_01,1,499,499
ITEM_50885,ORD_10884,PROD_EAR_02,1,2499,2499
ITEM_50886,ORD_10885,PROD_CASE_04,1,599,599
ITEM_50887,ORD_10886,PROD_EAR_01,1,1499,1499
ITEM_50888,ORD_10887,PROD_CASE_03,1,999,999
ITEM_50889,ORD_10888,PROD_EAR_03,1,3499,3499
ITEM_50890,ORD_10889,PROD_CASE_03,1,999,999
ITEM_50891,ORD_10890,PROD_EAR_04,1,4299,4299
ITEM_50892,ORD_10891,PROD_CASE_03,1,999,999
ITEM_50893,ORD_10892,PROD_EAR_04,1,4299,4299
ITEM_50894,ORD_10893,PROD_CASE_05,1,899,899
ITEM_50895,ORD_10894,PROD_EAR_05,1,1999,1999
ITEM_50896,ORD_10895,PROD_CASE_01,1,499,499
ITEM_50897,ORD_10896,PROD_EAR_05,1,1999,1999
ITEM_50898,ORD_10897,PROD_CASE_02,1,799,799
ITEM_50899,ORD_10898,PROD_EAR_02,1,2499,2499
ITEM_50900,ORD_10899,PROD_CASE_04,1,599,599
ITEM_50901,ORD_10900,PROD_EAR_01,1,1499,1499
ITEM_50902,ORD_10901,PROD_CASE_03,1,999,999
ITEM_50903,ORD_10902,PROD_EAR_05,1,1999,1999
ITEM_50904,ORD_10903,PROD_CASE_02,1,799,799
ITEM_50905,ORD_10904,PROD_EAR_01,1,1499,1499
ITEM_50906,ORD_10905,PROD_CASE_01,1,499,499
ITEM_50907,ORD_10906,PROD_EAR_03,1,3499,3499
ITEM_50908,ORD_10907,PROD_CASE_01,1,499,499
ITEM_50909,ORD_10908,PROD_EAR_02,1,2499,2499
ITEM_50910,ORD_10909,PROD_CASE_02,1,799,799
ITEM_50911,ORD_10910,PROD_EAR_01,1,1499,1499
ITEM_50912,ORD_10911,PROD_CASE_02,1,799,799
ITEM_50913,ORD_10912,PROD_EAR_02,1,2499,2499
ITEM_50914,ORD_10913,PROD_CASE_04,1,599,599
ITEM_50915,ORD_10914,PROD_EAR_04,1,4299,4299
ITEM_50916,ORD_10915,PROD_CASE_01,1,499,499
ITEM_50917,ORD_10916,PROD_EAR_01,1,1499,1499
ITEM_50918,ORD_10917,PROD_CASE_02,1,799,799
ITEM_50919,ORD_10918,PROD_EAR_04,1,4299,4299
ITEM_50920,ORD_10919,PROD_CASE_03,1,999,999
ITEM_50921,ORD_10920,PROD_EAR_03,1,3499,3499
ITEM_50922,ORD_10921,PROD_CASE_02,1,799,799
ITEM_50923,ORD_10922,PROD_EAR_05,1,1999,1999
ITEM_50924,ORD_10923,PROD_CASE_04,1,599,599
ITEM_50925,ORD_10924,PROD_EAR_02,1,2499,2499
ITEM_50926,ORD_10925,PROD_CASE_05,1,899,899
ITEM_50927,ORD_10926,PROD_EAR_04,1,4299,4299
ITEM_50928,ORD_10927,PROD_CASE_02,1,799,799
ITEM_50929,ORD_10928,PROD_EAR_04,1,4299,4299
ITEM_50930,ORD_10929,PROD_CASE_01,1,499,499
ITEM_50931,ORD_10930,PROD_EAR_05,1,1999,1999
ITEM_50932,ORD_10931,PROD_CASE_03,1,999,999
ITEM_50933,ORD_10932,PROD_EAR_01,1,1499,1499
ITEM_50934,ORD_10933,PROD_CASE_01,1,499,499
ITEM_50935,ORD_10934,PROD_EAR_05,1,1999,1999
ITEM_50936,ORD_10935,PROD_CASE_03,1,999,999
ITEM_50937,ORD_10936,PROD_EAR_05,1,1999,1999
ITEM_50938,ORD_10937,PROD_CASE_01,1,499,499
ITEM_50939,ORD_10938,PROD_EAR_01,1,1499,1499
ITEM_50940,ORD_10939,PROD_CASE_03,1,999,999
ITEM_50941,ORD_10940,PROD_EAR_02,1,2499,2499
ITEM_50942,ORD_10941,PROD_CASE_02,1,799,799
ITEM_50943,ORD_10942,PROD_EAR_03,1,3499,3499
ITEM_50944,ORD_10943,PROD_CASE_05,1,899,899
ITEM_50945,ORD_10944,PROD_EAR_05,1,1999,1999
ITEM_50946,ORD_10945,PROD_CASE_01,1,499,499
ITEM_50947,ORD_10946,PROD_EAR_02,1,2499,2499
ITEM_50948,ORD_10947,PROD_CASE_01,1,499,499
ITEM_50949,ORD_10948,PROD_EAR_02,1,2499,2499
ITEM_50950,ORD_10949,PROD_CASE_05,1,899,899
ITEM_50951,ORD_10950,PROD_EAR_05,1,1999,1999
ITEM_50952,ORD_10951,PROD_CASE_03,1,999,999
ITEM_50953,ORD_10952,PROD_EAR_05,1,1999,1999
ITEM_50954,ORD_10953,PROD_CASE_02,1,799,799
ITEM_50955,ORD_10954,PROD_EAR_05,1,1999,1999
ITEM_50956,ORD_10955,PROD_CASE_04,1,599,599
ITEM_50957,ORD_10956,PROD_EAR_02,1,2499,2499
ITEM_50958,ORD_10957,PROD_CASE_04,1,599,599
ITEM_50959,ORD_10958,PROD_EAR_03,1,3499,3499
ITEM_50960,ORD_10959,PROD_CASE_01,1,499,499
ITEM_50961,ORD_10960,PROD_EAR_03,1,3499,3499
ITEM_50962,ORD_10961,PROD_CASE_02,1,799,799
ITEM_50963,ORD_10962,PROD_EAR_03,1,3499,3499
ITEM_50964,ORD_10963,PROD_CASE_02,1,799,799
ITEM_50965,ORD_10964,PROD_EAR_04,1,4299,4299
ITEM_50966,ORD_10965,PROD_CASE_04,1,599,599
ITEM_50967,ORD_10966,PROD_EAR_02,1,2499,2499
ITEM_50968,ORD_10967,PROD_CASE_05,1,899,899
ITEM_50969,ORD_10968,PROD_EAR_01,1,1499,1499
ITEM_50970,ORD_10969,PROD_CASE_04,1,599,599
ITEM_50971,ORD_10970,PROD_EAR_05,1,1999,1999
ITEM_50972,ORD_10971,PROD_CASE_05,1,899,899
ITEM_50973,ORD_10972,PROD_EAR_01,1,1499,1499
ITEM_50974,ORD_10973,PROD_CASE_05,1,899,899
ITEM_50975,ORD_10974,PROD_EAR_02,1,2499,2499
ITEM_50976,ORD_10975,PROD_CASE_03,1,999,999
ITEM_50977,ORD_10976,PROD_EAR_05,1,1999,1999
ITEM_50978,ORD_10977,PROD_CASE_02,1,799,799
ITEM_50979,ORD_10978,PROD_EAR_04,1,4299,4299
ITEM_50980,ORD_10979,PROD_CASE_03,1,999,999
ITEM_50981,ORD_10980,PROD_EAR_03,1,3499,3499
ITEM_50982,ORD_10981,PROD_CASE_04,1,599,599
ITEM_50983,ORD_10982,PROD_EAR_04,1,4299,4299
ITEM_50984,ORD_10983,PROD_CASE_04,1,599,599
ITEM_50985,ORD_10984,PROD_EAR_03,1,3499,3499
ITEM_50986,ORD_10985,PROD_CASE_04,1,599,599
ITEM_50987,ORD_10986,PROD_EAR_04,1,4299,4299
ITEM_50988,ORD_10987,PROD_CASE_02,1,799,799
ITEM_50989,ORD_10988,PROD_EAR_03,1,3499,3499
ITEM_50990,ORD_10989,PROD_CASE_02,1,799,799
ITEM_50991,ORD_10990,PROD_EAR_04,1,4299,4299
ITEM_50992,ORD_10991,PROD_CASE_04,1,599,599
ITEM_50993,ORD_10992,PROD_EAR_03,1,3499,3499
ITEM_50994,ORD_10993,PROD_CASE_04,1,599,599
ITEM_50995,ORD_10994,PROD_EAR_02,1,2499,2499
ITEM_50996,ORD_10995,PROD_CASE_04,1,599,599
ITEM_50997,ORD_10996,PROD_EAR_02,1,2499,2499
ITEM_50998,ORD_10997,PROD_CASE_05,1,899,899
ITEM_50999,ORD_10998,PROD_EAR_05,1,1999,1999
ITEM_51000,ORD_10999,PROD_CASE_05,1,899,899
ITEM_51001,ORD_11000,PROD_EAR_03,1,3499,3499
ITEM_51002,ORD_11001,PROD_CASE_02,1,799,799
ITEM_51003,ORD_11002,PROD_EAR_04,1,4299,4299
ITEM_51004,ORD_11003,PROD_CASE_03,1,999,999
ITEM_51005,ORD_11004,PROD_EAR_04,1,4299,4299
ITEM_51006,ORD_11005,PROD_CASE_01,1,499,499
ITEM_51007,ORD_11006,PROD_EAR_02,1,2499,2499
ITEM_51008,ORD_11007,PROD_CASE_05,1,899,899
ITEM_51009,ORD_11008,PROD_EAR_03,1,3499,3499
ITEM_51010,ORD_11009,PROD_CASE_01,1,499,499
ITEM_51011,ORD_11010,PROD_EAR_01,1,1499,1499
ITEM_51012,ORD_11011,PROD_CASE_01,1,499,499
ITEM_51013,ORD_11012,PROD_EAR_04,1,4299,4299
ITEM_51014,ORD_11013,PROD_CASE_03,1,999,999
ITEM_51015,ORD_11014,PROD_EAR_05,1,1999,1999
ITEM_51016,ORD_11015,PROD_CASE_04,1,599,599
ITEM_51017,ORD_11016,PROD_EAR_02,1,2499,2499
ITEM_51018,ORD_11017,PROD_CASE_05,1,899,899
ITEM_51019,ORD_11018,PROD_EAR_03,1,3499,3499
ITEM_51020,ORD_11019,PROD_CASE_05,1,899,899
ITEM_51021,ORD_11020,PROD_EAR_01,1,1499,1499
ITEM_51022,ORD_11021,PROD_CASE_04,1,599,599
ITEM_51023,ORD_11022,PROD_EAR_05,1,1999,1999
ITEM_51024,ORD_11023,PROD_CASE_05,1,899,899
ITEM_51025,ORD_11024,PROD_EAR_03,1,3499,3499
ITEM_51026,ORD_11025,PROD_CASE_04,1,599,599
ITEM_51027,ORD_11026,PROD_EAR_01,1,1499,1499
ITEM_51028,ORD_11027,PROD_CASE_03,1,999,999
ITEM_51029,ORD_11028,PROD_EAR_04,1,4299,4299
ITEM_51030,ORD_11029,PROD_CASE_05,1,899,899
ITEM_51031,ORD_11030,PROD_EAR_03,1,3499,3499
ITEM_51032,ORD_11031,PROD_CASE_01,1,499,499
ITEM_51033,ORD_11032,PROD_EAR_01,1,1499,1499
ITEM_51034,ORD_11033,PROD_CASE_05,1,899,899
ITEM_51035,ORD_11034,PROD_EAR_03,1,3499,3499
ITEM_51036,ORD_11035,PROD_CASE_04,1,599,599
ITEM_51037,ORD_11036,PROD_EAR_04,1,4299,4299
ITEM_51038,ORD_11037,PROD_CASE_01,1,499,499
ITEM_51039,ORD_11038,PROD_EAR_02,1,2499,2499
ITEM_51040,ORD_11039,PROD_CASE_04,1,599,599
ITEM_51041,ORD_11040,PROD_EAR_02,1,2499,2499
ITEM_51042,ORD_11041,PROD_CASE_02,1,799,799
ITEM_51043,ORD_11042,PROD_EAR_05,1,1999,1999
ITEM_51044,ORD_11043,PROD_CASE_02,1,799,799
ITEM_51045,ORD_11044,PROD_EAR_01,1,1499,1499
ITEM_51046,ORD_11045,PROD_CASE_01,1,499,499
ITEM_51047,ORD_11046,PROD_EAR_02,1,2499,2499
ITEM_51048,ORD_11047,PROD_CASE_01,1,499,499
ITEM_51049,ORD_11048,PROD_EAR_01,1,1499,1499
ITEM_51050,ORD_11049,PROD_CASE_03,1,999,999
ITEM_51051,ORD_11050,PROD_EAR_02,1,2499,2499
ITEM_51052,ORD_11051,PROD_CASE_02,1,799,799
ITEM_51053,ORD_11052,PROD_EAR_03,1,3499,3499
ITEM_51054,ORD_11053,PROD_CASE_01,1,499,499
ITEM_51055,ORD_11054,PROD_EAR_05,1,1999,1999
ITEM_51056,ORD_11055,PROD_CASE_05,1,899,899
ITEM_51057,ORD_11056,PROD_EAR_02,1,2499,2499
ITEM_51058,ORD_11057,PROD_CASE_01,1,499,499
ITEM_51059,ORD_11058,PROD_EAR_03,1,3499,3499
ITEM_51060,ORD_11059,PROD_CASE_04,1,599,599
ITEM_51061,ORD_11060,PROD_EAR_01,1,1499,1499
ITEM_51062,ORD_11061,PROD_CASE_04,1,599,599
ITEM_51063,ORD_11062,PROD_EAR_04,1,4299,4299
ITEM_51064,ORD_11063,PROD_CASE_01,1,499,499
ITEM_51065,ORD_11064,PROD_EAR_05,1,1999,1999
ITEM_51066,ORD_11065,PROD_CASE_03,1,999,999
ITEM_51067,ORD_11066,PROD_EAR_05,1,1999,1999
ITEM_51068,ORD_11067,PROD_CASE_05,1,899,899
ITEM_51069,ORD_11068,PROD_EAR_01,1,1499,1499
ITEM_51070,ORD_11069,PROD_CASE_05,1,899,899
ITEM_51071,ORD_11070,PROD_EAR_05,1,1999,1999
ITEM_51072,ORD_11071,PROD_CASE_01,1,499,499
ITEM_51073,ORD_11072,PROD_EAR_03,1,3499,3499
ITEM_51074,ORD_11073,PROD_CASE_02,1,799,799
ITEM_51075,ORD_11074,PROD_EAR_04,1,4299,4299
ITEM_51076,ORD_11075,PROD_CASE_05,1,899,899
ITEM_51077,ORD_11076,PROD_EAR_04,1,4299,4299
ITEM_51078,ORD_11077,PROD_CASE_05,1,899,899
ITEM_51079,ORD_11078,PROD_EAR_03,1,3499,3499
ITEM_51080,ORD_11079,PROD_CASE_04,1,599,599
ITEM_51081,ORD_11080,PROD_EAR_05,1,1999,1999
ITEM_51082,ORD_11081,PROD_CASE_04,1,599,599
ITEM_51083,ORD_11082,PROD_EAR_04,1,4299,4299
ITEM_51084,ORD_11083,PROD_CASE_05,1,899,899
ITEM_51085,ORD_11084,PROD_EAR_04,1,4299,4299
ITEM_51086,ORD_11085,PROD_CASE_03,1,999,999
ITEM_51087,ORD_11086,PROD_EAR_04,1,4299,4299
ITEM_51088,ORD_11087,PROD_CASE_03,1,999,999
ITEM_51089,ORD_11088,PROD_EAR_03,1,3499,3499
ITEM_51090,ORD_11089,PROD_CASE_04,1,599,599
ITEM_51091,ORD_11090,PROD_EAR_02,1,2499,2499
ITEM_51092,ORD_11091,PROD_CASE_03,1,999,999
ITEM_51093,ORD_11092,PROD_EAR_02,1,2499,2499
ITEM_51094,ORD_11093,PROD_CASE_02,1,799,799
ITEM_51095,ORD_11094,PROD_EAR_01,1,1499,1499
ITEM_51096,ORD_11095,PROD_CASE_02,1,799,799
ITEM_51097,ORD_11096,PROD_EAR_03,1,3499,3499
ITEM_51098,ORD_11097,PROD_CASE_04,1,599,599
ITEM_51099,ORD_11098,PROD_EAR_02,1,2499,2499
ITEM_51100,ORD_11099,PROD_CASE_05,1,899,899
ITEM_51101,ORD_11100,PROD_EAR_01,1,1499,1499
ITEM_51102,ORD_11101,PROD_CASE_03,1,999,999
ITEM_51103,ORD_11102,PROD_EAR_02,1,2499,2499
ITEM_51104,ORD_11103,PROD_CASE_01,1,499,499
ITEM_51105,ORD_11104,PROD_EAR_01,1,1499,1499
ITEM_51106,ORD_11105,PROD_CASE_05,1,899,899
ITEM_51107,ORD_11106,PROD_EAR_04,1,4299,4299
ITEM_51108,ORD_11107,PROD_CASE_03,1,999,999
ITEM_51109,ORD_11108,PROD_EAR_01,1,1499,1499
ITEM_51110,ORD_11109,PROD_CASE_04,1,599,599
ITEM_51111,ORD_11110,PROD_EAR_05,1,1999,1999
ITEM_51112,ORD_11111,PROD_CASE_01,1,499,499
ITEM_51113,ORD_11112,PROD_EAR_04,1,4299,4299
ITEM_51114,ORD_11113,PROD_CASE_03,1,999,999
ITEM_51115,ORD_11114,PROD_EAR_01,1,1499,1499
ITEM_51116,ORD_11115,PROD_CASE_05,1,899,899
ITEM_51117,ORD_11116,PROD_EAR_03,1,3499,3499
ITEM_51118,ORD_11117,PROD_CASE_01,1,499,499
ITEM_51119,ORD_11118,PROD_EAR_01,1,1499,1499
ITEM_51120,ORD_11119,PROD_CASE_01,1,499,499
ITEM_51121,ORD_11120,PROD_EAR_03,1,3499,3499
ITEM_51122,ORD_11121,PROD_CASE_02,1,799,799
ITEM_51123,ORD_11122,PROD_EAR_03,1,3499,3499
ITEM_51124,ORD_11123,PROD_CASE_03,1,999,999
ITEM_51125,ORD_11124,PROD_EAR_01,1,1499,1499
ITEM_51126,ORD_11125,PROD_CASE_03,1,999,999
ITEM_51127,ORD_11126,PROD_EAR_04,1,4299,4299
ITEM_51128,ORD_11127,PROD_CASE_05,1,899,899
ITEM_51129,ORD_11128,PROD_EAR_02,1,2499,2499
ITEM_51130,ORD_11129,PROD_CASE_04,1,599,599
ITEM_51131,ORD_11130,PROD_EAR_01,1,1499,1499
ITEM_51132,ORD_11131,PROD_CASE_05,1,899,899
ITEM_51133,ORD_11132,PROD_EAR_03,1,3499,3499
ITEM_51134,ORD_11133,PROD_CASE_01,1,499,499
ITEM_51135,ORD_11134,PROD_EAR_01,1,1499,1499
ITEM_51136,ORD_11135,PROD_CASE_02,1,799,799
ITEM_51137,ORD_11136,PROD_EAR_01,1,1499,1499
ITEM_51138,ORD_11137,PROD_CASE_01,1,499,499
ITEM_51139,ORD_11138,PROD_EAR_04,1,4299,4299
ITEM_51140,ORD_11139,PROD_CASE_01,1,499,499
ITEM_51141,ORD_11140,PROD_EAR_05,1,1999,1999
ITEM_51142,ORD_11141,PROD_CASE_03,1,999,999
ITEM_51143,ORD_11142,PROD_EAR_02,1,2499,2499
ITEM_51144,ORD_11143,PROD_CASE_02,1,799,799
ITEM_51145,ORD_11144,PROD_EAR_04,1,4299,4299
ITEM_51146,ORD_11145,PROD_CASE_04,1,599,599
ITEM_51147,ORD_11146,PROD_EAR_03,1,3499,3499
ITEM_51148,ORD_11147,PROD_CASE_05,1,899,899
ITEM_51149,ORD_11148,PROD_EAR_02,1,2499,2499
ITEM_51150,ORD_11149,PROD_CASE_02,1,799,799
ITEM_51151,ORD_11150,PROD_EAR_02,1,2499,2499
ITEM_51152,ORD_11151,PROD_CASE_05,1,899,899
ITEM_51153,ORD_11152,PROD_EAR_03,1,3499,3499
ITEM_51154,ORD_11153,PROD_CASE_03,1,999,999
ITEM_51155,ORD_11154,PROD_EAR_02,1,2499,2499
ITEM_51156,ORD_11155,PROD_CASE_05,1,899,899
ITEM_51157,ORD_11156,PROD_EAR_04,1,4299,4299
ITEM_51158,ORD_11157,PROD_CASE_01,1,499,499
ITEM_51159,ORD_11158,PROD_EAR_04,1,4299,4299
ITEM_51160,ORD_11159,PROD_CASE_04,1,599,599
ITEM_51161,ORD_11160,PROD_EAR_03,1,3499,3499
ITEM_51162,ORD_11161,PROD_CASE_05,1,899,899
ITEM_51163,ORD_11162,PROD_EAR_01,1,1499,1499
ITEM_51164,ORD_11163,PROD_CASE_02,1,799,799
ITEM_51165,ORD_11164,PROD_EAR_01,1,1499,1499
ITEM_51166,ORD_11165,PROD_CASE_01,1,499,499
ITEM_51167,ORD_11166,PROD_EAR_03,1,3499,3499
ITEM_51168,ORD_11167,PROD_CASE_04,1,599,599
ITEM_51169,ORD_11168,PROD_EAR_02,1,2499,2499
ITEM_51170,ORD_11169,PROD_CASE_02,1,799,799
ITEM_51171,ORD_11170,PROD_EAR_03,1,3499,3499
ITEM_51172,ORD_11171,PROD_CASE_03,1,999,999
ITEM_51173,ORD_11172,PROD_EAR_01,1,1499,1499
ITEM_51174,ORD_11173,PROD_CASE_04,1,599,599
ITEM_51175,ORD_11174,PROD_EAR_02,1,2499,2499
ITEM_51176,ORD_11175,PROD_CASE_02,1,799,799
ITEM_51177,ORD_11176,PROD_EAR_04,1,4299,4299
ITEM_51178,ORD_11177,PROD_CASE_04,1,599,599
ITEM_51179,ORD_11178,PROD_EAR_02,1,2499,2499
ITEM_51180,ORD_11179,PROD_CASE_01,1,499,499
ITEM_51181,ORD_11180,PROD_EAR_04,1,4299,4299
ITEM_51182,ORD_11181,PROD_CASE_02,1,799,799
ITEM_51183,ORD_11182,PROD_EAR_01,1,1499,1499
ITEM_51184,ORD_11183,PROD_CASE_02,1,799,799
ITEM_51185,ORD_11184,PROD_EAR_02,1,2499,2499
ITEM_51186,ORD_11185,PROD_CASE_03,1,999,999
ITEM_51187,ORD_11186,PROD_EAR_04,1,4299,4299
ITEM_51188,ORD_11187,PROD_CASE_03,1,999,999
ITEM_51189,ORD_11188,PROD_EAR_03,1,3499,3499
ITEM_51190,ORD_11189,PROD_CASE_03,1,999,999
ITEM_51191,ORD_11190,PROD_EAR_05,1,1999,1999
ITEM_51192,ORD_11191,PROD_CASE_01,1,499,499
ITEM_51193,ORD_11192,PROD_EAR_01,1,1499,1499
ITEM_51194,ORD_11193,PROD_CASE_02,1,799,799
ITEM_51195,ORD_11194,PROD_EAR_01,1,1499,1499
ITEM_51196,ORD_11195,PROD_CASE_03,1,999,999
ITEM_51197,ORD_11196,PROD_EAR_02,1,2499,2499
ITEM_51198,ORD_11197,PROD_CASE_05,1,899,899
ITEM_51199,ORD_11198,PROD_EAR_02,1,2499,2499
ITEM_51200,ORD_11199,PROD_CASE_04,1,599,599
ITEM_51201,ORD_11200,PROD_EAR_03,1,3499,3499
ITEM_51202,ORD_11201,PROD_CASE_05,1,899,899
ITEM_51203,ORD_11202,PROD_EAR_05,1,1999,1999
ITEM_51204,ORD_11203,PROD_CASE_05,1,899,899
ITEM_51205,ORD_11204,PROD_EAR_01,1,1499,1499
ITEM_51206,ORD_11205,PROD_CASE_04,1,599,599
ITEM_51207,ORD_11206,PROD_EAR_05,1,1999,1999
ITEM_51208,ORD_11207,PROD_CASE_02,1,799,799
ITEM_51209,ORD_11208,PROD_EAR_03,1,3499,3499
ITEM_51210,ORD_11209,PROD_CASE_04,1,599,599
ITEM_51211,ORD_11210,PROD_EAR_03,1,3499,3499
ITEM_51212,ORD_11211,PROD_CASE_04,1,599,599
ITEM_51213,ORD_11212,PROD_EAR_04,1,4299,4299
ITEM_51214,ORD_11213,PROD_CASE_03,1,999,999
ITEM_51215,ORD_11214,PROD_EAR_03,1,3499,3499
ITEM_51216,ORD_11215,PROD_CASE_01,1,499,499
ITEM_51217,ORD_11216,PROD_EAR_02,1,2499,2499
ITEM_51218,ORD_11217,PROD_CASE_05,1,899,899
ITEM_51219,ORD_11218,PROD_EAR_02,1,2499,2499
ITEM_51220,ORD_11219,PROD_CASE_02,1,799,799
ITEM_51221,ORD_11220,PROD_EAR_04,1,4299,4299
ITEM_51222,ORD_11221,PROD_CASE_03,1,999,999
ITEM_51223,ORD_11222,PROD_EAR_02,1,2499,2499
ITEM_51224,ORD_11223,PROD_CASE_05,1,899,899
ITEM_51225,ORD_11224,PROD_EAR_03,1,3499,3499
ITEM_51226,ORD_11225,PROD_CASE_02,1,799,799
ITEM_51227,ORD_11226,PROD_EAR_01,1,1499,1499
ITEM_51228,ORD_11227,PROD_CASE_05,1,899,899
ITEM_51229,ORD_11228,PROD_EAR_04,1,4299,4299
ITEM_51230,ORD_11229,PROD_CASE_04,1,599,599
ITEM_51231,ORD_11230,PROD_EAR_05,1,1999,1999
ITEM_51232,ORD_11231,PROD_CASE_03,1,999,999
ITEM_51233,ORD_11232,PROD_EAR_04,1,4299,4299
ITEM_51234,ORD_11233,PROD_CASE_05,1,899,899
ITEM_51235,ORD_11234,PROD_EAR_01,1,1499,1499
ITEM_51236,ORD_11235,PROD_CASE_02,1,799,799
ITEM_51237,ORD_11236,PROD_EAR_03,1,3499,3499
ITEM_51238,ORD_11237,PROD_CASE_05,1,899,899
ITEM_51239,ORD_11238,PROD_EAR_04,1,4299,4299
ITEM_51240,ORD_11239,PROD_CASE_04,1,599,599
ITEM_51241,ORD_11240,PROD_EAR_01,1,1499,1499
ITEM_51242,ORD_11241,PROD_EAR_03,1,3499,3499
ITEM_51243,ORD_11242,PROD_EAR_03,1,3499,3499
ITEM_51244,ORD_11243,PROD_EAR_03,1,3499,3499
ITEM_51245,ORD_11244,PROD_EAR_03,1,3499,3499
ITEM_51246,ORD_11245,PROD_EAR_05,1,1999,1999
ITEM_51247,ORD_11246,PROD_EAR_01,1,1499,1499
ITEM_51248,ORD_11247,PROD_EAR_05,1,1999,1999
ITEM_51249,ORD_11248,PROD_EAR_04,1,4299,4299
ITEM_51250,ORD_11249,PROD_EAR_02,1,2499,2499
ITEM_51251,ORD_11250,PROD_EAR_01,1,1499,1499
ITEM_51252,ORD_11251,PROD_EAR_02,1,2499,2499
ITEM_51253,ORD_11252,PROD_EAR_01,1,1499,1499
ITEM_51254,ORD_11253,PROD_EAR_01,1,1499,1499
ITEM_51255,ORD_11254,PROD_EAR_02,1,2499,2499
ITEM_51256,ORD_11255,PROD_EAR_04,1,4299,4299
ITEM_51257,ORD_11256,PROD_EAR_04,1,4299,4299
ITEM_51258,ORD_11257,PROD_EAR_01,1,1499,1499
ITEM_51259,ORD_11258,PROD_EAR_04,1,4299,4299
ITEM_51260,ORD_11259,PROD_EAR_05,1,1999,1999
ITEM_51261,ORD_11260,PROD_EAR_04,1,4299,4299
ITEM_51262,ORD_11261,PROD_EAR_01,1,1499,1499
ITEM_51263,ORD_11262,PROD_EAR_01,1,1499,1499
ITEM_51264,ORD_11263,PROD_EAR_02,1,2499,2499
ITEM_51265,ORD_11264,PROD_EAR_05,1,1999,1999
ITEM_51266,ORD_11265,PROD_EAR_04,1,4299,4299
ITEM_51267,ORD_11266,PROD_EAR_01,1,1499,1499
ITEM_51268,ORD_11267,PROD_EAR_03,1,3499,3499
ITEM_51269,ORD_11268,PROD_EAR_04,1,4299,4299
ITEM_51270,ORD_11269,PROD_EAR_04,1,4299,4299
ITEM_51271,ORD_11270,PROD_EAR_02,1,2499,2499
ITEM_51272,ORD_11271,PROD_EAR_04,1,4299,4299
ITEM_51273,ORD_11272,PROD_EAR_04,1,4299,4299
ITEM_51274,ORD_11273,PROD_EAR_03,1,3499,3499
ITEM_51275,ORD_11274,PROD_EAR_04,1,4299,4299
ITEM_51276,ORD_11275,PROD_EAR_02,1,2499,2499
ITEM_51277,ORD_11276,PROD_EAR_03,1,3499,3499
ITEM_51278,ORD_11277,PROD_EAR_03,1,3499,3499
ITEM_51279,ORD_11278,PROD_EAR_02,1,2499,2499
ITEM_51280,ORD_11279,PROD_EAR_04,1,4299,4299
ITEM_51281,ORD_11280,PROD_EAR_02,1,2499,2499
ITEM_51282,ORD_11281,PROD_EAR_03,1,3499,3499
ITEM_51283,ORD_11282,PROD_EAR_03,1,3499,3499
ITEM_51284,ORD_11283,PROD_EAR_03,1,3499,3499
ITEM_51285,ORD_11284,PROD_EAR_04,1,4299,4299
ITEM_51286,ORD_11285,PROD_EAR_04,1,4299,4299
ITEM_51287,ORD_11286,PROD_EAR_02,1,2499,2499
ITEM_51288,ORD_11287,PROD_EAR_05,1,1999,1999
ITEM_51289,ORD_11288,PROD_EAR_03,1,3499,3499
ITEM_51290,ORD_11289,PROD_EAR_03,1,3499,3499
ITEM_51291,ORD_11290,PROD_EAR_04,1,4299,4299
ITEM_51292,ORD_11291,PROD_EAR_01,1,1499,1499
ITEM_51293,ORD_11292,PROD_EAR_02,1,2499,2499
ITEM_51294,ORD_11293,PROD_EAR_04,1,4299,4299
ITEM_51295,ORD_11294,PROD_EAR_03,1,3499,3499
ITEM_51296,ORD_11295,PROD_EAR_01,1,1499,1499
ITEM_51297,ORD_11296,PROD_EAR_04,1,4299,4299
ITEM_51298,ORD_11297,PROD_EAR_05,1,1999,1999
ITEM_51299,ORD_11298,PROD_EAR_01,1,1499,1499
ITEM_51300,ORD_11299,PROD_EAR_04,1,4299,4299
ITEM_51301,ORD_11300,PROD_EAR_01,1,1499,1499
ITEM_51302,ORD_11301,PROD_EAR_01,1,1499,1499
ITEM_51303,ORD_11302,PROD_EAR_04,1,4299,4299
ITEM_51304,ORD_11303,PROD_EAR_05,1,1999,1999
ITEM_51305,ORD_11304,PROD_EAR_03,1,3499,3499
ITEM_51306,ORD_11305,PROD_EAR_03,1,3499,3499
ITEM_51307,ORD_11306,PROD_EAR_02,1,2499,2499
ITEM_51308,ORD_11307,PROD_EAR_02,1,2499,2499
ITEM_51309,ORD_11308,PROD_EAR_01,1,1499,1499
ITEM_51310,ORD_11309,PROD_EAR_02,1,2499,2499
ITEM_51311,ORD_11310,PROD_EAR_01,1,1499,1499
ITEM_51312,ORD_11311,PROD_EAR_05,1,1999,1999
ITEM_51313,ORD_11312,PROD_EAR_03,1,3499,3499
ITEM_51314,ORD_11313,PROD_EAR_04,1,4299,4299
ITEM_51315,ORD_11314,PROD_EAR_05,1,1999,1999
ITEM_51316,ORD_11315,PROD_EAR_03,1,3499,3499
ITEM_51317,ORD_11316,PROD_EAR_05,1,1999,1999
ITEM_51318,ORD_11317,PROD_EAR_04,1,4299,4299
ITEM_51319,ORD_11318,PROD_EAR_01,1,1499,1499
ITEM_51320,ORD_11319,PROD_EAR_02,1,2499,2499
ITEM_51321,ORD_11320,PROD_EAR_01,1,1499,1499
ITEM_51322,ORD_11321,PROD_EAR_02,1,2499,2499
ITEM_51323,ORD_11322,PROD_EAR_05,1,1999,1999
ITEM_51324,ORD_11323,PROD_EAR_02,1,2499,2499
ITEM_51325,ORD_11324,PROD_EAR_04,1,4299,4299
ITEM_51326,ORD_11325,PROD_EAR_01,1,1499,1499
ITEM_51327,ORD_11326,PROD_EAR_01,1,1499,1499
ITEM_51328,ORD_11327,PROD_EAR_02,1,2499,2499
ITEM_51329,ORD_11328,PROD_EAR_05,1,1999,1999
ITEM_51330,ORD_11329,PROD_EAR_05,1,1999,1999
ITEM_51331,ORD_11330,PROD_EAR_01,1,1499,1499
ITEM_51332,ORD_11331,PROD_EAR_03,1,3499,3499
ITEM_51333,ORD_11332,PROD_EAR_01,1,1499,1499
ITEM_51334,ORD_11333,PROD_EAR_03,1,3499,3499
ITEM_51335,ORD_11334,PROD_EAR_01,1,1499,1499
ITEM_51336,ORD_11335,PROD_EAR_05,1,1999,1999
ITEM_51337,ORD_11336,PROD_EAR_01,1,1499,1499
ITEM_51338,ORD_11337,PROD_EAR_01,1,1499,1499
ITEM_51339,ORD_11338,PROD_EAR_01,1,1499,1499
ITEM_51340,ORD_11339,PROD_EAR_04,1,4299,4299
ITEM_51341,ORD_11340,PROD_EAR_01,1,1499,1499
ITEM_51342,ORD_11341,PROD_EAR_02,1,2499,2499
ITEM_51343,ORD_11342,PROD_EAR_01,1,1499,1499
ITEM_51344,ORD_11343,PROD_EAR_05,1,1999,1999
ITEM_51345,ORD_11344,PROD_EAR_04,1,4299,4299
ITEM_51346,ORD_11345,PROD_EAR_02,1,2499,2499
ITEM_51347,ORD_11346,PROD_EAR_01,1,1499,1499
ITEM_51348,ORD_11347,PROD_EAR_05,1,1999,1999
ITEM_51349,ORD_11348,PROD_EAR_05,1,1999,1999
ITEM_51350,ORD_11349,PROD_EAR_04,1,4299,4299
ITEM_51351,ORD_11350,PROD_EAR_04,1,4299,4299
ITEM_51352,ORD_11351,PROD_EAR_05,1,1999,1999
ITEM_51353,ORD_11352,PROD_EAR_04,1,4299,4299
ITEM_51354,ORD_11353,PROD_EAR_03,1,3499,3499
ITEM_51355,ORD_11354,PROD_EAR_03,1,3499,3499
ITEM_51356,ORD_11355,PROD_EAR_02,1,2499,2499
ITEM_51357,ORD_11356,PROD_EAR_05,1,1999,1999
ITEM_51358,ORD_11357,PROD_EAR_04,1,4299,4299
ITEM_51359,ORD_11358,PROD_EAR_05,1,1999,1999
ITEM_51360,ORD_11359,PROD_EAR_02,1,2499,2499
ITEM_51361,ORD_11360,PROD_EAR_01,1,1499,1499
ITEM_51362,ORD_11361,PROD_EAR_02,1,2499,2499
ITEM_51363,ORD_11362,PROD_EAR_03,1,3499,3499
ITEM_51364,ORD_11363,PROD_EAR_02,1,2499,2499
ITEM_51365,ORD_11364,PROD_EAR_05,1,1999,1999
ITEM_51366,ORD_11365,PROD_EAR_01,1,1499,1499
ITEM_51367,ORD_11366,PROD_EAR_01,1,1499,1499
ITEM_51368,ORD_11367,PROD_EAR_02,1,2499,2499
ITEM_51369,ORD_11368,PROD_EAR_02,1,2499,2499
ITEM_51370,ORD_11369,PROD_EAR_03,1,3499,3499
ITEM_51371,ORD_11370,PROD_EAR_02,1,2499,2499
ITEM_51372,ORD_11371,PROD_EAR_03,1,3499,3499
ITEM_51373,ORD_11372,PROD_EAR_05,1,1999,1999
ITEM_51374,ORD_11373,PROD_EAR_03,1,3499,3499
ITEM_51375,ORD_11374,PROD_EAR_04,1,4299,4299
ITEM_51376,ORD_11375,PROD_EAR_02,1,2499,2499
ITEM_51377,ORD_11376,PROD_EAR_02,1,2499,2499
ITEM_51378,ORD_11377,PROD_EAR_02,1,2499,2499
ITEM_51379,ORD_11378,PROD_EAR_02,1,2499,2499
ITEM_51380,ORD_11379,PROD_EAR_04,1,4299,4299
ITEM_51381,ORD_11380,PROD_EAR_01,1,1499,1499
ITEM_51382,ORD_11381,PROD_EAR_01,1,1499,1499
ITEM_51383,ORD_11382,PROD_EAR_05,1,1999,1999
ITEM_51384,ORD_11383,PROD_EAR_01,1,1499,1499
ITEM_51385,ORD_11384,PROD_EAR_05,1,1999,1999
ITEM_51386,ORD_11385,PROD_EAR_01,1,1499,1499
ITEM_51387,ORD_11386,PROD_EAR_04,1,4299,4299
ITEM_51388,ORD_11387,PROD_EAR_02,1,2499,2499
ITEM_51389,ORD_11388,PROD_EAR_04,1,4299,4299
ITEM_51390,ORD_11389,PROD_EAR_03,1,3499,3499
ITEM_51391,ORD_11390,PROD_EAR_03,1,3499,3499
ITEM_51392,ORD_11391,PROD_EAR_03,1,3499,3499
ITEM_51393,ORD_11392,PROD_EAR_02,1,2499,2499
ITEM_51394,ORD_11393,PROD_EAR_05,1,1999,1999
ITEM_51395,ORD_11394,PROD_EAR_01,1,1499,1499
ITEM_51396,ORD_11395,PROD_EAR_04,1,4299,4299
ITEM_51397,ORD_11396,PROD_EAR_05,1,1999,1999
ITEM_51398,ORD_11397,PROD_EAR_05,1,1999,1999
ITEM_51399,ORD_11398,PROD_EAR_05,1,1999,1999
ITEM_51400,ORD_11399,PROD_EAR_04,1,4299,4299
ITEM_51401,ORD_11400,PROD_EAR_02,1,2499,2499
ITEM_51402,ORD_11401,PROD_EAR_03,1,3499,3499
ITEM_51403,ORD_11402,PROD_EAR_05,1,1999,1999
ITEM_51404,ORD_11403,PROD_EAR_05,1,1999,1999
ITEM_51405,ORD_11404,PROD_EAR_05,1,1999,1999
ITEM_51406,ORD_11405,PROD_EAR_03,1,3499,3499
ITEM_51407,ORD_11406,PROD_EAR_05,1,1999,1999
ITEM_51408,ORD_11407,PROD_EAR_03,1,3499,3499
ITEM_51409,ORD_11408,PROD_EAR_03,1,3499,3499
ITEM_51410,ORD_11409,PROD_EAR_04,1,4299,4299
ITEM_51411,ORD_11410,PROD_EAR_01,1,1499,1499
ITEM_51412,ORD_11411,PROD_EAR_03,1,3499,3499
ITEM_51413,ORD_11412,PROD_EAR_02,1,2499,2499
ITEM_51414,ORD_11413,PROD_EAR_05,1,1999,1999
ITEM_51415,ORD_11414,PROD_EAR_05,1,1999,1999
ITEM_51416,ORD_11415,PROD_EAR_01,1,1499,1499
ITEM_51417,ORD_11416,PROD_EAR_03,1,3499,3499
ITEM_51418,ORD_11417,PROD_EAR_04,1,4299,4299
ITEM_51419,ORD_11418,PROD_EAR_02,1,2499,2499
ITEM_51420,ORD_11419,PROD_EAR_01,1,1499,1499
ITEM_51421,ORD_11420,PROD_EAR_01,1,1499,1499
ITEM_51422,ORD_11421,PROD_EAR_04,1,4299,4299
ITEM_51423,ORD_11422,PROD_EAR_01,1,1499,1499
ITEM_51424,ORD_11423,PROD_EAR_01,1,1499,1499
ITEM_51425,ORD_11424,PROD_EAR_03,1,3499,3499
ITEM_51426,ORD_11425,PROD_EAR_05,1,1999,1999
ITEM_51427,ORD_11426,PROD_EAR_05,1,1999,1999
ITEM_51428,ORD_11427,PROD_EAR_01,1,1499,1499
ITEM_51429,ORD_11428,PROD_EAR_04,1,4299,4299
ITEM_51430,ORD_11429,PROD_EAR_01,1,1499,1499
ITEM_51431,ORD_11430,PROD_EAR_03,1,3499,3499
ITEM_51432,ORD_11431,PROD_EAR_04,1,4299,4299
ITEM_51433,ORD_11432,PROD_EAR_03,1,3499,3499
ITEM_51434,ORD_11433,PROD_EAR_03,1,3499,3499
ITEM_51435,ORD_11434,PROD_EAR_03,1,3499,3499
ITEM_51436,ORD_11435,PROD_EAR_04,1,4299,4299
ITEM_51437,ORD_11436,PROD_EAR_01,1,1499,1499
ITEM_51438,ORD_11437,PROD_EAR_01,1,1499,1499
ITEM_51439,ORD_11438,PROD_EAR_05,1,1999,1999
ITEM_51440,ORD_11439,PROD_EAR_05,1,1999,1999
ITEM_51441,ORD_11440,PROD_EAR_05,1,1999,1999
ITEM_51442,ORD_11441,PROD_EAR_05,1,1999,1999
ITEM_51443,ORD_11442,PROD_EAR_02,1,2499,2499
ITEM_51444,ORD_11443,PROD_EAR_01,1,1499,1499
ITEM_51445,ORD_11444,PROD_EAR_04,1,4299,4299
ITEM_51446,ORD_11445,PROD_EAR_01,1,1499,1499
ITEM_51447,ORD_11446,PROD_EAR_05,1,1999,1999
ITEM_51448,ORD_11447,PROD_EAR_04,1,4299,4299
ITEM_51449,ORD_11448,PROD_EAR_05,1,1999,1999
ITEM_51450,ORD_11449,PROD_EAR_04,1,4299,4299
ITEM_51451,ORD_11450,PROD_EAR_05,1,1999,1999
ITEM_51452,ORD_11451,PROD_EAR_03,1,3499,3499
ITEM_51453,ORD_11452,PROD_EAR_03,1,3499,3499
ITEM_51454,ORD_11453,PROD_EAR_02,1,2499,2499
ITEM_51455,ORD_11454,PROD_EAR_04,1,4299,4299
ITEM_51456,ORD_11455,PROD_EAR_02,1,2499,2499
ITEM_51457,ORD_11456,PROD_EAR_03,1,3499,3499
ITEM_51458,ORD_11457,PROD_EAR_05,1,1999,1999
ITEM_51459,ORD_11458,PROD_EAR_03,1,3499,3499
ITEM_51460,ORD_11459,PROD_EAR_05,1,1999,1999
ITEM_51461,ORD_11460,PROD_CHG_05,1,799,799
ITEM_51462,ORD_11461,PROD_CASE_05,1,899,899
ITEM_51463,ORD_11462,PROD_SPK_05,1,4999,4999
ITEM_51464,ORD_11463,PROD_CASE_03,1,999,999
ITEM_51465,ORD_11464,PROD_CHG_02,1,1899,1899
ITEM_51466,ORD_11465,PROD_CASE_04,1,599,599
ITEM_51467,ORD_11466,PROD_SPK_05,1,4999,4999
ITEM_51468,ORD_11467,PROD_CASE_04,1,599,599
ITEM_51469,ORD_11468,PROD_PWR_04,1,899,899
ITEM_51470,ORD_11469,PROD_CASE_04,1,599,599
ITEM_51471,ORD_11470,PROD_PWR_05,1,2799,2799
ITEM_51472,ORD_11471,PROD_CASE_02,1,799,799
ITEM_51473,ORD_11472,PROD_SPK_03,1,1299,1299
ITEM_51474,ORD_11473,PROD_CASE_03,1,999,999
ITEM_51475,ORD_11474,PROD_SPK_04,1,3299,3299
ITEM_51476,ORD_11475,PROD_CASE_03,1,999,999
ITEM_51477,ORD_11476,PROD_PWR_04,1,899,899
ITEM_51478,ORD_11477,PROD_CASE_03,1,999,999
ITEM_51479,ORD_11478,PROD_SPK_01,1,2499,2499
ITEM_51480,ORD_11479,PROD_CASE_04,1,599,599
ITEM_51481,ORD_11480,PROD_WATCH_02,1,5499,5499
ITEM_51482,ORD_11481,PROD_CASE_01,1,499,499
ITEM_51483,ORD_11482,PROD_SPK_05,1,4999,4999
ITEM_51484,ORD_11483,PROD_CASE_04,1,599,599
ITEM_51485,ORD_11484,PROD_WATCH_02,1,5499,5499
ITEM_51486,ORD_11485,PROD_CASE_01,1,499,499
ITEM_51487,ORD_11486,PROD_SPK_02,1,3999,3999
ITEM_51488,ORD_11487,PROD_CASE_05,1,899,899
ITEM_51489,ORD_11488,PROD_SPK_03,1,1299,1299
ITEM_51490,ORD_11489,PROD_CASE_04,1,599,599
ITEM_51491,ORD_11490,PROD_PWR_05,1,2799,2799
ITEM_51492,ORD_11491,PROD_CASE_05,1,899,899
ITEM_51493,ORD_11492,PROD_CHG_02,1,1899,1899
ITEM_51494,ORD_11493,PROD_CASE_02,1,799,799
ITEM_51495,ORD_11494,PROD_WATCH_05,1,6999,6999
ITEM_51496,ORD_11495,PROD_CASE_02,1,799,799
ITEM_51497,ORD_11496,PROD_PWR_04,1,899,899
ITEM_51498,ORD_11497,PROD_CASE_01,1,499,499
ITEM_51499,ORD_11498,PROD_SPK_03,1,1299,1299
ITEM_51500,ORD_11499,PROD_CASE_01,1,499,499
ITEM_51501,ORD_11500,PROD_WATCH_03,1,1899,1899
ITEM_51502,ORD_11501,PROD_PWR_01,1,1299,1299
ITEM_51503,ORD_11502,PROD_CHG_01,1,699,699
ITEM_51504,ORD_11503,PROD_SPK_01,1,2499,2499
ITEM_51505,ORD_11504,PROD_SPK_01,1,2499,2499
ITEM_51506,ORD_11505,PROD_PWR_04,1,899,899
ITEM_51507,ORD_11506,PROD_SPK_02,1,3999,3999
ITEM_51508,ORD_11507,PROD_PWR_05,1,2799,2799
ITEM_51509,ORD_11508,PROD_CHG_03,1,999,999
ITEM_51510,ORD_11509,PROD_PWR_03,1,3299,3299
ITEM_51511,ORD_11510,PROD_SPK_03,1,1299,1299
ITEM_51512,ORD_11511,PROD_SPK_01,1,2499,2499
ITEM_51513,ORD_11512,PROD_PWR_03,1,3299,3299
ITEM_51514,ORD_11513,PROD_PWR_02,1,2199,2199
ITEM_51515,ORD_11514,PROD_SPK_03,1,1299,1299
ITEM_51516,ORD_11515,PROD_SPK_04,1,3299,3299
ITEM_51517,ORD_11516,PROD_PWR_01,1,1299,1299
ITEM_51518,ORD_11517,PROD_SPK_05,1,4999,4999
ITEM_51519,ORD_11518,PROD_WATCH_03,1,1899,1899
ITEM_51520,ORD_11519,PROD_PWR_05,1,2799,2799
ITEM_51521,ORD_11520,PROD_SPK_02,1,3999,3999
ITEM_51522,ORD_11521,PROD_WATCH_03,1,1899,1899
ITEM_51523,ORD_11522,PROD_SPK_03,1,1299,1299
ITEM_51524,ORD_11523,PROD_PWR_01,1,1299,1299
ITEM_51525,ORD_11524,PROD_SPK_02,1,3999,3999
ITEM_51526,ORD_11525,PROD_WATCH_03,1,1899,1899
ITEM_51527,ORD_11526,PROD_PWR_02,1,2199,2199
ITEM_51528,ORD_11527,PROD_CHG_04,1,1499,1499
ITEM_51529,ORD_11528,PROD_WATCH_04,1,3999,3999
ITEM_51530,ORD_11529,PROD_SPK_02,1,3999,3999
ITEM_51531,ORD_11530,PROD_CHG_01,1,699,699
ITEM_51532,ORD_11531,PROD_SPK_02,1,3999,3999
ITEM_51533,ORD_11532,PROD_CHG_03,1,999,999
ITEM_51534,ORD_11533,PROD_CHG_01,1,699,699
ITEM_51535,ORD_11534,PROD_PWR_04,1,899,899
ITEM_51536,ORD_11535,PROD_SPK_01,1,2499,2499
ITEM_51537,ORD_11536,PROD_CHG_05,1,799,799
ITEM_51538,ORD_11537,PROD_SPK_01,1,2499,2499
ITEM_51539,ORD_11538,PROD_CHG_03,1,999,999
ITEM_51540,ORD_11539,PROD_PWR_05,1,2799,2799
ITEM_51541,ORD_11540,PROD_CHG_05,1,799,799
ITEM_51542,ORD_11541,PROD_PWR_01,1,1299,1299
ITEM_51543,ORD_11542,PROD_SPK_03,1,1299,1299
ITEM_51544,ORD_11543,PROD_PWR_02,1,2199,2199
ITEM_51545,ORD_11544,PROD_WATCH_05,1,6999,6999
ITEM_51546,ORD_11545,PROD_CHG_05,1,799,799
ITEM_51547,ORD_11546,PROD_CHG_05,1,799,799
ITEM_51548,ORD_11547,PROD_PWR_02,1,2199,2199
ITEM_51549,ORD_11548,PROD_WATCH_04,1,3999,3999
ITEM_51550,ORD_11549,PROD_CHG_01,1,699,699
ITEM_51551,ORD_11550,PROD_WATCH_04,1,3999,3999
ITEM_51552,ORD_11551,PROD_SPK_04,1,3299,3299
ITEM_51553,ORD_11552,PROD_CHG_02,1,1899,1899
ITEM_51554,ORD_11553,PROD_SPK_04,1,3299,3299
ITEM_51555,ORD_11554,PROD_CHG_04,1,1499,1499
ITEM_51556,ORD_11555,PROD_CHG_03,1,999,999
ITEM_51557,ORD_11556,PROD_PWR_02,1,2199,2199
ITEM_51558,ORD_11557,PROD_CHG_03,1,999,999
ITEM_51559,ORD_11558,PROD_WATCH_02,1,5499,5499
ITEM_51560,ORD_11559,PROD_WATCH_04,1,3999,3999
ITEM_51561,ORD_11560,PROD_CHG_03,1,999,999
ITEM_51562,ORD_11561,PROD_WATCH_03,1,1899,1899
ITEM_51563,ORD_11562,PROD_PWR_01,1,1299,1299
ITEM_51564,ORD_11563,PROD_SPK_03,1,1299,1299
ITEM_51565,ORD_11564,PROD_CHG_04,1,1499,1499
ITEM_51566,ORD_11565,PROD_WATCH_02,1,5499,5499
ITEM_51567,ORD_11566,PROD_PWR_01,1,1299,1299
ITEM_51568,ORD_11567,PROD_PWR_02,1,2199,2199
ITEM_51569,ORD_11568,PROD_CHG_04,1,1499,1499
ITEM_51570,ORD_11569,PROD_PWR_05,1,2799,2799
ITEM_51571,ORD_11570,PROD_PWR_03,1,3299,3299
ITEM_51572,ORD_11571,PROD_SPK_03,1,1299,1299
ITEM_51573,ORD_11572,PROD_PWR_01,1,1299,1299
ITEM_51574,ORD_11573,PROD_PWR_05,1,2799,2799
ITEM_51575,ORD_11574,PROD_CHG_04,1,1499,1499
ITEM_51576,ORD_11575,PROD_CHG_01,1,699,699
ITEM_51577,ORD_11576,PROD_SPK_03,1,1299,1299
ITEM_51578,ORD_11577,PROD_CHG_01,1,699,699
ITEM_51579,ORD_11578,PROD_WATCH_03,1,1899,1899
ITEM_51580,ORD_11579,PROD_SPK_05,1,4999,4999
ITEM_51581,ORD_11580,PROD_CHG_01,1,699,699
ITEM_51582,ORD_11581,PROD_WATCH_04,1,3999,3999
ITEM_51583,ORD_11582,PROD_WATCH_05,1,6999,6999
ITEM_51584,ORD_11583,PROD_SPK_04,1,3299,3299
ITEM_51585,ORD_11584,PROD_CHG_04,1,1499,1499
ITEM_51586,ORD_11585,PROD_CHG_04,1,1499,1499
ITEM_51587,ORD_11586,PROD_PWR_04,1,899,899
ITEM_51588,ORD_11587,PROD_SPK_05,1,4999,4999
ITEM_51589,ORD_11588,PROD_WATCH_04,1,3999,3999
ITEM_51590,ORD_11589,PROD_SPK_02,1,3999,3999
ITEM_51591,ORD_11590,PROD_CHG_01,1,699,699
ITEM_51592,ORD_11591,PROD_PWR_03,1,3299,3299
ITEM_51593,ORD_11592,PROD_WATCH_02,1,5499,5499
ITEM_51594,ORD_11593,PROD_SPK_05,1,4999,4999
ITEM_51595,ORD_11594,PROD_PWR_05,1,2799,2799
ITEM_51596,ORD_11595,PROD_SPK_02,1,3999,3999
ITEM_51597,ORD_11596,PROD_WATCH_04,1,3999,3999
ITEM_51598,ORD_11597,PROD_WATCH_05,1,6999,6999
ITEM_51599,ORD_11598,PROD_CHG_02,1,1899,1899
ITEM_51600,ORD_11599,PROD_CHG_02,1,1899,1899
ITEM_51601,ORD_11600,PROD_CHG_05,1,799,799
ITEM_51602,ORD_11601,PROD_WATCH_03,1,1899,1899
ITEM_51603,ORD_11602,PROD_SPK_04,1,3299,3299
ITEM_51604,ORD_11603,PROD_WATCH_04,1,3999,3999
ITEM_51605,ORD_11604,PROD_SPK_02,1,3999,3999
ITEM_51606,ORD_11605,PROD_PWR_03,1,3299,3299
ITEM_51607,ORD_11606,PROD_PWR_03,1,3299,3299
ITEM_51608,ORD_11607,PROD_PWR_01,1,1299,1299
ITEM_51609,ORD_11608,PROD_PWR_04,1,899,899
ITEM_51610,ORD_11609,PROD_SPK_01,1,2499,2499
ITEM_51611,ORD_11610,PROD_CHG_05,1,799,799
ITEM_51612,ORD_11611,PROD_SPK_03,1,1299,1299
ITEM_51613,ORD_11612,PROD_SPK_04,1,3299,3299
ITEM_51614,ORD_11613,PROD_PWR_01,1,1299,1299
ITEM_51615,ORD_11614,PROD_CHG_05,1,799,799
ITEM_51616,ORD_11615,PROD_SPK_03,1,1299,1299
ITEM_51617,ORD_11616,PROD_CHG_03,1,999,999
ITEM_51618,ORD_11617,PROD_PWR_05,1,2799,2799
ITEM_51619,ORD_11618,PROD_WATCH_03,1,1899,1899
ITEM_51620,ORD_11619,PROD_SPK_03,1,1299,1299
ITEM_51621,ORD_11620,PROD_SPK_02,1,3999,3999
ITEM_51622,ORD_11621,PROD_CHG_02,1,1899,1899
ITEM_51623,ORD_11622,PROD_WATCH_02,1,5499,5499
ITEM_51624,ORD_11623,PROD_PWR_01,1,1299,1299
ITEM_51625,ORD_11624,PROD_WATCH_02,1,5499,5499
ITEM_51626,ORD_11625,PROD_PWR_03,1,3299,3299
ITEM_51627,ORD_11626,PROD_WATCH_03,1,1899,1899
ITEM_51628,ORD_11627,PROD_SPK_04,1,3299,3299
ITEM_51629,ORD_11628,PROD_PWR_04,1,899,899
ITEM_51630,ORD_11629,PROD_SPK_01,1,2499,2499
ITEM_51631,ORD_11630,PROD_PWR_03,1,3299,3299
ITEM_51632,ORD_11631,PROD_WATCH_04,1,3999,3999
ITEM_51633,ORD_11632,PROD_WATCH_03,1,1899,1899
ITEM_51634,ORD_11633,PROD_CHG_05,1,799,799
ITEM_51635,ORD_11634,PROD_CHG_03,1,999,999
ITEM_51636,ORD_11635,PROD_WATCH_05,1,6999,6999
ITEM_51637,ORD_11636,PROD_WATCH_03,1,1899,1899
ITEM_51638,ORD_11637,PROD_PWR_05,1,2799,2799
ITEM_51639,ORD_11638,PROD_WATCH_05,1,6999,6999
ITEM_51640,ORD_11639,PROD_SPK_05,1,4999,4999
ITEM_51641,ORD_11640,PROD_SPK_03,1,1299,1299
ITEM_51642,ORD_11641,PROD_CHG_02,1,1899,1899
ITEM_51643,ORD_11642,PROD_WATCH_05,1,6999,6999
ITEM_51644,ORD_11643,PROD_SPK_02,1,3999,3999
ITEM_51645,ORD_11644,PROD_PWR_01,1,1299,1299
ITEM_51646,ORD_11645,PROD_PWR_03,1,3299,3299
ITEM_51647,ORD_11646,PROD_PWR_05,1,2799,2799
ITEM_51648,ORD_11647,PROD_PWR_01,1,1299,1299
ITEM_51649,ORD_11648,PROD_PWR_02,1,2199,2199
ITEM_51650,ORD_11649,PROD_SPK_01,1,2499,2499
ITEM_51651,ORD_11650,PROD_CHG_02,1,1899,1899
ITEM_51652,ORD_11651,PROD_PWR_04,1,899,899
ITEM_51653,ORD_11652,PROD_CHG_04,1,1499,1499
ITEM_51654,ORD_11653,PROD_SPK_02,1,3999,3999
ITEM_51655,ORD_11654,PROD_SPK_03,1,1299,1299
ITEM_51656,ORD_11655,PROD_PWR_03,1,3299,3299
ITEM_51657,ORD_11656,PROD_WATCH_02,1,5499,5499
ITEM_51658,ORD_11657,PROD_PWR_05,1,2799,2799
ITEM_51659,ORD_11658,PROD_SPK_01,1,2499,2499
ITEM_51660,ORD_11659,PROD_PWR_04,1,899,899
ITEM_51661,ORD_11660,PROD_CHG_03,1,999,999
ITEM_51662,ORD_11661,PROD_CHG_03,1,999,999
ITEM_51663,ORD_11662,PROD_CHG_05,1,799,799
ITEM_51664,ORD_11663,PROD_SPK_04,1,3299,3299
ITEM_51665,ORD_11664,PROD_CHG_03,1,999,999
ITEM_51666,ORD_11665,PROD_WATCH_03,1,1899,1899
ITEM_51667,ORD_11666,PROD_SPK_03,1,1299,1299
ITEM_51668,ORD_11667,PROD_SPK_05,1,4999,4999
ITEM_51669,ORD_11668,PROD_PWR_04,1,899,899
ITEM_51670,ORD_11669,PROD_SPK_03,1,1299,1299
ITEM_51671,ORD_11670,PROD_WATCH_05,1,6999,6999
ITEM_51672,ORD_11671,PROD_SPK_02,1,3999,3999
ITEM_51673,ORD_11672,PROD_WATCH_05,1,6999,6999
ITEM_51674,ORD_11673,PROD_SPK_05,1,4999,4999
ITEM_51675,ORD_11674,PROD_SPK_01,1,2499,2499
ITEM_51676,ORD_11675,PROD_SPK_02,1,3999,3999
ITEM_51677,ORD_11676,PROD_PWR_04,1,899,899
ITEM_51678,ORD_11677,PROD_PWR_01,1,1299,1299
ITEM_51679,ORD_11678,PROD_WATCH_02,1,5499,5499
ITEM_51680,ORD_11679,PROD_CHG_05,1,799,799
ITEM_51681,ORD_11680,PROD_SPK_01,1,2499,2499
ITEM_51682,ORD_11681,PROD_CHG_02,1,1899,1899
ITEM_51683,ORD_11682,PROD_WATCH_05,1,6999,6999
ITEM_51684,ORD_11683,PROD_PWR_01,1,1299,1299
ITEM_51685,ORD_11684,PROD_WATCH_02,1,5499,5499
ITEM_51686,ORD_11685,PROD_SPK_03,1,1299,1299
ITEM_51687,ORD_11686,PROD_CHG_05,1,799,799
ITEM_51688,ORD_11687,PROD_PWR_03,1,3299,3299
ITEM_51689,ORD_11688,PROD_PWR_05,1,2799,2799
ITEM_51690,ORD_11689,PROD_PWR_03,1,3299,3299
ITEM_51691,ORD_11690,PROD_PWR_02,1,2199,2199
ITEM_51692,ORD_11691,PROD_WATCH_03,1,1899,1899
ITEM_51693,ORD_11692,PROD_CHG_05,1,799,799
ITEM_51694,ORD_11693,PROD_CHG_01,1,699,699
ITEM_51695,ORD_11694,PROD_CHG_03,1,999,999
ITEM_51696,ORD_11695,PROD_SPK_01,1,2499,2499
ITEM_51697,ORD_11696,PROD_SPK_05,1,4999,4999
ITEM_51698,ORD_11697,PROD_PWR_04,1,899,899
ITEM_51699,ORD_11698,PROD_PWR_03,1,3299,3299
ITEM_51700,ORD_11699,PROD_SPK_05,1,4999,4999
ITEM_51701,ORD_11700,PROD_WATCH_02,1,5499,5499
ITEM_51702,ORD_11701,PROD_CHG_03,1,999,999
ITEM_51703,ORD_11702,PROD_WATCH_04,1,3999,3999
ITEM_51704,ORD_11703,PROD_PWR_05,1,2799,2799
ITEM_51705,ORD_11704,PROD_CHG_04,1,1499,1499
ITEM_51706,ORD_11705,PROD_WATCH_02,1,5499,5499
ITEM_51707,ORD_11706,PROD_SPK_05,1,4999,4999
ITEM_51708,ORD_11707,PROD_WATCH_04,1,3999,3999
ITEM_51709,ORD_11708,PROD_WATCH_03,1,1899,1899
ITEM_51710,ORD_11709,PROD_WATCH_05,1,6999,6999
ITEM_51711,ORD_11710,PROD_WATCH_05,1,6999,6999
ITEM_51712,ORD_11711,PROD_CHG_03,1,999,999
ITEM_51713,ORD_11712,PROD_CHG_03,1,999,999
ITEM_51714,ORD_11713,PROD_SPK_01,1,2499,2499
ITEM_51715,ORD_11714,PROD_PWR_02,1,2199,2199
ITEM_51716,ORD_11715,PROD_PWR_05,1,2799,2799
ITEM_51717,ORD_11716,PROD_WATCH_03,1,1899,1899
ITEM_51718,ORD_11717,PROD_CHG_03,1,999,999
ITEM_51719,ORD_11718,PROD_WATCH_03,1,1899,1899
ITEM_51720,ORD_11719,PROD_SPK_04,1,3299,3299
ITEM_51721,ORD_11720,PROD_PWR_03,1,3299,3299
ITEM_51722,ORD_11721,PROD_WATCH_05,1,6999,6999
ITEM_51723,ORD_11722,PROD_WATCH_05,1,6999,6999
ITEM_51724,ORD_11723,PROD_SPK_03,1,1299,1299
ITEM_51725,ORD_11724,PROD_SPK_02,1,3999,3999
ITEM_51726,ORD_11725,PROD_SPK_05,1,4999,4999
ITEM_51727,ORD_11726,PROD_SPK_05,1,4999,4999
ITEM_51728,ORD_11727,PROD_PWR_02,1,2199,2199
ITEM_51729,ORD_11728,PROD_CHG_03,1,999,999
ITEM_51730,ORD_11729,PROD_CHG_05,1,799,799
ITEM_51731,ORD_11730,PROD_CHG_02,1,1899,1899
ITEM_51732,ORD_11731,PROD_WATCH_02,1,5499,5499
ITEM_51733,ORD_11732,PROD_WATCH_02,1,5499,5499
ITEM_51734,ORD_11733,PROD_WATCH_02,1,5499,5499
ITEM_51735,ORD_11734,PROD_SPK_01,1,2499,2499
ITEM_51736,ORD_11735,PROD_CHG_05,1,799,799
ITEM_51737,ORD_11736,PROD_SPK_02,1,3999,3999
ITEM_51738,ORD_11737,PROD_CHG_03,1,999,999
ITEM_51739,ORD_11738,PROD_SPK_02,1,3999,3999
ITEM_51740,ORD_11739,PROD_CHG_01,1,699,699
ITEM_51741,ORD_11740,PROD_SPK_03,1,1299,1299
ITEM_51742,ORD_11741,PROD_CHG_05,1,799,799
ITEM_51743,ORD_11742,PROD_CHG_04,1,1499,1499
ITEM_51744,ORD_11743,PROD_WATCH_02,1,5499,5499
ITEM_51745,ORD_11744,PROD_CHG_01,1,699,699
ITEM_51746,ORD_11745,PROD_WATCH_03,1,1899,1899
ITEM_51747,ORD_11746,PROD_PWR_05,1,2799,2799
ITEM_51748,ORD_11747,PROD_PWR_02,1,2199,2199
ITEM_51749,ORD_11748,PROD_PWR_05,1,2799,2799
ITEM_51750,ORD_11749,PROD_CHG_04,1,1499,1499
ITEM_51751,ORD_11750,PROD_PWR_01,1,1299,1299
ITEM_51752,ORD_11751,PROD_WATCH_03,1,1899,1899
ITEM_51753,ORD_11752,PROD_CHG_01,1,699,699
ITEM_51754,ORD_11753,PROD_WATCH_04,1,3999,3999
ITEM_51755,ORD_11754,PROD_PWR_03,1,3299,3299
ITEM_51756,ORD_11755,PROD_PWR_05,1,2799,2799
ITEM_51757,ORD_11756,PROD_CHG_03,1,999,999
ITEM_51758,ORD_11757,PROD_WATCH_02,1,5499,5499
ITEM_51759,ORD_11758,PROD_SPK_02,1,3999,3999
ITEM_51760,ORD_11759,PROD_WATCH_03,1,1899,1899
ITEM_51761,ORD_11760,PROD_SPK_01,1,2499,2499
ITEM_51762,ORD_11761,PROD_PWR_04,1,899,899
ITEM_51763,ORD_11762,PROD_CHG_02,1,1899,1899
ITEM_51764,ORD_11763,PROD_CHG_02,1,1899,1899
ITEM_51765,ORD_11764,PROD_CHG_04,1,1499,1499
ITEM_51766,ORD_11765,PROD_CHG_03,1,999,999
ITEM_51767,ORD_11766,PROD_PWR_01,1,1299,1299
ITEM_51768,ORD_11767,PROD_WATCH_02,1,5499,5499
ITEM_51769,ORD_11768,PROD_CHG_03,1,999,999
ITEM_51770,ORD_11769,PROD_PWR_01,1,1299,1299
ITEM_51771,ORD_11770,PROD_CHG_04,1,1499,1499
ITEM_51772,ORD_11771,PROD_PWR_05,1,2799,2799
ITEM_51773,ORD_11772,PROD_PWR_02,1,2199,2199
ITEM_51774,ORD_11773,PROD_CHG_05,1,799,799
ITEM_51775,ORD_11774,PROD_CHG_04,1,1499,1499
ITEM_51776,ORD_11775,PROD_CHG_05,1,799,799
ITEM_51777,ORD_11776,PROD_CHG_01,1,699,699
ITEM_51778,ORD_11777,PROD_PWR_02,1,2199,2199
ITEM_51779,ORD_11778,PROD_WATCH_02,1,5499,5499
ITEM_51780,ORD_11779,PROD_SPK_03,1,1299,1299
ITEM_51781,ORD_11780,PROD_PWR_03,1,3299,3299
ITEM_51782,ORD_11781,PROD_CHG_04,1,1499,1499
ITEM_51783,ORD_11782,PROD_CHG_02,1,1899,1899
ITEM_51784,ORD_11783,PROD_SPK_03,1,1299,1299
ITEM_51785,ORD_11784,PROD_PWR_01,1,1299,1299
ITEM_51786,ORD_11785,PROD_CHG_05,1,799,799
ITEM_51787,ORD_11786,PROD_CHG_05,1,799,799
ITEM_51788,ORD_11787,PROD_SPK_01,1,2499,2499
ITEM_51789,ORD_11788,PROD_SPK_02,1,3999,3999
ITEM_51790,ORD_11789,PROD_SPK_04,1,3299,3299
ITEM_51791,ORD_11790,PROD_WATCH_02,1,5499,5499
ITEM_51792,ORD_11791,PROD_CHG_04,1,1499,1499
ITEM_51793,ORD_11792,PROD_PWR_05,1,2799,2799
ITEM_51794,ORD_11793,PROD_SPK_05,1,4999,4999
ITEM_51795,ORD_11794,PROD_SPK_03,1,1299,1299
ITEM_51796,ORD_11795,PROD_CHG_05,1,799,799
ITEM_51797,ORD_11796,PROD_CHG_01,1,699,699
ITEM_51798,ORD_11797,PROD_SPK_02,1,3999,3999
ITEM_51799,ORD_11798,PROD_PWR_02,1,2199,2199
ITEM_51800,ORD_11799,PROD_WATCH_05,1,6999,6999
ITEM_51801,ORD_11800,PROD_CHG_01,1,699,699
ITEM_51802,ORD_11801,PROD_WATCH_05,1,6999,6999
ITEM_51803,ORD_11802,PROD_CHG_03,1,999,999
ITEM_51804,ORD_11803,PROD_SPK_01,1,2499,2499
ITEM_51805,ORD_11804,PROD_PWR_02,1,2199,2199
ITEM_51806,ORD_11805,PROD_CHG_03,1,999,999
ITEM_51807,ORD_11806,PROD_SPK_04,1,3299,3299
ITEM_51808,ORD_11807,PROD_WATCH_04,1,3999,3999
ITEM_51809,ORD_11808,PROD_SPK_04,1,3299,3299
ITEM_51810,ORD_11809,PROD_PWR_05,1,2799,2799
ITEM_51811,ORD_11810,PROD_CHG_05,1,799,799
ITEM_51812,ORD_11811,PROD_SPK_01,1,2499,2499
ITEM_51813,ORD_11812,PROD_WATCH_04,1,3999,3999
ITEM_51814,ORD_11813,PROD_SPK_05,1,4999,4999
ITEM_51815,ORD_11814,PROD_PWR_03,1,3299,3299
ITEM_51816,ORD_11815,PROD_PWR_02,1,2199,2199
ITEM_51817,ORD_11816,PROD_PWR_04,1,899,899
ITEM_51818,ORD_11817,PROD_PWR_03,1,3299,3299
ITEM_51819,ORD_11818,PROD_CHG_05,1,799,799
ITEM_51820,ORD_11819,PROD_WATCH_02,1,5499,5499
ITEM_51821,ORD_11820,PROD_PWR_03,1,3299,3299
ITEM_51822,ORD_11821,PROD_WATCH_03,1,1899,1899
ITEM_51823,ORD_11822,PROD_CHG_01,1,699,699
ITEM_51824,ORD_11823,PROD_SPK_04,1,3299,3299
ITEM_51825,ORD_11824,PROD_CHG_03,1,999,999
ITEM_51826,ORD_11825,PROD_WATCH_03,1,1899,1899
ITEM_51827,ORD_11826,PROD_WATCH_02,1,5499,5499
ITEM_51828,ORD_11827,PROD_PWR_02,1,2199,2199
ITEM_51829,ORD_11828,PROD_WATCH_02,1,5499,5499
ITEM_51830,ORD_11829,PROD_WATCH_05,1,6999,6999
ITEM_51831,ORD_11830,PROD_WATCH_03,1,1899,1899
ITEM_51832,ORD_11831,PROD_PWR_05,1,2799,2799
ITEM_51833,ORD_11832,PROD_SPK_01,1,2499,2499
ITEM_51834,ORD_11833,PROD_PWR_04,1,899,899
ITEM_51835,ORD_11834,PROD_PWR_01,1,1299,1299
ITEM_51836,ORD_11835,PROD_WATCH_04,1,3999,3999
ITEM_51837,ORD_11836,PROD_CHG_01,1,699,699
ITEM_51838,ORD_11837,PROD_SPK_01,1,2499,2499
ITEM_51839,ORD_11838,PROD_CHG_02,1,1899,1899
ITEM_51840,ORD_11839,PROD_SPK_02,1,3999,3999
ITEM_51841,ORD_11840,PROD_CHG_02,1,1899,1899
ITEM_51842,ORD_11841,PROD_CHG_03,1,999,999
ITEM_51843,ORD_11842,PROD_SPK_01,1,2499,2499
ITEM_51844,ORD_11843,PROD_WATCH_03,1,1899,1899
ITEM_51845,ORD_11844,PROD_CHG_04,1,1499,1499
ITEM_51846,ORD_11845,PROD_PWR_02,1,2199,2199
ITEM_51847,ORD_11846,PROD_PWR_03,1,3299,3299
ITEM_51848,ORD_11847,PROD_SPK_04,1,3299,3299
ITEM_51849,ORD_11848,PROD_WATCH_03,1,1899,1899
ITEM_51850,ORD_11849,PROD_CHG_03,1,999,999
ITEM_51851,ORD_11850,PROD_CHG_02,1,1899,1899
ITEM_51852,ORD_11851,PROD_PWR_01,1,1299,1299
ITEM_51853,ORD_11852,PROD_SPK_05,1,4999,4999
ITEM_51854,ORD_11853,PROD_CHG_03,1,999,999
ITEM_51855,ORD_11854,PROD_CHG_05,1,799,799
ITEM_51856,ORD_11855,PROD_SPK_04,1,3299,3299
ITEM_51857,ORD_11856,PROD_WATCH_04,1,3999,3999
ITEM_51858,ORD_11857,PROD_PWR_05,1,2799,2799
ITEM_51859,ORD_11858,PROD_PWR_04,1,899,899
ITEM_51860,ORD_11859,PROD_WATCH_03,1,1899,1899
ITEM_51861,ORD_11860,PROD_SPK_05,1,4999,4999
ITEM_51862,ORD_11861,PROD_WATCH_02,1,5499,5499
ITEM_51863,ORD_11862,PROD_SPK_04,1,3299,3299
ITEM_51864,ORD_11863,PROD_WATCH_03,1,1899,1899
ITEM_51865,ORD_11864,PROD_WATCH_05,1,6999,6999
ITEM_51866,ORD_11865,PROD_PWR_04,1,899,899
ITEM_51867,ORD_11866,PROD_SPK_03,1,1299,1299
ITEM_51868,ORD_11867,PROD_CHG_04,1,1499,1499
ITEM_51869,ORD_11868,PROD_SPK_02,1,3999,3999
ITEM_51870,ORD_11869,PROD_SPK_01,1,2499,2499
ITEM_51871,ORD_11870,PROD_CHG_04,1,1499,1499
ITEM_51872,ORD_11871,PROD_SPK_04,1,3299,3299
ITEM_51873,ORD_11872,PROD_WATCH_02,1,5499,5499
ITEM_51874,ORD_11873,PROD_CHG_04,1,1499,1499
ITEM_51875,ORD_11874,PROD_CHG_05,1,799,799
ITEM_51876,ORD_11875,PROD_PWR_01,1,1299,1299
ITEM_51877,ORD_11876,PROD_PWR_05,1,2799,2799
ITEM_51878,ORD_11877,PROD_SPK_03,1,1299,1299
ITEM_51879,ORD_11878,PROD_SPK_05,1,4999,4999
ITEM_51880,ORD_11879,PROD_PWR_01,1,1299,1299
ITEM_51881,ORD_11880,PROD_WATCH_02,1,5499,5499
ITEM_51882,ORD_11881,PROD_PWR_03,1,3299,3299
ITEM_51883,ORD_11882,PROD_CHG_04,1,1499,1499
ITEM_51884,ORD_11883,PROD_WATCH_02,1,5499,5499
ITEM_51885,ORD_11884,PROD_WATCH_04,1,3999,3999
ITEM_51886,ORD_11885,PROD_WATCH_03,1,1899,1899
ITEM_51887,ORD_11886,PROD_PWR_03,1,3299,3299
ITEM_51888,ORD_11887,PROD_SPK_01,1,2499,2499
ITEM_51889,ORD_11888,PROD_SPK_01,1,2499,2499
ITEM_51890,ORD_11889,PROD_SPK_01,1,2499,2499
ITEM_51891,ORD_11890,PROD_CHG_02,1,1899,1899
ITEM_51892,ORD_11891,PROD_PWR_03,1,3299,3299
ITEM_51893,ORD_11892,PROD_CHG_05,1,799,799
ITEM_51894,ORD_11893,PROD_PWR_03,1,3299,3299
ITEM_51895,ORD_11894,PROD_SPK_04,1,3299,3299
ITEM_51896,ORD_11895,PROD_SPK_04,1,3299,3299
ITEM_51897,ORD_11896,PROD_SPK_02,1,3999,3999
ITEM_51898,ORD_11897,PROD_CHG_04,1,1499,1499
ITEM_51899,ORD_11898,PROD_CHG_03,1,999,999
ITEM_51900,ORD_11899,PROD_SPK_01,1,2499,2499
ITEM_51901,ORD_11900,PROD_PWR_04,1,899,899
ITEM_51902,ORD_11901,PROD_SPK_05,1,4999,4999
ITEM_51903,ORD_11902,PROD_CHG_03,1,999,999
ITEM_51904,ORD_11903,PROD_PWR_05,1,2799,2799
ITEM_51905,ORD_11904,PROD_WATCH_03,1,1899,1899
ITEM_51906,ORD_11905,PROD_PWR_03,1,3299,3299
ITEM_51907,ORD_11906,PROD_WATCH_04,1,3999,3999
ITEM_51908,ORD_11907,PROD_SPK_01,1,2499,2499
ITEM_51909,ORD_11908,PROD_WATCH_05,1,6999,6999
ITEM_51910,ORD_11909,PROD_PWR_02,1,2199,2199
ITEM_51911,ORD_11910,PROD_CHG_01,1,699,699
ITEM_51912,ORD_11911,PROD_SPK_05,1,4999,4999
ITEM_51913,ORD_11912,PROD_CHG_01,1,699,699
ITEM_51914,ORD_11913,PROD_CHG_01,1,699,699
ITEM_51915,ORD_11914,PROD_CHG_01,1,699,699
ITEM_51916,ORD_11915,PROD_PWR_05,1,2799,2799
ITEM_51917,ORD_11916,PROD_CHG_04,1,1499,1499
ITEM_51918,ORD_11917,PROD_PWR_01,1,1299,1299
ITEM_51919,ORD_11918,PROD_PWR_05,1,2799,2799
ITEM_51920,ORD_11919,PROD_CHG_03,1,999,999
ITEM_51921,ORD_11920,PROD_SPK_03,1,1299,1299
ITEM_51922,ORD_11921,PROD_WATCH_02,1,5499,5499
ITEM_51923,ORD_11922,PROD_SPK_05,1,4999,4999
ITEM_51924,ORD_11923,PROD_CHG_03,1,999,999
ITEM_51925,ORD_11924,PROD_WATCH_02,1,5499,5499
ITEM_51926,ORD_11925,PROD_SPK_02,1,3999,3999
ITEM_51927,ORD_11926,PROD_PWR_03,1,3299,3299
ITEM_51928,ORD_11927,PROD_WATCH_03,1,1899,1899
ITEM_51929,ORD_11928,PROD_PWR_04,1,899,899
ITEM_51930,ORD_11929,PROD_SPK_02,1,3999,3999
ITEM_51931,ORD_11930,PROD_PWR_01,1,1299,1299
ITEM_51932,ORD_11931,PROD_SPK_03,1,1299,1299
ITEM_51933,ORD_11932,PROD_CHG_03,1,999,999
ITEM_51934,ORD_11933,PROD_PWR_04,1,899,899
ITEM_51935,ORD_11934,PROD_WATCH_05,1,6999,6999
ITEM_51936,ORD_11935,PROD_SPK_04,1,3299,3299
ITEM_51937,ORD_11936,PROD_SPK_01,1,2499,2499
ITEM_51938,ORD_11937,PROD_WATCH_04,1,3999,3999
ITEM_51939,ORD_11938,PROD_WATCH_02,1,5499,5499
ITEM_51940,ORD_11939,PROD_WATCH_04,1,3999,3999
ITEM_51941,ORD_11940,PROD_WATCH_02,1,5499,5499
ITEM_51942,ORD_11941,PROD_SPK_04,1,3299,3299
ITEM_51943,ORD_11942,PROD_WATCH_03,1,1899,1899
ITEM_51944,ORD_11943,PROD_PWR_05,1,2799,2799
ITEM_51945,ORD_11944,PROD_WATCH_03,1,1899,1899
ITEM_51946,ORD_11945,PROD_SPK_05,1,4999,4999
ITEM_51947,ORD_11946,PROD_SPK_04,1,3299,3299
ITEM_51948,ORD_11947,PROD_PWR_03,1,3299,3299
ITEM_51949,ORD_11948,PROD_SPK_01,1,2499,2499
ITEM_51950,ORD_11949,PROD_PWR_04,1,899,899
ITEM_51951,ORD_11950,PROD_SPK_02,1,3999,3999
ITEM_51952,ORD_11951,PROD_SPK_05,1,4999,4999
ITEM_51953,ORD_11952,PROD_SPK_01,1,2499,2499
ITEM_51954,ORD_11953,PROD_SPK_01,1,2499,2499
ITEM_51955,ORD_11954,PROD_CHG_05,1,799,799
ITEM_51956,ORD_11955,PROD_WATCH_02,1,5499,5499
ITEM_51957,ORD_11956,PROD_SPK_03,1,1299,1299
ITEM_51958,ORD_11957,PROD_WATCH_05,1,6999,6999
ITEM_51959,ORD_11958,PROD_WATCH_05,1,6999,6999
ITEM_51960,ORD_11959,PROD_CHG_01,1,699,699
ITEM_51961,ORD_11960,PROD_WATCH_02,1,5499,5499
ITEM_51962,ORD_11961,PROD_SPK_03,1,1299,1299
ITEM_51963,ORD_11962,PROD_WATCH_02,1,5499,5499
ITEM_51964,ORD_11963,PROD_CHG_01,1,699,699
ITEM_51965,ORD_11964,PROD_SPK_04,1,3299,3299
ITEM_51966,ORD_11965,PROD_PWR_04,1,899,899
ITEM_51967,ORD_11966,PROD_SPK_03,1,1299,1299
ITEM_51968,ORD_11967,PROD_SPK_03,1,1299,1299
ITEM_51969,ORD_11968,PROD_CHG_01,1,699,699
ITEM_51970,ORD_11969,PROD_PWR_05,1,2799,2799
ITEM_51971,ORD_11970,PROD_CHG_04,1,1499,1499
ITEM_51972,ORD_11971,PROD_WATCH_02,1,5499,5499
ITEM_51973,ORD_11972,PROD_CHG_05,1,799,799
ITEM_51974,ORD_11973,PROD_WATCH_05,1,6999,6999
ITEM_51975,ORD_11974,PROD_CHG_03,1,999,999
ITEM_51976,ORD_11975,PROD_CHG_03,1,999,999
ITEM_51977,ORD_11976,PROD_CHG_01,1,699,699
ITEM_51978,ORD_11977,PROD_CHG_05,1,799,799
ITEM_51979,ORD_11978,PROD_PWR_02,1,2199,2199
ITEM_51980,ORD_11979,PROD_PWR_05,1,2799,2799
ITEM_51981,ORD_11980,PROD_PWR_01,1,1299,1299
ITEM_51982,ORD_11981,PROD_WATCH_05,1,6999,6999
ITEM_51983,ORD_11982,PROD_PWR_01,1,1299,1299
ITEM_51984,ORD_11983,PROD_CHG_04,1,1499,1499
ITEM_51985,ORD_11984,PROD_WATCH_03,1,1899,1899
ITEM_51986,ORD_11985,PROD_SPK_01,1,2499,2499
ITEM_51987,ORD_11986,PROD_WATCH_04,1,3999,3999
ITEM_51988,ORD_11987,PROD_SPK_02,1,3999,3999
ITEM_51989,ORD_11988,PROD_PWR_02,1,2199,2199
ITEM_51990,ORD_11989,PROD_SPK_02,1,3999,3999
ITEM_51991,ORD_11990,PROD_SPK_05,1,4999,4999
ITEM_51992,ORD_11991,PROD_PWR_02,1,2199,2199
ITEM_51993,ORD_11992,PROD_SPK_04,1,3299,3299
ITEM_51994,ORD_11993,PROD_PWR_04,1,899,899
ITEM_51995,ORD_11994,PROD_PWR_03,1,3299,3299
ITEM_51996,ORD_11995,PROD_CHG_05,1,799,799
ITEM_51997,ORD_11996,PROD_CHG_01,1,699,699
ITEM_51998,ORD_11997,PROD_PWR_03,1,3299,3299
ITEM_51999,ORD_11998,PROD_SPK_05,1,4999,4999
ITEM_52000,ORD_11999,PROD_WATCH_05,1,6999,6999
ITEM_52001,ORD_12000,PROD_PWR_01,1,1299,1299
ITEM_52002,ORD_12001,PROD_PWR_03,1,3299,3299
ITEM_52003,ORD_12002,PROD_CHG_02,1,1899,1899
ITEM_52004,ORD_12003,PROD_WATCH_03,1,1899,1899
ITEM_52005,ORD_12004,PROD_WATCH_04,1,3999,3999
ITEM_52006,ORD_12005,PROD_WATCH_03,1,1899,1899
ITEM_52007,ORD_12006,PROD_WATCH_05,1,6999,6999
ITEM_52008,ORD_12007,PROD_PWR_05,1,2799,2799
ITEM_52009,ORD_12008,PROD_CHG_05,1,799,799
ITEM_52010,ORD_12009,PROD_PWR_02,1,2199,2199
ITEM_52011,ORD_12010,PROD_CHG_03,1,999,999
ITEM_52012,ORD_12011,PROD_PWR_02,1,2199,2199
ITEM_52013,ORD_12012,PROD_SPK_04,1,3299,3299
ITEM_52014,ORD_12013,PROD_CHG_02,1,1899,1899
ITEM_52015,ORD_12014,PROD_PWR_03,1,3299,3299
ITEM_52016,ORD_12015,PROD_PWR_04,1,899,899
ITEM_52017,ORD_12016,PROD_SPK_03,1,1299,1299
ITEM_52018,ORD_12017,PROD_WATCH_03,1,1899,1899
ITEM_52019,ORD_12018,PROD_CHG_05,1,799,799
ITEM_52020,ORD_12019,PROD_PWR_05,1,2799,2799
ITEM_52021,ORD_12020,PROD_WATCH_02,1,5499,5499
ITEM_52022,ORD_12021,PROD_SPK_01,1,2499,2499
ITEM_52023,ORD_12022,PROD_CHG_05,1,799,799
ITEM_52024,ORD_12023,PROD_CHG_01,1,699,699
ITEM_52025,ORD_12024,PROD_PWR_01,1,1299,1299
ITEM_52026,ORD_12025,PROD_CHG_05,1,799,799
ITEM_52027,ORD_12026,PROD_SPK_05,1,4999,4999
ITEM_52028,ORD_12027,PROD_SPK_04,1,3299,3299
ITEM_52029,ORD_12028,PROD_WATCH_03,1,1899,1899
ITEM_52030,ORD_12029,PROD_SPK_05,1,4999,4999
ITEM_52031,ORD_12030,PROD_PWR_05,1,2799,2799
ITEM_52032,ORD_12031,PROD_PWR_04,1,899,899
ITEM_52033,ORD_12032,PROD_PWR_02,1,2199,2199
ITEM_52034,ORD_12033,PROD_PWR_03,1,3299,3299
ITEM_52035,ORD_12034,PROD_WATCH_03,1,1899,1899
ITEM_52036,ORD_12035,PROD_CHG_05,1,799,799
ITEM_52037,ORD_12036,PROD_CHG_03,1,999,999
ITEM_52038,ORD_12037,PROD_PWR_04,1,899,899
ITEM_52039,ORD_12038,PROD_WATCH_03,1,1899,1899
ITEM_52040,ORD_12039,PROD_SPK_01,1,2499,2499
ITEM_52041,ORD_12040,PROD_CHG_04,1,1499,1499
ITEM_52042,ORD_12041,PROD_PWR_03,1,3299,3299
ITEM_52043,ORD_12042,PROD_SPK_03,1,1299,1299
ITEM_52044,ORD_12043,PROD_WATCH_03,1,1899,1899
ITEM_52045,ORD_12044,PROD_CHG_03,1,999,999
ITEM_52046,ORD_12045,PROD_WATCH_03,1,1899,1899
ITEM_52047,ORD_12046,PROD_SPK_03,1,1299,1299
ITEM_52048,ORD_12047,PROD_SPK_03,1,1299,1299
ITEM_52049,ORD_12048,PROD_PWR_01,1,1299,1299
ITEM_52050,ORD_12049,PROD_CHG_04,1,1499,1499
ITEM_52051,ORD_12050,PROD_CHG_01,1,699,699
ITEM_52052,ORD_12051,PROD_CHG_01,1,699,699
ITEM_52053,ORD_12052,PROD_CHG_04,1,1499,1499
ITEM_52054,ORD_12053,PROD_CHG_02,1,1899,1899
ITEM_52055,ORD_12054,PROD_WATCH_02,1,5499,5499
ITEM_52056,ORD_12055,PROD_SPK_03,1,1299,1299
ITEM_52057,ORD_12056,PROD_SPK_02,1,3999,3999
ITEM_52058,ORD_12057,PROD_WATCH_03,1,1899,1899
ITEM_52059,ORD_12058,PROD_CHG_03,1,999,999
ITEM_52060,ORD_12059,PROD_CHG_05,1,799,799
ITEM_52061,ORD_12060,PROD_PWR_05,1,2799,2799
ITEM_52062,ORD_12061,PROD_WATCH_02,1,5499,5499
ITEM_52063,ORD_12062,PROD_WATCH_02,1,5499,5499
ITEM_52064,ORD_12063,PROD_CHG_01,1,699,699
ITEM_52065,ORD_12064,PROD_WATCH_05,1,6999,6999
ITEM_52066,ORD_12065,PROD_PWR_01,1,1299,1299
ITEM_52067,ORD_12066,PROD_PWR_02,1,2199,2199
ITEM_52068,ORD_12067,PROD_PWR_02,1,2199,2199
ITEM_52069,ORD_12068,PROD_SPK_03,1,1299,1299
ITEM_52070,ORD_12069,PROD_PWR_01,1,1299,1299
ITEM_52071,ORD_12070,PROD_CHG_05,1,799,799
ITEM_52072,ORD_12071,PROD_SPK_01,1,2499,2499
ITEM_52073,ORD_12072,PROD_SPK_01,1,2499,2499
ITEM_52074,ORD_12073,PROD_PWR_01,1,1299,1299
ITEM_52075,ORD_12074,PROD_WATCH_05,1,6999,6999
ITEM_52076,ORD_12075,PROD_SPK_04,1,3299,3299
ITEM_52077,ORD_12076,PROD_PWR_04,1,899,899
ITEM_52078,ORD_12077,PROD_SPK_05,1,4999,4999
ITEM_52079,ORD_12078,PROD_SPK_03,1,1299,1299
ITEM_52080,ORD_12079,PROD_WATCH_04,1,3999,3999
ITEM_52081,ORD_12080,PROD_PWR_04,1,899,899
ITEM_52082,ORD_12081,PROD_PWR_04,1,899,899
ITEM_52083,ORD_12082,PROD_WATCH_02,1,5499,5499
ITEM_52084,ORD_12083,PROD_CHG_02,1,1899,1899
ITEM_52085,ORD_12084,PROD_SPK_05,1,4999,4999
ITEM_52086,ORD_12085,PROD_WATCH_05,1,6999,6999
ITEM_52087,ORD_12086,PROD_CHG_03,1,999,999
ITEM_52088,ORD_12087,PROD_PWR_02,1,2199,2199
ITEM_52089,ORD_12088,PROD_PWR_02,1,2199,2199
ITEM_52090,ORD_12089,PROD_PWR_05,1,2799,2799
ITEM_52091,ORD_12090,PROD_WATCH_04,1,3999,3999
ITEM_52092,ORD_12091,PROD_PWR_01,1,1299,1299
ITEM_52093,ORD_12092,PROD_CHG_03,1,999,999
ITEM_52094,ORD_12093,PROD_CHG_04,1,1499,1499
ITEM_52095,ORD_12094,PROD_WATCH_05,1,6999,6999
ITEM_52096,ORD_12095,PROD_WATCH_05,1,6999,6999
ITEM_52097,ORD_12096,PROD_CHG_02,1,1899,1899
ITEM_52098,ORD_12097,PROD_CHG_02,1,1899,1899
ITEM_52099,ORD_12098,PROD_SPK_01,1,2499,2499
ITEM_52100,ORD_12099,PROD_CHG_02,1,1899,1899
ITEM_52101,ORD_12100,PROD_CHG_03,1,999,999
ITEM_52102,ORD_12101,PROD_SPK_04,1,3299,3299
ITEM_52103,ORD_12102,PROD_SPK_01,1,2499,2499
ITEM_52104,ORD_12103,PROD_CHG_01,1,699,699
ITEM_52105,ORD_12104,PROD_SPK_01,1,2499,2499
ITEM_52106,ORD_12105,PROD_SPK_03,1,1299,1299
ITEM_52107,ORD_12106,PROD_WATCH_03,1,1899,1899
ITEM_52108,ORD_12107,PROD_WATCH_04,1,3999,3999
ITEM_52109,ORD_12108,PROD_CHG_03,1,999,999
ITEM_52110,ORD_12109,PROD_PWR_05,1,2799,2799
ITEM_52111,ORD_12110,PROD_PWR_02,1,2199,2199
ITEM_52112,ORD_12111,PROD_WATCH_04,1,3999,3999
ITEM_52113,ORD_12112,PROD_CHG_03,1,999,999
ITEM_52114,ORD_12113,PROD_WATCH_02,1,5499,5499
ITEM_52115,ORD_12114,PROD_WATCH_04,1,3999,3999
ITEM_52116,ORD_12115,PROD_CHG_05,1,799,799
ITEM_52117,ORD_12116,PROD_CHG_04,1,1499,1499
ITEM_52118,ORD_12117,PROD_CHG_05,1,799,799
ITEM_52119,ORD_12118,PROD_PWR_05,1,2799,2799
ITEM_52120,ORD_12119,PROD_PWR_03,1,3299,3299
ITEM_52121,ORD_12120,PROD_CHG_01,1,699,699
ITEM_52122,ORD_12121,PROD_PWR_03,1,3299,3299
ITEM_52123,ORD_12122,PROD_PWR_05,1,2799,2799
ITEM_52124,ORD_12123,PROD_WATCH_04,1,3999,3999
ITEM_52125,ORD_12124,PROD_CHG_05,1,799,799
ITEM_52126,ORD_12125,PROD_WATCH_04,1,3999,3999
ITEM_52127,ORD_12126,PROD_WATCH_05,1,6999,6999
ITEM_52128,ORD_12127,PROD_SPK_05,1,4999,4999
ITEM_52129,ORD_12128,PROD_SPK_01,1,2499,2499
ITEM_52130,ORD_12129,PROD_CHG_02,1,1899,1899
ITEM_52131,ORD_12130,PROD_SPK_03,1,1299,1299
ITEM_52132,ORD_12131,PROD_SPK_02,1,3999,3999
ITEM_52133,ORD_12132,PROD_CHG_01,1,699,699
ITEM_52134,ORD_12133,PROD_SPK_01,1,2499,2499
ITEM_52135,ORD_12134,PROD_CHG_02,1,1899,1899
ITEM_52136,ORD_12135,PROD_WATCH_05,1,6999,6999
ITEM_52137,ORD_12136,PROD_CHG_05,1,799,799
ITEM_52138,ORD_12137,PROD_SPK_02,1,3999,3999
ITEM_52139,ORD_12138,PROD_PWR_04,1,899,899
ITEM_52140,ORD_12139,PROD_CHG_03,1,999,999
ITEM_52141,ORD_12140,PROD_SPK_02,1,3999,3999
ITEM_52142,ORD_12141,PROD_PWR_02,1,2199,2199
ITEM_52143,ORD_12142,PROD_WATCH_05,1,6999,6999
ITEM_52144,ORD_12143,PROD_WATCH_05,1,6999,6999
ITEM_52145,ORD_12144,PROD_CHG_05,1,799,799
ITEM_52146,ORD_12145,PROD_CHG_03,1,999,999
ITEM_52147,ORD_12146,PROD_SPK_02,1,3999,3999
ITEM_52148,ORD_12147,PROD_WATCH_04,1,3999,3999
ITEM_52149,ORD_12148,PROD_WATCH_05,1,6999,6999
ITEM_52150,ORD_12149,PROD_SPK_02,1,3999,3999
ITEM_52151,ORD_12150,PROD_CHG_04,1,1499,1499
ITEM_52152,ORD_12151,PROD_CHG_04,1,1499,1499
ITEM_52153,ORD_12152,PROD_SPK_05,1,4999,4999
ITEM_52154,ORD_12153,PROD_PWR_04,1,899,899
ITEM_52155,ORD_12154,PROD_CHG_03,1,999,999
ITEM_52156,ORD_12155,PROD_CHG_05,1,799,799
ITEM_52157,ORD_12156,PROD_PWR_02,1,2199,2199
ITEM_52158,ORD_12157,PROD_SPK_01,1,2499,2499
ITEM_52159,ORD_12158,PROD_PWR_02,1,2199,2199
ITEM_52160,ORD_12159,PROD_CHG_05,1,799,799
ITEM_52161,ORD_12160,PROD_SPK_05,1,4999,4999
ITEM_52162,ORD_12161,PROD_CHG_02,1,1899,1899
ITEM_52163,ORD_12162,PROD_PWR_01,1,1299,1299
ITEM_52164,ORD_12163,PROD_CHG_03,1,999,999
ITEM_52165,ORD_12164,PROD_WATCH_04,1,3999,3999
ITEM_52166,ORD_12165,PROD_PWR_02,1,2199,2199
ITEM_52167,ORD_12166,PROD_WATCH_05,1,6999,6999
ITEM_52168,ORD_12167,PROD_SPK_04,1,3299,3299
ITEM_52169,ORD_12168,PROD_CHG_04,1,1499,1499
ITEM_52170,ORD_12169,PROD_SPK_02,1,3999,3999
ITEM_52171,ORD_12170,PROD_SPK_04,1,3299,3299
ITEM_52172,ORD_12171,PROD_CHG_02,1,1899,1899
ITEM_52173,ORD_12172,PROD_PWR_03,1,3299,3299
ITEM_52174,ORD_12173,PROD_SPK_02,1,3999,3999
ITEM_52175,ORD_12174,PROD_CHG_04,1,1499,1499
ITEM_52176,ORD_12175,PROD_SPK_02,1,3999,3999
ITEM_52177,ORD_12176,PROD_SPK_01,1,2499,2499
ITEM_52178,ORD_12177,PROD_WATCH_02,1,5499,5499
ITEM_52179,ORD_12178,PROD_WATCH_03,1,1899,1899
ITEM_52180,ORD_12179,PROD_SPK_04,1,3299,3299
ITEM_52181,ORD_12180,PROD_SPK_04,1,3299,3299
ITEM_52182,ORD_12181,PROD_PWR_03,1,3299,3299
ITEM_52183,ORD_12182,PROD_CHG_04,1,1499,1499
ITEM_52184,ORD_12183,PROD_CHG_02,1,1899,1899
ITEM_52185,ORD_12184,PROD_PWR_05,1,2799,2799
ITEM_52186,ORD_12185,PROD_CHG_01,1,699,699
ITEM_52187,ORD_12186,PROD_CHG_02,1,1899,1899
ITEM_52188,ORD_12187,PROD_WATCH_04,1,3999,3999
ITEM_52189,ORD_12188,PROD_WATCH_05,1,6999,6999
ITEM_52190,ORD_12189,PROD_WATCH_04,1,3999,3999
ITEM_52191,ORD_12190,PROD_WATCH_03,1,1899,1899
ITEM_52192,ORD_12191,PROD_WATCH_04,1,3999,3999
ITEM_52193,ORD_12192,PROD_SPK_02,1,3999,3999
ITEM_52194,ORD_12193,PROD_SPK_04,1,3299,3299
ITEM_52195,ORD_12194,PROD_WATCH_02,1,5499,5499
ITEM_52196,ORD_12195,PROD_SPK_05,1,4999,4999
ITEM_52197,ORD_12196,PROD_CHG_03,1,999,999
ITEM_52198,ORD_12197,PROD_CHG_03,1,999,999
ITEM_52199,ORD_12198,PROD_CHG_03,1,999,999
ITEM_52200,ORD_12199,PROD_CHG_02,1,1899,1899
ITEM_52201,ORD_12200,PROD_SPK_04,1,3299,3299
ITEM_52202,ORD_12201,PROD_SPK_03,1,1299,1299
ITEM_52203,ORD_12202,PROD_CHG_02,1,1899,1899
ITEM_52204,ORD_12203,PROD_WATCH_04,1,3999,3999
ITEM_52205,ORD_12204,PROD_SPK_04,1,3299,3299
ITEM_52206,ORD_12205,PROD_SPK_05,1,4999,4999
ITEM_52207,ORD_12206,PROD_SPK_01,1,2499,2499
ITEM_52208,ORD_12207,PROD_PWR_03,1,3299,3299
ITEM_52209,ORD_12208,PROD_SPK_01,1,2499,2499
ITEM_52210,ORD_12209,PROD_CHG_03,1,999,999
ITEM_52211,ORD_12210,PROD_PWR_03,1,3299,3299
ITEM_52212,ORD_12211,PROD_WATCH_05,1,6999,6999
ITEM_52213,ORD_12212,PROD_PWR_01,1,1299,1299
ITEM_52214,ORD_12213,PROD_CHG_05,1,799,799
ITEM_52215,ORD_12214,PROD_CHG_04,1,1499,1499
ITEM_52216,ORD_12215,PROD_CHG_01,1,699,699
ITEM_52217,ORD_12216,PROD_CHG_01,1,699,699
ITEM_52218,ORD_12217,PROD_SPK_03,1,1299,1299
ITEM_52219,ORD_12218,PROD_SPK_04,1,3299,3299
ITEM_52220,ORD_12219,PROD_PWR_01,1,1299,1299
ITEM_52221,ORD_12220,PROD_CHG_03,1,999,999
ITEM_52222,ORD_12221,PROD_PWR_03,1,3299,3299
ITEM_52223,ORD_12222,PROD_CHG_05,1,799,799
ITEM_52224,ORD_12223,PROD_WATCH_03,1,1899,1899
ITEM_52225,ORD_12224,PROD_WATCH_02,1,5499,5499
ITEM_52226,ORD_12225,PROD_SPK_02,1,3999,3999
ITEM_52227,ORD_12226,PROD_PWR_03,1,3299,3299
ITEM_52228,ORD_12227,PROD_CHG_04,1,1499,1499
ITEM_52229,ORD_12228,PROD_SPK_02,1,3999,3999
ITEM_52230,ORD_12229,PROD_WATCH_02,1,5499,5499
ITEM_52231,ORD_12230,PROD_WATCH_02,1,5499,5499
ITEM_52232,ORD_12231,PROD_SPK_02,1,3999,3999
ITEM_52233,ORD_12232,PROD_CHG_04,1,1499,1499
ITEM_52234,ORD_12233,PROD_PWR_03,1,3299,3299
ITEM_52235,ORD_12234,PROD_PWR_04,1,899,899
ITEM_52236,ORD_12235,PROD_PWR_02,1,2199,2199
ITEM_52237,ORD_12236,PROD_CHG_03,1,999,999
ITEM_52238,ORD_12237,PROD_SPK_03,1,1299,1299
ITEM_52239,ORD_12238,PROD_CHG_04,1,1499,1499
ITEM_52240,ORD_12239,PROD_SPK_05,1,4999,4999
ITEM_52241,ORD_12240,PROD_WATCH_02,1,5499,5499
ITEM_52242,ORD_12241,PROD_SPK_02,1,3999,3999
ITEM_52243,ORD_12242,PROD_CHG_03,1,999,999
ITEM_52244,ORD_12243,PROD_CHG_03,1,999,999
ITEM_52245,ORD_12244,PROD_WATCH_02,1,5499,5499
ITEM_52246,ORD_12245,PROD_PWR_01,1,1299,1299
ITEM_52247,ORD_12246,PROD_PWR_04,1,899,899
ITEM_52248,ORD_12247,PROD_CHG_03,1,999,999
ITEM_52249,ORD_12248,PROD_SPK_03,1,1299,1299
ITEM_52250,ORD_12249,PROD_WATCH_03,1,1899,1899
ITEM_52251,ORD_12250,PROD_CHG_02,1,1899,1899
ITEM_52252,ORD_12251,PROD_CHG_04,1,1499,1499
ITEM_52253,ORD_12252,PROD_SPK_04,1,3299,3299
ITEM_52254,ORD_12253,PROD_CHG_03,1,999,999
ITEM_52255,ORD_12254,PROD_WATCH_03,1,1899,1899
ITEM_52256,ORD_12255,PROD_PWR_02,1,2199,2199
ITEM_52257,ORD_12256,PROD_SPK_05,1,4999,4999
ITEM_52258,ORD_12257,PROD_PWR_03,1,3299,3299
ITEM_52259,ORD_12258,PROD_SPK_03,1,1299,1299
ITEM_52260,ORD_12259,PROD_SPK_04,1,3299,3299
ITEM_52261,ORD_12260,PROD_SPK_04,1,3299,3299
ITEM_52262,ORD_12261,PROD_CHG_02,1,1899,1899
ITEM_52263,ORD_12262,PROD_WATCH_03,1,1899,1899
ITEM_52264,ORD_12263,PROD_CHG_04,1,1499,1499
ITEM_52265,ORD_12264,PROD_SPK_02,1,3999,3999
ITEM_52266,ORD_12265,PROD_CHG_02,1,1899,1899
ITEM_52267,ORD_12266,PROD_CHG_04,1,1499,1499
ITEM_52268,ORD_12267,PROD_CHG_01,1,699,699
ITEM_52269,ORD_12268,PROD_SPK_03,1,1299,1299
ITEM_52270,ORD_12269,PROD_CHG_01,1,699,699
ITEM_52271,ORD_12270,PROD_SPK_04,1,3299,3299
ITEM_52272,ORD_12271,PROD_PWR_02,1,2199,2199
ITEM_52273,ORD_12272,PROD_CHG_01,1,699,699
ITEM_52274,ORD_12273,PROD_SPK_04,1,3299,3299
ITEM_52275,ORD_12274,PROD_CHG_05,1,799,799
ITEM_52276,ORD_12275,PROD_WATCH_02,1,5499,5499
ITEM_52277,ORD_12276,PROD_PWR_02,1,2199,2199
ITEM_52278,ORD_12277,PROD_WATCH_02,1,5499,5499
ITEM_52279,ORD_12278,PROD_PWR_03,1,3299,3299
ITEM_52280,ORD_12279,PROD_WATCH_03,1,1899,1899
ITEM_52281,ORD_12280,PROD_PWR_01,1,1299,1299
ITEM_52282,ORD_12281,PROD_PWR_04,1,899,899
ITEM_52283,ORD_12282,PROD_CHG_02,1,1899,1899
ITEM_52284,ORD_12283,PROD_CHG_03,1,999,999
ITEM_52285,ORD_12284,PROD_PWR_05,1,2799,2799
ITEM_52286,ORD_12285,PROD_WATCH_05,1,6999,6999
ITEM_52287,ORD_12286,PROD_CHG_01,1,699,699
ITEM_52288,ORD_12287,PROD_WATCH_05,1,6999,6999
ITEM_52289,ORD_12288,PROD_CHG_05,1,799,799
ITEM_52290,ORD_12289,PROD_WATCH_03,1,1899,1899
ITEM_52291,ORD_12290,PROD_PWR_01,1,1299,1299
ITEM_52292,ORD_12291,PROD_PWR_02,1,2199,2199
ITEM_52293,ORD_12292,PROD_PWR_05,1,2799,2799
ITEM_52294,ORD_12293,PROD_PWR_03,1,3299,3299
ITEM_52295,ORD_12294,PROD_WATCH_02,1,5499,5499
ITEM_52296,ORD_12295,PROD_SPK_04,1,3299,3299
ITEM_52297,ORD_12296,PROD_WATCH_05,1,6999,6999
ITEM_52298,ORD_12297,PROD_CHG_04,1,1499,1499
ITEM_52299,ORD_12298,PROD_CHG_01,1,699,699
ITEM_52300,ORD_12299,PROD_PWR_04,1,899,899
ITEM_52301,ORD_12300,PROD_PWR_03,1,3299,3299
ITEM_52302,ORD_12301,PROD_WATCH_03,1,1899,1899
ITEM_52303,ORD_12302,PROD_SPK_02,1,3999,3999
ITEM_52304,ORD_12303,PROD_WATCH_04,1,3999,3999
ITEM_52305,ORD_12304,PROD_WATCH_02,1,5499,5499
ITEM_52306,ORD_12305,PROD_PWR_03,1,3299,3299
ITEM_52307,ORD_12306,PROD_CHG_03,1,999,999
ITEM_52308,ORD_12307,PROD_SPK_01,1,2499,2499
ITEM_52309,ORD_12308,PROD_SPK_03,1,1299,1299
ITEM_52310,ORD_12309,PROD_CHG_02,1,1899,1899
ITEM_52311,ORD_12310,PROD_PWR_05,1,2799,2799
ITEM_52312,ORD_12311,PROD_CHG_03,1,999,999
ITEM_52313,ORD_12312,PROD_PWR_02,1,2199,2199
ITEM_52314,ORD_12313,PROD_CHG_01,1,699,699
ITEM_52315,ORD_12314,PROD_WATCH_02,1,5499,5499
ITEM_52316,ORD_12315,PROD_SPK_01,1,2499,2499
ITEM_52317,ORD_12316,PROD_WATCH_04,1,3999,3999
ITEM_52318,ORD_12317,PROD_SPK_04,1,3299,3299
ITEM_52319,ORD_12318,PROD_CHG_02,1,1899,1899
ITEM_52320,ORD_12319,PROD_PWR_03,1,3299,3299
ITEM_52321,ORD_12320,PROD_PWR_01,1,1299,1299
ITEM_52322,ORD_12321,PROD_CHG_02,1,1899,1899
ITEM_52323,ORD_12322,PROD_PWR_04,1,899,899
ITEM_52324,ORD_12323,PROD_CHG_04,1,1499,1499
ITEM_52325,ORD_12324,PROD_CHG_04,1,1499,1499
ITEM_52326,ORD_12325,PROD_PWR_02,1,2199,2199
ITEM_52327,ORD_12326,PROD_PWR_01,1,1299,1299
ITEM_52328,ORD_12327,PROD_SPK_05,1,4999,4999
ITEM_52329,ORD_12328,PROD_CHG_04,1,1499,1499
ITEM_52330,ORD_12329,PROD_SPK_02,1,3999,3999
ITEM_52331,ORD_12330,PROD_SPK_01,1,2499,2499
ITEM_52332,ORD_12331,PROD_SPK_04,1,3299,3299
ITEM_52333,ORD_12332,PROD_CHG_01,1,699,699
ITEM_52334,ORD_12333,PROD_CHG_04,1,1499,1499
ITEM_52335,ORD_12334,PROD_PWR_01,1,1299,1299
ITEM_52336,ORD_12335,PROD_PWR_05,1,2799,2799
ITEM_52337,ORD_12336,PROD_SPK_04,1,3299,3299
ITEM_52338,ORD_12337,PROD_CHG_03,1,999,999
ITEM_52339,ORD_12338,PROD_CHG_05,1,799,799
ITEM_52340,ORD_12339,PROD_SPK_01,1,2499,2499
ITEM_52341,ORD_12340,PROD_CHG_02,1,1899,1899
ITEM_52342,ORD_12341,PROD_PWR_05,1,2799,2799
ITEM_52343,ORD_12342,PROD_WATCH_04,1,3999,3999
ITEM_52344,ORD_12343,PROD_SPK_05,1,4999,4999
ITEM_52345,ORD_12344,PROD_CHG_03,1,999,999
ITEM_52346,ORD_12345,PROD_CHG_05,1,799,799
ITEM_52347,ORD_12346,PROD_WATCH_03,1,1899,1899
ITEM_52348,ORD_12347,PROD_PWR_04,1,899,899
ITEM_52349,ORD_12348,PROD_CHG_01,1,699,699
ITEM_52350,ORD_12349,PROD_WATCH_03,1,1899,1899
ITEM_52351,ORD_12350,PROD_WATCH_02,1,5499,5499
ITEM_52352,ORD_12351,PROD_CHG_05,1,799,799
ITEM_52353,ORD_12352,PROD_WATCH_03,1,1899,1899
ITEM_52354,ORD_12353,PROD_WATCH_02,1,5499,5499
ITEM_52355,ORD_12354,PROD_SPK_05,1,4999,4999
ITEM_52356,ORD_12355,PROD_SPK_05,1,4999,4999
ITEM_52357,ORD_12356,PROD_CHG_02,1,1899,1899
ITEM_52358,ORD_12357,PROD_PWR_05,1,2799,2799
ITEM_52359,ORD_12358,PROD_SPK_03,1,1299,1299
ITEM_52360,ORD_12359,PROD_PWR_04,1,899,899
ITEM_52361,ORD_12360,PROD_PWR_01,1,1299,1299
ITEM_52362,ORD_12361,PROD_CHG_02,1,1899,1899
ITEM_52363,ORD_12362,PROD_PWR_05,1,2799,2799
ITEM_52364,ORD_12363,PROD_CHG_03,1,999,999
ITEM_52365,ORD_12364,PROD_SPK_01,1,2499,2499
ITEM_52366,ORD_12365,PROD_WATCH_02,1,5499,5499
ITEM_52367,ORD_12366,PROD_SPK_04,1,3299,3299
ITEM_52368,ORD_12367,PROD_CHG_05,1,799,799
ITEM_52369,ORD_12368,PROD_CHG_05,1,799,799
ITEM_52370,ORD_12369,PROD_SPK_02,1,3999,3999
ITEM_52371,ORD_12370,PROD_WATCH_04,1,3999,3999
ITEM_52372,ORD_12371,PROD_SPK_01,1,2499,2499
ITEM_52373,ORD_12372,PROD_PWR_05,1,2799,2799
ITEM_52374,ORD_12373,PROD_SPK_02,1,3999,3999
ITEM_52375,ORD_12374,PROD_SPK_05,1,4999,4999
ITEM_52376,ORD_12375,PROD_SPK_01,1,2499,2499
ITEM_52377,ORD_12376,PROD_SPK_01,1,2499,2499
ITEM_52378,ORD_12377,PROD_SPK_05,1,4999,4999
ITEM_52379,ORD_12378,PROD_CHG_03,1,999,999
ITEM_52380,ORD_12379,PROD_CHG_01,1,699,699
ITEM_52381,ORD_12380,PROD_PWR_04,1,899,899
ITEM_52382,ORD_12381,PROD_CHG_02,1,1899,1899
ITEM_52383,ORD_12382,PROD_PWR_03,1,3299,3299
ITEM_52384,ORD_12383,PROD_SPK_02,1,3999,3999
ITEM_52385,ORD_12384,PROD_CHG_05,1,799,799
ITEM_52386,ORD_12385,PROD_WATCH_03,1,1899,1899
ITEM_52387,ORD_12386,PROD_PWR_01,1,1299,1299
ITEM_52388,ORD_12387,PROD_PWR_02,1,2199,2199
ITEM_52389,ORD_12388,PROD_CHG_01,1,699,699
ITEM_52390,ORD_12389,PROD_CHG_02,1,1899,1899
ITEM_52391,ORD_12390,PROD_SPK_01,1,2499,2499
ITEM_52392,ORD_12391,PROD_SPK_04,1,3299,3299
ITEM_52393,ORD_12392,PROD_PWR_01,1,1299,1299
ITEM_52394,ORD_12393,PROD_CHG_01,1,699,699
ITEM_52395,ORD_12394,PROD_CHG_04,1,1499,1499
ITEM_52396,ORD_12395,PROD_WATCH_05,1,6999,6999
ITEM_52397,ORD_12396,PROD_CHG_03,1,999,999
ITEM_52398,ORD_12397,PROD_CHG_05,1,799,799
ITEM_52399,ORD_12398,PROD_PWR_05,1,2799,2799
ITEM_52400,ORD_12399,PROD_SPK_04,1,3299,3299
ITEM_52401,ORD_12400,PROD_WATCH_05,1,6999,6999
ITEM_52402,ORD_12401,PROD_PWR_03,1,3299,3299
ITEM_52403,ORD_12402,PROD_PWR_04,1,899,899
ITEM_52404,ORD_12403,PROD_PWR_04,1,899,899
ITEM_52405,ORD_12404,PROD_CHG_03,1,999,999
ITEM_52406,ORD_12405,PROD_WATCH_04,1,3999,3999
ITEM_52407,ORD_12406,PROD_PWR_01,1,1299,1299
ITEM_52408,ORD_12407,PROD_PWR_03,1,3299,3299
ITEM_52409,ORD_12408,PROD_SPK_01,1,2499,2499
ITEM_52410,ORD_12409,PROD_PWR_04,1,899,899
ITEM_52411,ORD_12410,PROD_PWR_05,1,2799,2799
ITEM_52412,ORD_12411,PROD_WATCH_02,1,5499,5499
ITEM_52413,ORD_12412,PROD_PWR_01,1,1299,1299
ITEM_52414,ORD_12413,PROD_WATCH_04,1,3999,3999
ITEM_52415,ORD_12414,PROD_PWR_03,1,3299,3299
ITEM_52416,ORD_12415,PROD_SPK_03,1,1299,1299
ITEM_52417,ORD_12416,PROD_SPK_02,1,3999,3999
ITEM_52418,ORD_12417,PROD_SPK_02,1,3999,3999
ITEM_52419,ORD_12418,PROD_SPK_05,1,4999,4999
ITEM_52420,ORD_12419,PROD_SPK_03,1,1299,1299
ITEM_52421,ORD_12420,PROD_WATCH_03,1,1899,1899
ITEM_52422,ORD_12421,PROD_SPK_05,1,4999,4999
ITEM_52423,ORD_12422,PROD_PWR_03,1,3299,3299
ITEM_52424,ORD_12423,PROD_WATCH_04,1,3999,3999
ITEM_52425,ORD_12424,PROD_SPK_05,1,4999,4999
ITEM_52426,ORD_12425,PROD_SPK_03,1,1299,1299
ITEM_52427,ORD_12426,PROD_CHG_05,1,799,799
ITEM_52428,ORD_12427,PROD_WATCH_04,1,3999,3999
ITEM_52429,ORD_12428,PROD_WATCH_05,1,6999,6999
ITEM_52430,ORD_12429,PROD_PWR_03,1,3299,3299
ITEM_52431,ORD_12430,PROD_CHG_03,1,999,999
ITEM_52432,ORD_12431,PROD_CHG_05,1,799,799
ITEM_52433,ORD_12432,PROD_SPK_01,1,2499,2499
ITEM_52434,ORD_12433,PROD_PWR_03,1,3299,3299
ITEM_52435,ORD_12434,PROD_CHG_03,1,999,999
ITEM_52436,ORD_12435,PROD_PWR_03,1,3299,3299
ITEM_52437,ORD_12436,PROD_CHG_02,1,1899,1899
ITEM_52438,ORD_12437,PROD_SPK_02,1,3999,3999
ITEM_52439,ORD_12438,PROD_SPK_02,1,3999,3999
ITEM_52440,ORD_12439,PROD_WATCH_03,1,1899,1899
ITEM_52441,ORD_12440,PROD_PWR_02,1,2199,2199
ITEM_52442,ORD_12441,PROD_SPK_01,1,2499,2499
ITEM_52443,ORD_12442,PROD_CHG_04,1,1499,1499
ITEM_52444,ORD_12443,PROD_PWR_05,1,2799,2799
ITEM_52445,ORD_12444,PROD_CHG_04,1,1499,1499
ITEM_52446,ORD_12445,PROD_CHG_02,1,1899,1899
ITEM_52447,ORD_12446,PROD_CHG_04,1,1499,1499
ITEM_52448,ORD_12447,PROD_WATCH_02,1,5499,5499
ITEM_52449,ORD_12448,PROD_WATCH_03,1,1899,1899
ITEM_52450,ORD_12449,PROD_SPK_02,1,3999,3999
ITEM_52451,ORD_12450,PROD_WATCH_03,1,1899,1899
ITEM_52452,ORD_12451,PROD_WATCH_02,1,5499,5499
ITEM_52453,ORD_12452,PROD_WATCH_05,1,6999,6999
ITEM_52454,ORD_12453,PROD_SPK_02,1,3999,3999
ITEM_52455,ORD_12454,PROD_SPK_02,1,3999,3999
ITEM_52456,ORD_12455,PROD_PWR_04,1,899,899
ITEM_52457,ORD_12456,PROD_SPK_02,1,3999,3999
ITEM_52458,ORD_12457,PROD_WATCH_04,1,3999,3999
ITEM_52459,ORD_12458,PROD_WATCH_03,1,1899,1899
ITEM_52460,ORD_12459,PROD_CHG_01,1,699,699
ITEM_52461,ORD_12460,PROD_CHG_01,1,699,699
ITEM_52462,ORD_12461,PROD_PWR_04,1,899,899
ITEM_52463,ORD_12462,PROD_CHG_01,1,699,699
ITEM_52464,ORD_12463,PROD_PWR_05,1,2799,2799
ITEM_52465,ORD_12464,PROD_PWR_03,1,3299,3299
ITEM_52466,ORD_12465,PROD_CHG_05,1,799,799
ITEM_52467,ORD_12466,PROD_WATCH_04,1,3999,3999
ITEM_52468,ORD_12467,PROD_WATCH_05,1,6999,6999
ITEM_52469,ORD_12468,PROD_CHG_02,1,1899,1899
ITEM_52470,ORD_12469,PROD_CHG_02,1,1899,1899
ITEM_52471,ORD_12470,PROD_SPK_05,1,4999,4999
ITEM_52472,ORD_12471,PROD_SPK_02,1,3999,3999
ITEM_52473,ORD_12472,PROD_CHG_02,1,1899,1899
ITEM_52474,ORD_12473,PROD_PWR_05,1,2799,2799
ITEM_52475,ORD_12474,PROD_SPK_03,1,1299,1299
ITEM_52476,ORD_12475,PROD_WATCH_05,1,6999,6999
ITEM_52477,ORD_12476,PROD_WATCH_03,1,1899,1899
ITEM_52478,ORD_12477,PROD_CHG_03,1,999,999
ITEM_52479,ORD_12478,PROD_WATCH_04,1,3999,3999
ITEM_52480,ORD_12479,PROD_CHG_03,1,999,999
ITEM_52481,ORD_12480,PROD_PWR_05,1,2799,2799
ITEM_52482,ORD_12481,PROD_CHG_02,1,1899,1899
ITEM_52483,ORD_12482,PROD_WATCH_03,1,1899,1899
ITEM_52484,ORD_12483,PROD_CHG_01,1,699,699
ITEM_52485,ORD_12484,PROD_WATCH_03,1,1899,1899
ITEM_52486,ORD_12485,PROD_CHG_01,1,699,699
ITEM_52487,ORD_12486,PROD_CHG_05,1,799,799
ITEM_52488,ORD_12487,PROD_CHG_01,1,699,699
ITEM_52489,ORD_12488,PROD_CHG_01,1,699,699
ITEM_52490,ORD_12489,PROD_CHG_05,1,799,799
ITEM_52491,ORD_12490,PROD_PWR_05,1,2799,2799
ITEM_52492,ORD_12491,PROD_SPK_04,1,3299,3299
ITEM_52493,ORD_12492,PROD_CHG_02,1,1899,1899
ITEM_52494,ORD_12493,PROD_WATCH_05,1,6999,6999
ITEM_52495,ORD_12494,PROD_SPK_01,1,2499,2499
ITEM_52496,ORD_12495,PROD_PWR_05,1,2799,2799
ITEM_52497,ORD_12496,PROD_PWR_02,1,2199,2199
ITEM_52498,ORD_12497,PROD_CHG_03,1,999,999
ITEM_52499,ORD_12498,PROD_CHG_04,1,1499,1499
ITEM_52500,ORD_12499,PROD_CHG_05,1,799,799
ITEM_52501,ORD_12500,PROD_WATCH_02,1,5499,5499
ITEM_52502,ORD_12501,PROD_PWR_02,1,2199,2199
ITEM_52503,ORD_12502,PROD_SPK_05,1,4999,4999
ITEM_52504,ORD_12503,PROD_PWR_02,1,2199,2199
ITEM_52505,ORD_12504,PROD_PWR_05,1,2799,2799
ITEM_52506,ORD_12505,PROD_PWR_05,1,2799,2799
ITEM_52507,ORD_12506,PROD_WATCH_02,1,5499,5499
ITEM_52508,ORD_12507,PROD_CHG_03,1,999,999
ITEM_52509,ORD_12508,PROD_CHG_05,1,799,799
ITEM_52510,ORD_12509,PROD_SPK_02,1,3999,3999
ITEM_52511,ORD_12510,PROD_SPK_03,1,1299,1299
ITEM_52512,ORD_12511,PROD_CHG_04,1,1499,1499
ITEM_52513,ORD_12512,PROD_PWR_03,1,3299,3299
ITEM_52514,ORD_12513,PROD_PWR_04,1,899,899
ITEM_52515,ORD_12514,PROD_PWR_02,1,2199,2199
ITEM_52516,ORD_12515,PROD_PWR_01,1,1299,1299
ITEM_52517,ORD_12516,PROD_WATCH_04,1,3999,3999
ITEM_52518,ORD_12517,PROD_WATCH_04,1,3999,3999
ITEM_52519,ORD_12518,PROD_SPK_03,1,1299,1299
ITEM_52520,ORD_12519,PROD_CHG_04,1,1499,1499
ITEM_52521,ORD_12520,PROD_CHG_01,1,699,699
ITEM_52522,ORD_12521,PROD_CHG_05,1,799,799
ITEM_52523,ORD_12522,PROD_WATCH_03,1,1899,1899
ITEM_52524,ORD_12523,PROD_WATCH_04,1,3999,3999
ITEM_52525,ORD_12524,PROD_CHG_03,1,999,999
ITEM_52526,ORD_12525,PROD_CHG_03,1,999,999
ITEM_52527,ORD_12526,PROD_CHG_04,1,1499,1499
ITEM_52528,ORD_12527,PROD_PWR_01,1,1299,1299
ITEM_52529,ORD_12528,PROD_CHG_01,1,699,699
ITEM_52530,ORD_12529,PROD_SPK_03,1,1299,1299
ITEM_52531,ORD_12530,PROD_WATCH_05,1,6999,6999
ITEM_52532,ORD_12531,PROD_WATCH_05,1,6999,6999
ITEM_52533,ORD_12532,PROD_CHG_01,1,699,699
ITEM_52534,ORD_12533,PROD_SPK_03,1,1299,1299
ITEM_52535,ORD_12534,PROD_PWR_04,1,899,899
ITEM_52536,ORD_12535,PROD_PWR_04,1,899,899
ITEM_52537,ORD_12536,PROD_SPK_05,1,4999,4999
ITEM_52538,ORD_12537,PROD_WATCH_03,1,1899,1899
ITEM_52539,ORD_12538,PROD_CHG_03,1,999,999
ITEM_52540,ORD_12539,PROD_WATCH_04,1,3999,3999
ITEM_52541,ORD_12540,PROD_WATCH_03,1,1899,1899
ITEM_52542,ORD_12541,PROD_PWR_01,1,1299,1299
ITEM_52543,ORD_12542,PROD_CHG_02,1,1899,1899
ITEM_52544,ORD_12543,PROD_CHG_04,1,1499,1499
ITEM_52545,ORD_12544,PROD_CHG_04,1,1499,1499
ITEM_52546,ORD_12545,PROD_SPK_02,1,3999,3999
ITEM_52547,ORD_12546,PROD_CHG_01,1,699,699
ITEM_52548,ORD_12547,PROD_PWR_03,1,3299,3299
ITEM_52549,ORD_12548,PROD_PWR_01,1,1299,1299
ITEM_52550,ORD_12549,PROD_WATCH_05,1,6999,6999
ITEM_52551,ORD_12550,PROD_CHG_04,1,1499,1499
ITEM_52552,ORD_12551,PROD_PWR_04,1,899,899
ITEM_52553,ORD_12552,PROD_WATCH_03,1,1899,1899
ITEM_52554,ORD_12553,PROD_PWR_03,1,3299,3299
ITEM_52555,ORD_12554,PROD_PWR_01,1,1299,1299
ITEM_52556,ORD_12555,PROD_PWR_04,1,899,899
ITEM_52557,ORD_12556,PROD_SPK_01,1,2499,2499
ITEM_52558,ORD_12557,PROD_PWR_01,1,1299,1299
ITEM_52559,ORD_12558,PROD_PWR_04,1,899,899
ITEM_52560,ORD_12559,PROD_SPK_01,1,2499,2499
ITEM_52561,ORD_12560,PROD_WATCH_05,1,6999,6999
ITEM_52562,ORD_12561,PROD_SPK_05,1,4999,4999
ITEM_52563,ORD_12562,PROD_PWR_05,1,2799,2799
ITEM_52564,ORD_12563,PROD_CHG_04,1,1499,1499
ITEM_52565,ORD_12564,PROD_CHG_05,1,799,799
ITEM_52566,ORD_12565,PROD_PWR_01,1,1299,1299
ITEM_52567,ORD_12566,PROD_PWR_03,1,3299,3299
ITEM_52568,ORD_12567,PROD_SPK_02,1,3999,3999
ITEM_52569,ORD_12568,PROD_PWR_01,1,1299,1299
ITEM_52570,ORD_12569,PROD_WATCH_04,1,3999,3999
ITEM_52571,ORD_12570,PROD_PWR_01,1,1299,1299
ITEM_52572,ORD_12571,PROD_CHG_05,1,799,799
ITEM_52573,ORD_12572,PROD_WATCH_04,1,3999,3999
ITEM_52574,ORD_12573,PROD_PWR_02,1,2199,2199
ITEM_52575,ORD_12574,PROD_CHG_03,1,999,999
ITEM_52576,ORD_12575,PROD_SPK_04,1,3299,3299
ITEM_52577,ORD_12576,PROD_CHG_03,1,999,999
ITEM_52578,ORD_12577,PROD_PWR_05,1,2799,2799
ITEM_52579,ORD_12578,PROD_CHG_03,1,999,999
ITEM_52580,ORD_12579,PROD_CHG_04,1,1499,1499
ITEM_52581,ORD_12580,PROD_CHG_01,1,699,699
ITEM_52582,ORD_12581,PROD_SPK_02,1,3999,3999
ITEM_52583,ORD_12582,PROD_CHG_03,1,999,999
ITEM_52584,ORD_12583,PROD_WATCH_05,1,6999,6999
ITEM_52585,ORD_12584,PROD_SPK_01,1,2499,2499
ITEM_52586,ORD_12585,PROD_WATCH_02,1,5499,5499
ITEM_52587,ORD_12586,PROD_PWR_05,1,2799,2799
ITEM_52588,ORD_12587,PROD_WATCH_02,1,5499,5499
ITEM_52589,ORD_12588,PROD_WATCH_03,1,1899,1899
ITEM_52590,ORD_12589,PROD_CHG_05,1,799,799
ITEM_52591,ORD_12590,PROD_PWR_02,1,2199,2199
ITEM_52592,ORD_12591,PROD_PWR_01,1,1299,1299
ITEM_52593,ORD_12592,PROD_WATCH_02,1,5499,5499
ITEM_52594,ORD_12593,PROD_CHG_02,1,1899,1899
ITEM_52595,ORD_12594,PROD_CHG_03,1,999,999
ITEM_52596,ORD_12595,PROD_CHG_04,1,1499,1499
ITEM_52597,ORD_12596,PROD_CHG_05,1,799,799
ITEM_52598,ORD_12597,PROD_WATCH_04,1,3999,3999
ITEM_52599,ORD_12598,PROD_PWR_05,1,2799,2799
ITEM_52600,ORD_12599,PROD_PWR_01,1,1299,1299
ITEM_52601,ORD_12600,PROD_SPK_02,1,3999,3999
ITEM_52602,ORD_12601,PROD_CHG_01,1,699,699
ITEM_52603,ORD_12602,PROD_CHG_01,1,699,699
ITEM_52604,ORD_12603,PROD_PWR_04,1,899,899
ITEM_52605,ORD_12604,PROD_PWR_01,1,1299,1299
ITEM_52606,ORD_12605,PROD_WATCH_02,1,5499,5499
ITEM_52607,ORD_12606,PROD_WATCH_05,1,6999,6999
ITEM_52608,ORD_12607,PROD_CHG_03,1,999,999
ITEM_52609,ORD_12608,PROD_CHG_01,1,699,699
ITEM_52610,ORD_12609,PROD_WATCH_03,1,1899,1899
ITEM_52611,ORD_12610,PROD_SPK_05,1,4999,4999
ITEM_52612,ORD_12611,PROD_SPK_05,1,4999,4999
ITEM_52613,ORD_12612,PROD_PWR_02,1,2199,2199
ITEM_52614,ORD_12613,PROD_PWR_01,1,1299,1299
ITEM_52615,ORD_12614,PROD_CHG_04,1,1499,1499
ITEM_52616,ORD_12615,PROD_CHG_05,1,799,799
ITEM_52617,ORD_12616,PROD_CHG_03,1,999,999
ITEM_52618,ORD_12617,PROD_CHG_04,1,1499,1499
ITEM_52619,ORD_12618,PROD_PWR_03,1,3299,3299
ITEM_52620,ORD_12619,PROD_PWR_03,1,3299,3299
ITEM_52621,ORD_12620,PROD_PWR_04,1,899,899
ITEM_52622,ORD_12621,PROD_CHG_02,1,1899,1899
ITEM_52623,ORD_12622,PROD_PWR_02,1,2199,2199
ITEM_52624,ORD_12623,PROD_SPK_01,1,2499,2499
ITEM_52625,ORD_12624,PROD_PWR_04,1,899,899
ITEM_52626,ORD_12625,PROD_SPK_05,1,4999,4999
ITEM_52627,ORD_12626,PROD_SPK_03,1,1299,1299
ITEM_52628,ORD_12627,PROD_WATCH_02,1,5499,5499
ITEM_52629,ORD_12628,PROD_SPK_05,1,4999,4999
ITEM_52630,ORD_12629,PROD_PWR_02,1,2199,2199
ITEM_52631,ORD_12630,PROD_SPK_03,1,1299,1299
ITEM_52632,ORD_12631,PROD_CHG_01,1,699,699
ITEM_52633,ORD_12632,PROD_CHG_02,1,1899,1899
ITEM_52634,ORD_12633,PROD_PWR_05,1,2799,2799
ITEM_52635,ORD_12634,PROD_SPK_02,1,3999,3999
ITEM_52636,ORD_12635,PROD_WATCH_02,1,5499,5499
ITEM_52637,ORD_12636,PROD_WATCH_02,1,5499,5499
ITEM_52638,ORD_12637,PROD_SPK_05,1,4999,4999
ITEM_52639,ORD_12638,PROD_SPK_01,1,2499,2499
ITEM_52640,ORD_12639,PROD_WATCH_02,1,5499,5499
ITEM_52641,ORD_12640,PROD_SPK_05,1,4999,4999
ITEM_52642,ORD_12641,PROD_CHG_03,1,999,999
ITEM_52643,ORD_12642,PROD_SPK_03,1,1299,1299
ITEM_52644,ORD_12643,PROD_SPK_04,1,3299,3299
ITEM_52645,ORD_12644,PROD_PWR_02,1,2199,2199
ITEM_52646,ORD_12645,PROD_CHG_05,1,799,799
ITEM_52647,ORD_12646,PROD_WATCH_05,1,6999,6999
ITEM_52648,ORD_12647,PROD_CHG_04,1,1499,1499
ITEM_52649,ORD_12648,PROD_PWR_04,1,899,899
ITEM_52650,ORD_12649,PROD_SPK_05,1,4999,4999
ITEM_52651,ORD_12650,PROD_SPK_01,1,2499,2499
ITEM_52652,ORD_12651,PROD_SPK_04,1,3299,3299
ITEM_52653,ORD_12652,PROD_WATCH_02,1,5499,5499
ITEM_52654,ORD_12653,PROD_SPK_04,1,3299,3299
ITEM_52655,ORD_12654,PROD_PWR_05,1,2799,2799
ITEM_52656,ORD_12655,PROD_CHG_04,1,1499,1499
ITEM_52657,ORD_12656,PROD_SPK_03,1,1299,1299
ITEM_52658,ORD_12657,PROD_WATCH_05,1,6999,6999
ITEM_52659,ORD_12658,PROD_CHG_01,1,699,699
ITEM_52660,ORD_12659,PROD_SPK_02,1,3999,3999
ITEM_52661,ORD_12660,PROD_SPK_02,1,3999,3999
ITEM_52662,ORD_12661,PROD_PWR_04,1,899,899
ITEM_52663,ORD_12662,PROD_SPK_04,1,3299,3299
ITEM_52664,ORD_12663,PROD_PWR_05,1,2799,2799
ITEM_52665,ORD_12664,PROD_PWR_03,1,3299,3299
ITEM_52666,ORD_12665,PROD_SPK_05,1,4999,4999
ITEM_52667,ORD_12666,PROD_CHG_05,1,799,799
ITEM_52668,ORD_12667,PROD_WATCH_05,1,6999,6999
ITEM_52669,ORD_12668,PROD_CHG_05,1,799,799
ITEM_52670,ORD_12669,PROD_CHG_04,1,1499,1499
ITEM_52671,ORD_12670,PROD_CHG_03,1,999,999
ITEM_52672,ORD_12671,PROD_WATCH_04,1,3999,3999
ITEM_52673,ORD_12672,PROD_SPK_03,1,1299,1299
ITEM_52674,ORD_12673,PROD_WATCH_02,1,5499,5499
ITEM_52675,ORD_12674,PROD_CHG_01,1,699,699
ITEM_52676,ORD_12675,PROD_CHG_05,1,799,799
ITEM_52677,ORD_12676,PROD_PWR_03,1,3299,3299
ITEM_52678,ORD_12677,PROD_PWR_05,1,2799,2799
ITEM_52679,ORD_12678,PROD_WATCH_05,1,6999,6999
ITEM_52680,ORD_12679,PROD_CHG_02,1,1899,1899
ITEM_52681,ORD_12680,PROD_CHG_02,1,1899,1899
ITEM_52682,ORD_12681,PROD_SPK_03,1,1299,1299
ITEM_52683,ORD_12682,PROD_SPK_05,1,4999,4999
ITEM_52684,ORD_12683,PROD_SPK_05,1,4999,4999
ITEM_52685,ORD_12684,PROD_PWR_03,1,3299,3299
ITEM_52686,ORD_12685,PROD_SPK_04,1,3299,3299
ITEM_52687,ORD_12686,PROD_PWR_03,1,3299,3299
ITEM_52688,ORD_12687,PROD_WATCH_05,1,6999,6999
ITEM_52689,ORD_12688,PROD_WATCH_04,1,3999,3999
ITEM_52690,ORD_12689,PROD_SPK_05,1,4999,4999
ITEM_52691,ORD_12690,PROD_WATCH_03,1,1899,1899
ITEM_52692,ORD_12691,PROD_CHG_05,1,799,799
ITEM_52693,ORD_12692,PROD_CHG_05,1,799,799
ITEM_52694,ORD_12693,PROD_PWR_05,1,2799,2799
ITEM_52695,ORD_12694,PROD_CHG_03,1,999,999
ITEM_52696,ORD_12695,PROD_CHG_02,1,1899,1899
ITEM_52697,ORD_12696,PROD_SPK_05,1,4999,4999
ITEM_52698,ORD_12697,PROD_CHG_01,1,699,699
ITEM_52699,ORD_12698,PROD_CHG_02,1,1899,1899
ITEM_52700,ORD_12699,PROD_SPK_02,1,3999,3999
ITEM_52701,ORD_12700,PROD_SPK_02,1,3999,3999
ITEM_52702,ORD_12701,PROD_SPK_01,1,2499,2499
ITEM_52703,ORD_12702,PROD_WATCH_05,1,6999,6999
ITEM_52704,ORD_12703,PROD_PWR_04,1,899,899
ITEM_52705,ORD_12704,PROD_CHG_04,1,1499,1499
ITEM_52706,ORD_12705,PROD_WATCH_05,1,6999,6999
ITEM_52707,ORD_12706,PROD_SPK_05,1,4999,4999
ITEM_52708,ORD_12707,PROD_CHG_05,1,799,799
ITEM_52709,ORD_12708,PROD_CHG_05,1,799,799
ITEM_52710,ORD_12709,PROD_PWR_04,1,899,899
ITEM_52711,ORD_12710,PROD_CHG_02,1,1899,1899
ITEM_52712,ORD_12711,PROD_PWR_04,1,899,899
ITEM_52713,ORD_12712,PROD_PWR_02,1,2199,2199
ITEM_52714,ORD_12713,PROD_WATCH_05,1,6999,6999
ITEM_52715,ORD_12714,PROD_WATCH_05,1,6999,6999
ITEM_52716,ORD_12715,PROD_CHG_05,1,799,799
ITEM_52717,ORD_12716,PROD_SPK_05,1,4999,4999
ITEM_52718,ORD_12717,PROD_CHG_02,1,1899,1899
ITEM_52719,ORD_12718,PROD_CHG_01,1,699,699
ITEM_52720,ORD_12719,PROD_WATCH_04,1,3999,3999
ITEM_52721,ORD_12720,PROD_WATCH_05,1,6999,6999
ITEM_52722,ORD_12721,PROD_PWR_05,1,2799,2799
ITEM_52723,ORD_12722,PROD_CHG_02,1,1899,1899
ITEM_52724,ORD_12723,PROD_CHG_04,1,1499,1499
ITEM_52725,ORD_12724,PROD_PWR_01,1,1299,1299
ITEM_52726,ORD_12725,PROD_WATCH_05,1,6999,6999
ITEM_52727,ORD_12726,PROD_WATCH_04,1,3999,3999
ITEM_52728,ORD_12727,PROD_SPK_01,1,2499,2499
ITEM_52729,ORD_12728,PROD_WATCH_04,1,3999,3999
ITEM_52730,ORD_12729,PROD_WATCH_04,1,3999,3999
ITEM_52731,ORD_12730,PROD_SPK_05,1,4999,4999
ITEM_52732,ORD_12731,PROD_SPK_01,1,2499,2499
ITEM_52733,ORD_12732,PROD_PWR_03,1,3299,3299
ITEM_52734,ORD_12733,PROD_SPK_01,1,2499,2499
ITEM_52735,ORD_12734,PROD_CHG_04,1,1499,1499
ITEM_52736,ORD_12735,PROD_WATCH_05,1,6999,6999
ITEM_52737,ORD_12736,PROD_CHG_05,1,799,799
ITEM_52738,ORD_12737,PROD_PWR_01,1,1299,1299
ITEM_52739,ORD_12738,PROD_CHG_04,1,1499,1499
ITEM_52740,ORD_12739,PROD_CHG_03,1,999,999
ITEM_52741,ORD_12740,PROD_CHG_04,1,1499,1499
ITEM_52742,ORD_12741,PROD_WATCH_03,1,1899,1899
ITEM_52743,ORD_12742,PROD_CHG_04,1,1499,1499
ITEM_52744,ORD_12743,PROD_CHG_01,1,699,699
ITEM_52745,ORD_12744,PROD_SPK_02,1,3999,3999
ITEM_52746,ORD_12745,PROD_WATCH_04,1,3999,3999
ITEM_52747,ORD_12746,PROD_SPK_01,1,2499,2499
ITEM_52748,ORD_12747,PROD_CHG_04,1,1499,1499
ITEM_52749,ORD_12748,PROD_CHG_04,1,1499,1499
ITEM_52750,ORD_12749,PROD_SPK_01,1,2499,2499
ITEM_52751,ORD_12750,PROD_WATCH_05,1,6999,6999
ITEM_52752,ORD_12751,PROD_CHG_03,1,999,999
ITEM_52753,ORD_12752,PROD_WATCH_02,1,5499,5499
ITEM_52754,ORD_12753,PROD_SPK_03,1,1299,1299
ITEM_52755,ORD_12754,PROD_WATCH_03,1,1899,1899
ITEM_52756,ORD_12755,PROD_PWR_02,1,2199,2199
ITEM_52757,ORD_12756,PROD_WATCH_02,1,5499,5499
ITEM_52758,ORD_12757,PROD_SPK_04,1,3299,3299
ITEM_52759,ORD_12758,PROD_SPK_03,1,1299,1299
ITEM_52760,ORD_12759,PROD_CHG_01,1,699,699
ITEM_52761,ORD_12760,PROD_WATCH_05,1,6999,6999
ITEM_52762,ORD_12761,PROD_CHG_01,1,699,699
ITEM_52763,ORD_12762,PROD_WATCH_04,1,3999,3999
ITEM_52764,ORD_12763,PROD_SPK_05,1,4999,4999
ITEM_52765,ORD_12764,PROD_WATCH_02,1,5499,5499
ITEM_52766,ORD_12765,PROD_CHG_05,1,799,799
ITEM_52767,ORD_12766,PROD_WATCH_03,1,1899,1899
ITEM_52768,ORD_12767,PROD_PWR_03,1,3299,3299
ITEM_52769,ORD_12768,PROD_WATCH_02,1,5499,5499
ITEM_52770,ORD_12769,PROD_SPK_01,1,2499,2499
ITEM_52771,ORD_12770,PROD_WATCH_02,1,5499,5499
ITEM_52772,ORD_12771,PROD_WATCH_04,1,3999,3999
ITEM_52773,ORD_12772,PROD_WATCH_05,1,6999,6999
ITEM_52774,ORD_12773,PROD_SPK_03,1,1299,1299
ITEM_52775,ORD_12774,PROD_PWR_05,1,2799,2799
ITEM_52776,ORD_12775,PROD_PWR_05,1,2799,2799
ITEM_52777,ORD_12776,PROD_CHG_03,1,999,999
ITEM_52778,ORD_12777,PROD_SPK_01,1,2499,2499
ITEM_52779,ORD_12778,PROD_PWR_04,1,899,899
ITEM_52780,ORD_12779,PROD_PWR_02,1,2199,2199
ITEM_52781,ORD_12780,PROD_PWR_01,1,1299,1299
ITEM_52782,ORD_12781,PROD_SPK_02,1,3999,3999
ITEM_52783,ORD_12782,PROD_SPK_04,1,3299,3299
ITEM_52784,ORD_12783,PROD_SPK_03,1,1299,1299
ITEM_52785,ORD_12784,PROD_CHG_03,1,999,999
ITEM_52786,ORD_12785,PROD_CHG_04,1,1499,1499
ITEM_52787,ORD_12786,PROD_WATCH_02,1,5499,5499
ITEM_52788,ORD_12787,PROD_PWR_05,1,2799,2799
ITEM_52789,ORD_12788,PROD_CHG_03,1,999,999
ITEM_52790,ORD_12789,PROD_CHG_05,1,799,799
ITEM_52791,ORD_12790,PROD_CHG_03,1,999,999
ITEM_52792,ORD_12791,PROD_WATCH_03,1,1899,1899
ITEM_52793,ORD_12792,PROD_PWR_05,1,2799,2799
ITEM_52794,ORD_12793,PROD_PWR_05,1,2799,2799
ITEM_52795,ORD_12794,PROD_CHG_04,1,1499,1499
ITEM_52796,ORD_12795,PROD_WATCH_04,1,3999,3999
ITEM_52797,ORD_12796,PROD_CHG_04,1,1499,1499
ITEM_52798,ORD_12797,PROD_CHG_03,1,999,999
ITEM_52799,ORD_12798,PROD_CHG_05,1,799,799
ITEM_52800,ORD_12799,PROD_PWR_04,1,899,899
ITEM_52801,ORD_12800,PROD_CHG_03,1,999,999
ITEM_52802,ORD_12801,PROD_CHG_05,1,799,799
ITEM_52803,ORD_12802,PROD_CHG_03,1,999,999
ITEM_52804,ORD_12803,PROD_PWR_02,1,2199,2199
ITEM_52805,ORD_12804,PROD_CHG_02,1,1899,1899
ITEM_52806,ORD_12805,PROD_WATCH_02,1,5499,5499
ITEM_52807,ORD_12806,PROD_SPK_04,1,3299,3299
ITEM_52808,ORD_12807,PROD_SPK_03,1,1299,1299
ITEM_52809,ORD_12808,PROD_CHG_03,1,999,999
ITEM_52810,ORD_12809,PROD_CHG_02,1,1899,1899
ITEM_52811,ORD_12810,PROD_CHG_02,1,1899,1899
ITEM_52812,ORD_12811,PROD_SPK_03,1,1299,1299
ITEM_52813,ORD_12812,PROD_SPK_02,1,3999,3999
ITEM_52814,ORD_12813,PROD_PWR_02,1,2199,2199
ITEM_52815,ORD_12814,PROD_SPK_05,1,4999,4999
ITEM_52816,ORD_12815,PROD_CHG_04,1,1499,1499
ITEM_52817,ORD_12816,PROD_SPK_01,1,2499,2499
ITEM_52818,ORD_12817,PROD_WATCH_05,1,6999,6999
ITEM_52819,ORD_12818,PROD_WATCH_03,1,1899,1899
ITEM_52820,ORD_12819,PROD_WATCH_05,1,6999,6999
ITEM_52821,ORD_12820,PROD_PWR_02,1,2199,2199
ITEM_52822,ORD_12821,PROD_WATCH_03,1,1899,1899
ITEM_52823,ORD_12822,PROD_CHG_05,1,799,799
ITEM_52824,ORD_12823,PROD_SPK_05,1,4999,4999
ITEM_52825,ORD_12824,PROD_PWR_03,1,3299,3299
ITEM_52826,ORD_12825,PROD_WATCH_05,1,6999,6999
ITEM_52827,ORD_12826,PROD_PWR_03,1,3299,3299
ITEM_52828,ORD_12827,PROD_SPK_02,1,3999,3999
ITEM_52829,ORD_12828,PROD_SPK_01,1,2499,2499
ITEM_52830,ORD_12829,PROD_CHG_03,1,999,999
ITEM_52831,ORD_12830,PROD_SPK_04,1,3299,3299
ITEM_52832,ORD_12831,PROD_CHG_02,1,1899,1899
ITEM_52833,ORD_12832,PROD_SPK_03,1,1299,1299
ITEM_52834,ORD_12833,PROD_SPK_05,1,4999,4999
ITEM_52835,ORD_12834,PROD_WATCH_04,1,3999,3999
ITEM_52836,ORD_12835,PROD_CHG_05,1,799,799
ITEM_52837,ORD_12836,PROD_SPK_03,1,1299,1299
ITEM_52838,ORD_12837,PROD_CHG_04,1,1499,1499
ITEM_52839,ORD_12838,PROD_WATCH_05,1,6999,6999
ITEM_52840,ORD_12839,PROD_SPK_04,1,3299,3299
ITEM_52841,ORD_12840,PROD_WATCH_04,1,3999,3999
ITEM_52842,ORD_12841,PROD_PWR_04,1,899,899
ITEM_52843,ORD_12842,PROD_CHG_03,1,999,999
ITEM_52844,ORD_12843,PROD_CHG_05,1,799,799
ITEM_52845,ORD_12844,PROD_PWR_03,1,3299,3299
ITEM_52846,ORD_12845,PROD_SPK_02,1,3999,3999
ITEM_52847,ORD_12846,PROD_CHG_02,1,1899,1899
ITEM_52848,ORD_12847,PROD_CHG_05,1,799,799
ITEM_52849,ORD_12848,PROD_PWR_01,1,1299,1299
ITEM_52850,ORD_12849,PROD_CHG_01,1,699,699
ITEM_52851,ORD_12850,PROD_CHG_04,1,1499,1499
ITEM_52852,ORD_12851,PROD_CHG_05,1,799,799
ITEM_52853,ORD_12852,PROD_WATCH_02,1,5499,5499
ITEM_52854,ORD_12853,PROD_CHG_02,1,1899,1899
ITEM_52855,ORD_12854,PROD_PWR_04,1,899,899
ITEM_52856,ORD_12855,PROD_PWR_01,1,1299,1299
ITEM_52857,ORD_12856,PROD_SPK_02,1,3999,3999
ITEM_52858,ORD_12857,PROD_PWR_05,1,2799,2799
ITEM_52859,ORD_12858,PROD_WATCH_02,1,5499,5499
ITEM_52860,ORD_12859,PROD_CHG_03,1,999,999
ITEM_52861,ORD_12860,PROD_CHG_03,1,999,999
ITEM_52862,ORD_12861,PROD_PWR_02,1,2199,2199
ITEM_52863,ORD_12862,PROD_PWR_04,1,899,899
ITEM_52864,ORD_12863,PROD_PWR_02,1,2199,2199
ITEM_52865,ORD_12864,PROD_WATCH_02,1,5499,5499
ITEM_52866,ORD_12865,PROD_PWR_04,1,899,899
ITEM_52867,ORD_12866,PROD_SPK_03,1,1299,1299
ITEM_52868,ORD_12867,PROD_CHG_01,1,699,699
ITEM_52869,ORD_12868,PROD_WATCH_05,1,6999,6999
ITEM_52870,ORD_12869,PROD_SPK_03,1,1299,1299
ITEM_52871,ORD_12870,PROD_WATCH_04,1,3999,3999
ITEM_52872,ORD_12871,PROD_CHG_04,1,1499,1499
ITEM_52873,ORD_12872,PROD_SPK_02,1,3999,3999
ITEM_52874,ORD_12873,PROD_CHG_01,1,699,699
ITEM_52875,ORD_12874,PROD_CHG_04,1,1499,1499
ITEM_52876,ORD_12875,PROD_CHG_01,1,699,699
ITEM_52877,ORD_12876,PROD_WATCH_04,1,3999,3999
ITEM_52878,ORD_12877,PROD_PWR_05,1,2799,2799
ITEM_52879,ORD_12878,PROD_SPK_05,1,4999,4999
ITEM_52880,ORD_12879,PROD_SPK_01,1,2499,2499
ITEM_52881,ORD_12880,PROD_PWR_03,1,3299,3299
ITEM_52882,ORD_12881,PROD_CHG_02,1,1899,1899
ITEM_52883,ORD_12882,PROD_SPK_02,1,3999,3999
ITEM_52884,ORD_12883,PROD_SPK_04,1,3299,3299
ITEM_52885,ORD_12884,PROD_WATCH_03,1,1899,1899
ITEM_52886,ORD_12885,PROD_CHG_03,1,999,999
ITEM_52887,ORD_12886,PROD_CHG_03,1,999,999
ITEM_52888,ORD_12887,PROD_WATCH_05,1,6999,6999
ITEM_52889,ORD_12888,PROD_SPK_01,1,2499,2499
ITEM_52890,ORD_12889,PROD_CHG_02,1,1899,1899
ITEM_52891,ORD_12890,PROD_CHG_05,1,799,799
ITEM_52892,ORD_12891,PROD_SPK_05,1,4999,4999
ITEM_52893,ORD_12892,PROD_WATCH_02,1,5499,5499
ITEM_52894,ORD_12893,PROD_SPK_02,1,3999,3999
ITEM_52895,ORD_12894,PROD_PWR_05,1,2799,2799
ITEM_52896,ORD_12895,PROD_SPK_02,1,3999,3999
ITEM_52897,ORD_12896,PROD_WATCH_02,1,5499,5499
ITEM_52898,ORD_12897,PROD_PWR_01,1,1299,1299
ITEM_52899,ORD_12898,PROD_CHG_02,1,1899,1899
ITEM_52900,ORD_12899,PROD_PWR_01,1,1299,1299
ITEM_52901,ORD_12900,PROD_SPK_03,1,1299,1299
ITEM_52902,ORD_12901,PROD_CHG_02,1,1899,1899
ITEM_52903,ORD_12902,PROD_SPK_03,1,1299,1299
ITEM_52904,ORD_12903,PROD_SPK_03,1,1299,1299
ITEM_52905,ORD_12904,PROD_WATCH_03,1,1899,1899
ITEM_52906,ORD_12905,PROD_PWR_02,1,2199,2199
ITEM_52907,ORD_12906,PROD_SPK_04,1,3299,3299
ITEM_52908,ORD_12907,PROD_SPK_01,1,2499,2499
ITEM_52909,ORD_12908,PROD_PWR_01,1,1299,1299
ITEM_52910,ORD_12909,PROD_PWR_03,1,3299,3299
ITEM_52911,ORD_12910,PROD_SPK_01,1,2499,2499
ITEM_52912,ORD_12911,PROD_CHG_02,1,1899,1899
ITEM_52913,ORD_12912,PROD_WATCH_05,1,6999,6999
ITEM_52914,ORD_12913,PROD_WATCH_04,1,3999,3999
ITEM_52915,ORD_12914,PROD_CHG_04,1,1499,1499
ITEM_52916,ORD_12915,PROD_WATCH_04,1,3999,3999
ITEM_52917,ORD_12916,PROD_WATCH_04,1,3999,3999
ITEM_52918,ORD_12917,PROD_PWR_02,1,2199,2199
ITEM_52919,ORD_12918,PROD_WATCH_05,1,6999,6999
ITEM_52920,ORD_12919,PROD_CHG_05,1,799,799
ITEM_52921,ORD_12920,PROD_CHG_01,1,699,699
ITEM_52922,ORD_12921,PROD_SPK_02,1,3999,3999
ITEM_52923,ORD_12922,PROD_SPK_04,1,3299,3299
ITEM_52924,ORD_12923,PROD_WATCH_04,1,3999,3999
ITEM_52925,ORD_12924,PROD_CHG_02,1,1899,1899
ITEM_52926,ORD_12925,PROD_WATCH_03,1,1899,1899
ITEM_52927,ORD_12926,PROD_PWR_03,1,3299,3299
ITEM_52928,ORD_12927,PROD_SPK_02,1,3999,3999
ITEM_52929,ORD_12928,PROD_WATCH_05,1,6999,6999
ITEM_52930,ORD_12929,PROD_WATCH_05,1,6999,6999
ITEM_52931,ORD_12930,PROD_WATCH_03,1,1899,1899
ITEM_52932,ORD_12931,PROD_PWR_04,1,899,899
ITEM_52933,ORD_12932,PROD_SPK_04,1,3299,3299
ITEM_52934,ORD_12933,PROD_PWR_05,1,2799,2799
ITEM_52935,ORD_12934,PROD_WATCH_04,1,3999,3999
ITEM_52936,ORD_12935,PROD_WATCH_05,1,6999,6999
ITEM_52937,ORD_12936,PROD_SPK_01,1,2499,2499
ITEM_52938,ORD_12937,PROD_SPK_04,1,3299,3299
ITEM_52939,ORD_12938,PROD_SPK_02,1,3999,3999
ITEM_52940,ORD_12939,PROD_PWR_03,1,3299,3299
ITEM_52941,ORD_12940,PROD_CHG_03,1,999,999
ITEM_52942,ORD_12941,PROD_WATCH_03,1,1899,1899
ITEM_52943,ORD_12942,PROD_PWR_01,1,1299,1299
ITEM_52944,ORD_12943,PROD_PWR_03,1,3299,3299
ITEM_52945,ORD_12944,PROD_CHG_02,1,1899,1899
ITEM_52946,ORD_12945,PROD_SPK_04,1,3299,3299
ITEM_52947,ORD_12946,PROD_CHG_03,1,999,999
ITEM_52948,ORD_12947,PROD_CHG_05,1,799,799
ITEM_52949,ORD_12948,PROD_CHG_04,1,1499,1499
ITEM_52950,ORD_12949,PROD_SPK_02,1,3999,3999
ITEM_52951,ORD_12950,PROD_PWR_03,1,3299,3299
ITEM_52952,ORD_12951,PROD_SPK_02,1,3999,3999
ITEM_52953,ORD_12952,PROD_CHG_04,1,1499,1499
ITEM_52954,ORD_12953,PROD_WATCH_03,1,1899,1899
ITEM_52955,ORD_12954,PROD_WATCH_03,1,1899,1899
ITEM_52956,ORD_12955,PROD_PWR_01,1,1299,1299
ITEM_52957,ORD_12956,PROD_CHG_02,1,1899,1899
ITEM_52958,ORD_12957,PROD_CHG_02,1,1899,1899
ITEM_52959,ORD_12958,PROD_PWR_04,1,899,899
ITEM_52960,ORD_12959,PROD_PWR_04,1,899,899
ITEM_52961,ORD_12960,PROD_SPK_02,1,3999,3999
ITEM_52962,ORD_12961,PROD_CHG_02,1,1899,1899
ITEM_52963,ORD_12962,PROD_PWR_02,1,2199,2199
ITEM_52964,ORD_12963,PROD_CHG_01,1,699,699
ITEM_52965,ORD_12964,PROD_CHG_01,1,699,699
ITEM_52966,ORD_12965,PROD_PWR_02,1,2199,2199
ITEM_52967,ORD_12966,PROD_WATCH_05,1,6999,6999
ITEM_52968,ORD_12967,PROD_CHG_02,1,1899,1899
ITEM_52969,ORD_12968,PROD_CHG_03,1,999,999
ITEM_52970,ORD_12969,PROD_CHG_01,1,699,699
ITEM_52971,ORD_12970,PROD_CHG_01,1,699,699
ITEM_52972,ORD_12971,PROD_PWR_03,1,3299,3299
ITEM_52973,ORD_12972,PROD_PWR_04,1,899,899
ITEM_52974,ORD_12973,PROD_WATCH_05,1,6999,6999
ITEM_52975,ORD_12974,PROD_WATCH_02,1,5499,5499
ITEM_52976,ORD_12975,PROD_PWR_03,1,3299,3299
ITEM_52977,ORD_12976,PROD_CHG_01,1,699,699
ITEM_52978,ORD_12977,PROD_PWR_03,1,3299,3299
ITEM_52979,ORD_12978,PROD_SPK_04,1,3299,3299
ITEM_52980,ORD_12979,PROD_CHG_01,1,699,699
ITEM_52981,ORD_12980,PROD_PWR_02,1,2199,2199
ITEM_52982,ORD_12981,PROD_CHG_02,1,1899,1899
ITEM_52983,ORD_12982,PROD_PWR_05,1,2799,2799
ITEM_52984,ORD_12983,PROD_PWR_01,1,1299,1299
ITEM_52985,ORD_12984,PROD_SPK_02,1,3999,3999
ITEM_52986,ORD_12985,PROD_PWR_04,1,899,899
ITEM_52987,ORD_12986,PROD_SPK_04,1,3299,3299
ITEM_52988,ORD_12987,PROD_WATCH_02,1,5499,5499
ITEM_52989,ORD_12988,PROD_PWR_04,1,899,899
ITEM_52990,ORD_12989,PROD_SPK_02,1,3999,3999
ITEM_52991,ORD_12990,PROD_PWR_05,1,2799,2799
ITEM_52992,ORD_12991,PROD_SPK_03,1,1299,1299
ITEM_52993,ORD_12992,PROD_SPK_03,1,1299,1299
ITEM_52994,ORD_12993,PROD_WATCH_03,1,1899,1899
ITEM_52995,ORD_12994,PROD_PWR_02,1,2199,2199
ITEM_52996,ORD_12995,PROD_CHG_04,1,1499,1499
ITEM_52997,ORD_12996,PROD_CHG_01,1,699,699
ITEM_52998,ORD_12997,PROD_SPK_05,1,4999,4999
ITEM_52999,ORD_12998,PROD_WATCH_05,1,6999,6999
ITEM_53000,ORD_12999,PROD_CHG_05,1,799,799
ITEM_53001,ORD_13000,PROD_SPK_02,1,3999,3999
ITEM_53002,ORD_13001,PROD_SPK_05,1,4999,4999
ITEM_53003,ORD_13002,PROD_PWR_05,1,2799,2799
ITEM_53004,ORD_13003,PROD_SPK_05,1,4999,4999
ITEM_53005,ORD_13004,PROD_PWR_05,1,2799,2799
ITEM_53006,ORD_13005,PROD_WATCH_04,1,3999,3999
ITEM_53007,ORD_13006,PROD_PWR_03,1,3299,3299
ITEM_53008,ORD_13007,PROD_WATCH_03,1,1899,1899
ITEM_53009,ORD_13008,PROD_PWR_01,1,1299,1299
ITEM_53010,ORD_13009,PROD_PWR_04,1,899,899
ITEM_53011,ORD_13010,PROD_PWR_04,1,899,899
ITEM_53012,ORD_13011,PROD_PWR_05,1,2799,2799
ITEM_53013,ORD_13012,PROD_PWR_04,1,899,899
ITEM_53014,ORD_13013,PROD_CHG_04,1,1499,1499
ITEM_53015,ORD_13014,PROD_WATCH_05,1,6999,6999
ITEM_53016,ORD_13015,PROD_PWR_05,1,2799,2799
ITEM_53017,ORD_13016,PROD_WATCH_03,1,1899,1899
ITEM_53018,ORD_13017,PROD_WATCH_04,1,3999,3999
ITEM_53019,ORD_13018,PROD_CHG_05,1,799,799
ITEM_53020,ORD_13019,PROD_CHG_05,1,799,799
ITEM_53021,ORD_13020,PROD_PWR_02,1,2199,2199
ITEM_53022,ORD_13021,PROD_CHG_01,1,699,699
ITEM_53023,ORD_13022,PROD_CHG_01,1,699,699
ITEM_53024,ORD_13023,PROD_WATCH_02,1,5499,5499
ITEM_53025,ORD_13024,PROD_SPK_02,1,3999,3999
ITEM_53026,ORD_13025,PROD_SPK_01,1,2499,2499
ITEM_53027,ORD_13026,PROD_WATCH_04,1,3999,3999
ITEM_53028,ORD_13027,PROD_WATCH_05,1,6999,6999
ITEM_53029,ORD_13028,PROD_WATCH_02,1,5499,5499
ITEM_53030,ORD_13029,PROD_PWR_05,1,2799,2799
ITEM_53031,ORD_13030,PROD_SPK_02,1,3999,3999
ITEM_53032,ORD_13031,PROD_SPK_03,1,1299,1299
ITEM_53033,ORD_13032,PROD_WATCH_05,1,6999,6999
ITEM_53034,ORD_13033,PROD_WATCH_05,1,6999,6999
ITEM_53035,ORD_13034,PROD_SPK_03,1,1299,1299
ITEM_53036,ORD_13035,PROD_PWR_01,1,1299,1299
ITEM_53037,ORD_13036,PROD_WATCH_04,1,3999,3999
ITEM_53038,ORD_13037,PROD_WATCH_04,1,3999,3999
ITEM_53039,ORD_13038,PROD_SPK_05,1,4999,4999
ITEM_53040,ORD_13039,PROD_SPK_02,1,3999,3999
ITEM_53041,ORD_13040,PROD_PWR_01,1,1299,1299
ITEM_53042,ORD_13041,PROD_SPK_04,1,3299,3299
ITEM_53043,ORD_13042,PROD_PWR_01,1,1299,1299
ITEM_53044,ORD_13043,PROD_PWR_04,1,899,899
ITEM_53045,ORD_13044,PROD_CHG_05,1,799,799
ITEM_53046,ORD_13045,PROD_WATCH_05,1,6999,6999
ITEM_53047,ORD_13046,PROD_CHG_04,1,1499,1499
ITEM_53048,ORD_13047,PROD_SPK_05,1,4999,4999
ITEM_53049,ORD_13048,PROD_CHG_04,1,1499,1499
ITEM_53050,ORD_13049,PROD_WATCH_04,1,3999,3999
ITEM_53051,ORD_13050,PROD_CHG_03,1,999,999
ITEM_53052,ORD_13051,PROD_SPK_04,1,3299,3299
ITEM_53053,ORD_13052,PROD_CHG_05,1,799,799
ITEM_53054,ORD_13053,PROD_PWR_03,1,3299,3299
ITEM_53055,ORD_13054,PROD_WATCH_04,1,3999,3999
ITEM_53056,ORD_13055,PROD_SPK_01,1,2499,2499
ITEM_53057,ORD_13056,PROD_PWR_03,1,3299,3299
ITEM_53058,ORD_13057,PROD_SPK_01,1,2499,2499
ITEM_53059,ORD_13058,PROD_WATCH_03,1,1899,1899
ITEM_53060,ORD_13059,PROD_PWR_02,1,2199,2199
ITEM_53061,ORD_13060,PROD_CHG_05,1,799,799
ITEM_53062,ORD_13061,PROD_SPK_05,1,4999,4999
ITEM_53063,ORD_13062,PROD_CHG_02,1,1899,1899
ITEM_53064,ORD_13063,PROD_PWR_03,1,3299,3299
ITEM_53065,ORD_13064,PROD_SPK_04,1,3299,3299
ITEM_53066,ORD_13065,PROD_WATCH_04,1,3999,3999
ITEM_53067,ORD_13066,PROD_WATCH_05,1,6999,6999
ITEM_53068,ORD_13067,PROD_PWR_01,1,1299,1299
ITEM_53069,ORD_13068,PROD_CHG_05,1,799,799
ITEM_53070,ORD_13069,PROD_SPK_03,1,1299,1299
ITEM_53071,ORD_13070,PROD_WATCH_05,1,6999,6999
ITEM_53072,ORD_13071,PROD_CHG_03,1,999,999
ITEM_53073,ORD_13072,PROD_SPK_04,1,3299,3299
ITEM_53074,ORD_13073,PROD_PWR_04,1,899,899
ITEM_53075,ORD_13074,PROD_WATCH_05,1,6999,6999
ITEM_53076,ORD_13075,PROD_WATCH_04,1,3999,3999
ITEM_53077,ORD_13076,PROD_WATCH_02,1,5499,5499
ITEM_53078,ORD_13077,PROD_WATCH_03,1,1899,1899
ITEM_53079,ORD_13078,PROD_PWR_02,1,2199,2199
ITEM_53080,ORD_13079,PROD_PWR_05,1,2799,2799
ITEM_53081,ORD_13080,PROD_WATCH_03,1,1899,1899
ITEM_53082,ORD_13081,PROD_CHG_01,1,699,699
ITEM_53083,ORD_13082,PROD_PWR_03,1,3299,3299
ITEM_53084,ORD_13083,PROD_PWR_01,1,1299,1299
ITEM_53085,ORD_13084,PROD_SPK_04,1,3299,3299
ITEM_53086,ORD_13085,PROD_PWR_04,1,899,899
ITEM_53087,ORD_13086,PROD_WATCH_03,1,1899,1899
ITEM_53088,ORD_13087,PROD_PWR_04,1,899,899
ITEM_53089,ORD_13088,PROD_WATCH_02,1,5499,5499
ITEM_53090,ORD_13089,PROD_SPK_04,1,3299,3299
ITEM_53091,ORD_13090,PROD_SPK_05,1,4999,4999
ITEM_53092,ORD_13091,PROD_SPK_04,1,3299,3299
ITEM_53093,ORD_13092,PROD_SPK_01,1,2499,2499
ITEM_53094,ORD_13093,PROD_SPK_01,1,2499,2499
ITEM_53095,ORD_13094,PROD_WATCH_03,1,1899,1899
ITEM_53096,ORD_13095,PROD_PWR_01,1,1299,1299
ITEM_53097,ORD_13096,PROD_CHG_04,1,1499,1499
ITEM_53098,ORD_13097,PROD_SPK_05,1,4999,4999
ITEM_53099,ORD_13098,PROD_PWR_05,1,2799,2799
ITEM_53100,ORD_13099,PROD_SPK_04,1,3299,3299
ITEM_53101,ORD_13100,PROD_CHG_04,1,1499,1499
ITEM_53102,ORD_13101,PROD_PWR_05,1,2799,2799
ITEM_53103,ORD_13102,PROD_SPK_04,1,3299,3299
ITEM_53104,ORD_13103,PROD_WATCH_04,1,3999,3999
ITEM_53105,ORD_13104,PROD_SPK_04,1,3299,3299
ITEM_53106,ORD_13105,PROD_SPK_04,1,3299,3299
ITEM_53107,ORD_13106,PROD_SPK_04,1,3299,3299
ITEM_53108,ORD_13107,PROD_CHG_02,1,1899,1899
ITEM_53109,ORD_13108,PROD_PWR_02,1,2199,2199
ITEM_53110,ORD_13109,PROD_PWR_05,1,2799,2799
ITEM_53111,ORD_13110,PROD_PWR_03,1,3299,3299
ITEM_53112,ORD_13111,PROD_SPK_01,1,2499,2499
ITEM_53113,ORD_13112,PROD_SPK_04,1,3299,3299
ITEM_53114,ORD_13113,PROD_CHG_02,1,1899,1899
ITEM_53115,ORD_13114,PROD_WATCH_05,1,6999,6999
ITEM_53116,ORD_13115,PROD_PWR_01,1,1299,1299
ITEM_53117,ORD_13116,PROD_PWR_01,1,1299,1299
ITEM_53118,ORD_13117,PROD_CHG_02,1,1899,1899
ITEM_53119,ORD_13118,PROD_SPK_05,1,4999,4999
ITEM_53120,ORD_13119,PROD_WATCH_03,1,1899,1899
ITEM_53121,ORD_13120,PROD_SPK_01,1,2499,2499
ITEM_53122,ORD_13121,PROD_PWR_02,1,2199,2199
ITEM_53123,ORD_13122,PROD_PWR_01,1,1299,1299
ITEM_53124,ORD_13123,PROD_CHG_02,1,1899,1899
ITEM_53125,ORD_13124,PROD_SPK_03,1,1299,1299
ITEM_53126,ORD_13125,PROD_CHG_01,1,699,699
ITEM_53127,ORD_13126,PROD_SPK_04,1,3299,3299
ITEM_53128,ORD_13127,PROD_SPK_05,1,4999,4999
ITEM_53129,ORD_13128,PROD_SPK_02,1,3999,3999
ITEM_53130,ORD_13129,PROD_PWR_05,1,2799,2799
ITEM_53131,ORD_13130,PROD_CHG_01,1,699,699
ITEM_53132,ORD_13131,PROD_PWR_02,1,2199,2199
ITEM_53133,ORD_13132,PROD_PWR_02,1,2199,2199
ITEM_53134,ORD_13133,PROD_PWR_01,1,1299,1299
ITEM_53135,ORD_13134,PROD_PWR_01,1,1299,1299
ITEM_53136,ORD_13135,PROD_CHG_04,1,1499,1499
ITEM_53137,ORD_13136,PROD_PWR_03,1,3299,3299
ITEM_53138,ORD_13137,PROD_WATCH_05,1,6999,6999
ITEM_53139,ORD_13138,PROD_CHG_04,1,1499,1499
ITEM_53140,ORD_13139,PROD_CHG_05,1,799,799
ITEM_53141,ORD_13140,PROD_SPK_03,1,1299,1299
ITEM_53142,ORD_13141,PROD_PWR_02,1,2199,2199
ITEM_53143,ORD_13142,PROD_SPK_05,1,4999,4999
ITEM_53144,ORD_13143,PROD_SPK_04,1,3299,3299
ITEM_53145,ORD_13144,PROD_SPK_02,1,3999,3999
ITEM_53146,ORD_13145,PROD_WATCH_04,1,3999,3999
ITEM_53147,ORD_13146,PROD_SPK_04,1,3299,3299
ITEM_53148,ORD_13147,PROD_PWR_01,1,1299,1299
ITEM_53149,ORD_13148,PROD_SPK_03,1,1299,1299
ITEM_53150,ORD_13149,PROD_PWR_02,1,2199,2199
ITEM_53151,ORD_13150,PROD_PWR_04,1,899,899
ITEM_53152,ORD_13151,PROD_PWR_04,1,899,899
ITEM_53153,ORD_13152,PROD_PWR_01,1,1299,1299
ITEM_53154,ORD_13153,PROD_WATCH_05,1,6999,6999
ITEM_53155,ORD_13154,PROD_SPK_02,1,3999,3999
ITEM_53156,ORD_13155,PROD_WATCH_03,1,1899,1899
ITEM_53157,ORD_13156,PROD_WATCH_03,1,1899,1899
ITEM_53158,ORD_13157,PROD_CHG_04,1,1499,1499
ITEM_53159,ORD_13158,PROD_PWR_03,1,3299,3299
ITEM_53160,ORD_13159,PROD_CHG_01,1,699,699
ITEM_53161,ORD_13160,PROD_SPK_05,1,4999,4999
ITEM_53162,ORD_13161,PROD_CHG_01,1,699,699
ITEM_53163,ORD_13162,PROD_PWR_01,1,1299,1299
ITEM_53164,ORD_13163,PROD_PWR_05,1,2799,2799
ITEM_53165,ORD_13164,PROD_SPK_03,1,1299,1299
ITEM_53166,ORD_13165,PROD_CHG_01,1,699,699
ITEM_53167,ORD_13166,PROD_PWR_02,1,2199,2199
ITEM_53168,ORD_13167,PROD_CHG_04,1,1499,1499
ITEM_53169,ORD_13168,PROD_CHG_03,1,999,999
ITEM_53170,ORD_13169,PROD_CHG_04,1,1499,1499
ITEM_53171,ORD_13170,PROD_CHG_03,1,999,999
ITEM_53172,ORD_13171,PROD_WATCH_02,1,5499,5499
ITEM_53173,ORD_13172,PROD_PWR_01,1,1299,1299
ITEM_53174,ORD_13173,PROD_CHG_04,1,1499,1499
ITEM_53175,ORD_13174,PROD_WATCH_05,1,6999,6999
ITEM_53176,ORD_13175,PROD_SPK_03,1,1299,1299
ITEM_53177,ORD_13176,PROD_WATCH_04,1,3999,3999
ITEM_53178,ORD_13177,PROD_WATCH_04,1,3999,3999
ITEM_53179,ORD_13178,PROD_SPK_03,1,1299,1299
ITEM_53180,ORD_13179,PROD_CHG_02,1,1899,1899
ITEM_53181,ORD_13180,PROD_PWR_02,1,2199,2199
ITEM_53182,ORD_13181,PROD_PWR_02,1,2199,2199
ITEM_53183,ORD_13182,PROD_PWR_02,1,2199,2199
ITEM_53184,ORD_13183,PROD_WATCH_03,1,1899,1899
ITEM_53185,ORD_13184,PROD_WATCH_03,1,1899,1899
ITEM_53186,ORD_13185,PROD_CHG_02,1,1899,1899
ITEM_53187,ORD_13186,PROD_WATCH_04,1,3999,3999
ITEM_53188,ORD_13187,PROD_PWR_03,1,3299,3299
ITEM_53189,ORD_13188,PROD_SPK_01,1,2499,2499
ITEM_53190,ORD_13189,PROD_PWR_04,1,899,899
ITEM_53191,ORD_13190,PROD_WATCH_03,1,1899,1899
ITEM_53192,ORD_13191,PROD_WATCH_03,1,1899,1899
ITEM_53193,ORD_13192,PROD_CHG_04,1,1499,1499
ITEM_53194,ORD_13193,PROD_PWR_02,1,2199,2199
ITEM_53195,ORD_13194,PROD_PWR_03,1,3299,3299
ITEM_53196,ORD_13195,PROD_SPK_03,1,1299,1299
ITEM_53197,ORD_13196,PROD_CHG_04,1,1499,1499
ITEM_53198,ORD_13197,PROD_CHG_05,1,799,799
ITEM_53199,ORD_13198,PROD_PWR_01,1,1299,1299
ITEM_53200,ORD_13199,PROD_PWR_01,1,1299,1299
ITEM_53201,ORD_13200,PROD_CHG_02,1,1899,1899
ITEM_53202,ORD_13201,PROD_PWR_05,1,2799,2799
ITEM_53203,ORD_13202,PROD_WATCH_04,1,3999,3999
ITEM_53204,ORD_13203,PROD_SPK_02,1,3999,3999
ITEM_53205,ORD_13204,PROD_WATCH_05,1,6999,6999
ITEM_53206,ORD_13205,PROD_PWR_04,1,899,899
ITEM_53207,ORD_13206,PROD_WATCH_03,1,1899,1899
ITEM_53208,ORD_13207,PROD_CHG_03,1,999,999
ITEM_53209,ORD_13208,PROD_CHG_01,1,699,699
ITEM_53210,ORD_13209,PROD_PWR_04,1,899,899
ITEM_53211,ORD_13210,PROD_SPK_05,1,4999,4999
ITEM_53212,ORD_13211,PROD_CHG_01,1,699,699
ITEM_53213,ORD_13212,PROD_SPK_03,1,1299,1299
ITEM_53214,ORD_13213,PROD_SPK_05,1,4999,4999
ITEM_53215,ORD_13214,PROD_WATCH_03,1,1899,1899
ITEM_53216,ORD_13215,PROD_WATCH_02,1,5499,5499
ITEM_53217,ORD_13216,PROD_SPK_03,1,1299,1299
ITEM_53218,ORD_13217,PROD_SPK_01,1,2499,2499
ITEM_53219,ORD_13218,PROD_CHG_05,1,799,799
ITEM_53220,ORD_13219,PROD_PWR_02,1,2199,2199
ITEM_53221,ORD_13220,PROD_CHG_01,1,699,699
ITEM_53222,ORD_13221,PROD_CHG_05,1,799,799
ITEM_53223,ORD_13222,PROD_PWR_01,1,1299,1299
ITEM_53224,ORD_13223,PROD_CHG_04,1,1499,1499
ITEM_53225,ORD_13224,PROD_PWR_02,1,2199,2199
ITEM_53226,ORD_13225,PROD_PWR_04,1,899,899
ITEM_53227,ORD_13226,PROD_PWR_01,1,1299,1299
ITEM_53228,ORD_13227,PROD_SPK_03,1,1299,1299
ITEM_53229,ORD_13228,PROD_CHG_04,1,1499,1499
ITEM_53230,ORD_13229,PROD_PWR_01,1,1299,1299
ITEM_53231,ORD_13230,PROD_SPK_01,1,2499,2499
ITEM_53232,ORD_13231,PROD_WATCH_03,1,1899,1899
ITEM_53233,ORD_13232,PROD_WATCH_03,1,1899,1899
ITEM_53234,ORD_13233,PROD_PWR_02,1,2199,2199
ITEM_53235,ORD_13234,PROD_WATCH_02,1,5499,5499
ITEM_53236,ORD_13235,PROD_SPK_02,1,3999,3999
ITEM_53237,ORD_13236,PROD_CHG_05,1,799,799
ITEM_53238,ORD_13237,PROD_WATCH_03,1,1899,1899
ITEM_53239,ORD_13238,PROD_CHG_01,1,699,699
ITEM_53240,ORD_13239,PROD_WATCH_04,1,3999,3999
ITEM_53241,ORD_13240,PROD_SPK_03,1,1299,1299
ITEM_53242,ORD_13241,PROD_CHG_02,1,1899,1899
ITEM_53243,ORD_13242,PROD_SPK_04,1,3299,3299
ITEM_53244,ORD_13243,PROD_CHG_05,1,799,799
ITEM_53245,ORD_13244,PROD_CHG_03,1,999,999
ITEM_53246,ORD_13245,PROD_PWR_02,1,2199,2199
ITEM_53247,ORD_13246,PROD_SPK_01,1,2499,2499
ITEM_53248,ORD_13247,PROD_PWR_02,1,2199,2199
ITEM_53249,ORD_13248,PROD_SPK_05,1,4999,4999
ITEM_53250,ORD_13249,PROD_CHG_01,1,699,699
ITEM_53251,ORD_13250,PROD_PWR_01,1,1299,1299
ITEM_53252,ORD_13251,PROD_SPK_05,1,4999,4999
ITEM_53253,ORD_13252,PROD_SPK_05,1,4999,4999
ITEM_53254,ORD_13253,PROD_SPK_05,1,4999,4999
ITEM_53255,ORD_13254,PROD_CHG_01,1,699,699
ITEM_53256,ORD_13255,PROD_SPK_01,1,2499,2499
ITEM_53257,ORD_13256,PROD_PWR_05,1,2799,2799
ITEM_53258,ORD_13257,PROD_SPK_05,1,4999,4999
ITEM_53259,ORD_13258,PROD_WATCH_04,1,3999,3999
ITEM_53260,ORD_13259,PROD_PWR_04,1,899,899
ITEM_53261,ORD_13260,PROD_SPK_03,1,1299,1299
ITEM_53262,ORD_13261,PROD_WATCH_03,1,1899,1899
ITEM_53263,ORD_13262,PROD_WATCH_02,1,5499,5499
ITEM_53264,ORD_13263,PROD_PWR_05,1,2799,2799
ITEM_53265,ORD_13264,PROD_SPK_04,1,3299,3299
ITEM_53266,ORD_13265,PROD_PWR_01,1,1299,1299
ITEM_53267,ORD_13266,PROD_CHG_04,1,1499,1499
ITEM_53268,ORD_13267,PROD_CHG_05,1,799,799
ITEM_53269,ORD_13268,PROD_WATCH_02,1,5499,5499
ITEM_53270,ORD_13269,PROD_SPK_04,1,3299,3299
ITEM_53271,ORD_13270,PROD_WATCH_04,1,3999,3999
ITEM_53272,ORD_13271,PROD_CHG_03,1,999,999
ITEM_53273,ORD_13272,PROD_PWR_05,1,2799,2799
ITEM_53274,ORD_13273,PROD_PWR_01,1,1299,1299
ITEM_53275,ORD_13274,PROD_CHG_03,1,999,999
ITEM_53276,ORD_13275,PROD_PWR_05,1,2799,2799
ITEM_53277,ORD_13276,PROD_CHG_05,1,799,799
ITEM_53278,ORD_13277,PROD_PWR_05,1,2799,2799
ITEM_53279,ORD_13278,PROD_CHG_03,1,999,999
ITEM_53280,ORD_13279,PROD_CHG_05,1,799,799
ITEM_53281,ORD_13280,PROD_SPK_04,1,3299,3299
ITEM_53282,ORD_13281,PROD_CHG_03,1,999,999
ITEM_53283,ORD_13282,PROD_WATCH_03,1,1899,1899
ITEM_53284,ORD_13283,PROD_CHG_05,1,799,799
ITEM_53285,ORD_13284,PROD_PWR_05,1,2799,2799
ITEM_53286,ORD_13285,PROD_CHG_02,1,1899,1899
ITEM_53287,ORD_13286,PROD_PWR_04,1,899,899
ITEM_53288,ORD_13287,PROD_WATCH_05,1,6999,6999
ITEM_53289,ORD_13288,PROD_WATCH_04,1,3999,3999
ITEM_53290,ORD_13289,PROD_CHG_01,1,699,699
ITEM_53291,ORD_13290,PROD_PWR_02,1,2199,2199
ITEM_53292,ORD_13291,PROD_SPK_02,1,3999,3999
ITEM_53293,ORD_13292,PROD_SPK_03,1,1299,1299
ITEM_53294,ORD_13293,PROD_CHG_04,1,1499,1499
ITEM_53295,ORD_13294,PROD_CHG_04,1,1499,1499
ITEM_53296,ORD_13295,PROD_PWR_03,1,3299,3299
ITEM_53297,ORD_13296,PROD_CHG_02,1,1899,1899
ITEM_53298,ORD_13297,PROD_CHG_04,1,1499,1499
ITEM_53299,ORD_13298,PROD_WATCH_05,1,6999,6999
ITEM_53300,ORD_13299,PROD_PWR_03,1,3299,3299
ITEM_53301,ORD_13300,PROD_SPK_01,1,2499,2499
ITEM_53302,ORD_13301,PROD_SPK_03,1,1299,1299
ITEM_53303,ORD_13302,PROD_CHG_05,1,799,799
ITEM_53304,ORD_13303,PROD_CHG_03,1,999,999
ITEM_53305,ORD_13304,PROD_WATCH_05,1,6999,6999
ITEM_53306,ORD_13305,PROD_SPK_01,1,2499,2499
ITEM_53307,ORD_13306,PROD_WATCH_02,1,5499,5499
ITEM_53308,ORD_13307,PROD_PWR_05,1,2799,2799
ITEM_53309,ORD_13308,PROD_CHG_05,1,799,799
ITEM_53310,ORD_13309,PROD_PWR_05,1,2799,2799
ITEM_53311,ORD_13310,PROD_PWR_03,1,3299,3299
ITEM_53312,ORD_13311,PROD_SPK_02,1,3999,3999
ITEM_53313,ORD_13312,PROD_SPK_05,1,4999,4999
ITEM_53314,ORD_13313,PROD_WATCH_05,1,6999,6999
ITEM_53315,ORD_13314,PROD_SPK_04,1,3299,3299
ITEM_53316,ORD_13315,PROD_WATCH_03,1,1899,1899
ITEM_53317,ORD_13316,PROD_PWR_03,1,3299,3299
ITEM_53318,ORD_13317,PROD_WATCH_02,1,5499,5499
ITEM_53319,ORD_13318,PROD_PWR_04,1,899,899
ITEM_53320,ORD_13319,PROD_SPK_01,1,2499,2499
ITEM_53321,ORD_13320,PROD_PWR_04,1,899,899
ITEM_53322,ORD_13321,PROD_PWR_01,1,1299,1299
ITEM_53323,ORD_13322,PROD_CHG_05,1,799,799
ITEM_53324,ORD_13323,PROD_CHG_02,1,1899,1899
ITEM_53325,ORD_13324,PROD_SPK_04,1,3299,3299
ITEM_53326,ORD_13325,PROD_PWR_04,1,899,899
ITEM_53327,ORD_13326,PROD_PWR_03,1,3299,3299
ITEM_53328,ORD_13327,PROD_CHG_01,1,699,699
ITEM_53329,ORD_13328,PROD_WATCH_02,1,5499,5499
ITEM_53330,ORD_13329,PROD_PWR_05,1,2799,2799
ITEM_53331,ORD_13330,PROD_PWR_02,1,2199,2199
ITEM_53332,ORD_13331,PROD_CHG_01,1,699,699
ITEM_53333,ORD_13332,PROD_WATCH_03,1,1899,1899
ITEM_53334,ORD_13333,PROD_CHG_04,1,1499,1499
ITEM_53335,ORD_13334,PROD_PWR_05,1,2799,2799
ITEM_53336,ORD_13335,PROD_SPK_02,1,3999,3999
ITEM_53337,ORD_13336,PROD_WATCH_02,1,5499,5499
ITEM_53338,ORD_13337,PROD_PWR_03,1,3299,3299
ITEM_53339,ORD_13338,PROD_SPK_04,1,3299,3299
ITEM_53340,ORD_13339,PROD_WATCH_03,1,1899,1899
ITEM_53341,ORD_13340,PROD_WATCH_02,1,5499,5499
ITEM_53342,ORD_13341,PROD_SPK_02,1,3999,3999
ITEM_53343,ORD_13342,PROD_SPK_01,1,2499,2499
ITEM_53344,ORD_13343,PROD_WATCH_04,1,3999,3999
ITEM_53345,ORD_13344,PROD_SPK_03,1,1299,1299
ITEM_53346,ORD_13345,PROD_CHG_02,1,1899,1899
ITEM_53347,ORD_13346,PROD_WATCH_04,1,3999,3999
ITEM_53348,ORD_13347,PROD_PWR_01,1,1299,1299
ITEM_53349,ORD_13348,PROD_SPK_05,1,4999,4999
ITEM_53350,ORD_13349,PROD_CHG_05,1,799,799
ITEM_53351,ORD_13350,PROD_SPK_01,1,2499,2499
ITEM_53352,ORD_13351,PROD_CHG_04,1,1499,1499
ITEM_53353,ORD_13352,PROD_SPK_03,1,1299,1299
ITEM_53354,ORD_13353,PROD_CHG_03,1,999,999
ITEM_53355,ORD_13354,PROD_PWR_05,1,2799,2799
ITEM_53356,ORD_13355,PROD_WATCH_02,1,5499,5499
ITEM_53357,ORD_13356,PROD_CHG_02,1,1899,1899
ITEM_53358,ORD_13357,PROD_CHG_04,1,1499,1499
ITEM_53359,ORD_13358,PROD_PWR_01,1,1299,1299
ITEM_53360,ORD_13359,PROD_PWR_04,1,899,899
ITEM_53361,ORD_13360,PROD_SPK_05,1,4999,4999
ITEM_53362,ORD_13361,PROD_SPK_03,1,1299,1299
ITEM_53363,ORD_13362,PROD_PWR_03,1,3299,3299
ITEM_53364,ORD_13363,PROD_SPK_05,1,4999,4999
ITEM_53365,ORD_13364,PROD_PWR_02,1,2199,2199
ITEM_53366,ORD_13365,PROD_WATCH_05,1,6999,6999
ITEM_53367,ORD_13366,PROD_SPK_04,1,3299,3299
ITEM_53368,ORD_13367,PROD_PWR_01,1,1299,1299
ITEM_53369,ORD_13368,PROD_CHG_02,1,1899,1899
ITEM_53370,ORD_13369,PROD_WATCH_04,1,3999,3999
ITEM_53371,ORD_13370,PROD_CHG_05,1,799,799
ITEM_53372,ORD_13371,PROD_WATCH_05,1,6999,6999
ITEM_53373,ORD_13372,PROD_PWR_05,1,2799,2799
ITEM_53374,ORD_13373,PROD_SPK_03,1,1299,1299
ITEM_53375,ORD_13374,PROD_PWR_03,1,3299,3299
ITEM_53376,ORD_13375,PROD_SPK_04,1,3299,3299
ITEM_53377,ORD_13376,PROD_PWR_02,1,2199,2199
ITEM_53378,ORD_13377,PROD_PWR_03,1,3299,3299
ITEM_53379,ORD_13378,PROD_SPK_04,1,3299,3299
ITEM_53380,ORD_13379,PROD_SPK_02,1,3999,3999
ITEM_53381,ORD_13380,PROD_WATCH_02,1,5499,5499
ITEM_53382,ORD_13381,PROD_WATCH_05,1,6999,6999
ITEM_53383,ORD_13382,PROD_PWR_03,1,3299,3299
ITEM_53384,ORD_13383,PROD_SPK_01,1,2499,2499
ITEM_53385,ORD_13384,PROD_SPK_02,1,3999,3999
ITEM_53386,ORD_13385,PROD_SPK_05,1,4999,4999
ITEM_53387,ORD_13386,PROD_PWR_05,1,2799,2799
ITEM_53388,ORD_13387,PROD_SPK_05,1,4999,4999
ITEM_53389,ORD_13388,PROD_PWR_02,1,2199,2199
ITEM_53390,ORD_13389,PROD_SPK_03,1,1299,1299
ITEM_53391,ORD_13390,PROD_WATCH_02,1,5499,5499
ITEM_53392,ORD_13391,PROD_WATCH_04,1,3999,3999
ITEM_53393,ORD_13392,PROD_WATCH_05,1,6999,6999
ITEM_53394,ORD_13393,PROD_CHG_04,1,1499,1499
ITEM_53395,ORD_13394,PROD_CHG_02,1,1899,1899
ITEM_53396,ORD_13395,PROD_PWR_02,1,2199,2199
ITEM_53397,ORD_13396,PROD_WATCH_02,1,5499,5499
ITEM_53398,ORD_13397,PROD_CHG_02,1,1899,1899
ITEM_53399,ORD_13398,PROD_WATCH_02,1,5499,5499
ITEM_53400,ORD_13399,PROD_SPK_05,1,4999,4999
ITEM_53401,ORD_13400,PROD_CHG_03,1,999,999
ITEM_53402,ORD_13401,PROD_WATCH_04,1,3999,3999
ITEM_53403,ORD_13402,PROD_SPK_04,1,3299,3299
ITEM_53404,ORD_13403,PROD_CHG_04,1,1499,1499
ITEM_53405,ORD_13404,PROD_SPK_05,1,4999,4999
ITEM_53406,ORD_13405,PROD_WATCH_02,1,5499,5499
ITEM_53407,ORD_13406,PROD_CHG_02,1,1899,1899
ITEM_53408,ORD_13407,PROD_CHG_02,1,1899,1899
ITEM_53409,ORD_13408,PROD_CHG_02,1,1899,1899
ITEM_53410,ORD_13409,PROD_WATCH_02,1,5499,5499
ITEM_53411,ORD_13410,PROD_WATCH_04,1,3999,3999
ITEM_53412,ORD_13411,PROD_CHG_03,1,999,999
ITEM_53413,ORD_13412,PROD_PWR_04,1,899,899
ITEM_53414,ORD_13413,PROD_CHG_03,1,999,999
ITEM_53415,ORD_13414,PROD_SPK_02,1,3999,3999
ITEM_53416,ORD_13415,PROD_SPK_04,1,3299,3299
ITEM_53417,ORD_13416,PROD_CHG_02,1,1899,1899
ITEM_53418,ORD_13417,PROD_CHG_01,1,699,699
ITEM_53419,ORD_13418,PROD_WATCH_03,1,1899,1899
ITEM_53420,ORD_13419,PROD_PWR_04,1,899,899
ITEM_53421,ORD_13420,PROD_PWR_03,1,3299,3299
ITEM_53422,ORD_13421,PROD_SPK_02,1,3999,3999
ITEM_53423,ORD_13422,PROD_SPK_03,1,1299,1299
ITEM_53424,ORD_13423,PROD_WATCH_04,1,3999,3999
ITEM_53425,ORD_13424,PROD_PWR_03,1,3299,3299
ITEM_53426,ORD_13425,PROD_CHG_01,1,699,699
ITEM_53427,ORD_13426,PROD_SPK_01,1,2499,2499
ITEM_53428,ORD_13427,PROD_WATCH_03,1,1899,1899
ITEM_53429,ORD_13428,PROD_WATCH_02,1,5499,5499
ITEM_53430,ORD_13429,PROD_CHG_05,1,799,799
ITEM_53431,ORD_13430,PROD_PWR_04,1,899,899
ITEM_53432,ORD_13431,PROD_SPK_01,1,2499,2499
ITEM_53433,ORD_13432,PROD_WATCH_05,1,6999,6999
ITEM_53434,ORD_13433,PROD_PWR_04,1,899,899
ITEM_53435,ORD_13434,PROD_PWR_03,1,3299,3299
ITEM_53436,ORD_13435,PROD_WATCH_02,1,5499,5499
ITEM_53437,ORD_13436,PROD_SPK_03,1,1299,1299
ITEM_53438,ORD_13437,PROD_SPK_03,1,1299,1299
ITEM_53439,ORD_13438,PROD_PWR_05,1,2799,2799
ITEM_53440,ORD_13439,PROD_CHG_03,1,999,999
ITEM_53441,ORD_13440,PROD_SPK_03,1,1299,1299
ITEM_53442,ORD_13441,PROD_CHG_03,1,999,999
ITEM_53443,ORD_13442,PROD_CHG_02,1,1899,1899
ITEM_53444,ORD_13443,PROD_CHG_05,1,799,799
ITEM_53445,ORD_13444,PROD_SPK_05,1,4999,4999
ITEM_53446,ORD_13445,PROD_SPK_01,1,2499,2499
ITEM_53447,ORD_13446,PROD_CHG_01,1,699,699
ITEM_53448,ORD_13447,PROD_CHG_02,1,1899,1899
ITEM_53449,ORD_13448,PROD_WATCH_05,1,6999,6999
ITEM_53450,ORD_13449,PROD_SPK_05,1,4999,4999
ITEM_53451,ORD_13450,PROD_CHG_02,1,1899,1899
ITEM_53452,ORD_13451,PROD_CHG_01,1,699,699
ITEM_53453,ORD_13452,PROD_CHG_01,1,699,699
ITEM_53454,ORD_13453,PROD_CHG_05,1,799,799
ITEM_53455,ORD_13454,PROD_PWR_01,1,1299,1299
ITEM_53456,ORD_13455,PROD_CHG_01,1,699,699
ITEM_53457,ORD_13456,PROD_SPK_05,1,4999,4999
ITEM_53458,ORD_13457,PROD_WATCH_04,1,3999,3999
ITEM_53459,ORD_13458,PROD_CHG_02,1,1899,1899
ITEM_53460,ORD_13459,PROD_PWR_01,1,1299,1299
ITEM_53461,ORD_13460,PROD_PWR_02,1,2199,2199
ITEM_53462,ORD_13461,PROD_CHG_05,1,799,799
ITEM_53463,ORD_13462,PROD_PWR_04,1,899,899
ITEM_53464,ORD_13463,PROD_SPK_03,1,1299,1299
ITEM_53465,ORD_13464,PROD_CHG_04,1,1499,1499
ITEM_53466,ORD_13465,PROD_SPK_02,1,3999,3999
ITEM_53467,ORD_13466,PROD_WATCH_04,1,3999,3999
ITEM_53468,ORD_13467,PROD_SPK_01,1,2499,2499
ITEM_53469,ORD_13468,PROD_CHG_05,1,799,799
ITEM_53470,ORD_13469,PROD_PWR_05,1,2799,2799
ITEM_53471,ORD_13470,PROD_WATCH_02,1,5499,5499
ITEM_53472,ORD_13471,PROD_PWR_03,1,3299,3299
ITEM_53473,ORD_13472,PROD_WATCH_02,1,5499,5499
ITEM_53474,ORD_13473,PROD_PWR_04,1,899,899
ITEM_53475,ORD_13474,PROD_PWR_03,1,3299,3299
ITEM_53476,ORD_13475,PROD_PWR_05,1,2799,2799
ITEM_53477,ORD_13476,PROD_CHG_01,1,699,699
ITEM_53478,ORD_13477,PROD_CHG_04,1,1499,1499
ITEM_53479,ORD_13478,PROD_SPK_03,1,1299,1299
ITEM_53480,ORD_13479,PROD_SPK_02,1,3999,3999
ITEM_53481,ORD_13480,PROD_SPK_04,1,3299,3299
ITEM_53482,ORD_13481,PROD_SPK_04,1,3299,3299
ITEM_53483,ORD_13482,PROD_CHG_04,1,1499,1499
ITEM_53484,ORD_13483,PROD_SPK_01,1,2499,2499
ITEM_53485,ORD_13484,PROD_CHG_03,1,999,999
ITEM_53486,ORD_13485,PROD_WATCH_05,1,6999,6999
ITEM_53487,ORD_13486,PROD_WATCH_05,1,6999,6999
ITEM_53488,ORD_13487,PROD_PWR_05,1,2799,2799
ITEM_53489,ORD_13488,PROD_PWR_05,1,2799,2799
ITEM_53490,ORD_13489,PROD_SPK_01,1,2499,2499
ITEM_53491,ORD_13490,PROD_WATCH_04,1,3999,3999
ITEM_53492,ORD_13491,PROD_PWR_02,1,2199,2199
ITEM_53493,ORD_13492,PROD_SPK_01,1,2499,2499
ITEM_53494,ORD_13493,PROD_WATCH_02,1,5499,5499
ITEM_53495,ORD_13494,PROD_WATCH_03,1,1899,1899
ITEM_53496,ORD_13495,PROD_WATCH_03,1,1899,1899
ITEM_53497,ORD_13496,PROD_WATCH_02,1,5499,5499
ITEM_53498,ORD_13497,PROD_WATCH_02,1,5499,5499
ITEM_53499,ORD_13498,PROD_WATCH_03,1,1899,1899
ITEM_53500,ORD_13499,PROD_PWR_04,1,899,899
ITEM_53501,ORD_13500,PROD_CHG_02,1,1899,1899
ITEM_53502,ORD_13501,PROD_PWR_03,1,3299,3299
ITEM_53503,ORD_13502,PROD_SPK_04,1,3299,3299
ITEM_53504,ORD_13503,PROD_WATCH_02,1,5499,5499
ITEM_53505,ORD_13504,PROD_WATCH_04,1,3999,3999
ITEM_53506,ORD_13505,PROD_WATCH_03,1,1899,1899
ITEM_53507,ORD_13506,PROD_WATCH_05,1,6999,6999
ITEM_53508,ORD_13507,PROD_SPK_01,1,2499,2499
ITEM_53509,ORD_13508,PROD_WATCH_04,1,3999,3999
ITEM_53510,ORD_13509,PROD_CHG_01,1,699,699
ITEM_53511,ORD_13510,PROD_CHG_02,1,1899,1899
ITEM_53512,ORD_13511,PROD_SPK_02,1,3999,3999
ITEM_53513,ORD_13512,PROD_PWR_04,1,899,899
ITEM_53514,ORD_13513,PROD_SPK_05,1,4999,4999
ITEM_53515,ORD_13514,PROD_SPK_05,1,4999,4999
ITEM_53516,ORD_13515,PROD_WATCH_02,1,5499,5499
ITEM_53517,ORD_13516,PROD_SPK_01,1,2499,2499
ITEM_53518,ORD_13517,PROD_PWR_04,1,899,899
ITEM_53519,ORD_13518,PROD_CHG_02,1,1899,1899
ITEM_53520,ORD_13519,PROD_SPK_03,1,1299,1299
ITEM_53521,ORD_13520,PROD_PWR_01,1,1299,1299
ITEM_53522,ORD_13521,PROD_PWR_05,1,2799,2799
ITEM_53523,ORD_13522,PROD_PWR_02,1,2199,2199
ITEM_53524,ORD_13523,PROD_PWR_02,1,2199,2199
ITEM_53525,ORD_13524,PROD_SPK_04,1,3299,3299
ITEM_53526,ORD_13525,PROD_SPK_01,1,2499,2499
ITEM_53527,ORD_13526,PROD_SPK_05,1,4999,4999
ITEM_53528,ORD_13527,PROD_WATCH_03,1,1899,1899
ITEM_53529,ORD_13528,PROD_CHG_03,1,999,999
ITEM_53530,ORD_13529,PROD_WATCH_02,1,5499,5499
ITEM_53531,ORD_13530,PROD_CHG_04,1,1499,1499
ITEM_53532,ORD_13531,PROD_PWR_02,1,2199,2199
ITEM_53533,ORD_13532,PROD_CHG_01,1,699,699
ITEM_53534,ORD_13533,PROD_PWR_03,1,3299,3299
ITEM_53535,ORD_13534,PROD_SPK_05,1,4999,4999
ITEM_53536,ORD_13535,PROD_PWR_03,1,3299,3299
ITEM_53537,ORD_13536,PROD_WATCH_03,1,1899,1899
ITEM_53538,ORD_13537,PROD_PWR_01,1,1299,1299
ITEM_53539,ORD_13538,PROD_WATCH_02,1,5499,5499
ITEM_53540,ORD_13539,PROD_CHG_03,1,999,999
ITEM_53541,ORD_13540,PROD_CHG_01,1,699,699
ITEM_53542,ORD_13541,PROD_SPK_03,1,1299,1299
ITEM_53543,ORD_13542,PROD_WATCH_03,1,1899,1899
ITEM_53544,ORD_13543,PROD_SPK_02,1,3999,3999
ITEM_53545,ORD_13544,PROD_SPK_05,1,4999,4999
ITEM_53546,ORD_13545,PROD_PWR_04,1,899,899
ITEM_53547,ORD_13546,PROD_PWR_05,1,2799,2799
ITEM_53548,ORD_13547,PROD_WATCH_03,1,1899,1899
ITEM_53549,ORD_13548,PROD_SPK_01,1,2499,2499
ITEM_53550,ORD_13549,PROD_PWR_05,1,2799,2799
ITEM_53551,ORD_13550,PROD_PWR_03,1,3299,3299
ITEM_53552,ORD_13551,PROD_CHG_04,1,1499,1499
ITEM_53553,ORD_13552,PROD_PWR_02,1,2199,2199
ITEM_53554,ORD_13553,PROD_PWR_02,1,2199,2199
ITEM_53555,ORD_13554,PROD_CHG_02,1,1899,1899
ITEM_53556,ORD_13555,PROD_SPK_01,1,2499,2499
ITEM_53557,ORD_13556,PROD_WATCH_03,1,1899,1899
ITEM_53558,ORD_13557,PROD_WATCH_03,1,1899,1899
ITEM_53559,ORD_13558,PROD_WATCH_03,1,1899,1899
ITEM_53560,ORD_13559,PROD_WATCH_02,1,5499,5499
ITEM_53561,ORD_13560,PROD_CHG_01,1,699,699
ITEM_53562,ORD_13561,PROD_CHG_01,1,699,699
ITEM_53563,ORD_13562,PROD_CHG_01,1,699,699
ITEM_53564,ORD_13563,PROD_CHG_04,1,1499,1499
ITEM_53565,ORD_13564,PROD_CHG_02,1,1899,1899
ITEM_53566,ORD_13565,PROD_CHG_02,1,1899,1899
ITEM_53567,ORD_13566,PROD_CHG_01,1,699,699
ITEM_53568,ORD_13567,PROD_SPK_05,1,4999,4999
ITEM_53569,ORD_13568,PROD_CHG_03,1,999,999
ITEM_53570,ORD_13569,PROD_PWR_03,1,3299,3299
ITEM_53571,ORD_13570,PROD_PWR_01,1,1299,1299
ITEM_53572,ORD_13571,PROD_SPK_05,1,4999,4999
ITEM_53573,ORD_13572,PROD_SPK_05,1,4999,4999
ITEM_53574,ORD_13573,PROD_PWR_04,1,899,899
ITEM_53575,ORD_13574,PROD_PWR_05,1,2799,2799
ITEM_53576,ORD_13575,PROD_CHG_03,1,999,999
ITEM_53577,ORD_13576,PROD_CHG_03,1,999,999
ITEM_53578,ORD_13577,PROD_PWR_05,1,2799,2799
ITEM_53579,ORD_13578,PROD_WATCH_05,1,6999,6999
ITEM_53580,ORD_13579,PROD_PWR_05,1,2799,2799
ITEM_53581,ORD_13580,PROD_PWR_02,1,2199,2199
ITEM_53582,ORD_13581,PROD_WATCH_02,1,5499,5499
ITEM_53583,ORD_13582,PROD_SPK_02,1,3999,3999
ITEM_53584,ORD_13583,PROD_PWR_02,1,2199,2199
ITEM_53585,ORD_13584,PROD_PWR_03,1,3299,3299
ITEM_53586,ORD_13585,PROD_PWR_01,1,1299,1299
ITEM_53587,ORD_13586,PROD_PWR_05,1,2799,2799
ITEM_53588,ORD_13587,PROD_PWR_04,1,899,899
ITEM_53589,ORD_13588,PROD_WATCH_02,1,5499,5499
ITEM_53590,ORD_13589,PROD_PWR_01,1,1299,1299
ITEM_53591,ORD_13590,PROD_CHG_01,1,699,699
ITEM_53592,ORD_13591,PROD_PWR_04,1,899,899
ITEM_53593,ORD_13592,PROD_CHG_04,1,1499,1499
ITEM_53594,ORD_13593,PROD_SPK_01,1,2499,2499
ITEM_53595,ORD_13594,PROD_CHG_01,1,699,699
ITEM_53596,ORD_13595,PROD_SPK_01,1,2499,2499
ITEM_53597,ORD_13596,PROD_CHG_03,1,999,999
ITEM_53598,ORD_13597,PROD_WATCH_02,1,5499,5499
ITEM_53599,ORD_13598,PROD_PWR_04,1,899,899
ITEM_53600,ORD_13599,PROD_WATCH_05,1,6999,6999
ITEM_53601,ORD_13600,PROD_PWR_04,1,899,899
ITEM_53602,ORD_13601,PROD_PWR_04,1,899,899
ITEM_53603,ORD_13602,PROD_WATCH_03,1,1899,1899
ITEM_53604,ORD_13603,PROD_CHG_05,1,799,799
ITEM_53605,ORD_13604,PROD_SPK_01,1,2499,2499
ITEM_53606,ORD_13605,PROD_PWR_03,1,3299,3299
ITEM_53607,ORD_13606,PROD_SPK_03,1,1299,1299
ITEM_53608,ORD_13607,PROD_SPK_03,1,1299,1299
ITEM_53609,ORD_13608,PROD_CHG_03,1,999,999
ITEM_53610,ORD_13609,PROD_SPK_05,1,4999,4999
ITEM_53611,ORD_13610,PROD_CHG_02,1,1899,1899
ITEM_53612,ORD_13611,PROD_PWR_03,1,3299,3299
ITEM_53613,ORD_13612,PROD_CHG_05,1,799,799
ITEM_53614,ORD_13613,PROD_PWR_02,1,2199,2199
ITEM_53615,ORD_13614,PROD_CHG_02,1,1899,1899
ITEM_53616,ORD_13615,PROD_EAR_01,1,1499,1499
ITEM_53617,ORD_13616,PROD_EAR_01,1,1499,1499
ITEM_53618,ORD_13617,PROD_EAR_01,1,1499,1499
ITEM_53619,ORD_13618,PROD_EAR_01,1,1499,1499
ITEM_53620,ORD_13619,PROD_EAR_01,1,1499,1499
ITEM_53621,ORD_13620,PROD_EAR_01,1,1499,1499
ITEM_53622,ORD_13621,PROD_EAR_01,1,1499,1499
ITEM_53623,ORD_13622,PROD_EAR_01,1,1499,1499
ITEM_53624,ORD_13623,PROD_EAR_01,1,1499,1499
ITEM_53625,ORD_13624,PROD_EAR_01,1,1499,1499
ITEM_53626,ORD_13625,PROD_EAR_01,1,1499,1499
ITEM_53627,ORD_13626,PROD_EAR_01,1,1499,1499
ITEM_53628,ORD_13627,PROD_EAR_01,1,1499,1499
ITEM_53629,ORD_13628,PROD_EAR_01,1,1499,1499
ITEM_53630,ORD_13629,PROD_EAR_01,1,1499,1499
ITEM_53631,ORD_13630,PROD_EAR_01,1,1499,1499
ITEM_53632,ORD_13631,PROD_EAR_01,1,1499,1499
ITEM_53633,ORD_13632,PROD_EAR_01,1,1499,1499
ITEM_53634,ORD_13633,PROD_EAR_01,1,1499,1499
ITEM_53635,ORD_13634,PROD_EAR_01,1,1499,1499
ITEM_53636,ORD_13635,PROD_EAR_01,1,1499,1499
ITEM_53637,ORD_13636,PROD_EAR_01,1,1499,1499
ITEM_53638,ORD_13637,PROD_EAR_01,1,1499,1499
ITEM_53639,ORD_13638,PROD_EAR_01,1,1499,1499
ITEM_53640,ORD_13639,PROD_EAR_01,1,1499,1499
ITEM_53641,ORD_13640,PROD_EAR_01,1,1499,1499
ITEM_53642,ORD_13641,PROD_EAR_01,1,1499,1499
ITEM_53643,ORD_13642,PROD_EAR_01,1,1499,1499
ITEM_53644,ORD_13643,PROD_EAR_01,1,1499,1499
ITEM_53645,ORD_13644,PROD_EAR_01,1,1499,1499
ITEM_53646,ORD_13645,PROD_EAR_01,1,1499,1499
ITEM_53647,ORD_13646,PROD_EAR_01,1,1499,1499
ITEM_53648,ORD_13647,PROD_EAR_01,1,1499,1499
ITEM_53649,ORD_13648,PROD_EAR_01,1,1499,1499
ITEM_53650,ORD_13649,PROD_EAR_01,1,1499,1499
ITEM_53651,ORD_13650,PROD_EAR_01,1,1499,1499
ITEM_53652,ORD_13651,PROD_EAR_01,1,1499,1499
ITEM_53653,ORD_13652,PROD_EAR_01,1,1499,1499
ITEM_53654,ORD_13653,PROD_EAR_01,1,1499,1499
ITEM_53655,ORD_13654,PROD_EAR_01,1,1499,1499
ITEM_53656,ORD_13655,PROD_EAR_01,1,1499,1499
ITEM_53657,ORD_13656,PROD_EAR_01,1,1499,1499
ITEM_53658,ORD_13657,PROD_EAR_01,1,1499,1499
ITEM_53659,ORD_13658,PROD_EAR_01,1,1499,1499
ITEM_53660,ORD_13659,PROD_EAR_01,1,1499,1499
ITEM_53661,ORD_13660,PROD_EAR_01,1,1499,1499
ITEM_53662,ORD_13661,PROD_EAR_01,1,1499,1499
ITEM_53663,ORD_13662,PROD_EAR_01,1,1499,1499
ITEM_53664,ORD_13663,PROD_EAR_01,1,1499,1499
ITEM_53665,ORD_13664,PROD_EAR_01,1,1499,1499
ITEM_53666,ORD_13665,PROD_EAR_01,1,1499,1499
ITEM_53667,ORD_13666,PROD_EAR_01,1,1499,1499
ITEM_53668,ORD_13667,PROD_EAR_01,1,1499,1499
ITEM_53669,ORD_13668,PROD_EAR_01,1,1499,1499
ITEM_53670,ORD_13669,PROD_EAR_01,1,1499,1499
ITEM_53671,ORD_13670,PROD_EAR_01,1,1499,1499
ITEM_53672,ORD_13671,PROD_EAR_01,1,1499,1499
ITEM_53673,ORD_13672,PROD_EAR_01,1,1499,1499
ITEM_53674,ORD_13673,PROD_EAR_01,1,1499,1499
ITEM_53675,ORD_13674,PROD_EAR_01,1,1499,1499
ITEM_53676,ORD_13675,PROD_EAR_01,1,1499,1499
ITEM_53677,ORD_13676,PROD_EAR_01,1,1499,1499
ITEM_53678,ORD_13677,PROD_EAR_01,1,1499,1499
ITEM_53679,ORD_13678,PROD_EAR_01,1,1499,1499
ITEM_53680,ORD_13679,PROD_EAR_01,1,1499,1499
ITEM_53681,ORD_13680,PROD_EAR_01,1,1499,1499
ITEM_53682,ORD_13681,PROD_EAR_01,1,1499,1499
ITEM_53683,ORD_13682,PROD_EAR_01,1,1499,1499
ITEM_53684,ORD_13683,PROD_EAR_01,1,1499,1499
ITEM_53685,ORD_13684,PROD_EAR_01,1,1499,1499
ITEM_53686,ORD_13685,PROD_EAR_01,1,1499,1499
ITEM_53687,ORD_13686,PROD_EAR_01,1,1499,1499
ITEM_53688,ORD_13687,PROD_EAR_01,1,1499,1499
ITEM_53689,ORD_13688,PROD_EAR_01,1,1499,1499
ITEM_53690,ORD_13689,PROD_EAR_01,1,1499,1499
ITEM_53691,ORD_13690,PROD_EAR_01,1,1499,1499
ITEM_53692,ORD_13691,PROD_EAR_01,1,1499,1499
ITEM_53693,ORD_13692,PROD_EAR_01,1,1499,1499
ITEM_53694,ORD_13693,PROD_EAR_01,1,1499,1499
ITEM_53695,ORD_13694,PROD_EAR_01,1,1499,1499
ITEM_53696,ORD_13695,PROD_EAR_01,1,1499,1499
ITEM_53697,ORD_13696,PROD_EAR_01,1,1499,1499
ITEM_53698,ORD_13697,PROD_EAR_01,1,1499,1499
ITEM_53699,ORD_13698,PROD_EAR_01,1,1499,1499
ITEM_53700,ORD_13699,PROD_EAR_01,1,1499,1499
ITEM_53701,ORD_13700,PROD_EAR_01,1,1499,1499
ITEM_53702,ORD_13701,PROD_EAR_01,1,1499,1499
ITEM_53703,ORD_13702,PROD_EAR_01,1,1499,1499
ITEM_53704,ORD_13703,PROD_EAR_01,1,1499,1499
ITEM_53705,ORD_13704,PROD_EAR_01,1,1499,1499
ITEM_53706,ORD_13705,PROD_EAR_01,1,1499,1499
ITEM_53707,ORD_13706,PROD_EAR_01,1,1499,1499
ITEM_53708,ORD_13707,PROD_EAR_01,1,1499,1499
ITEM_53709,ORD_13708,PROD_EAR_01,1,1499,1499
ITEM_53710,ORD_13709,PROD_EAR_01,1,1499,1499
ITEM_53711,ORD_13710,PROD_EAR_01,1,1499,1499
ITEM_53712,ORD_13711,PROD_EAR_01,1,1499,1499
ITEM_53713,ORD_13712,PROD_EAR_01,1,1499,1499
ITEM_53714,ORD_13713,PROD_EAR_01,1,1499,1499
ITEM_53715,ORD_13714,PROD_EAR_01,1,1499,1499
ITEM_53716,ORD_13715,PROD_EAR_01,1,1499,1499
ITEM_53717,ORD_13716,PROD_EAR_01,1,1499,1499
ITEM_53718,ORD_13717,PROD_EAR_01,1,1499,1499
ITEM_53719,ORD_13718,PROD_EAR_01,1,1499,1499
ITEM_53720,ORD_13719,PROD_EAR_01,1,1499,1499
ITEM_53721,ORD_13720,PROD_EAR_01,1,1499,1499
ITEM_53722,ORD_13721,PROD_EAR_01,1,1499,1499
ITEM_53723,ORD_13722,PROD_EAR_01,1,1499,1499
ITEM_53724,ORD_13723,PROD_EAR_01,1,1499,1499
ITEM_53725,ORD_13724,PROD_EAR_01,1,1499,1499
ITEM_53726,ORD_13725,PROD_EAR_01,1,1499,1499
ITEM_53727,ORD_13726,PROD_EAR_01,1,1499,1499
ITEM_53728,ORD_13727,PROD_EAR_01,1,1499,1499
ITEM_53729,ORD_13728,PROD_EAR_01,1,1499,1499
ITEM_53730,ORD_13729,PROD_EAR_01,1,1499,1499
ITEM_53731,ORD_13730,PROD_EAR_01,1,1499,1499
ITEM_53732,ORD_13731,PROD_EAR_01,1,1499,1499
ITEM_53733,ORD_13732,PROD_EAR_01,1,1499,1499
ITEM_53734,ORD_13733,PROD_EAR_01,1,1499,1499
ITEM_53735,ORD_13734,PROD_EAR_01,1,1499,1499
ITEM_53736,ORD_13735,PROD_EAR_01,1,1499,1499
ITEM_53737,ORD_13736,PROD_EAR_01,1,1499,1499
ITEM_53738,ORD_13737,PROD_EAR_01,1,1499,1499
ITEM_53739,ORD_13738,PROD_EAR_01,1,1499,1499
ITEM_53740,ORD_13739,PROD_EAR_01,1,1499,1499
ITEM_53741,ORD_13740,PROD_EAR_01,1,1499,1499
ITEM_53742,ORD_13741,PROD_EAR_01,1,1499,1499
ITEM_53743,ORD_13742,PROD_EAR_01,1,1499,1499
ITEM_53744,ORD_13743,PROD_EAR_01,1,1499,1499
ITEM_53745,ORD_13744,PROD_EAR_01,1,1499,1499
ITEM_53746,ORD_13745,PROD_EAR_01,1,1499,1499
ITEM_53747,ORD_13746,PROD_EAR_01,1,1499,1499
ITEM_53748,ORD_13747,PROD_EAR_01,1,1499,1499
ITEM_53749,ORD_13748,PROD_EAR_01,1,1499,1499
ITEM_53750,ORD_13749,PROD_EAR_01,1,1499,1499
ITEM_53751,ORD_13750,PROD_EAR_01,1,1499,1499
ITEM_53752,ORD_13751,PROD_EAR_01,1,1499,1499
ITEM_53753,ORD_13752,PROD_EAR_01,1,1499,1499
ITEM_53754,ORD_13753,PROD_EAR_01,1,1499,1499
ITEM_53755,ORD_13754,PROD_EAR_01,1,1499,1499
ITEM_53756,ORD_13755,PROD_EAR_01,1,1499,1499
ITEM_53757,ORD_13756,PROD_EAR_01,1,1499,1499
ITEM_53758,ORD_13757,PROD_EAR_01,1,1499,1499
ITEM_53759,ORD_13758,PROD_EAR_01,1,1499,1499
ITEM_53760,ORD_13759,PROD_EAR_01,1,1499,1499
ITEM_53761,ORD_13760,PROD_EAR_01,1,1499,1499
ITEM_53762,ORD_13761,PROD_EAR_01,1,1499,1499
ITEM_53763,ORD_13762,PROD_EAR_01,1,1499,1499
ITEM_53764,ORD_13763,PROD_EAR_01,1,1499,1499
ITEM_53765,ORD_13764,PROD_EAR_01,1,1499,1499
ITEM_53766,ORD_13765,PROD_EAR_01,1,1499,1499
ITEM_53767,ORD_13766,PROD_EAR_01,1,1499,1499
ITEM_53768,ORD_13767,PROD_EAR_01,1,1499,1499
ITEM_53769,ORD_13768,PROD_EAR_01,1,1499,1499
ITEM_53770,ORD_13769,PROD_EAR_01,1,1499,1499
ITEM_53771,ORD_13770,PROD_EAR_01,1,1499,1499
ITEM_53772,ORD_13771,PROD_EAR_01,1,1499,1499
ITEM_53773,ORD_13772,PROD_EAR_01,1,1499,1499
ITEM_53774,ORD_13773,PROD_EAR_01,1,1499,1499
ITEM_53775,ORD_13774,PROD_EAR_01,1,1499,1499
ITEM_53776,ORD_13775,PROD_EAR_01,1,1499,1499
ITEM_53777,ORD_13776,PROD_EAR_01,1,1499,1499
ITEM_53778,ORD_13777,PROD_EAR_01,1,1499,1499
ITEM_53779,ORD_13778,PROD_EAR_01,1,1499,1499
ITEM_53780,ORD_13779,PROD_EAR_01,1,1499,1499
ITEM_53781,ORD_13780,PROD_EAR_01,1,1499,1499
ITEM_53782,ORD_13781,PROD_EAR_01,1,1499,1499
ITEM_53783,ORD_13782,PROD_EAR_01,1,1499,1499
ITEM_53784,ORD_13783,PROD_EAR_01,1,1499,1499
ITEM_53785,ORD_13784,PROD_EAR_01,1,1499,1499
ITEM_53786,ORD_13785,PROD_EAR_01,1,1499,1499
ITEM_53787,ORD_13786,PROD_EAR_01,1,1499,1499
ITEM_53788,ORD_13787,PROD_EAR_01,1,1499,1499
ITEM_53789,ORD_13788,PROD_EAR_01,1,1499,1499
ITEM_53790,ORD_13789,PROD_EAR_01,1,1499,1499
ITEM_53791,ORD_13790,PROD_EAR_01,1,1499,1499
ITEM_53792,ORD_13791,PROD_EAR_01,1,1499,1499
ITEM_53793,ORD_13792,PROD_EAR_01,1,1499,1499
ITEM_53794,ORD_13793,PROD_EAR_01,1,1499,1499
ITEM_53795,ORD_13794,PROD_EAR_01,1,1499,1499
ITEM_53796,ORD_13795,PROD_EAR_01,1,1499,1499
ITEM_53797,ORD_13796,PROD_EAR_01,1,1499,1499
ITEM_53798,ORD_13797,PROD_EAR_01,1,1499,1499
ITEM_53799,ORD_13798,PROD_EAR_01,1,1499,1499
ITEM_53800,ORD_13799,PROD_EAR_01,1,1499,1499
ITEM_53801,ORD_13800,PROD_EAR_01,1,1499,1499
ITEM_53802,ORD_13801,PROD_EAR_01,1,1499,1499
ITEM_53803,ORD_13802,PROD_EAR_01,1,1499,1499
ITEM_53804,ORD_13803,PROD_EAR_01,1,1499,1499
ITEM_53805,ORD_13804,PROD_EAR_01,1,1499,1499
ITEM_53806,ORD_13805,PROD_EAR_01,1,1499,1499
ITEM_53807,ORD_13806,PROD_EAR_01,1,1499,1499
ITEM_53808,ORD_13807,PROD_EAR_01,1,1499,1499
ITEM_53809,ORD_13808,PROD_EAR_01,1,1499,1499
ITEM_53810,ORD_13809,PROD_EAR_01,1,1499,1499
ITEM_53811,ORD_13810,PROD_EAR_01,1,1499,1499
ITEM_53812,ORD_13811,PROD_EAR_01,1,1499,1499
ITEM_53813,ORD_13812,PROD_EAR_01,1,1499,1499
ITEM_53814,ORD_13813,PROD_EAR_01,1,1499,1499
ITEM_53815,ORD_13814,PROD_EAR_01,1,1499,1499
ITEM_53816,ORD_13815,PROD_EAR_01,1,1499,1499
ITEM_53817,ORD_13816,PROD_EAR_01,1,1499,1499
ITEM_53818,ORD_13817,PROD_EAR_01,1,1499,1499
ITEM_53819,ORD_13818,PROD_EAR_01,1,1499,1499
ITEM_53820,ORD_13819,PROD_EAR_01,1,1499,1499
ITEM_53821,ORD_13820,PROD_EAR_01,1,1499,1499
ITEM_53822,ORD_13821,PROD_EAR_01,1,1499,1499
ITEM_53823,ORD_13822,PROD_EAR_01,1,1499,1499
ITEM_53824,ORD_13823,PROD_EAR_01,1,1499,1499
ITEM_53825,ORD_13824,PROD_EAR_01,1,1499,1499
ITEM_53826,ORD_13825,PROD_EAR_01,1,1499,1499
ITEM_53827,ORD_13826,PROD_EAR_01,1,1499,1499
ITEM_53828,ORD_13827,PROD_EAR_01,1,1499,1499
ITEM_53829,ORD_13828,PROD_EAR_01,1,1499,1499
ITEM_53830,ORD_13829,PROD_EAR_01,1,1499,1499
ITEM_53831,ORD_13830,PROD_EAR_01,1,1499,1499
ITEM_53832,ORD_13831,PROD_EAR_01,1,1499,1499
ITEM_53833,ORD_13832,PROD_EAR_01,1,1499,1499
ITEM_53834,ORD_13833,PROD_EAR_01,1,1499,1499
ITEM_53835,ORD_13834,PROD_EAR_01,1,1499,1499
ITEM_53836,ORD_13835,PROD_EAR_01,1,1499,1499
ITEM_53837,ORD_13836,PROD_EAR_01,1,1499,1499
ITEM_53838,ORD_13837,PROD_EAR_01,1,1499,1499
ITEM_53839,ORD_13838,PROD_EAR_01,1,1499,1499
ITEM_53840,ORD_13839,PROD_EAR_01,1,1499,1499
ITEM_53841,ORD_13840,PROD_EAR_01,1,1499,1499
ITEM_53842,ORD_13841,PROD_EAR_01,1,1499,1499
ITEM_53843,ORD_13842,PROD_EAR_01,1,1499,1499
ITEM_53844,ORD_13843,PROD_EAR_01,1,1499,1499
ITEM_53845,ORD_13844,PROD_EAR_01,1,1499,1499
ITEM_53846,ORD_13845,PROD_EAR_01,1,1499,1499
ITEM_53847,ORD_13846,PROD_EAR_01,1,1499,1499
ITEM_53848,ORD_13847,PROD_EAR_01,1,1499,1499
ITEM_53849,ORD_13848,PROD_EAR_01,1,1499,1499
ITEM_53850,ORD_13849,PROD_EAR_01,1,1499,1499
ITEM_53851,ORD_13850,PROD_EAR_01,1,1499,1499
ITEM_53852,ORD_13851,PROD_EAR_01,1,1499,1499
ITEM_53853,ORD_13852,PROD_EAR_01,1,1499,1499
ITEM_53854,ORD_13853,PROD_WATCH_01,1,2999,2999
ITEM_53855,ORD_13854,PROD_WATCH_01,1,2999,2999
ITEM_53856,ORD_13855,PROD_WATCH_01,1,2999,2999
ITEM_53857,ORD_13856,PROD_WATCH_01,1,2999,2999
ITEM_53858,ORD_13857,PROD_WATCH_01,1,2999,2999
ITEM_53859,ORD_13858,PROD_WATCH_01,1,2999,2999
ITEM_53860,ORD_13859,PROD_WATCH_01,1,2999,2999
ITEM_53861,ORD_13860,PROD_WATCH_01,1,2999,2999
ITEM_53862,ORD_13861,PROD_WATCH_01,1,2999,2999
ITEM_53863,ORD_13862,PROD_WATCH_01,1,2999,2999
ITEM_53864,ORD_13863,PROD_WATCH_01,1,2999,2999
ITEM_53865,ORD_13864,PROD_WATCH_01,1,2999,2999
ITEM_53866,ORD_13865,PROD_WATCH_01,1,2999,2999
ITEM_53867,ORD_13866,PROD_WATCH_01,1,2999,2999
ITEM_53868,ORD_13867,PROD_WATCH_01,1,2999,2999
ITEM_53869,ORD_13868,PROD_WATCH_01,1,2999,2999
ITEM_53870,ORD_13869,PROD_WATCH_01,1,2999,2999
ITEM_53871,ORD_13870,PROD_WATCH_01,1,2999,2999
ITEM_53872,ORD_13871,PROD_WATCH_01,1,2999,2999
ITEM_53873,ORD_13872,PROD_WATCH_01,1,2999,2999
ITEM_53874,ORD_13873,PROD_WATCH_01,1,2999,2999
ITEM_53875,ORD_13874,PROD_WATCH_01,1,2999,2999
ITEM_53876,ORD_13875,PROD_WATCH_01,1,2999,2999
ITEM_53877,ORD_13876,PROD_WATCH_01,1,2999,2999
ITEM_53878,ORD_13877,PROD_WATCH_01,1,2999,2999
ITEM_53879,ORD_13878,PROD_WATCH_01,1,2999,2999
ITEM_53880,ORD_13879,PROD_WATCH_01,1,2999,2999
ITEM_53881,ORD_13880,PROD_WATCH_01,1,2999,2999
ITEM_53882,ORD_13881,PROD_WATCH_01,1,2999,2999
ITEM_53883,ORD_13882,PROD_WATCH_01,1,2999,2999
ITEM_53884,ORD_13883,PROD_WATCH_01,1,2999,2999
ITEM_53885,ORD_13884,PROD_WATCH_01,1,2999,2999
ITEM_53886,ORD_13885,PROD_WATCH_01,1,2999,2999
ITEM_53887,ORD_13886,PROD_WATCH_01,1,2999,2999
ITEM_53888,ORD_13887,PROD_WATCH_01,1,2999,2999
ITEM_53889,ORD_13888,PROD_WATCH_01,1,2999,2999
ITEM_53890,ORD_13889,PROD_WATCH_01,1,2999,2999
ITEM_53891,ORD_13890,PROD_WATCH_01,1,2999,2999
ITEM_53892,ORD_13891,PROD_WATCH_01,1,2999,2999
ITEM_53893,ORD_13892,PROD_WATCH_01,1,2999,2999
ITEM_53894,ORD_13893,PROD_WATCH_01,1,2999,2999
ITEM_53895,ORD_13894,PROD_WATCH_01,1,2999,2999
ITEM_53896,ORD_13895,PROD_WATCH_01,1,2999,2999
ITEM_53897,ORD_13896,PROD_WATCH_01,1,2999,2999
ITEM_53898,ORD_13897,PROD_WATCH_01,1,2999,2999
ITEM_53899,ORD_13898,PROD_WATCH_01,1,2999,2999
ITEM_53900,ORD_13899,PROD_WATCH_01,1,2999,2999
ITEM_53901,ORD_13900,PROD_WATCH_01,1,2999,2999
ITEM_53902,ORD_13901,PROD_WATCH_01,1,2999,2999
ITEM_53903,ORD_13902,PROD_WATCH_01,1,2999,2999
ITEM_53904,ORD_13903,PROD_WATCH_01,1,2999,2999
ITEM_53905,ORD_13904,PROD_WATCH_01,1,2999,2999
ITEM_53906,ORD_13905,PROD_WATCH_01,1,2999,2999
ITEM_53907,ORD_13906,PROD_WATCH_01,1,2999,2999
ITEM_53908,ORD_13907,PROD_WATCH_01,1,2999,2999
ITEM_53909,ORD_13908,PROD_WATCH_01,1,2999,2999
ITEM_53910,ORD_13909,PROD_WATCH_01,1,2999,2999
ITEM_53911,ORD_13910,PROD_WATCH_01,1,2999,2999
ITEM_53912,ORD_13911,PROD_WATCH_01,1,2999,2999
ITEM_53913,ORD_13912,PROD_WATCH_01,1,2999,2999
ITEM_53914,ORD_13913,PROD_WATCH_01,1,2999,2999
ITEM_53915,ORD_13914,PROD_WATCH_01,1,2999,2999
ITEM_53916,ORD_13915,PROD_WATCH_01,1,2999,2999
ITEM_53917,ORD_13916,PROD_WATCH_01,1,2999,2999
ITEM_53918,ORD_13917,PROD_WATCH_01,1,2999,2999
ITEM_53919,ORD_13918,PROD_WATCH_01,1,2999,2999
ITEM_53920,ORD_13919,PROD_WATCH_01,1,2999,2999
ITEM_53921,ORD_13920,PROD_WATCH_01,1,2999,2999
ITEM_53922,ORD_13921,PROD_WATCH_01,1,2999,2999
ITEM_53923,ORD_13922,PROD_WATCH_01,1,2999,2999
ITEM_53924,ORD_13923,PROD_WATCH_01,1,2999,2999
ITEM_53925,ORD_13924,PROD_WATCH_01,1,2999,2999
ITEM_53926,ORD_13925,PROD_WATCH_01,1,2999,2999
ITEM_53927,ORD_13926,PROD_WATCH_01,1,2999,2999
ITEM_53928,ORD_13927,PROD_WATCH_01,1,2999,2999
ITEM_53929,ORD_13928,PROD_WATCH_01,1,2999,2999
ITEM_53930,ORD_13929,PROD_WATCH_01,1,2999,2999
ITEM_53931,ORD_13930,PROD_WATCH_01,1,2999,2999
ITEM_53932,ORD_13931,PROD_WATCH_01,1,2999,2999
ITEM_53933,ORD_13932,PROD_WATCH_01,1,2999,2999
ITEM_53934,ORD_13933,PROD_WATCH_01,1,2999,2999
ITEM_53935,ORD_13934,PROD_WATCH_01,1,2999,2999
ITEM_53936,ORD_13935,PROD_WATCH_01,1,2999,2999
ITEM_53937,ORD_13936,PROD_WATCH_01,1,2999,2999
ITEM_53938,ORD_13937,PROD_WATCH_01,1,2999,2999
ITEM_53939,ORD_13938,PROD_WATCH_01,1,2999,2999
ITEM_53940,ORD_13939,PROD_WATCH_01,1,2999,2999
ITEM_53941,ORD_13940,PROD_WATCH_01,1,2999,2999
ITEM_53942,ORD_13941,PROD_WATCH_01,1,2999,2999
ITEM_53943,ORD_13942,PROD_WATCH_01,1,2999,2999
ITEM_53944,ORD_13943,PROD_WATCH_01,1,2999,2999
ITEM_53945,ORD_13944,PROD_WATCH_01,1,2999,2999
ITEM_53946,ORD_13945,PROD_WATCH_01,1,2999,2999
ITEM_53947,ORD_13946,PROD_WATCH_01,1,2999,2999
ITEM_53948,ORD_13947,PROD_WATCH_01,1,2999,2999
ITEM_53949,ORD_13948,PROD_WATCH_01,1,2999,2999
ITEM_53950,ORD_13949,PROD_WATCH_01,1,2999,2999
ITEM_53951,ORD_13950,PROD_WATCH_01,1,2999,2999
ITEM_53952,ORD_13951,PROD_WATCH_01,1,2999,2999
ITEM_53953,ORD_13952,PROD_WATCH_01,1,2999,2999
ITEM_53954,ORD_13953,PROD_WATCH_01,1,2999,2999
ITEM_53955,ORD_13954,PROD_WATCH_01,1,2999,2999
ITEM_53956,ORD_13955,PROD_WATCH_01,1,2999,2999
ITEM_53957,ORD_13956,PROD_WATCH_01,1,2999,2999
ITEM_53958,ORD_13957,PROD_WATCH_01,1,2999,2999
ITEM_53959,ORD_13958,PROD_WATCH_01,1,2999,2999
ITEM_53960,ORD_13959,PROD_WATCH_01,1,2999,2999
ITEM_53961,ORD_13960,PROD_WATCH_01,1,2999,2999
ITEM_53962,ORD_13961,PROD_WATCH_01,1,2999,2999
ITEM_53963,ORD_13962,PROD_WATCH_01,1,2999,2999
ITEM_53964,ORD_13963,PROD_WATCH_01,1,2999,2999
ITEM_53965,ORD_13964,PROD_WATCH_01,1,2999,2999
ITEM_53966,ORD_13965,PROD_WATCH_01,1,2999,2999
ITEM_53967,ORD_13966,PROD_WATCH_01,1,2999,2999
ITEM_53968,ORD_13967,PROD_WATCH_01,1,2999,2999
ITEM_53969,ORD_13968,PROD_WATCH_01,1,2999,2999
ITEM_53970,ORD_13969,PROD_WATCH_01,1,2999,2999
ITEM_53971,ORD_13970,PROD_WATCH_01,1,2999,2999
ITEM_53972,ORD_13971,PROD_WATCH_01,1,2999,2999
ITEM_53973,ORD_13972,PROD_WATCH_01,1,2999,2999
ITEM_53974,ORD_13973,PROD_WATCH_01,1,2999,2999
ITEM_53975,ORD_13974,PROD_WATCH_01,1,2999,2999
ITEM_53976,ORD_13975,PROD_WATCH_01,1,2999,2999
ITEM_53977,ORD_13976,PROD_WATCH_01,1,2999,2999
ITEM_53978,ORD_13977,PROD_WATCH_01,1,2999,2999
ITEM_53979,ORD_13978,PROD_WATCH_01,1,2999,2999
ITEM_53980,ORD_13979,PROD_WATCH_01,1,2999,2999
ITEM_53981,ORD_13980,PROD_WATCH_01,1,2999,2999
ITEM_53982,ORD_13981,PROD_WATCH_01,1,2999,2999
ITEM_53983,ORD_13982,PROD_WATCH_01,1,2999,2999
ITEM_53984,ORD_13983,PROD_WATCH_01,1,2999,2999
ITEM_53985,ORD_13984,PROD_WATCH_01,1,2999,2999
ITEM_53986,ORD_13985,PROD_WATCH_01,1,2999,2999
ITEM_53987,ORD_13986,PROD_WATCH_01,1,2999,2999
ITEM_53988,ORD_13987,PROD_WATCH_01,1,2999,2999
ITEM_53989,ORD_13988,PROD_WATCH_01,1,2999,2999
ITEM_53990,ORD_13989,PROD_WATCH_01,1,2999,2999
ITEM_53991,ORD_13990,PROD_WATCH_01,1,2999,2999
ITEM_53992,ORD_13991,PROD_WATCH_01,1,2999,2999
ITEM_53993,ORD_13992,PROD_WATCH_01,1,2999,2999
ITEM_53994,ORD_13993,PROD_WATCH_01,1,2999,2999
ITEM_53995,ORD_13994,PROD_WATCH_01,1,2999,2999
ITEM_53996,ORD_13995,PROD_WATCH_01,1,2999,2999
ITEM_53997,ORD_13996,PROD_WATCH_01,1,2999,2999
ITEM_53998,ORD_13997,PROD_WATCH_01,1,2999,2999
ITEM_53999,ORD_13998,PROD_WATCH_01,1,2999,2999
ITEM_54000,ORD_13999,PROD_WATCH_01,1,2999,2999
ITEM_54001,ORD_14000,PROD_WATCH_01,1,2999,2999
ITEM_54002,ORD_14001,PROD_WATCH_01,1,2999,2999
ITEM_54003,ORD_14002,PROD_WATCH_01,1,2999,2999
ITEM_54004,ORD_14003,PROD_WATCH_01,1,2999,2999
ITEM_54005,ORD_14004,PROD_WATCH_01,1,2999,2999
ITEM_54006,ORD_14005,PROD_WATCH_01,1,2999,2999
ITEM_54007,ORD_14006,PROD_WATCH_01,1,2999,2999
ITEM_54008,ORD_14007,PROD_WATCH_01,1,2999,2999
ITEM_54009,ORD_14008,PROD_WATCH_01,1,2999,2999
ITEM_54010,ORD_14009,PROD_WATCH_01,1,2999,2999
ITEM_54011,ORD_14010,PROD_WATCH_01,1,2999,2999
ITEM_54012,ORD_14011,PROD_WATCH_01,1,2999,2999
ITEM_54013,ORD_14012,PROD_WATCH_01,1,2999,2999
ITEM_54014,ORD_14013,PROD_WATCH_01,1,2999,2999
ITEM_54015,ORD_14014,PROD_WATCH_01,1,2999,2999
ITEM_54016,ORD_14015,PROD_WATCH_01,1,2999,2999
ITEM_54017,ORD_14016,PROD_WATCH_01,1,2999,2999
ITEM_54018,ORD_14017,PROD_WATCH_01,1,2999,2999
ITEM_54019,ORD_14018,PROD_WATCH_01,1,2999,2999
ITEM_54020,ORD_14019,PROD_WATCH_01,1,2999,2999
ITEM_54021,ORD_14020,PROD_WATCH_01,1,2999,2999
ITEM_54022,ORD_14021,PROD_WATCH_01,1,2999,2999
ITEM_54023,ORD_14022,PROD_WATCH_01,1,2999,2999
ITEM_54024,ORD_14023,PROD_CASE_03,1,999,999
ITEM_54025,ORD_14023,PROD_SCR_05,1,249,249
ITEM_54026,ORD_14024,PROD_CASE_01,1,499,499
ITEM_54027,ORD_14024,PROD_SCR_01,1,299,299
ITEM_54028,ORD_14025,PROD_CASE_01,1,499,499
ITEM_54029,ORD_14025,PROD_SCR_05,1,249,249
ITEM_54030,ORD_14026,PROD_CASE_01,1,499,499
ITEM_54031,ORD_14026,PROD_SCR_01,1,299,299
ITEM_54032,ORD_14027,PROD_CASE_01,1,499,499
ITEM_54033,ORD_14027,PROD_SCR_01,1,299,299
ITEM_54034,ORD_14028,PROD_CASE_04,1,599,599
ITEM_54035,ORD_14028,PROD_SCR_01,1,299,299
ITEM_54036,ORD_14029,PROD_CASE_01,1,499,499
ITEM_54037,ORD_14029,PROD_SCR_01,1,299,299
ITEM_54038,ORD_14030,PROD_CASE_04,1,599,599
ITEM_54039,ORD_14030,PROD_SCR_05,1,249,249
ITEM_54040,ORD_14031,PROD_CASE_01,1,499,499
ITEM_54041,ORD_14031,PROD_SCR_04,1,699,699
ITEM_54042,ORD_14032,PROD_CASE_01,1,499,499
ITEM_54043,ORD_14032,PROD_SCR_05,1,249,249
ITEM_54044,ORD_14033,PROD_CASE_05,1,899,899
ITEM_54045,ORD_14033,PROD_SCR_03,1,349,349
ITEM_54046,ORD_14034,PROD_CASE_02,1,799,799
ITEM_54047,ORD_14034,PROD_SCR_05,1,249,249
ITEM_54048,ORD_14035,PROD_CASE_05,1,899,899
ITEM_54049,ORD_14035,PROD_SCR_05,1,249,249
ITEM_54050,ORD_14036,PROD_CASE_04,1,599,599
ITEM_54051,ORD_14036,PROD_SCR_03,1,349,349
ITEM_54052,ORD_14037,PROD_CASE_03,1,999,999
ITEM_54053,ORD_14037,PROD_SCR_04,1,699,699
ITEM_54054,ORD_14038,PROD_CASE_01,1,499,499
ITEM_54055,ORD_14038,PROD_SCR_05,1,249,249
ITEM_54056,ORD_14039,PROD_CASE_02,1,799,799
ITEM_54057,ORD_14039,PROD_SCR_04,1,699,699
ITEM_54058,ORD_14040,PROD_CASE_05,1,899,899
ITEM_54059,ORD_14040,PROD_SCR_01,1,299,299
ITEM_54060,ORD_14041,PROD_CASE_01,1,499,499
ITEM_54061,ORD_14041,PROD_SCR_01,1,299,299
ITEM_54062,ORD_14042,PROD_CASE_02,1,799,799
ITEM_54063,ORD_14042,PROD_SCR_03,1,349,349
ITEM_54064,ORD_14043,PROD_CASE_04,1,599,599
ITEM_54065,ORD_14043,PROD_SCR_02,1,499,499
ITEM_54066,ORD_14044,PROD_CASE_04,1,599,599
ITEM_54067,ORD_14044,PROD_SCR_03,1,349,349
ITEM_54068,ORD_14045,PROD_CASE_03,1,999,999
ITEM_54069,ORD_14045,PROD_SCR_04,1,699,699
ITEM_54070,ORD_14046,PROD_CASE_02,1,799,799
ITEM_54071,ORD_14046,PROD_SCR_03,1,349,349
ITEM_54072,ORD_14047,PROD_CASE_01,1,499,499
ITEM_54073,ORD_14047,PROD_SCR_04,1,699,699
ITEM_54074,ORD_14048,PROD_CASE_01,1,499,499
ITEM_54075,ORD_14048,PROD_SCR_04,1,699,699
ITEM_54076,ORD_14049,PROD_CASE_05,1,899,899
ITEM_54077,ORD_14049,PROD_SCR_02,1,499,499
ITEM_54078,ORD_14050,PROD_CASE_03,1,999,999
ITEM_54079,ORD_14050,PROD_SCR_05,1,249,249
ITEM_54080,ORD_14051,PROD_CASE_03,1,999,999
ITEM_54081,ORD_14051,PROD_SCR_02,1,499,499
ITEM_54082,ORD_14052,PROD_CASE_04,1,599,599
ITEM_54083,ORD_14052,PROD_SCR_03,1,349,349
ITEM_54084,ORD_14053,PROD_CASE_01,1,499,499
ITEM_54085,ORD_14053,PROD_SCR_03,1,349,349
ITEM_54086,ORD_14054,PROD_CASE_04,1,599,599
ITEM_54087,ORD_14054,PROD_SCR_03,1,349,349
ITEM_54088,ORD_14055,PROD_CASE_03,1,999,999
ITEM_54089,ORD_14055,PROD_SCR_04,1,699,699
ITEM_54090,ORD_14056,PROD_CASE_01,1,499,499
ITEM_54091,ORD_14056,PROD_SCR_03,1,349,349
ITEM_54092,ORD_14057,PROD_CASE_05,1,899,899
ITEM_54093,ORD_14057,PROD_SCR_02,1,499,499
ITEM_54094,ORD_14058,PROD_CASE_05,1,899,899
ITEM_54095,ORD_14058,PROD_SCR_01,1,299,299
ITEM_54096,ORD_14059,PROD_CASE_03,1,999,999
ITEM_54097,ORD_14059,PROD_SCR_01,1,299,299
ITEM_54098,ORD_14060,PROD_CASE_03,1,999,999
ITEM_54099,ORD_14060,PROD_SCR_01,1,299,299
ITEM_54100,ORD_14061,PROD_CASE_02,1,799,799
ITEM_54101,ORD_14061,PROD_SCR_01,1,299,299
ITEM_54102,ORD_14062,PROD_CASE_05,1,899,899
ITEM_54103,ORD_14062,PROD_SCR_04,1,699,699
ITEM_54104,ORD_14063,PROD_CASE_01,1,499,499
ITEM_54105,ORD_14063,PROD_SCR_02,1,499,499
ITEM_54106,ORD_14064,PROD_CASE_04,1,599,599
ITEM_54107,ORD_14064,PROD_SCR_04,1,699,699
ITEM_54108,ORD_14065,PROD_CASE_02,1,799,799
ITEM_54109,ORD_14065,PROD_SCR_02,1,499,499
ITEM_54110,ORD_14066,PROD_CASE_05,1,899,899
ITEM_54111,ORD_14066,PROD_SCR_03,1,349,349
ITEM_54112,ORD_14067,PROD_CASE_03,1,999,999
ITEM_54113,ORD_14067,PROD_SCR_01,1,299,299
ITEM_54114,ORD_14068,PROD_CASE_01,1,499,499
ITEM_54115,ORD_14068,PROD_SCR_02,1,499,499
ITEM_54116,ORD_14069,PROD_CASE_03,1,999,999
ITEM_54117,ORD_14069,PROD_SCR_05,1,249,249
ITEM_54118,ORD_14070,PROD_CASE_02,1,799,799
ITEM_54119,ORD_14070,PROD_SCR_04,1,699,699
ITEM_54120,ORD_14071,PROD_CASE_03,1,999,999
ITEM_54121,ORD_14071,PROD_SCR_01,1,299,299
ITEM_54122,ORD_14072,PROD_CASE_02,1,799,799
ITEM_54123,ORD_14072,PROD_SCR_03,1,349,349
ITEM_54124,ORD_14073,PROD_CASE_05,1,899,899
ITEM_54125,ORD_14073,PROD_SCR_03,1,349,349
ITEM_54126,ORD_14074,PROD_CASE_05,1,899,899
ITEM_54127,ORD_14074,PROD_SCR_03,1,349,349
ITEM_54128,ORD_14075,PROD_CASE_01,1,499,499
ITEM_54129,ORD_14075,PROD_SCR_04,1,699,699
ITEM_54130,ORD_14076,PROD_CASE_02,1,799,799
ITEM_54131,ORD_14076,PROD_SCR_02,1,499,499
ITEM_54132,ORD_14077,PROD_CASE_01,1,499,499
ITEM_54133,ORD_14077,PROD_SCR_03,1,349,349
ITEM_54134,ORD_14078,PROD_CASE_03,1,999,999
ITEM_54135,ORD_14078,PROD_SCR_01,1,299,299
ITEM_54136,ORD_14079,PROD_CASE_01,1,499,499
ITEM_54137,ORD_14079,PROD_SCR_01,1,299,299
ITEM_54138,ORD_14080,PROD_CASE_05,1,899,899
ITEM_54139,ORD_14080,PROD_SCR_02,1,499,499
ITEM_54140,ORD_14081,PROD_CASE_01,1,499,499
ITEM_54141,ORD_14081,PROD_SCR_02,1,499,499
ITEM_54142,ORD_14082,PROD_CASE_01,1,499,499
ITEM_54143,ORD_14082,PROD_SCR_03,1,349,349
ITEM_54144,ORD_14083,PROD_CASE_02,1,799,799
ITEM_54145,ORD_14083,PROD_SCR_04,1,699,699
ITEM_54146,ORD_14084,PROD_CASE_03,1,999,999
ITEM_54147,ORD_14084,PROD_SCR_01,1,299,299
ITEM_54148,ORD_14085,PROD_CASE_05,1,899,899
ITEM_54149,ORD_14085,PROD_SCR_01,1,299,299
ITEM_54150,ORD_14086,PROD_CASE_05,1,899,899
ITEM_54151,ORD_14086,PROD_SCR_05,1,249,249
ITEM_54152,ORD_14087,PROD_CASE_03,1,999,999
ITEM_54153,ORD_14087,PROD_SCR_02,1,499,499
ITEM_54154,ORD_14088,PROD_CASE_03,1,999,999
ITEM_54155,ORD_14088,PROD_SCR_02,1,499,499
ITEM_54156,ORD_14089,PROD_CASE_01,1,499,499
ITEM_54157,ORD_14089,PROD_SCR_01,1,299,299
ITEM_54158,ORD_14090,PROD_CASE_05,1,899,899
ITEM_54159,ORD_14090,PROD_SCR_05,1,249,249
ITEM_54160,ORD_14091,PROD_CASE_04,1,599,599
ITEM_54161,ORD_14091,PROD_SCR_05,1,249,249
ITEM_54162,ORD_14092,PROD_CASE_01,1,499,499
ITEM_54163,ORD_14092,PROD_SCR_01,1,299,299
ITEM_54164,ORD_14093,PROD_CASE_04,1,599,599
ITEM_54165,ORD_14093,PROD_SCR_04,1,699,699
ITEM_54166,ORD_14094,PROD_CASE_02,1,799,799
ITEM_54167,ORD_14094,PROD_SCR_04,1,699,699
ITEM_54168,ORD_14095,PROD_CASE_02,1,799,799
ITEM_54169,ORD_14095,PROD_SCR_02,1,499,499
ITEM_54170,ORD_14096,PROD_CASE_03,1,999,999
ITEM_54171,ORD_14096,PROD_SCR_03,1,349,349
ITEM_54172,ORD_14097,PROD_CASE_02,1,799,799
ITEM_54173,ORD_14097,PROD_SCR_01,1,299,299
ITEM_54174,ORD_14098,PROD_CASE_04,1,599,599
ITEM_54175,ORD_14098,PROD_SCR_04,1,699,699
ITEM_54176,ORD_14099,PROD_CASE_01,1,499,499
ITEM_54177,ORD_14099,PROD_SCR_02,1,499,499
ITEM_54178,ORD_14100,PROD_CASE_01,1,499,499
ITEM_54179,ORD_14100,PROD_SCR_01,1,299,299
ITEM_54180,ORD_14101,PROD_CASE_03,1,999,999
ITEM_54181,ORD_14101,PROD_SCR_03,1,349,349
ITEM_54182,ORD_14102,PROD_CASE_03,1,999,999
ITEM_54183,ORD_14102,PROD_SCR_01,1,299,299
ITEM_54184,ORD_14103,PROD_CASE_02,1,799,799
ITEM_54185,ORD_14103,PROD_SCR_05,1,249,249
ITEM_54186,ORD_14104,PROD_CASE_05,1,899,899
ITEM_54187,ORD_14104,PROD_SCR_02,1,499,499
ITEM_54188,ORD_14105,PROD_CASE_03,1,999,999
ITEM_54189,ORD_14105,PROD_SCR_03,1,349,349
ITEM_54190,ORD_14106,PROD_CASE_01,1,499,499
ITEM_54191,ORD_14106,PROD_SCR_05,1,249,249
ITEM_54192,ORD_14107,PROD_CASE_04,1,599,599
ITEM_54193,ORD_14107,PROD_SCR_01,1,299,299
ITEM_54194,ORD_14108,PROD_CASE_05,1,899,899
ITEM_54195,ORD_14108,PROD_SCR_05,1,249,249
ITEM_54196,ORD_14109,PROD_CASE_02,1,799,799
ITEM_54197,ORD_14109,PROD_SCR_01,1,299,299
ITEM_54198,ORD_14110,PROD_CASE_04,1,599,599
ITEM_54199,ORD_14110,PROD_SCR_04,1,699,699
ITEM_54200,ORD_14111,PROD_CASE_02,1,799,799
ITEM_54201,ORD_14111,PROD_SCR_05,1,249,249
ITEM_54202,ORD_14112,PROD_CASE_03,1,999,999
ITEM_54203,ORD_14112,PROD_SCR_04,1,699,699
ITEM_54204,ORD_14113,PROD_CASE_05,1,899,899
ITEM_54205,ORD_14113,PROD_SCR_05,1,249,249
ITEM_54206,ORD_14114,PROD_CASE_05,1,899,899
ITEM_54207,ORD_14114,PROD_SCR_02,1,499,499
ITEM_54208,ORD_14115,PROD_CASE_05,1,899,899
ITEM_54209,ORD_14115,PROD_SCR_04,1,699,699
ITEM_54210,ORD_14116,PROD_CASE_01,1,499,499
ITEM_54211,ORD_14116,PROD_SCR_02,1,499,499
ITEM_54212,ORD_14117,PROD_CASE_02,1,799,799
ITEM_54213,ORD_14117,PROD_SCR_01,1,299,299
ITEM_54214,ORD_14118,PROD_CASE_03,1,999,999
ITEM_54215,ORD_14118,PROD_SCR_03,1,349,349
ITEM_54216,ORD_14119,PROD_CASE_03,1,999,999
ITEM_54217,ORD_14119,PROD_SCR_04,1,699,699
ITEM_54218,ORD_14120,PROD_CASE_05,1,899,899
ITEM_54219,ORD_14120,PROD_SCR_02,1,499,499
ITEM_54220,ORD_14121,PROD_CASE_01,1,499,499
ITEM_54221,ORD_14121,PROD_SCR_03,1,349,349
ITEM_54222,ORD_14122,PROD_CASE_05,1,899,899
ITEM_54223,ORD_14122,PROD_SCR_01,1,299,299
ITEM_54224,ORD_14123,PROD_CASE_02,1,799,799
ITEM_54225,ORD_14123,PROD_SCR_01,1,299,299
ITEM_54226,ORD_14124,PROD_CASE_02,1,799,799
ITEM_54227,ORD_14124,PROD_SCR_01,1,299,299
ITEM_54228,ORD_14125,PROD_CASE_01,1,499,499
ITEM_54229,ORD_14125,PROD_SCR_05,1,249,249
ITEM_54230,ORD_14126,PROD_CASE_01,1,499,499
ITEM_54231,ORD_14126,PROD_SCR_03,1,349,349
ITEM_54232,ORD_14127,PROD_CASE_01,1,499,499
ITEM_54233,ORD_14127,PROD_SCR_01,1,299,299
ITEM_54234,ORD_14128,PROD_CASE_05,1,899,899
ITEM_54235,ORD_14128,PROD_SCR_03,1,349,349
ITEM_54236,ORD_14129,PROD_CASE_01,1,499,499
ITEM_54237,ORD_14129,PROD_SCR_05,1,249,249
ITEM_54238,ORD_14130,PROD_CASE_04,1,599,599
ITEM_54239,ORD_14130,PROD_SCR_04,1,699,699
ITEM_54240,ORD_14131,PROD_CASE_01,1,499,499
ITEM_54241,ORD_14131,PROD_SCR_04,1,699,699
ITEM_54242,ORD_14132,PROD_CASE_01,1,499,499
ITEM_54243,ORD_14132,PROD_SCR_03,1,349,349
ITEM_54244,ORD_14133,PROD_CASE_05,1,899,899
ITEM_54245,ORD_14133,PROD_SCR_02,1,499,499
ITEM_54246,ORD_14134,PROD_CASE_05,1,899,899
ITEM_54247,ORD_14134,PROD_SCR_02,1,499,499
ITEM_54248,ORD_14135,PROD_CASE_02,1,799,799
ITEM_54249,ORD_14135,PROD_SCR_05,1,249,249
ITEM_54250,ORD_14136,PROD_CASE_03,1,999,999
ITEM_54251,ORD_14136,PROD_SCR_01,1,299,299
ITEM_54252,ORD_14137,PROD_CASE_02,1,799,799
ITEM_54253,ORD_14137,PROD_SCR_02,1,499,499
ITEM_54254,ORD_14138,PROD_CASE_02,1,799,799
ITEM_54255,ORD_14138,PROD_SCR_01,1,299,299
ITEM_54256,ORD_14139,PROD_CASE_02,1,799,799
ITEM_54257,ORD_14139,PROD_SCR_05,1,249,249
ITEM_54258,ORD_14140,PROD_CASE_02,1,799,799
ITEM_54259,ORD_14140,PROD_SCR_02,1,499,499
ITEM_54260,ORD_14141,PROD_CASE_03,1,999,999
ITEM_54261,ORD_14141,PROD_SCR_01,1,299,299
ITEM_54262,ORD_14142,PROD_CASE_03,1,999,999
ITEM_54263,ORD_14142,PROD_SCR_02,1,499,499
ITEM_54264,ORD_14143,PROD_CASE_05,1,899,899
ITEM_54265,ORD_14143,PROD_SCR_01,1,299,299
ITEM_54266,ORD_14144,PROD_CASE_05,1,899,899
ITEM_54267,ORD_14144,PROD_SCR_05,1,249,249
ITEM_54268,ORD_14145,PROD_CASE_01,1,499,499
ITEM_54269,ORD_14145,PROD_SCR_02,1,499,499
ITEM_54270,ORD_14146,PROD_CASE_01,1,499,499
ITEM_54271,ORD_14146,PROD_SCR_02,1,499,499
ITEM_54272,ORD_14147,PROD_CASE_01,1,499,499
ITEM_54273,ORD_14147,PROD_SCR_03,1,349,349
ITEM_54274,ORD_14148,PROD_CASE_02,1,799,799
ITEM_54275,ORD_14148,PROD_SCR_02,1,499,499
ITEM_54276,ORD_14149,PROD_CASE_04,1,599,599
ITEM_54277,ORD_14149,PROD_SCR_03,1,349,349
ITEM_54278,ORD_14150,PROD_CASE_01,1,499,499
ITEM_54279,ORD_14150,PROD_SCR_02,1,499,499
ITEM_54280,ORD_14151,PROD_CASE_01,1,499,499
ITEM_54281,ORD_14151,PROD_SCR_02,1,499,499
ITEM_54282,ORD_14152,PROD_CASE_03,1,999,999
ITEM_54283,ORD_14152,PROD_SCR_01,1,299,299
ITEM_54284,ORD_14153,PROD_CASE_02,1,799,799
ITEM_54285,ORD_14153,PROD_SCR_01,1,299,299
ITEM_54286,ORD_14154,PROD_CASE_03,1,999,999
ITEM_54287,ORD_14154,PROD_SCR_05,1,249,249
ITEM_54288,ORD_14155,PROD_CASE_04,1,599,599
ITEM_54289,ORD_14155,PROD_SCR_04,1,699,699
ITEM_54290,ORD_14156,PROD_CASE_05,1,899,899
ITEM_54291,ORD_14156,PROD_SCR_01,1,299,299
ITEM_54292,ORD_14157,PROD_CASE_02,1,799,799
ITEM_54293,ORD_14157,PROD_SCR_01,1,299,299
ITEM_54294,ORD_14158,PROD_CASE_02,1,799,799
ITEM_54295,ORD_14158,PROD_SCR_05,1,249,249
ITEM_54296,ORD_14159,PROD_CASE_01,1,499,499
ITEM_54297,ORD_14159,PROD_SCR_04,1,699,699
ITEM_54298,ORD_14160,PROD_CASE_05,1,899,899
ITEM_54299,ORD_14160,PROD_SCR_01,1,299,299
ITEM_54300,ORD_14161,PROD_CASE_05,1,899,899
ITEM_54301,ORD_14161,PROD_SCR_02,1,499,499
ITEM_54302,ORD_14162,PROD_CASE_03,1,999,999
ITEM_54303,ORD_14162,PROD_SCR_02,1,499,499
ITEM_54304,ORD_14163,PROD_CASE_03,1,999,999
ITEM_54305,ORD_14163,PROD_SCR_01,1,299,299
ITEM_54306,ORD_14164,PROD_CASE_02,1,799,799
ITEM_54307,ORD_14164,PROD_SCR_02,1,499,499
ITEM_54308,ORD_14165,PROD_CASE_02,1,799,799
ITEM_54309,ORD_14165,PROD_SCR_01,1,299,299
ITEM_54310,ORD_14166,PROD_CASE_05,1,899,899
ITEM_54311,ORD_14166,PROD_SCR_01,1,299,299
ITEM_54312,ORD_14167,PROD_CASE_03,1,999,999
ITEM_54313,ORD_14167,PROD_SCR_04,1,699,699
ITEM_54314,ORD_14168,PROD_CASE_01,1,499,499
ITEM_54315,ORD_14168,PROD_SCR_04,1,699,699
ITEM_54316,ORD_14169,PROD_CASE_02,1,799,799
ITEM_54317,ORD_14169,PROD_SCR_01,1,299,299
ITEM_54318,ORD_14170,PROD_CASE_04,1,599,599
ITEM_54319,ORD_14170,PROD_SCR_03,1,349,349
ITEM_54320,ORD_14171,PROD_CASE_05,1,899,899
ITEM_54321,ORD_14171,PROD_SCR_03,1,349,349
ITEM_54322,ORD_14172,PROD_CASE_01,1,499,499
ITEM_54323,ORD_14172,PROD_SCR_04,1,699,699
ITEM_54324,ORD_14173,PROD_CASE_03,1,999,999
ITEM_54325,ORD_14173,PROD_SCR_05,1,249,249
ITEM_54326,ORD_14174,PROD_CASE_05,1,899,899
ITEM_54327,ORD_14174,PROD_SCR_04,1,699,699
ITEM_54328,ORD_14175,PROD_CASE_05,1,899,899
ITEM_54329,ORD_14175,PROD_SCR_04,1,699,699
ITEM_54330,ORD_14176,PROD_CASE_02,1,799,799
ITEM_54331,ORD_14176,PROD_SCR_02,1,499,499
ITEM_54332,ORD_14177,PROD_CASE_01,1,499,499
ITEM_54333,ORD_14177,PROD_SCR_01,1,299,299
ITEM_54334,ORD_14178,PROD_CASE_02,1,799,799
ITEM_54335,ORD_14178,PROD_SCR_04,1,699,699
ITEM_54336,ORD_14179,PROD_CASE_03,1,999,999
ITEM_54337,ORD_14179,PROD_SCR_05,1,249,249
ITEM_54338,ORD_14180,PROD_CASE_02,1,799,799
ITEM_54339,ORD_14180,PROD_SCR_01,1,299,299
ITEM_54340,ORD_14181,PROD_CASE_05,1,899,899
ITEM_54341,ORD_14181,PROD_SCR_01,1,299,299
ITEM_54342,ORD_14182,PROD_CASE_05,1,899,899
ITEM_54343,ORD_14182,PROD_SCR_05,1,249,249
ITEM_54344,ORD_14183,PROD_CASE_04,1,599,599
ITEM_54345,ORD_14183,PROD_SCR_02,1,499,499
ITEM_54346,ORD_14184,PROD_CASE_03,1,999,999
ITEM_54347,ORD_14184,PROD_SCR_01,1,299,299
ITEM_54348,ORD_14185,PROD_CASE_04,1,599,599
ITEM_54349,ORD_14185,PROD_SCR_03,1,349,349
ITEM_54350,ORD_14186,PROD_CASE_03,1,999,999
ITEM_54351,ORD_14186,PROD_SCR_02,1,499,499
ITEM_54352,ORD_14187,PROD_CASE_04,1,599,599
ITEM_54353,ORD_14187,PROD_SCR_02,1,499,499
ITEM_54354,ORD_14188,PROD_CASE_03,1,999,999
ITEM_54355,ORD_14188,PROD_SCR_05,1,249,249
ITEM_54356,ORD_14189,PROD_CASE_03,1,999,999
ITEM_54357,ORD_14189,PROD_SCR_02,1,499,499
ITEM_54358,ORD_14190,PROD_CASE_02,1,799,799
ITEM_54359,ORD_14190,PROD_SCR_01,1,299,299
ITEM_54360,ORD_14191,PROD_CASE_03,1,999,999
ITEM_54361,ORD_14191,PROD_SCR_05,1,249,249
ITEM_54362,ORD_14192,PROD_CASE_03,1,999,999
ITEM_54363,ORD_14192,PROD_SCR_03,1,349,349
ITEM_54364,ORD_14193,PROD_CASE_04,1,599,599
ITEM_54365,ORD_14193,PROD_SCR_05,1,249,249
ITEM_54366,ORD_14194,PROD_CASE_03,1,999,999
ITEM_54367,ORD_14194,PROD_SCR_04,1,699,699
ITEM_54368,ORD_14195,PROD_CASE_03,1,999,999
ITEM_54369,ORD_14195,PROD_SCR_03,1,349,349
ITEM_54370,ORD_14196,PROD_CASE_04,1,599,599
ITEM_54371,ORD_14196,PROD_SCR_03,1,349,349
ITEM_54372,ORD_14197,PROD_CASE_03,1,999,999
ITEM_54373,ORD_14197,PROD_SCR_04,1,699,699
ITEM_54374,ORD_14198,PROD_CASE_05,1,899,899
ITEM_54375,ORD_14198,PROD_SCR_04,1,699,699
ITEM_54376,ORD_14199,PROD_CASE_03,1,999,999
ITEM_54377,ORD_14199,PROD_SCR_02,1,499,499
ITEM_54378,ORD_14200,PROD_CASE_03,1,999,999
ITEM_54379,ORD_14200,PROD_SCR_03,1,349,349
ITEM_54380,ORD_14201,PROD_CASE_01,1,499,499
ITEM_54381,ORD_14201,PROD_SCR_05,1,249,249
ITEM_54382,ORD_14202,PROD_CASE_03,1,999,999
ITEM_54383,ORD_14202,PROD_SCR_05,1,249,249
ITEM_54384,ORD_14203,PROD_CASE_02,1,799,799
ITEM_54385,ORD_14203,PROD_SCR_04,1,699,699
ITEM_54386,ORD_14204,PROD_CASE_03,1,999,999
ITEM_54387,ORD_14204,PROD_SCR_05,1,249,249
ITEM_54388,ORD_14205,PROD_CASE_04,1,599,599
ITEM_54389,ORD_14205,PROD_SCR_02,1,499,499
ITEM_54390,ORD_14206,PROD_CASE_04,1,599,599
ITEM_54391,ORD_14206,PROD_SCR_03,1,349,349
ITEM_54392,ORD_14207,PROD_CASE_05,1,899,899
ITEM_54393,ORD_14207,PROD_SCR_01,1,299,299
ITEM_54394,ORD_14208,PROD_CASE_01,1,499,499
ITEM_54395,ORD_14208,PROD_SCR_03,1,349,349
ITEM_54396,ORD_14209,PROD_CASE_05,1,899,899
ITEM_54397,ORD_14209,PROD_SCR_05,1,249,249
ITEM_54398,ORD_14210,PROD_CASE_02,1,799,799
ITEM_54399,ORD_14210,PROD_SCR_04,1,699,699
ITEM_54400,ORD_14211,PROD_CASE_03,1,999,999
ITEM_54401,ORD_14211,PROD_SCR_03,1,349,349
ITEM_54402,ORD_14212,PROD_CASE_01,1,499,499
ITEM_54403,ORD_14212,PROD_SCR_04,1,699,699
ITEM_54404,ORD_14213,PROD_CASE_04,1,599,599
ITEM_54405,ORD_14213,PROD_SCR_02,1,499,499
ITEM_54406,ORD_14214,PROD_CASE_01,1,499,499
ITEM_54407,ORD_14214,PROD_SCR_01,1,299,299
ITEM_54408,ORD_14215,PROD_CASE_01,1,499,499
ITEM_54409,ORD_14215,PROD_SCR_04,1,699,699
ITEM_54410,ORD_14216,PROD_CASE_02,1,799,799
ITEM_54411,ORD_14216,PROD_SCR_02,1,499,499
ITEM_54412,ORD_14217,PROD_CASE_05,1,899,899
ITEM_54413,ORD_14217,PROD_SCR_04,1,699,699
ITEM_54414,ORD_14218,PROD_CASE_03,1,999,999
ITEM_54415,ORD_14218,PROD_SCR_02,1,499,499
ITEM_54416,ORD_14219,PROD_CASE_03,1,999,999
ITEM_54417,ORD_14219,PROD_SCR_02,1,499,499
ITEM_54418,ORD_14220,PROD_CASE_04,1,599,599
ITEM_54419,ORD_14220,PROD_SCR_03,1,349,349
ITEM_54420,ORD_14221,PROD_CASE_04,1,599,599
ITEM_54421,ORD_14221,PROD_SCR_01,1,299,299
ITEM_54422,ORD_14222,PROD_CASE_02,1,799,799
ITEM_54423,ORD_14222,PROD_SCR_01,1,299,299
ITEM_54424,ORD_14223,PROD_CASE_03,1,999,999
ITEM_54425,ORD_14223,PROD_SCR_02,1,499,499
ITEM_54426,ORD_14224,PROD_CASE_04,1,599,599
ITEM_54427,ORD_14224,PROD_SCR_02,1,499,499
ITEM_54428,ORD_14225,PROD_CASE_03,1,999,999
ITEM_54429,ORD_14225,PROD_SCR_04,1,699,699
ITEM_54430,ORD_14226,PROD_CASE_01,1,499,499
ITEM_54431,ORD_14226,PROD_SCR_01,1,299,299
ITEM_54432,ORD_14227,PROD_CASE_01,1,499,499
ITEM_54433,ORD_14227,PROD_SCR_03,1,349,349
ITEM_54434,ORD_14228,PROD_CASE_05,1,899,899
ITEM_54435,ORD_14228,PROD_SCR_01,1,299,299
ITEM_54436,ORD_14229,PROD_CASE_05,1,899,899
ITEM_54437,ORD_14229,PROD_SCR_01,1,299,299
ITEM_54438,ORD_14230,PROD_CASE_02,1,799,799
ITEM_54439,ORD_14230,PROD_SCR_04,1,699,699
ITEM_54440,ORD_14231,PROD_CASE_02,1,799,799
ITEM_54441,ORD_14231,PROD_SCR_01,1,299,299
ITEM_54442,ORD_14232,PROD_CASE_04,1,599,599
ITEM_54443,ORD_14232,PROD_SCR_02,1,499,499
ITEM_54444,ORD_14233,PROD_CASE_05,1,899,899
ITEM_54445,ORD_14233,PROD_SCR_03,1,349,349
ITEM_54446,ORD_14234,PROD_CASE_01,1,499,499
ITEM_54447,ORD_14234,PROD_SCR_02,1,499,499
ITEM_54448,ORD_14235,PROD_CASE_01,1,499,499
ITEM_54449,ORD_14235,PROD_SCR_04,1,699,699
ITEM_54450,ORD_14236,PROD_CASE_01,1,499,499
ITEM_54451,ORD_14236,PROD_SCR_02,1,499,499
ITEM_54452,ORD_14237,PROD_CASE_03,1,999,999
ITEM_54453,ORD_14237,PROD_SCR_02,1,499,499
ITEM_54454,ORD_14238,PROD_CASE_02,1,799,799
ITEM_54455,ORD_14238,PROD_SCR_01,1,299,299
ITEM_54456,ORD_14239,PROD_CASE_05,1,899,899
ITEM_54457,ORD_14239,PROD_SCR_04,1,699,699
ITEM_54458,ORD_14240,PROD_CASE_03,1,999,999
ITEM_54459,ORD_14240,PROD_SCR_05,1,249,249
ITEM_54460,ORD_14241,PROD_CASE_02,1,799,799
ITEM_54461,ORD_14241,PROD_SCR_02,1,499,499
ITEM_54462,ORD_14242,PROD_CASE_04,1,599,599
ITEM_54463,ORD_14242,PROD_SCR_02,1,499,499
ITEM_54464,ORD_14243,PROD_CASE_05,1,899,899
ITEM_54465,ORD_14243,PROD_SCR_05,1,249,249
ITEM_54466,ORD_14244,PROD_CASE_03,1,999,999
ITEM_54467,ORD_14244,PROD_SCR_03,1,349,349
ITEM_54468,ORD_14245,PROD_CASE_02,1,799,799
ITEM_54469,ORD_14245,PROD_SCR_03,1,349,349
ITEM_54470,ORD_14246,PROD_CASE_04,1,599,599
ITEM_54471,ORD_14246,PROD_SCR_04,1,699,699
ITEM_54472,ORD_14247,PROD_CASE_01,1,499,499
ITEM_54473,ORD_14247,PROD_SCR_04,1,699,699
ITEM_54474,ORD_14248,PROD_CASE_01,1,499,499
ITEM_54475,ORD_14248,PROD_SCR_05,1,249,249
ITEM_54476,ORD_14249,PROD_CASE_02,1,799,799
ITEM_54477,ORD_14249,PROD_SCR_04,1,699,699
ITEM_54478,ORD_14250,PROD_CASE_01,1,499,499
ITEM_54479,ORD_14250,PROD_SCR_05,1,249,249
ITEM_54480,ORD_14251,PROD_CASE_02,1,799,799
ITEM_54481,ORD_14251,PROD_SCR_04,1,699,699
ITEM_54482,ORD_14252,PROD_CASE_04,1,599,599
ITEM_54483,ORD_14252,PROD_SCR_01,1,299,299
ITEM_54484,ORD_14253,PROD_CASE_03,1,999,999
ITEM_54485,ORD_14253,PROD_SCR_05,1,249,249
ITEM_54486,ORD_14254,PROD_CASE_05,1,899,899
ITEM_54487,ORD_14254,PROD_SCR_02,1,499,499
ITEM_54488,ORD_14255,PROD_CASE_04,1,599,599
ITEM_54489,ORD_14255,PROD_SCR_04,1,699,699
ITEM_54490,ORD_14256,PROD_CASE_05,1,899,899
ITEM_54491,ORD_14256,PROD_SCR_03,1,349,349
ITEM_54492,ORD_14257,PROD_CASE_03,1,999,999
ITEM_54493,ORD_14257,PROD_SCR_04,1,699,699
ITEM_54494,ORD_14258,PROD_CASE_02,1,799,799
ITEM_54495,ORD_14258,PROD_SCR_02,1,499,499
ITEM_54496,ORD_14259,PROD_CASE_02,1,799,799
ITEM_54497,ORD_14259,PROD_SCR_05,1,249,249
ITEM_54498,ORD_14260,PROD_CASE_05,1,899,899
ITEM_54499,ORD_14260,PROD_SCR_03,1,349,349
ITEM_54500,ORD_14261,PROD_CASE_05,1,899,899
ITEM_54501,ORD_14261,PROD_SCR_05,1,249,249
ITEM_54502,ORD_14262,PROD_CASE_02,1,799,799
ITEM_54503,ORD_14262,PROD_SCR_02,1,499,499
ITEM_54504,ORD_14263,PROD_CASE_01,1,499,499
ITEM_54505,ORD_14263,PROD_SCR_04,1,699,699
ITEM_54506,ORD_14264,PROD_CASE_05,1,899,899
ITEM_54507,ORD_14264,PROD_SCR_03,1,349,349
ITEM_54508,ORD_14265,PROD_CASE_01,1,499,499
ITEM_54509,ORD_14265,PROD_SCR_04,1,699,699
ITEM_54510,ORD_14266,PROD_CASE_04,1,599,599
ITEM_54511,ORD_14266,PROD_SCR_02,1,499,499
ITEM_54512,ORD_14267,PROD_CASE_05,1,899,899
ITEM_54513,ORD_14267,PROD_SCR_01,1,299,299
ITEM_54514,ORD_14268,PROD_CASE_04,1,599,599
ITEM_54515,ORD_14268,PROD_SCR_03,1,349,349
ITEM_54516,ORD_14269,PROD_CASE_01,1,499,499
ITEM_54517,ORD_14269,PROD_SCR_04,1,699,699
ITEM_54518,ORD_14270,PROD_CASE_05,1,899,899
ITEM_54519,ORD_14270,PROD_SCR_03,1,349,349
ITEM_54520,ORD_14271,PROD_CASE_03,1,999,999
ITEM_54521,ORD_14271,PROD_SCR_02,1,499,499
ITEM_54522,ORD_14272,PROD_CASE_02,1,799,799
ITEM_54523,ORD_14272,PROD_SCR_04,1,699,699
ITEM_54524,ORD_14273,PROD_CASE_01,1,499,499
ITEM_54525,ORD_14273,PROD_SCR_05,1,249,249
ITEM_54526,ORD_14274,PROD_CASE_02,1,799,799
ITEM_54527,ORD_14274,PROD_SCR_05,1,249,249
ITEM_54528,ORD_14275,PROD_CASE_03,1,999,999
ITEM_54529,ORD_14275,PROD_SCR_04,1,699,699
ITEM_54530,ORD_14276,PROD_CASE_03,1,999,999
ITEM_54531,ORD_14276,PROD_SCR_04,1,699,699
ITEM_54532,ORD_14277,PROD_CASE_03,1,999,999
ITEM_54533,ORD_14277,PROD_SCR_05,1,249,249
ITEM_54534,ORD_14278,PROD_CASE_01,1,499,499
ITEM_54535,ORD_14278,PROD_SCR_03,1,349,349
ITEM_54536,ORD_14279,PROD_CASE_03,1,999,999
ITEM_54537,ORD_14279,PROD_SCR_01,1,299,299
ITEM_54538,ORD_14280,PROD_CASE_03,1,999,999
ITEM_54539,ORD_14280,PROD_SCR_03,1,349,349
ITEM_54540,ORD_14281,PROD_CASE_05,1,899,899
ITEM_54541,ORD_14281,PROD_SCR_01,1,299,299
ITEM_54542,ORD_14282,PROD_CASE_05,1,899,899
ITEM_54543,ORD_14282,PROD_SCR_02,1,499,499
ITEM_54544,ORD_14283,PROD_CASE_05,1,899,899
ITEM_54545,ORD_14283,PROD_SCR_04,1,699,699
ITEM_54546,ORD_14284,PROD_CASE_01,1,499,499
ITEM_54547,ORD_14284,PROD_SCR_04,1,699,699
ITEM_54548,ORD_14285,PROD_CASE_01,1,499,499
ITEM_54549,ORD_14285,PROD_SCR_03,1,349,349
ITEM_54550,ORD_14286,PROD_CASE_01,1,499,499
ITEM_54551,ORD_14286,PROD_SCR_01,1,299,299
ITEM_54552,ORD_14287,PROD_CASE_01,1,499,499
ITEM_54553,ORD_14287,PROD_SCR_02,1,499,499
ITEM_54554,ORD_14288,PROD_CASE_02,1,799,799
ITEM_54555,ORD_14288,PROD_SCR_03,1,349,349
ITEM_54556,ORD_14289,PROD_CASE_02,1,799,799
ITEM_54557,ORD_14289,PROD_SCR_04,1,699,699
ITEM_54558,ORD_14290,PROD_CASE_05,1,899,899
ITEM_54559,ORD_14290,PROD_SCR_05,1,249,249
ITEM_54560,ORD_14291,PROD_CASE_01,1,499,499
ITEM_54561,ORD_14291,PROD_SCR_05,1,249,249
ITEM_54562,ORD_14292,PROD_CASE_01,1,499,499
ITEM_54563,ORD_14292,PROD_SCR_02,1,499,499
ITEM_54564,ORD_14293,PROD_CASE_04,1,599,599
ITEM_54565,ORD_14293,PROD_SCR_02,1,499,499
ITEM_54566,ORD_14294,PROD_CASE_02,1,799,799
ITEM_54567,ORD_14294,PROD_SCR_02,1,499,499
ITEM_54568,ORD_14295,PROD_CASE_01,1,499,499
ITEM_54569,ORD_14295,PROD_SCR_04,1,699,699
ITEM_54570,ORD_14296,PROD_CASE_05,1,899,899
ITEM_54571,ORD_14296,PROD_SCR_05,1,249,249
ITEM_54572,ORD_14297,PROD_CASE_05,1,899,899
ITEM_54573,ORD_14297,PROD_SCR_04,1,699,699
ITEM_54574,ORD_14298,PROD_CASE_02,1,799,799
ITEM_54575,ORD_14298,PROD_SCR_05,1,249,249
ITEM_54576,ORD_14299,PROD_CASE_02,1,799,799
ITEM_54577,ORD_14299,PROD_SCR_01,1,299,299
ITEM_54578,ORD_14300,PROD_CASE_04,1,599,599
ITEM_54579,ORD_14300,PROD_SCR_03,1,349,349
ITEM_54580,ORD_14301,PROD_CASE_05,1,899,899
ITEM_54581,ORD_14301,PROD_SCR_05,1,249,249
ITEM_54582,ORD_14302,PROD_CASE_02,1,799,799
ITEM_54583,ORD_14302,PROD_SCR_01,1,299,299
ITEM_54584,ORD_14303,PROD_CASE_01,1,499,499
ITEM_54585,ORD_14303,PROD_SCR_05,1,249,249
ITEM_54586,ORD_14304,PROD_CASE_01,1,499,499
ITEM_54587,ORD_14304,PROD_SCR_03,1,349,349
ITEM_54588,ORD_14305,PROD_CASE_03,1,999,999
ITEM_54589,ORD_14305,PROD_SCR_03,1,349,349
ITEM_54590,ORD_14306,PROD_CASE_03,1,999,999
ITEM_54591,ORD_14306,PROD_SCR_04,1,699,699
ITEM_54592,ORD_14307,PROD_CASE_01,1,499,499
ITEM_54593,ORD_14307,PROD_SCR_02,1,499,499
ITEM_54594,ORD_14308,PROD_CASE_04,1,599,599
ITEM_54595,ORD_14308,PROD_SCR_03,1,349,349
ITEM_54596,ORD_14309,PROD_CASE_04,1,599,599
ITEM_54597,ORD_14309,PROD_SCR_04,1,699,699
ITEM_54598,ORD_14310,PROD_CASE_04,1,599,599
ITEM_54599,ORD_14310,PROD_SCR_05,1,249,249
ITEM_54600,ORD_14311,PROD_CASE_01,1,499,499
ITEM_54601,ORD_14311,PROD_SCR_04,1,699,699
ITEM_54602,ORD_14312,PROD_CASE_03,1,999,999
ITEM_54603,ORD_14312,PROD_SCR_04,1,699,699
ITEM_54604,ORD_14313,PROD_CASE_03,1,999,999
ITEM_54605,ORD_14313,PROD_SCR_01,1,299,299
ITEM_54606,ORD_14314,PROD_CASE_03,1,999,999
ITEM_54607,ORD_14314,PROD_SCR_03,1,349,349
ITEM_54608,ORD_14315,PROD_CASE_02,1,799,799
ITEM_54609,ORD_14315,PROD_SCR_01,1,299,299
ITEM_54610,ORD_14316,PROD_CASE_03,1,999,999
ITEM_54611,ORD_14316,PROD_SCR_05,1,249,249
ITEM_54612,ORD_14317,PROD_CASE_04,1,599,599
ITEM_54613,ORD_14317,PROD_SCR_04,1,699,699
ITEM_54614,ORD_14318,PROD_CASE_05,1,899,899
ITEM_54615,ORD_14318,PROD_SCR_03,1,349,349
ITEM_54616,ORD_14319,PROD_CASE_04,1,599,599
ITEM_54617,ORD_14319,PROD_SCR_02,1,499,499
ITEM_54618,ORD_14320,PROD_CASE_03,1,999,999
ITEM_54619,ORD_14320,PROD_SCR_05,1,249,249
ITEM_54620,ORD_14321,PROD_CASE_02,1,799,799
ITEM_54621,ORD_14321,PROD_SCR_03,1,349,349
ITEM_54622,ORD_14322,PROD_CASE_05,1,899,899
ITEM_54623,ORD_14322,PROD_SCR_02,1,499,499
ITEM_54624,ORD_14323,PROD_CASE_02,1,799,799
ITEM_54625,ORD_14323,PROD_SCR_04,1,699,699
ITEM_54626,ORD_14324,PROD_CASE_03,1,999,999
ITEM_54627,ORD_14324,PROD_SCR_05,1,249,249
ITEM_54628,ORD_14325,PROD_CASE_05,1,899,899
ITEM_54629,ORD_14325,PROD_SCR_05,1,249,249
ITEM_54630,ORD_14326,PROD_CASE_03,1,999,999
ITEM_54631,ORD_14326,PROD_SCR_03,1,349,349
ITEM_54632,ORD_14327,PROD_CASE_02,1,799,799
ITEM_54633,ORD_14327,PROD_SCR_03,1,349,349
ITEM_54634,ORD_14328,PROD_CASE_03,1,999,999
ITEM_54635,ORD_14328,PROD_SCR_02,1,499,499
ITEM_54636,ORD_14329,PROD_CASE_01,1,499,499
ITEM_54637,ORD_14329,PROD_SCR_03,1,349,349
ITEM_54638,ORD_14330,PROD_CASE_05,1,899,899
ITEM_54639,ORD_14330,PROD_SCR_05,1,249,249
ITEM_54640,ORD_14331,PROD_CASE_05,1,899,899
ITEM_54641,ORD_14331,PROD_SCR_02,1,499,499
ITEM_54642,ORD_14332,PROD_CASE_05,1,899,899
ITEM_54643,ORD_14332,PROD_SCR_04,1,699,699
ITEM_54644,ORD_14333,PROD_CASE_03,1,999,999
ITEM_54645,ORD_14333,PROD_SCR_04,1,699,699
ITEM_54646,ORD_14334,PROD_CASE_05,1,899,899
ITEM_54647,ORD_14334,PROD_SCR_02,1,499,499
ITEM_54648,ORD_14335,PROD_CASE_05,1,899,899
ITEM_54649,ORD_14335,PROD_SCR_03,1,349,349
ITEM_54650,ORD_14336,PROD_CASE_05,1,899,899
ITEM_54651,ORD_14336,PROD_SCR_04,1,699,699
ITEM_54652,ORD_14337,PROD_CASE_05,1,899,899
ITEM_54653,ORD_14337,PROD_SCR_05,1,249,249
ITEM_54654,ORD_14338,PROD_CASE_02,1,799,799
ITEM_54655,ORD_14338,PROD_SCR_02,1,499,499
ITEM_54656,ORD_14339,PROD_CASE_05,1,899,899
ITEM_54657,ORD_14339,PROD_SCR_04,1,699,699
ITEM_54658,ORD_14340,PROD_CASE_02,1,799,799
ITEM_54659,ORD_14340,PROD_SCR_01,1,299,299
ITEM_54660,ORD_14341,PROD_CASE_04,1,599,599
ITEM_54661,ORD_14341,PROD_SCR_03,1,349,349
ITEM_54662,ORD_14342,PROD_CASE_02,1,799,799
ITEM_54663,ORD_14342,PROD_SCR_03,1,349,349
ITEM_54664,ORD_14343,PROD_CASE_04,1,599,599
ITEM_54665,ORD_14343,PROD_SCR_03,1,349,349
ITEM_54666,ORD_14344,PROD_CASE_05,1,899,899
ITEM_54667,ORD_14344,PROD_SCR_02,1,499,499
ITEM_54668,ORD_14345,PROD_CASE_01,1,499,499
ITEM_54669,ORD_14345,PROD_SCR_01,1,299,299
ITEM_54670,ORD_14346,PROD_CASE_04,1,599,599
ITEM_54671,ORD_14346,PROD_SCR_03,1,349,349
ITEM_54672,ORD_14347,PROD_CASE_05,1,899,899
ITEM_54673,ORD_14347,PROD_SCR_02,1,499,499
ITEM_54674,ORD_14348,PROD_CASE_01,1,499,499
ITEM_54675,ORD_14348,PROD_SCR_02,1,499,499
ITEM_54676,ORD_14349,PROD_CASE_02,1,799,799
ITEM_54677,ORD_14349,PROD_SCR_01,1,299,299
ITEM_54678,ORD_14350,PROD_CASE_04,1,599,599
ITEM_54679,ORD_14350,PROD_SCR_03,1,349,349
ITEM_54680,ORD_14351,PROD_CASE_05,1,899,899
ITEM_54681,ORD_14351,PROD_SCR_04,1,699,699
ITEM_54682,ORD_14352,PROD_CASE_03,1,999,999
ITEM_54683,ORD_14352,PROD_SCR_04,1,699,699
ITEM_54684,ORD_14353,PROD_CASE_01,1,499,499
ITEM_54685,ORD_14353,PROD_SCR_05,1,249,249
ITEM_54686,ORD_14354,PROD_CASE_03,1,999,999
ITEM_54687,ORD_14354,PROD_SCR_03,1,349,349
ITEM_54688,ORD_14355,PROD_CASE_03,1,999,999
ITEM_54689,ORD_14355,PROD_SCR_03,1,349,349
ITEM_54690,ORD_14356,PROD_CASE_01,1,499,499
ITEM_54691,ORD_14356,PROD_SCR_01,1,299,299
ITEM_54692,ORD_14357,PROD_CASE_03,1,999,999
ITEM_54693,ORD_14357,PROD_SCR_01,1,299,299
ITEM_54694,ORD_14358,PROD_CASE_02,1,799,799
ITEM_54695,ORD_14358,PROD_SCR_02,1,499,499
ITEM_54696,ORD_14359,PROD_CASE_02,1,799,799
ITEM_54697,ORD_14359,PROD_SCR_01,1,299,299
ITEM_54698,ORD_14360,PROD_CASE_04,1,599,599
ITEM_54699,ORD_14360,PROD_SCR_03,1,349,349
ITEM_54700,ORD_14361,PROD_CASE_02,1,799,799
ITEM_54701,ORD_14361,PROD_SCR_01,1,299,299
ITEM_54702,ORD_14362,PROD_CASE_04,1,599,599
ITEM_54703,ORD_14362,PROD_SCR_05,1,249,249
ITEM_54704,ORD_14363,PROD_CASE_04,1,599,599
ITEM_54705,ORD_14363,PROD_SCR_05,1,249,249
ITEM_54706,ORD_14364,PROD_CASE_03,1,999,999
ITEM_54707,ORD_14364,PROD_SCR_02,1,499,499
ITEM_54708,ORD_14365,PROD_CASE_05,1,899,899
ITEM_54709,ORD_14365,PROD_SCR_01,1,299,299
ITEM_54710,ORD_14366,PROD_CASE_01,1,499,499
ITEM_54711,ORD_14366,PROD_SCR_04,1,699,699
ITEM_54712,ORD_14367,PROD_CASE_04,1,599,599
ITEM_54713,ORD_14367,PROD_SCR_03,1,349,349
ITEM_54714,ORD_14368,PROD_CASE_02,1,799,799
ITEM_54715,ORD_14368,PROD_SCR_03,1,349,349
ITEM_54716,ORD_14369,PROD_CASE_05,1,899,899
ITEM_54717,ORD_14369,PROD_SCR_03,1,349,349
ITEM_54718,ORD_14370,PROD_CASE_05,1,899,899
ITEM_54719,ORD_14370,PROD_SCR_05,1,249,249
ITEM_54720,ORD_14371,PROD_CASE_03,1,999,999
ITEM_54721,ORD_14371,PROD_SCR_02,1,499,499
ITEM_54722,ORD_14372,PROD_CASE_02,1,799,799
ITEM_54723,ORD_14372,PROD_SCR_02,1,499,499
ITEM_54724,ORD_14373,PROD_CASE_02,1,799,799
ITEM_54725,ORD_14373,PROD_SCR_05,1,249,249
ITEM_54726,ORD_14374,PROD_CASE_01,1,499,499
ITEM_54727,ORD_14374,PROD_SCR_02,1,499,499
ITEM_54728,ORD_14375,PROD_CASE_01,1,499,499
ITEM_54729,ORD_14375,PROD_SCR_02,1,499,499
ITEM_54730,ORD_14376,PROD_CASE_01,1,499,499
ITEM_54731,ORD_14376,PROD_SCR_02,1,499,499
ITEM_54732,ORD_14377,PROD_CASE_04,1,599,599
ITEM_54733,ORD_14377,PROD_SCR_04,1,699,699
ITEM_54734,ORD_14378,PROD_CASE_01,1,499,499
ITEM_54735,ORD_14378,PROD_SCR_04,1,699,699
ITEM_54736,ORD_14379,PROD_CASE_01,1,499,499
ITEM_54737,ORD_14379,PROD_SCR_04,1,699,699
ITEM_54738,ORD_14380,PROD_CASE_04,1,599,599
ITEM_54739,ORD_14380,PROD_SCR_05,1,249,249
ITEM_54740,ORD_14381,PROD_CASE_03,1,999,999
ITEM_54741,ORD_14381,PROD_SCR_02,1,499,499
ITEM_54742,ORD_14382,PROD_CASE_03,1,999,999
ITEM_54743,ORD_14382,PROD_SCR_03,1,349,349
ITEM_54744,ORD_14383,PROD_CASE_02,1,799,799
ITEM_54745,ORD_14383,PROD_SCR_02,1,499,499
ITEM_54746,ORD_14384,PROD_CASE_03,1,999,999
ITEM_54747,ORD_14384,PROD_SCR_04,1,699,699
ITEM_54748,ORD_14385,PROD_CASE_02,1,799,799
ITEM_54749,ORD_14385,PROD_SCR_03,1,349,349
ITEM_54750,ORD_14386,PROD_CASE_01,1,499,499
ITEM_54751,ORD_14386,PROD_SCR_02,1,499,499
ITEM_54752,ORD_14387,PROD_CASE_01,1,499,499
ITEM_54753,ORD_14387,PROD_SCR_05,1,249,249
ITEM_54754,ORD_14388,PROD_CASE_01,1,499,499
ITEM_54755,ORD_14388,PROD_SCR_01,1,299,299
ITEM_54756,ORD_14389,PROD_CASE_02,1,799,799
ITEM_54757,ORD_14389,PROD_SCR_02,1,499,499
ITEM_54758,ORD_14390,PROD_CASE_03,1,999,999
ITEM_54759,ORD_14390,PROD_SCR_01,1,299,299
ITEM_54760,ORD_14391,PROD_CASE_04,1,599,599
ITEM_54761,ORD_14391,PROD_SCR_03,1,349,349
ITEM_54762,ORD_14392,PROD_CASE_01,1,499,499
ITEM_54763,ORD_14392,PROD_SCR_04,1,699,699
ITEM_54764,ORD_14393,PROD_CASE_04,1,599,599
ITEM_54765,ORD_14393,PROD_SCR_03,1,349,349
ITEM_54766,ORD_14394,PROD_CASE_05,1,899,899
ITEM_54767,ORD_14394,PROD_SCR_05,1,249,249
ITEM_54768,ORD_14395,PROD_CASE_04,1,599,599
ITEM_54769,ORD_14395,PROD_SCR_03,1,349,349
ITEM_54770,ORD_14396,PROD_CASE_05,1,899,899
ITEM_54771,ORD_14396,PROD_SCR_04,1,699,699
ITEM_54772,ORD_14397,PROD_CASE_04,1,599,599
ITEM_54773,ORD_14397,PROD_SCR_02,1,499,499
ITEM_54774,ORD_14398,PROD_CASE_01,1,499,499
ITEM_54775,ORD_14398,PROD_SCR_02,1,499,499
ITEM_54776,ORD_14399,PROD_CASE_01,1,499,499
ITEM_54777,ORD_14399,PROD_SCR_05,1,249,249
ITEM_54778,ORD_14400,PROD_CASE_04,1,599,599
ITEM_54779,ORD_14400,PROD_SCR_05,1,249,249
ITEM_54780,ORD_14401,PROD_CASE_05,1,899,899
ITEM_54781,ORD_14401,PROD_SCR_02,1,499,499
ITEM_54782,ORD_14402,PROD_CASE_02,1,799,799
ITEM_54783,ORD_14402,PROD_SCR_04,1,699,699
ITEM_54784,ORD_14403,PROD_CASE_02,1,799,799
ITEM_54785,ORD_14403,PROD_SCR_01,1,299,299
ITEM_54786,ORD_14404,PROD_CASE_01,1,499,499
ITEM_54787,ORD_14404,PROD_SCR_01,1,299,299
ITEM_54788,ORD_14405,PROD_CASE_01,1,499,499
ITEM_54789,ORD_14405,PROD_SCR_02,1,499,499
ITEM_54790,ORD_14406,PROD_CASE_05,1,899,899
ITEM_54791,ORD_14406,PROD_SCR_04,1,699,699
ITEM_54792,ORD_14407,PROD_CASE_01,1,499,499
ITEM_54793,ORD_14407,PROD_SCR_04,1,699,699
ITEM_54794,ORD_14408,PROD_CASE_03,1,999,999
ITEM_54795,ORD_14408,PROD_SCR_01,1,299,299
ITEM_54796,ORD_14409,PROD_CASE_02,1,799,799
ITEM_54797,ORD_14409,PROD_SCR_03,1,349,349
ITEM_54798,ORD_14410,PROD_CASE_05,1,899,899
ITEM_54799,ORD_14410,PROD_SCR_03,1,349,349
ITEM_54800,ORD_14411,PROD_CASE_05,1,899,899
ITEM_54801,ORD_14411,PROD_SCR_03,1,349,349
ITEM_54802,ORD_14412,PROD_CASE_04,1,599,599
ITEM_54803,ORD_14412,PROD_SCR_01,1,299,299
ITEM_54804,ORD_14413,PROD_CASE_04,1,599,599
ITEM_54805,ORD_14413,PROD_SCR_04,1,699,699
ITEM_54806,ORD_14414,PROD_CASE_02,1,799,799
ITEM_54807,ORD_14414,PROD_SCR_05,1,249,249
ITEM_54808,ORD_14415,PROD_CASE_01,1,499,499
ITEM_54809,ORD_14415,PROD_SCR_03,1,349,349
ITEM_54810,ORD_14416,PROD_CASE_01,1,499,499
ITEM_54811,ORD_14416,PROD_SCR_04,1,699,699
ITEM_54812,ORD_14417,PROD_CASE_03,1,999,999
ITEM_54813,ORD_14417,PROD_SCR_03,1,349,349
ITEM_54814,ORD_14418,PROD_CASE_02,1,799,799
ITEM_54815,ORD_14418,PROD_SCR_02,1,499,499
ITEM_54816,ORD_14419,PROD_CASE_05,1,899,899
ITEM_54817,ORD_14419,PROD_SCR_02,1,499,499
ITEM_54818,ORD_14420,PROD_CASE_03,1,999,999
ITEM_54819,ORD_14420,PROD_SCR_04,1,699,699
ITEM_54820,ORD_14421,PROD_CASE_05,1,899,899
ITEM_54821,ORD_14421,PROD_SCR_04,1,699,699
ITEM_54822,ORD_14422,PROD_CASE_03,1,999,999
ITEM_54823,ORD_14422,PROD_SCR_01,1,299,299
ITEM_54824,ORD_14423,PROD_CASE_02,1,799,799
ITEM_54825,ORD_14423,PROD_SCR_01,1,299,299
ITEM_54826,ORD_14424,PROD_CASE_04,1,599,599
ITEM_54827,ORD_14424,PROD_SCR_05,1,249,249
ITEM_54828,ORD_14425,PROD_CASE_05,1,899,899
ITEM_54829,ORD_14425,PROD_SCR_03,1,349,349
ITEM_54830,ORD_14426,PROD_CASE_04,1,599,599
ITEM_54831,ORD_14426,PROD_SCR_04,1,699,699
ITEM_54832,ORD_14427,PROD_CASE_02,1,799,799
ITEM_54833,ORD_14427,PROD_SCR_04,1,699,699
ITEM_54834,ORD_14428,PROD_CASE_02,1,799,799
ITEM_54835,ORD_14428,PROD_SCR_02,1,499,499
ITEM_54836,ORD_14429,PROD_CASE_04,1,599,599
ITEM_54837,ORD_14429,PROD_SCR_02,1,499,499
ITEM_54838,ORD_14430,PROD_CASE_04,1,599,599
ITEM_54839,ORD_14430,PROD_SCR_04,1,699,699
ITEM_54840,ORD_14431,PROD_CASE_02,1,799,799
ITEM_54841,ORD_14431,PROD_SCR_03,1,349,349
ITEM_54842,ORD_14432,PROD_CASE_04,1,599,599
ITEM_54843,ORD_14432,PROD_SCR_01,1,299,299
ITEM_54844,ORD_14433,PROD_CASE_01,1,499,499
ITEM_54845,ORD_14433,PROD_SCR_02,1,499,499
ITEM_54846,ORD_14434,PROD_CASE_03,1,999,999
ITEM_54847,ORD_14434,PROD_SCR_05,1,249,249
ITEM_54848,ORD_14435,PROD_CASE_05,1,899,899
ITEM_54849,ORD_14435,PROD_SCR_03,1,349,349
ITEM_54850,ORD_14436,PROD_CASE_04,1,599,599
ITEM_54851,ORD_14436,PROD_SCR_02,1,499,499
ITEM_54852,ORD_14437,PROD_CASE_03,1,999,999
ITEM_54853,ORD_14437,PROD_SCR_03,1,349,349
ITEM_54854,ORD_14438,PROD_CASE_04,1,599,599
ITEM_54855,ORD_14438,PROD_SCR_02,1,499,499
ITEM_54856,ORD_14439,PROD_CASE_02,1,799,799
ITEM_54857,ORD_14439,PROD_SCR_04,1,699,699
ITEM_54858,ORD_14440,PROD_CASE_03,1,999,999
ITEM_54859,ORD_14440,PROD_SCR_02,1,499,499
ITEM_54860,ORD_14441,PROD_CASE_01,1,499,499
ITEM_54861,ORD_14441,PROD_SCR_03,1,349,349
ITEM_54862,ORD_14442,PROD_CASE_05,1,899,899
ITEM_54863,ORD_14442,PROD_SCR_01,1,299,299
ITEM_54864,ORD_14443,PROD_CASE_03,1,999,999
ITEM_54865,ORD_14443,PROD_SCR_01,1,299,299
ITEM_54866,ORD_14444,PROD_CASE_01,1,499,499
ITEM_54867,ORD_14444,PROD_SCR_02,1,499,499
ITEM_54868,ORD_14445,PROD_CASE_01,1,499,499
ITEM_54869,ORD_14445,PROD_SCR_01,1,299,299
ITEM_54870,ORD_14446,PROD_CASE_02,1,799,799
ITEM_54871,ORD_14446,PROD_SCR_02,1,499,499
ITEM_54872,ORD_14447,PROD_CASE_01,1,499,499
ITEM_54873,ORD_14447,PROD_SCR_02,1,499,499
ITEM_54874,ORD_14448,PROD_CASE_02,1,799,799
ITEM_54875,ORD_14448,PROD_SCR_01,1,299,299
ITEM_54876,ORD_14449,PROD_CASE_05,1,899,899
ITEM_54877,ORD_14449,PROD_SCR_01,1,299,299
ITEM_54878,ORD_14450,PROD_CASE_02,1,799,799
ITEM_54879,ORD_14450,PROD_SCR_04,1,699,699
ITEM_54880,ORD_14451,PROD_CASE_04,1,599,599
ITEM_54881,ORD_14451,PROD_SCR_04,1,699,699
ITEM_54882,ORD_14452,PROD_CASE_05,1,899,899
ITEM_54883,ORD_14452,PROD_SCR_01,1,299,299
ITEM_54884,ORD_14453,PROD_CASE_05,1,899,899
ITEM_54885,ORD_14453,PROD_SCR_05,1,249,249
ITEM_54886,ORD_14454,PROD_CASE_03,1,999,999
ITEM_54887,ORD_14454,PROD_SCR_02,1,499,499
ITEM_54888,ORD_14455,PROD_CASE_04,1,599,599
ITEM_54889,ORD_14455,PROD_SCR_02,1,499,499
ITEM_54890,ORD_14456,PROD_CASE_04,1,599,599
ITEM_54891,ORD_14456,PROD_SCR_04,1,699,699
ITEM_54892,ORD_14457,PROD_CASE_02,1,799,799
ITEM_54893,ORD_14457,PROD_SCR_03,1,349,349
ITEM_54894,ORD_14458,PROD_CASE_04,1,599,599
ITEM_54895,ORD_14458,PROD_SCR_04,1,699,699
ITEM_54896,ORD_14459,PROD_CASE_03,1,999,999
ITEM_54897,ORD_14459,PROD_SCR_01,1,299,299
ITEM_54898,ORD_14460,PROD_CASE_02,1,799,799
ITEM_54899,ORD_14460,PROD_SCR_02,1,499,499
ITEM_54900,ORD_14461,PROD_CASE_01,1,499,499
ITEM_54901,ORD_14461,PROD_SCR_05,1,249,249
ITEM_54902,ORD_14462,PROD_CASE_02,1,799,799
ITEM_54903,ORD_14462,PROD_SCR_02,1,499,499
ITEM_54904,ORD_14463,PROD_CASE_01,1,499,499
ITEM_54905,ORD_14463,PROD_SCR_03,1,349,349
ITEM_54906,ORD_14464,PROD_CASE_03,1,999,999
ITEM_54907,ORD_14464,PROD_SCR_02,1,499,499
ITEM_54908,ORD_14465,PROD_CASE_02,1,799,799
ITEM_54909,ORD_14465,PROD_SCR_01,1,299,299
ITEM_54910,ORD_14466,PROD_CASE_05,1,899,899
ITEM_54911,ORD_14466,PROD_SCR_05,1,249,249
ITEM_54912,ORD_14467,PROD_CASE_04,1,599,599
ITEM_54913,ORD_14467,PROD_SCR_05,1,249,249
ITEM_54914,ORD_14468,PROD_CASE_04,1,599,599
ITEM_54915,ORD_14468,PROD_SCR_05,1,249,249
ITEM_54916,ORD_14469,PROD_CASE_03,1,999,999
ITEM_54917,ORD_14469,PROD_SCR_05,1,249,249
ITEM_54918,ORD_14470,PROD_CASE_02,1,799,799
ITEM_54919,ORD_14470,PROD_SCR_05,1,249,249
ITEM_54920,ORD_14471,PROD_CASE_05,1,899,899
ITEM_54921,ORD_14471,PROD_SCR_01,1,299,299
ITEM_54922,ORD_14472,PROD_CASE_04,1,599,599
ITEM_54923,ORD_14472,PROD_SCR_04,1,699,699
ITEM_54924,ORD_14473,PROD_CASE_02,1,799,799
ITEM_54925,ORD_14473,PROD_SCR_01,1,299,299
ITEM_54926,ORD_14474,PROD_CASE_02,1,799,799
ITEM_54927,ORD_14474,PROD_SCR_02,1,499,499
ITEM_54928,ORD_14475,PROD_CASE_05,1,899,899
ITEM_54929,ORD_14475,PROD_SCR_04,1,699,699
ITEM_54930,ORD_14476,PROD_CASE_03,1,999,999
ITEM_54931,ORD_14476,PROD_SCR_01,1,299,299
ITEM_54932,ORD_14477,PROD_CASE_03,1,999,999
ITEM_54933,ORD_14477,PROD_SCR_02,1,499,499
ITEM_54934,ORD_14478,PROD_CASE_01,1,499,499
ITEM_54935,ORD_14478,PROD_SCR_03,1,349,349
ITEM_54936,ORD_14479,PROD_CASE_04,1,599,599
ITEM_54937,ORD_14479,PROD_SCR_05,1,249,249
ITEM_54938,ORD_14480,PROD_CASE_05,1,899,899
ITEM_54939,ORD_14480,PROD_SCR_05,1,249,249
ITEM_54940,ORD_14481,PROD_CASE_04,1,599,599
ITEM_54941,ORD_14481,PROD_SCR_05,1,249,249
ITEM_54942,ORD_14482,PROD_CASE_04,1,599,599
ITEM_54943,ORD_14482,PROD_SCR_04,1,699,699
ITEM_54944,ORD_14483,PROD_CASE_05,1,899,899
ITEM_54945,ORD_14483,PROD_SCR_02,1,499,499
ITEM_54946,ORD_14484,PROD_CASE_04,1,599,599
ITEM_54947,ORD_14484,PROD_SCR_02,1,499,499
ITEM_54948,ORD_14485,PROD_CASE_04,1,599,599
ITEM_54949,ORD_14485,PROD_SCR_01,1,299,299
ITEM_54950,ORD_14486,PROD_CASE_01,1,499,499
ITEM_54951,ORD_14486,PROD_SCR_05,1,249,249
ITEM_54952,ORD_14487,PROD_CASE_04,1,599,599
ITEM_54953,ORD_14487,PROD_SCR_01,1,299,299
ITEM_54954,ORD_14488,PROD_CASE_03,1,999,999
ITEM_54955,ORD_14488,PROD_SCR_01,1,299,299
ITEM_54956,ORD_14489,PROD_CASE_02,1,799,799
ITEM_54957,ORD_14489,PROD_SCR_05,1,249,249
ITEM_54958,ORD_14490,PROD_CASE_02,1,799,799
ITEM_54959,ORD_14490,PROD_SCR_05,1,249,249
ITEM_54960,ORD_14491,PROD_CASE_05,1,899,899
ITEM_54961,ORD_14491,PROD_SCR_05,1,249,249
ITEM_54962,ORD_14492,PROD_CASE_02,1,799,799
ITEM_54963,ORD_14492,PROD_SCR_04,1,699,699
ITEM_54964,ORD_14493,PROD_CASE_01,1,499,499
ITEM_54965,ORD_14493,PROD_SCR_05,1,249,249
ITEM_54966,ORD_14494,PROD_CASE_01,1,499,499
ITEM_54967,ORD_14494,PROD_SCR_04,1,699,699
ITEM_54968,ORD_14495,PROD_CASE_01,1,499,499
ITEM_54969,ORD_14495,PROD_SCR_01,1,299,299
ITEM_54970,ORD_14496,PROD_CASE_03,1,999,999
ITEM_54971,ORD_14496,PROD_SCR_05,1,249,249
ITEM_54972,ORD_14497,PROD_CASE_05,1,899,899
ITEM_54973,ORD_14497,PROD_SCR_05,1,249,249
ITEM_54974,ORD_14498,PROD_CASE_03,1,999,999
ITEM_54975,ORD_14498,PROD_SCR_02,1,499,499
ITEM_54976,ORD_14499,PROD_CASE_04,1,599,599
ITEM_54977,ORD_14499,PROD_SCR_05,1,249,249
ITEM_54978,ORD_14500,PROD_CASE_04,1,599,599
ITEM_54979,ORD_14500,PROD_SCR_05,1,249,249
ITEM_54980,ORD_14501,PROD_CASE_05,1,899,899
ITEM_54981,ORD_14501,PROD_SCR_04,1,699,699
ITEM_54982,ORD_14502,PROD_CASE_02,1,799,799
ITEM_54983,ORD_14502,PROD_SCR_05,1,249,249
ITEM_54984,ORD_14503,PROD_CASE_04,1,599,599
ITEM_54985,ORD_14503,PROD_SCR_02,1,499,499
ITEM_54986,ORD_14504,PROD_CASE_02,1,799,799
ITEM_54987,ORD_14504,PROD_SCR_04,1,699,699
ITEM_54988,ORD_14505,PROD_CASE_04,1,599,599
ITEM_54989,ORD_14505,PROD_SCR_05,1,249,249
ITEM_54990,ORD_14506,PROD_CASE_05,1,899,899
ITEM_54991,ORD_14506,PROD_SCR_03,1,349,349
ITEM_54992,ORD_14507,PROD_CASE_02,1,799,799
ITEM_54993,ORD_14507,PROD_SCR_03,1,349,349
ITEM_54994,ORD_14508,PROD_CASE_05,1,899,899
ITEM_54995,ORD_14508,PROD_SCR_05,1,249,249
ITEM_54996,ORD_14509,PROD_CASE_02,1,799,799
ITEM_54997,ORD_14509,PROD_SCR_03,1,349,349
ITEM_54998,ORD_14510,PROD_CASE_03,1,999,999
ITEM_54999,ORD_14510,PROD_SCR_04,1,699,699
ITEM_55000,ORD_14511,PROD_CASE_04,1,599,599
ITEM_55001,ORD_14511,PROD_SCR_03,1,349,349
ITEM_55002,ORD_14512,PROD_CASE_05,1,899,899
ITEM_55003,ORD_14512,PROD_SCR_01,1,299,299
ITEM_55004,ORD_14513,PROD_CASE_04,1,599,599
ITEM_55005,ORD_14513,PROD_SCR_02,1,499,499
ITEM_55006,ORD_14514,PROD_CASE_05,1,899,899
ITEM_55007,ORD_14514,PROD_SCR_03,1,349,349
ITEM_55008,ORD_14515,PROD_CASE_05,1,899,899
ITEM_55009,ORD_14515,PROD_SCR_05,1,249,249
ITEM_55010,ORD_14516,PROD_CASE_05,1,899,899
ITEM_55011,ORD_14516,PROD_SCR_01,1,299,299
ITEM_55012,ORD_14517,PROD_CASE_04,1,599,599
ITEM_55013,ORD_14517,PROD_SCR_03,1,349,349
ITEM_55014,ORD_14518,PROD_CASE_03,1,999,999
ITEM_55015,ORD_14518,PROD_SCR_05,1,249,249
ITEM_55016,ORD_14519,PROD_CASE_05,1,899,899
ITEM_55017,ORD_14519,PROD_SCR_03,1,349,349
ITEM_55018,ORD_14520,PROD_CASE_05,1,899,899
ITEM_55019,ORD_14520,PROD_SCR_02,1,499,499
ITEM_55020,ORD_14521,PROD_CASE_03,1,999,999
ITEM_55021,ORD_14521,PROD_SCR_01,1,299,299
ITEM_55022,ORD_14522,PROD_CASE_03,1,999,999
ITEM_55023,ORD_14522,PROD_SCR_04,1,699,699
ITEM_55024,ORD_14523,PROD_CASE_02,1,799,799
ITEM_55025,ORD_14523,PROD_SCR_04,1,699,699
ITEM_55026,ORD_14524,PROD_CASE_05,1,899,899
ITEM_55027,ORD_14524,PROD_SCR_01,1,299,299
ITEM_55028,ORD_14525,PROD_CASE_05,1,899,899
ITEM_55029,ORD_14525,PROD_SCR_05,1,249,249
ITEM_55030,ORD_14526,PROD_CASE_03,1,999,999
ITEM_55031,ORD_14526,PROD_SCR_01,1,299,299
ITEM_55032,ORD_14527,PROD_CASE_05,1,899,899
ITEM_55033,ORD_14527,PROD_SCR_04,1,699,699
ITEM_55034,ORD_14528,PROD_CASE_01,1,499,499
ITEM_55035,ORD_14528,PROD_SCR_01,1,299,299
ITEM_55036,ORD_14529,PROD_CASE_04,1,599,599
ITEM_55037,ORD_14529,PROD_SCR_01,1,299,299
ITEM_55038,ORD_14530,PROD_CASE_05,1,899,899
ITEM_55039,ORD_14530,PROD_SCR_05,1,249,249
ITEM_55040,ORD_14531,PROD_CASE_05,1,899,899
ITEM_55041,ORD_14531,PROD_SCR_02,1,499,499
ITEM_55042,ORD_14532,PROD_CASE_03,1,999,999
ITEM_55043,ORD_14532,PROD_SCR_03,1,349,349
ITEM_55044,ORD_14533,PROD_CASE_02,1,799,799
ITEM_55045,ORD_14533,PROD_SCR_01,1,299,299
ITEM_55046,ORD_14534,PROD_CASE_05,1,899,899
ITEM_55047,ORD_14534,PROD_SCR_02,1,499,499
ITEM_55048,ORD_14535,PROD_CASE_03,1,999,999
ITEM_55049,ORD_14535,PROD_SCR_04,1,699,699
ITEM_55050,ORD_14536,PROD_CASE_05,1,899,899
ITEM_55051,ORD_14536,PROD_SCR_05,1,249,249
ITEM_55052,ORD_14537,PROD_CASE_04,1,599,599
ITEM_55053,ORD_14537,PROD_SCR_03,1,349,349
ITEM_55054,ORD_14538,PROD_CASE_03,1,999,999
ITEM_55055,ORD_14538,PROD_SCR_04,1,699,699
ITEM_55056,ORD_14539,PROD_CASE_04,1,599,599
ITEM_55057,ORD_14539,PROD_SCR_03,1,349,349
ITEM_55058,ORD_14540,PROD_CASE_02,1,799,799
ITEM_55059,ORD_14540,PROD_SCR_01,1,299,299
ITEM_55060,ORD_14541,PROD_CASE_04,1,599,599
ITEM_55061,ORD_14541,PROD_SCR_04,1,699,699
ITEM_55062,ORD_14542,PROD_CASE_05,1,899,899
ITEM_55063,ORD_14542,PROD_SCR_03,1,349,349
ITEM_55064,ORD_14543,PROD_CASE_03,1,999,999
ITEM_55065,ORD_14543,PROD_SCR_04,1,699,699
ITEM_55066,ORD_14544,PROD_CASE_03,1,999,999
ITEM_55067,ORD_14544,PROD_SCR_05,1,249,249
ITEM_55068,ORD_14545,PROD_CASE_05,1,899,899
ITEM_55069,ORD_14545,PROD_SCR_03,1,349,349
ITEM_55070,ORD_14546,PROD_CASE_01,1,499,499
ITEM_55071,ORD_14546,PROD_SCR_05,1,249,249
ITEM_55072,ORD_14547,PROD_CASE_01,1,499,499
ITEM_55073,ORD_14547,PROD_SCR_01,1,299,299
ITEM_55074,ORD_14548,PROD_CASE_04,1,599,599
ITEM_55075,ORD_14548,PROD_SCR_01,1,299,299
ITEM_55076,ORD_14549,PROD_CASE_02,1,799,799
ITEM_55077,ORD_14549,PROD_SCR_04,1,699,699
ITEM_55078,ORD_14550,PROD_CASE_01,1,499,499
ITEM_55079,ORD_14550,PROD_SCR_02,1,499,499
ITEM_55080,ORD_14551,PROD_CASE_03,1,999,999
ITEM_55081,ORD_14551,PROD_SCR_02,1,499,499
ITEM_55082,ORD_14552,PROD_CASE_04,1,599,599
ITEM_55083,ORD_14552,PROD_SCR_04,1,699,699
ITEM_55084,ORD_14553,PROD_CASE_04,1,599,599
ITEM_55085,ORD_14553,PROD_SCR_05,1,249,249
ITEM_55086,ORD_14554,PROD_CASE_03,1,999,999
ITEM_55087,ORD_14554,PROD_SCR_02,1,499,499
ITEM_55088,ORD_14555,PROD_CASE_02,1,799,799
ITEM_55089,ORD_14555,PROD_SCR_02,1,499,499
ITEM_55090,ORD_14556,PROD_CASE_03,1,999,999
ITEM_55091,ORD_14556,PROD_SCR_05,1,249,249
ITEM_55092,ORD_14557,PROD_CASE_04,1,599,599
ITEM_55093,ORD_14557,PROD_SCR_02,1,499,499
ITEM_55094,ORD_14558,PROD_CASE_02,1,799,799
ITEM_55095,ORD_14558,PROD_SCR_02,1,499,499
ITEM_55096,ORD_14559,PROD_CASE_01,1,499,499
ITEM_55097,ORD_14559,PROD_SCR_03,1,349,349
ITEM_55098,ORD_14560,PROD_CASE_03,1,999,999
ITEM_55099,ORD_14560,PROD_SCR_04,1,699,699
ITEM_55100,ORD_14561,PROD_CASE_03,1,999,999
ITEM_55101,ORD_14561,PROD_SCR_04,1,699,699
ITEM_55102,ORD_14562,PROD_CASE_03,1,999,999
ITEM_55103,ORD_14562,PROD_SCR_03,1,349,349
ITEM_55104,ORD_14563,PROD_CASE_05,1,899,899
ITEM_55105,ORD_14563,PROD_SCR_04,1,699,699
ITEM_55106,ORD_14564,PROD_CASE_02,1,799,799
ITEM_55107,ORD_14564,PROD_SCR_05,1,249,249
ITEM_55108,ORD_14565,PROD_CASE_04,1,599,599
ITEM_55109,ORD_14565,PROD_SCR_01,1,299,299
ITEM_55110,ORD_14566,PROD_CASE_03,1,999,999
ITEM_55111,ORD_14566,PROD_SCR_02,1,499,499
ITEM_55112,ORD_14567,PROD_CASE_05,1,899,899
ITEM_55113,ORD_14567,PROD_SCR_01,1,299,299
ITEM_55114,ORD_14568,PROD_CASE_04,1,599,599
ITEM_55115,ORD_14568,PROD_SCR_02,1,499,499
ITEM_55116,ORD_14569,PROD_CASE_01,1,499,499
ITEM_55117,ORD_14569,PROD_SCR_04,1,699,699
ITEM_55118,ORD_14570,PROD_CASE_02,1,799,799
ITEM_55119,ORD_14570,PROD_SCR_04,1,699,699
ITEM_55120,ORD_14571,PROD_CASE_03,1,999,999
ITEM_55121,ORD_14571,PROD_SCR_05,1,249,249
ITEM_55122,ORD_14572,PROD_CASE_02,1,799,799
ITEM_55123,ORD_14572,PROD_SCR_05,1,249,249
ITEM_55124,ORD_14573,PROD_CASE_03,1,999,999
ITEM_55125,ORD_14573,PROD_SCR_05,1,249,249
ITEM_55126,ORD_14574,PROD_CASE_05,1,899,899
ITEM_55127,ORD_14574,PROD_SCR_03,1,349,349
ITEM_55128,ORD_14575,PROD_CASE_03,1,999,999
ITEM_55129,ORD_14575,PROD_SCR_02,1,499,499
ITEM_55130,ORD_14576,PROD_CASE_04,1,599,599
ITEM_55131,ORD_14576,PROD_SCR_01,1,299,299
ITEM_55132,ORD_14577,PROD_CASE_03,1,999,999
ITEM_55133,ORD_14577,PROD_SCR_05,1,249,249
ITEM_55134,ORD_14578,PROD_CASE_01,1,499,499
ITEM_55135,ORD_14578,PROD_SCR_03,1,349,349
ITEM_55136,ORD_14579,PROD_CASE_01,1,499,499
ITEM_55137,ORD_14579,PROD_SCR_03,1,349,349
ITEM_55138,ORD_14580,PROD_CASE_03,1,999,999
ITEM_55139,ORD_14580,PROD_SCR_04,1,699,699
ITEM_55140,ORD_14581,PROD_CASE_04,1,599,599
ITEM_55141,ORD_14581,PROD_SCR_02,1,499,499
ITEM_55142,ORD_14582,PROD_CASE_03,1,999,999
ITEM_55143,ORD_14582,PROD_SCR_02,1,499,499
ITEM_55144,ORD_14583,PROD_CASE_05,1,899,899
ITEM_55145,ORD_14583,PROD_SCR_03,1,349,349
ITEM_55146,ORD_14584,PROD_CASE_04,1,599,599
ITEM_55147,ORD_14584,PROD_SCR_01,1,299,299
ITEM_55148,ORD_14585,PROD_CASE_05,1,899,899
ITEM_55149,ORD_14585,PROD_SCR_04,1,699,699
ITEM_55150,ORD_14586,PROD_CASE_05,1,899,899
ITEM_55151,ORD_14586,PROD_SCR_02,1,499,499
ITEM_55152,ORD_14587,PROD_CASE_04,1,599,599
ITEM_55153,ORD_14587,PROD_SCR_05,1,249,249
ITEM_55154,ORD_14588,PROD_CASE_02,1,799,799
ITEM_55155,ORD_14588,PROD_SCR_01,1,299,299
ITEM_55156,ORD_14589,PROD_CASE_01,1,499,499
ITEM_55157,ORD_14589,PROD_SCR_01,1,299,299
ITEM_55158,ORD_14590,PROD_CASE_05,1,899,899
ITEM_55159,ORD_14590,PROD_SCR_05,1,249,249
ITEM_55160,ORD_14591,PROD_CASE_05,1,899,899
ITEM_55161,ORD_14591,PROD_SCR_04,1,699,699
ITEM_55162,ORD_14592,PROD_CASE_02,1,799,799
ITEM_55163,ORD_14592,PROD_SCR_05,1,249,249
ITEM_55164,ORD_14593,PROD_CASE_02,1,799,799
ITEM_55165,ORD_14593,PROD_SCR_04,1,699,699
ITEM_55166,ORD_14594,PROD_CASE_01,1,499,499
ITEM_55167,ORD_14594,PROD_SCR_03,1,349,349
ITEM_55168,ORD_14595,PROD_CASE_03,1,999,999
ITEM_55169,ORD_14595,PROD_SCR_01,1,299,299
ITEM_55170,ORD_14596,PROD_CASE_04,1,599,599
ITEM_55171,ORD_14596,PROD_SCR_03,1,349,349
ITEM_55172,ORD_14597,PROD_CASE_02,1,799,799
ITEM_55173,ORD_14597,PROD_SCR_03,1,349,349
ITEM_55174,ORD_14598,PROD_CASE_05,1,899,899
ITEM_55175,ORD_14598,PROD_SCR_01,1,299,299
ITEM_55176,ORD_14599,PROD_CASE_01,1,499,499
ITEM_55177,ORD_14599,PROD_SCR_03,1,349,349
ITEM_55178,ORD_14600,PROD_CASE_02,1,799,799
ITEM_55179,ORD_14600,PROD_SCR_03,1,349,349
ITEM_55180,ORD_14601,PROD_CASE_01,1,499,499
ITEM_55181,ORD_14601,PROD_SCR_04,1,699,699
ITEM_55182,ORD_14602,PROD_CASE_02,1,799,799
ITEM_55183,ORD_14602,PROD_SCR_05,1,249,249
ITEM_55184,ORD_14603,PROD_CASE_03,1,999,999
ITEM_55185,ORD_14603,PROD_SCR_02,1,499,499
ITEM_55186,ORD_14604,PROD_CASE_02,1,799,799
ITEM_55187,ORD_14604,PROD_SCR_05,1,249,249
ITEM_55188,ORD_14605,PROD_CASE_04,1,599,599
ITEM_55189,ORD_14605,PROD_SCR_04,1,699,699
ITEM_55190,ORD_14606,PROD_CASE_05,1,899,899
ITEM_55191,ORD_14606,PROD_SCR_05,1,249,249
ITEM_55192,ORD_14607,PROD_CASE_01,1,499,499
ITEM_55193,ORD_14607,PROD_SCR_01,1,299,299
ITEM_55194,ORD_14608,PROD_CASE_05,1,899,899
ITEM_55195,ORD_14608,PROD_SCR_05,1,249,249
ITEM_55196,ORD_14609,PROD_CASE_05,1,899,899
ITEM_55197,ORD_14609,PROD_SCR_01,1,299,299
ITEM_55198,ORD_14610,PROD_CASE_03,1,999,999
ITEM_55199,ORD_14610,PROD_SCR_02,1,499,499
ITEM_55200,ORD_14611,PROD_CASE_05,1,899,899
ITEM_55201,ORD_14611,PROD_SCR_05,1,249,249
ITEM_55202,ORD_14612,PROD_CASE_03,1,999,999
ITEM_55203,ORD_14612,PROD_SCR_03,1,349,349
ITEM_55204,ORD_14613,PROD_CASE_04,1,599,599
ITEM_55205,ORD_14613,PROD_SCR_03,1,349,349
ITEM_55206,ORD_14614,PROD_CASE_05,1,899,899
ITEM_55207,ORD_14614,PROD_SCR_03,1,349,349
ITEM_55208,ORD_14615,PROD_CASE_05,1,899,899
ITEM_55209,ORD_14615,PROD_SCR_04,1,699,699
ITEM_55210,ORD_14616,PROD_CASE_02,1,799,799
ITEM_55211,ORD_14616,PROD_SCR_05,1,249,249
ITEM_55212,ORD_14617,PROD_CASE_04,1,599,599
ITEM_55213,ORD_14617,PROD_SCR_03,1,349,349
ITEM_55214,ORD_14618,PROD_CASE_03,1,999,999
ITEM_55215,ORD_14618,PROD_SCR_05,1,249,249
ITEM_55216,ORD_14619,PROD_CASE_01,1,499,499
ITEM_55217,ORD_14619,PROD_SCR_05,1,249,249
ITEM_55218,ORD_14620,PROD_CASE_01,1,499,499
ITEM_55219,ORD_14620,PROD_SCR_04,1,699,699
ITEM_55220,ORD_14621,PROD_CASE_05,1,899,899
ITEM_55221,ORD_14621,PROD_SCR_05,1,249,249
ITEM_55222,ORD_14622,PROD_CASE_01,1,499,499
ITEM_55223,ORD_14622,PROD_SCR_02,1,499,499
ITEM_55224,ORD_14623,PROD_CASE_02,1,799,799
ITEM_55225,ORD_14623,PROD_SCR_05,1,249,249
ITEM_55226,ORD_14624,PROD_CASE_01,1,499,499
ITEM_55227,ORD_14624,PROD_SCR_03,1,349,349
ITEM_55228,ORD_14625,PROD_CASE_03,1,999,999
ITEM_55229,ORD_14625,PROD_SCR_03,1,349,349
ITEM_55230,ORD_14626,PROD_CASE_02,1,799,799
ITEM_55231,ORD_14626,PROD_SCR_04,1,699,699
ITEM_55232,ORD_14627,PROD_CASE_02,1,799,799
ITEM_55233,ORD_14627,PROD_SCR_05,1,249,249
ITEM_55234,ORD_14628,PROD_CASE_01,1,499,499
ITEM_55235,ORD_14628,PROD_SCR_02,1,499,499
ITEM_55236,ORD_14629,PROD_CASE_01,1,499,499
ITEM_55237,ORD_14629,PROD_SCR_02,1,499,499
ITEM_55238,ORD_14630,PROD_CASE_04,1,599,599
ITEM_55239,ORD_14630,PROD_SCR_05,1,249,249
ITEM_55240,ORD_14631,PROD_CASE_05,1,899,899
ITEM_55241,ORD_14631,PROD_SCR_02,1,499,499
ITEM_55242,ORD_14632,PROD_CASE_05,1,899,899
ITEM_55243,ORD_14632,PROD_SCR_01,1,299,299
ITEM_55244,ORD_14633,PROD_CASE_01,1,499,499
ITEM_55245,ORD_14633,PROD_SCR_01,1,299,299
ITEM_55246,ORD_14634,PROD_CASE_05,1,899,899
ITEM_55247,ORD_14634,PROD_SCR_02,1,499,499
ITEM_55248,ORD_14635,PROD_CASE_05,1,899,899
ITEM_55249,ORD_14635,PROD_SCR_01,1,299,299
ITEM_55250,ORD_14636,PROD_CASE_05,1,899,899
ITEM_55251,ORD_14636,PROD_SCR_04,1,699,699
ITEM_55252,ORD_14637,PROD_CASE_02,1,799,799
ITEM_55253,ORD_14637,PROD_SCR_03,1,349,349
ITEM_55254,ORD_14638,PROD_CASE_03,1,999,999
ITEM_55255,ORD_14638,PROD_SCR_05,1,249,249
ITEM_55256,ORD_14639,PROD_CASE_04,1,599,599
ITEM_55257,ORD_14639,PROD_SCR_01,1,299,299
ITEM_55258,ORD_14640,PROD_CASE_02,1,799,799
ITEM_55259,ORD_14640,PROD_SCR_04,1,699,699
ITEM_55260,ORD_14641,PROD_CASE_01,1,499,499
ITEM_55261,ORD_14641,PROD_SCR_01,1,299,299
ITEM_55262,ORD_14642,PROD_CASE_05,1,899,899
ITEM_55263,ORD_14642,PROD_SCR_01,1,299,299
ITEM_55264,ORD_14643,PROD_CASE_05,1,899,899
ITEM_55265,ORD_14643,PROD_SCR_02,1,499,499
ITEM_55266,ORD_14644,PROD_CASE_02,1,799,799
ITEM_55267,ORD_14644,PROD_SCR_03,1,349,349
ITEM_55268,ORD_14645,PROD_CASE_04,1,599,599
ITEM_55269,ORD_14645,PROD_SCR_01,1,299,299
ITEM_55270,ORD_14646,PROD_CASE_05,1,899,899
ITEM_55271,ORD_14646,PROD_SCR_03,1,349,349
ITEM_55272,ORD_14647,PROD_CASE_05,1,899,899
ITEM_55273,ORD_14647,PROD_SCR_01,1,299,299
ITEM_55274,ORD_14648,PROD_CASE_01,1,499,499
ITEM_55275,ORD_14648,PROD_SCR_02,1,499,499
ITEM_55276,ORD_14649,PROD_CASE_04,1,599,599
ITEM_55277,ORD_14649,PROD_SCR_02,1,499,499
ITEM_55278,ORD_14650,PROD_CASE_03,1,999,999
ITEM_55279,ORD_14650,PROD_SCR_05,1,249,249
ITEM_55280,ORD_14651,PROD_CASE_04,1,599,599
ITEM_55281,ORD_14651,PROD_SCR_02,1,499,499
ITEM_55282,ORD_14652,PROD_CASE_03,1,999,999
ITEM_55283,ORD_14652,PROD_SCR_05,1,249,249
ITEM_55284,ORD_14653,PROD_CASE_05,1,899,899
ITEM_55285,ORD_14653,PROD_SCR_02,1,499,499
ITEM_55286,ORD_14654,PROD_CASE_05,1,899,899
ITEM_55287,ORD_14654,PROD_SCR_01,1,299,299
ITEM_55288,ORD_14655,PROD_CASE_03,1,999,999
ITEM_55289,ORD_14655,PROD_SCR_05,1,249,249
ITEM_55290,ORD_14656,PROD_CASE_04,1,599,599
ITEM_55291,ORD_14656,PROD_SCR_01,1,299,299
ITEM_55292,ORD_14657,PROD_CASE_04,1,599,599
ITEM_55293,ORD_14657,PROD_SCR_02,1,499,499
ITEM_55294,ORD_14658,PROD_CASE_04,1,599,599
ITEM_55295,ORD_14658,PROD_SCR_04,1,699,699
ITEM_55296,ORD_14659,PROD_CASE_05,1,899,899
ITEM_55297,ORD_14659,PROD_SCR_02,1,499,499
ITEM_55298,ORD_14660,PROD_CASE_01,1,499,499
ITEM_55299,ORD_14660,PROD_SCR_01,1,299,299
ITEM_55300,ORD_14661,PROD_CASE_04,1,599,599
ITEM_55301,ORD_14661,PROD_SCR_05,1,249,249
ITEM_55302,ORD_14662,PROD_CASE_05,1,899,899
ITEM_55303,ORD_14662,PROD_SCR_02,1,499,499
ITEM_55304,ORD_14663,PROD_CASE_04,1,599,599
ITEM_55305,ORD_14663,PROD_SCR_01,1,299,299
ITEM_55306,ORD_14664,PROD_CASE_04,1,599,599
ITEM_55307,ORD_14664,PROD_SCR_04,1,699,699
ITEM_55308,ORD_14665,PROD_CASE_02,1,799,799
ITEM_55309,ORD_14665,PROD_SCR_03,1,349,349
ITEM_55310,ORD_14666,PROD_CASE_04,1,599,599
ITEM_55311,ORD_14666,PROD_SCR_03,1,349,349
ITEM_55312,ORD_14667,PROD_CASE_04,1,599,599
ITEM_55313,ORD_14667,PROD_SCR_01,1,299,299
ITEM_55314,ORD_14668,PROD_CASE_04,1,599,599
ITEM_55315,ORD_14668,PROD_SCR_03,1,349,349
ITEM_55316,ORD_14669,PROD_CASE_05,1,899,899
ITEM_55317,ORD_14669,PROD_SCR_03,1,349,349
ITEM_55318,ORD_14670,PROD_CASE_01,1,499,499
ITEM_55319,ORD_14670,PROD_SCR_03,1,349,349
ITEM_55320,ORD_14671,PROD_CASE_05,1,899,899
ITEM_55321,ORD_14671,PROD_SCR_05,1,249,249
ITEM_55322,ORD_14672,PROD_CASE_02,1,799,799
ITEM_55323,ORD_14672,PROD_SCR_01,1,299,299
ITEM_55324,ORD_14673,PROD_CASE_04,1,599,599
ITEM_55325,ORD_14673,PROD_SCR_02,1,499,499
ITEM_55326,ORD_14674,PROD_CASE_05,1,899,899
ITEM_55327,ORD_14674,PROD_SCR_01,1,299,299
ITEM_55328,ORD_14675,PROD_CASE_03,1,999,999
ITEM_55329,ORD_14675,PROD_SCR_04,1,699,699
ITEM_55330,ORD_14676,PROD_CASE_05,1,899,899
ITEM_55331,ORD_14676,PROD_SCR_02,1,499,499
ITEM_55332,ORD_14677,PROD_CASE_02,1,799,799
ITEM_55333,ORD_14677,PROD_SCR_01,1,299,299
ITEM_55334,ORD_14678,PROD_CASE_01,1,499,499
ITEM_55335,ORD_14678,PROD_SCR_04,1,699,699
ITEM_55336,ORD_14679,PROD_CASE_05,1,899,899
ITEM_55337,ORD_14679,PROD_SCR_01,1,299,299
ITEM_55338,ORD_14680,PROD_CASE_05,1,899,899
ITEM_55339,ORD_14680,PROD_SCR_05,1,249,249
ITEM_55340,ORD_14681,PROD_CASE_04,1,599,599
ITEM_55341,ORD_14681,PROD_SCR_03,1,349,349
ITEM_55342,ORD_14682,PROD_CASE_01,1,499,499
ITEM_55343,ORD_14682,PROD_SCR_02,1,499,499
ITEM_55344,ORD_14683,PROD_CASE_04,1,599,599
ITEM_55345,ORD_14683,PROD_SCR_02,1,499,499
ITEM_55346,ORD_14684,PROD_CASE_03,1,999,999
ITEM_55347,ORD_14684,PROD_SCR_02,1,499,499
ITEM_55348,ORD_14685,PROD_CASE_05,1,899,899
ITEM_55349,ORD_14685,PROD_SCR_05,1,249,249
ITEM_55350,ORD_14686,PROD_CASE_04,1,599,599
ITEM_55351,ORD_14686,PROD_SCR_03,1,349,349
ITEM_55352,ORD_14687,PROD_CASE_01,1,499,499
ITEM_55353,ORD_14687,PROD_SCR_02,1,499,499
ITEM_55354,ORD_14688,PROD_CASE_05,1,899,899
ITEM_55355,ORD_14688,PROD_SCR_05,1,249,249
ITEM_55356,ORD_14689,PROD_CASE_02,1,799,799
ITEM_55357,ORD_14689,PROD_SCR_05,1,249,249
ITEM_55358,ORD_14690,PROD_CASE_03,1,999,999
ITEM_55359,ORD_14690,PROD_SCR_05,1,249,249
ITEM_55360,ORD_14691,PROD_CASE_02,1,799,799
ITEM_55361,ORD_14691,PROD_SCR_04,1,699,699
ITEM_55362,ORD_14692,PROD_CASE_04,1,599,599
ITEM_55363,ORD_14692,PROD_SCR_01,1,299,299
ITEM_55364,ORD_14693,PROD_CASE_01,1,499,499
ITEM_55365,ORD_14693,PROD_SCR_05,1,249,249
ITEM_55366,ORD_14694,PROD_CASE_01,1,499,499
ITEM_55367,ORD_14694,PROD_SCR_03,1,349,349
ITEM_55368,ORD_14695,PROD_CASE_04,1,599,599
ITEM_55369,ORD_14695,PROD_SCR_01,1,299,299
ITEM_55370,ORD_14696,PROD_CASE_04,1,599,599
ITEM_55371,ORD_14696,PROD_SCR_02,1,499,499
ITEM_55372,ORD_14697,PROD_CASE_02,1,799,799
ITEM_55373,ORD_14697,PROD_SCR_01,1,299,299
ITEM_55374,ORD_14698,PROD_CASE_02,1,799,799
ITEM_55375,ORD_14698,PROD_SCR_02,1,499,499
ITEM_55376,ORD_14699,PROD_CASE_03,1,999,999
ITEM_55377,ORD_14699,PROD_SCR_04,1,699,699
ITEM_55378,ORD_14700,PROD_CASE_03,1,999,999
ITEM_55379,ORD_14700,PROD_SCR_03,1,349,349
ITEM_55380,ORD_14701,PROD_CASE_04,1,599,599
ITEM_55381,ORD_14701,PROD_SCR_05,1,249,249
ITEM_55382,ORD_14702,PROD_CASE_05,1,899,899
ITEM_55383,ORD_14702,PROD_SCR_02,1,499,499
ITEM_55384,ORD_14703,PROD_CASE_02,1,799,799
ITEM_55385,ORD_14703,PROD_SCR_05,1,249,249
ITEM_55386,ORD_14704,PROD_CASE_05,1,899,899
ITEM_55387,ORD_14704,PROD_SCR_04,1,699,699
ITEM_55388,ORD_14705,PROD_CASE_01,1,499,499
ITEM_55389,ORD_14705,PROD_SCR_02,1,499,499
ITEM_55390,ORD_14706,PROD_CASE_05,1,899,899
ITEM_55391,ORD_14706,PROD_SCR_04,1,699,699
ITEM_55392,ORD_14707,PROD_CASE_05,1,899,899
ITEM_55393,ORD_14707,PROD_SCR_04,1,699,699
ITEM_55394,ORD_14708,PROD_CASE_03,1,999,999
ITEM_55395,ORD_14708,PROD_SCR_05,1,249,249
ITEM_55396,ORD_14709,PROD_CASE_02,1,799,799
ITEM_55397,ORD_14709,PROD_SCR_03,1,349,349
ITEM_55398,ORD_14710,PROD_CASE_03,1,999,999
ITEM_55399,ORD_14710,PROD_SCR_02,1,499,499
ITEM_55400,ORD_14711,PROD_CASE_03,1,999,999
ITEM_55401,ORD_14711,PROD_SCR_02,1,499,499
ITEM_55402,ORD_14712,PROD_CASE_01,1,499,499
ITEM_55403,ORD_14712,PROD_SCR_05,1,249,249
ITEM_55404,ORD_14713,PROD_CASE_02,1,799,799
ITEM_55405,ORD_14713,PROD_SCR_03,1,349,349
ITEM_55406,ORD_14714,PROD_CASE_01,1,499,499
ITEM_55407,ORD_14714,PROD_SCR_04,1,699,699
ITEM_55408,ORD_14715,PROD_CASE_01,1,499,499
ITEM_55409,ORD_14715,PROD_SCR_02,1,499,499
ITEM_55410,ORD_14716,PROD_CASE_02,1,799,799
ITEM_55411,ORD_14716,PROD_SCR_01,1,299,299
ITEM_55412,ORD_14717,PROD_CASE_01,1,499,499
ITEM_55413,ORD_14717,PROD_SCR_05,1,249,249
ITEM_55414,ORD_14718,PROD_CASE_02,1,799,799
ITEM_55415,ORD_14718,PROD_SCR_04,1,699,699
ITEM_55416,ORD_14719,PROD_CASE_01,1,499,499
ITEM_55417,ORD_14719,PROD_SCR_05,1,249,249
ITEM_55418,ORD_14720,PROD_CASE_05,1,899,899
ITEM_55419,ORD_14720,PROD_SCR_05,1,249,249
ITEM_55420,ORD_14721,PROD_CASE_04,1,599,599
ITEM_55421,ORD_14721,PROD_SCR_04,1,699,699
ITEM_55422,ORD_14722,PROD_CASE_01,1,499,499
ITEM_55423,ORD_14722,PROD_SCR_01,1,299,299
ITEM_55424,ORD_14723,PROD_CASE_03,1,999,999
ITEM_55425,ORD_14723,PROD_SCR_05,1,249,249
ITEM_55426,ORD_14724,PROD_CASE_04,1,599,599
ITEM_55427,ORD_14724,PROD_SCR_02,1,499,499
ITEM_55428,ORD_14725,PROD_CASE_02,1,799,799
ITEM_55429,ORD_14725,PROD_SCR_01,1,299,299
ITEM_55430,ORD_14726,PROD_CASE_02,1,799,799
ITEM_55431,ORD_14726,PROD_SCR_01,1,299,299
ITEM_55432,ORD_14727,PROD_CASE_04,1,599,599
ITEM_55433,ORD_14727,PROD_SCR_05,1,249,249
ITEM_55434,ORD_14728,PROD_CASE_04,1,599,599
ITEM_55435,ORD_14728,PROD_SCR_01,1,299,299
ITEM_55436,ORD_14729,PROD_CASE_02,1,799,799
ITEM_55437,ORD_14729,PROD_SCR_02,1,499,499
ITEM_55438,ORD_14730,PROD_CASE_03,1,999,999
ITEM_55439,ORD_14730,PROD_SCR_03,1,349,349
ITEM_55440,ORD_14731,PROD_CASE_04,1,599,599
ITEM_55441,ORD_14731,PROD_SCR_01,1,299,299
ITEM_55442,ORD_14732,PROD_CASE_02,1,799,799
ITEM_55443,ORD_14732,PROD_SCR_05,1,249,249
ITEM_55444,ORD_14733,PROD_CASE_01,1,499,499
ITEM_55445,ORD_14733,PROD_SCR_04,1,699,699
ITEM_55446,ORD_14734,PROD_CASE_04,1,599,599
ITEM_55447,ORD_14734,PROD_SCR_01,1,299,299
ITEM_55448,ORD_14735,PROD_CASE_03,1,999,999
ITEM_55449,ORD_14735,PROD_SCR_03,1,349,349
ITEM_55450,ORD_14736,PROD_CASE_02,1,799,799
ITEM_55451,ORD_14736,PROD_SCR_01,1,299,299
ITEM_55452,ORD_14737,PROD_CASE_02,1,799,799
ITEM_55453,ORD_14737,PROD_SCR_03,1,349,349
ITEM_55454,ORD_14738,PROD_CASE_05,1,899,899
ITEM_55455,ORD_14738,PROD_SCR_03,1,349,349
ITEM_55456,ORD_14739,PROD_CASE_01,1,499,499
ITEM_55457,ORD_14739,PROD_SCR_05,1,249,249
ITEM_55458,ORD_14740,PROD_CASE_04,1,599,599
ITEM_55459,ORD_14740,PROD_SCR_04,1,699,699
ITEM_55460,ORD_14741,PROD_CASE_01,1,499,499
ITEM_55461,ORD_14741,PROD_SCR_02,1,499,499
ITEM_55462,ORD_14742,PROD_CASE_03,1,999,999
ITEM_55463,ORD_14742,PROD_SCR_03,1,349,349
ITEM_55464,ORD_14743,PROD_CASE_02,1,799,799
ITEM_55465,ORD_14743,PROD_SCR_04,1,699,699
ITEM_55466,ORD_14744,PROD_CASE_04,1,599,599
ITEM_55467,ORD_14744,PROD_SCR_05,1,249,249
ITEM_55468,ORD_14745,PROD_CASE_01,1,499,499
ITEM_55469,ORD_14745,PROD_SCR_02,1,499,499
ITEM_55470,ORD_14746,PROD_CASE_03,1,999,999
ITEM_55471,ORD_14746,PROD_SCR_05,1,249,249
ITEM_55472,ORD_14747,PROD_CASE_04,1,599,599
ITEM_55473,ORD_14747,PROD_SCR_01,1,299,299
ITEM_55474,ORD_14748,PROD_CASE_05,1,899,899
ITEM_55475,ORD_14748,PROD_SCR_01,1,299,299
ITEM_55476,ORD_14749,PROD_CASE_01,1,499,499
ITEM_55477,ORD_14749,PROD_SCR_02,1,499,499
ITEM_55478,ORD_14750,PROD_CASE_04,1,599,599
ITEM_55479,ORD_14750,PROD_SCR_03,1,349,349
ITEM_55480,ORD_14751,PROD_CASE_05,1,899,899
ITEM_55481,ORD_14751,PROD_SCR_04,1,699,699
ITEM_55482,ORD_14752,PROD_CASE_04,1,599,599
ITEM_55483,ORD_14752,PROD_SCR_05,1,249,249
ITEM_55484,ORD_14753,PROD_CASE_02,1,799,799
ITEM_55485,ORD_14753,PROD_SCR_04,1,699,699
ITEM_55486,ORD_14754,PROD_CASE_01,1,499,499
ITEM_55487,ORD_14754,PROD_SCR_05,1,249,249
ITEM_55488,ORD_14755,PROD_CASE_04,1,599,599
ITEM_55489,ORD_14755,PROD_SCR_03,1,349,349
ITEM_55490,ORD_14756,PROD_CASE_02,1,799,799
ITEM_55491,ORD_14756,PROD_SCR_04,1,699,699
ITEM_55492,ORD_14757,PROD_CASE_05,1,899,899
ITEM_55493,ORD_14757,PROD_SCR_01,1,299,299
ITEM_55494,ORD_14758,PROD_CASE_03,1,999,999
ITEM_55495,ORD_14758,PROD_SCR_05,1,249,249
ITEM_55496,ORD_14759,PROD_CASE_04,1,599,599
ITEM_55497,ORD_14759,PROD_SCR_03,1,349,349
ITEM_55498,ORD_14760,PROD_CASE_05,1,899,899
ITEM_55499,ORD_14760,PROD_SCR_05,1,249,249
ITEM_55500,ORD_14761,PROD_CASE_02,1,799,799
ITEM_55501,ORD_14761,PROD_SCR_02,1,499,499
ITEM_55502,ORD_14762,PROD_CASE_05,1,899,899
ITEM_55503,ORD_14762,PROD_SCR_03,1,349,349
ITEM_55504,ORD_14763,PROD_CASE_04,1,599,599
ITEM_55505,ORD_14763,PROD_SCR_01,1,299,299
ITEM_55506,ORD_14764,PROD_CASE_02,1,799,799
ITEM_55507,ORD_14764,PROD_SCR_05,1,249,249
ITEM_55508,ORD_14765,PROD_CASE_03,1,999,999
ITEM_55509,ORD_14765,PROD_SCR_04,1,699,699
ITEM_55510,ORD_14766,PROD_CASE_01,1,499,499
ITEM_55511,ORD_14766,PROD_SCR_02,1,499,499
ITEM_55512,ORD_14767,PROD_CASE_04,1,599,599
ITEM_55513,ORD_14767,PROD_SCR_02,1,499,499
ITEM_55514,ORD_14768,PROD_CASE_03,1,999,999
ITEM_55515,ORD_14768,PROD_SCR_01,1,299,299
ITEM_55516,ORD_14769,PROD_CASE_01,1,499,499
ITEM_55517,ORD_14769,PROD_SCR_01,1,299,299
ITEM_55518,ORD_14770,PROD_CASE_05,1,899,899
ITEM_55519,ORD_14770,PROD_SCR_04,1,699,699
ITEM_55520,ORD_14771,PROD_CASE_04,1,599,599
ITEM_55521,ORD_14771,PROD_SCR_04,1,699,699
ITEM_55522,ORD_14772,PROD_CASE_05,1,899,899
ITEM_55523,ORD_14772,PROD_SCR_01,1,299,299
ITEM_55524,ORD_14773,PROD_CASE_05,1,899,899
ITEM_55525,ORD_14773,PROD_SCR_05,1,249,249
ITEM_55526,ORD_14774,PROD_CASE_01,1,499,499
ITEM_55527,ORD_14774,PROD_SCR_04,1,699,699
ITEM_55528,ORD_14775,PROD_CASE_01,1,499,499
ITEM_55529,ORD_14775,PROD_SCR_04,1,699,699
ITEM_55530,ORD_14776,PROD_CASE_02,1,799,799
ITEM_55531,ORD_14776,PROD_SCR_02,1,499,499
ITEM_55532,ORD_14777,PROD_CASE_02,1,799,799
ITEM_55533,ORD_14777,PROD_SCR_04,1,699,699
ITEM_55534,ORD_14778,PROD_CASE_05,1,899,899
ITEM_55535,ORD_14778,PROD_SCR_05,1,249,249
ITEM_55536,ORD_14779,PROD_CASE_05,1,899,899
ITEM_55537,ORD_14779,PROD_SCR_01,1,299,299
ITEM_55538,ORD_14780,PROD_CASE_03,1,999,999
ITEM_55539,ORD_14780,PROD_SCR_03,1,349,349
ITEM_55540,ORD_14781,PROD_CASE_05,1,899,899
ITEM_55541,ORD_14781,PROD_SCR_04,1,699,699
ITEM_55542,ORD_14782,PROD_CASE_02,1,799,799
ITEM_55543,ORD_14782,PROD_SCR_01,1,299,299
ITEM_55544,ORD_14783,PROD_CASE_05,1,899,899
ITEM_55545,ORD_14783,PROD_SCR_05,1,249,249
ITEM_55546,ORD_14784,PROD_CASE_02,1,799,799
ITEM_55547,ORD_14784,PROD_SCR_02,1,499,499
ITEM_55548,ORD_14785,PROD_CASE_01,1,499,499
ITEM_55549,ORD_14785,PROD_SCR_02,1,499,499
ITEM_55550,ORD_14786,PROD_CASE_05,1,899,899
ITEM_55551,ORD_14786,PROD_SCR_01,1,299,299
ITEM_55552,ORD_14787,PROD_CASE_05,1,899,899
ITEM_55553,ORD_14787,PROD_SCR_05,1,249,249
ITEM_55554,ORD_14788,PROD_CASE_03,1,999,999
ITEM_55555,ORD_14788,PROD_SCR_03,1,349,349
ITEM_55556,ORD_14789,PROD_CASE_05,1,899,899
ITEM_55557,ORD_14789,PROD_SCR_03,1,349,349
ITEM_55558,ORD_14790,PROD_CASE_03,1,999,999
ITEM_55559,ORD_14790,PROD_SCR_01,1,299,299
ITEM_55560,ORD_14791,PROD_CASE_03,1,999,999
ITEM_55561,ORD_14791,PROD_SCR_02,1,499,499
ITEM_55562,ORD_14792,PROD_CASE_01,1,499,499
ITEM_55563,ORD_14792,PROD_SCR_04,1,699,699
ITEM_55564,ORD_14793,PROD_CASE_05,1,899,899
ITEM_55565,ORD_14793,PROD_SCR_05,1,249,249
ITEM_55566,ORD_14794,PROD_CASE_03,1,999,999
ITEM_55567,ORD_14794,PROD_SCR_04,1,699,699
ITEM_55568,ORD_14795,PROD_CASE_01,1,499,499
ITEM_55569,ORD_14795,PROD_SCR_01,1,299,299
ITEM_55570,ORD_14796,PROD_CASE_03,1,999,999
ITEM_55571,ORD_14796,PROD_SCR_01,1,299,299
ITEM_55572,ORD_14797,PROD_CASE_05,1,899,899
ITEM_55573,ORD_14797,PROD_SCR_01,1,299,299
ITEM_55574,ORD_14798,PROD_CASE_02,1,799,799
ITEM_55575,ORD_14798,PROD_SCR_02,1,499,499
ITEM_55576,ORD_14799,PROD_CASE_03,1,999,999
ITEM_55577,ORD_14799,PROD_SCR_01,1,299,299
ITEM_55578,ORD_14800,PROD_CASE_01,1,499,499
ITEM_55579,ORD_14800,PROD_SCR_05,1,249,249
ITEM_55580,ORD_14801,PROD_CASE_01,1,499,499
ITEM_55581,ORD_14801,PROD_SCR_04,1,699,699
ITEM_55582,ORD_14802,PROD_CASE_02,1,799,799
ITEM_55583,ORD_14802,PROD_SCR_04,1,699,699
ITEM_55584,ORD_14803,PROD_CASE_03,1,999,999
ITEM_55585,ORD_14803,PROD_SCR_02,1,499,499
ITEM_55586,ORD_14804,PROD_CASE_02,1,799,799
ITEM_55587,ORD_14804,PROD_SCR_03,1,349,349
ITEM_55588,ORD_14805,PROD_CASE_03,1,999,999
ITEM_55589,ORD_14805,PROD_SCR_01,1,299,299
ITEM_55590,ORD_14806,PROD_CASE_05,1,899,899
ITEM_55591,ORD_14806,PROD_SCR_02,1,499,499
ITEM_55592,ORD_14807,PROD_CASE_01,1,499,499
ITEM_55593,ORD_14807,PROD_SCR_05,1,249,249
ITEM_55594,ORD_14808,PROD_CASE_01,1,499,499
ITEM_55595,ORD_14808,PROD_SCR_02,1,499,499
ITEM_55596,ORD_14809,PROD_CASE_05,1,899,899
ITEM_55597,ORD_14809,PROD_SCR_01,1,299,299
ITEM_55598,ORD_14810,PROD_CASE_04,1,599,599
ITEM_55599,ORD_14810,PROD_SCR_01,1,299,299
ITEM_55600,ORD_14811,PROD_CASE_05,1,899,899
ITEM_55601,ORD_14811,PROD_SCR_02,1,499,499
ITEM_55602,ORD_14812,PROD_CASE_04,1,599,599
ITEM_55603,ORD_14812,PROD_SCR_04,1,699,699
ITEM_55604,ORD_14813,PROD_CASE_02,1,799,799
ITEM_55605,ORD_14813,PROD_SCR_05,1,249,249
ITEM_55606,ORD_14814,PROD_CASE_04,1,599,599
ITEM_55607,ORD_14814,PROD_SCR_01,1,299,299
ITEM_55608,ORD_14815,PROD_CASE_02,1,799,799
ITEM_55609,ORD_14815,PROD_SCR_02,1,499,499
ITEM_55610,ORD_14816,PROD_CASE_04,1,599,599
ITEM_55611,ORD_14816,PROD_SCR_01,1,299,299
ITEM_55612,ORD_14817,PROD_CASE_01,1,499,499
ITEM_55613,ORD_14817,PROD_SCR_03,1,349,349
ITEM_55614,ORD_14818,PROD_CASE_01,1,499,499
ITEM_55615,ORD_14818,PROD_SCR_04,1,699,699
ITEM_55616,ORD_14819,PROD_CASE_03,1,999,999
ITEM_55617,ORD_14819,PROD_SCR_02,1,499,499
ITEM_55618,ORD_14820,PROD_CASE_03,1,999,999
ITEM_55619,ORD_14820,PROD_SCR_04,1,699,699
ITEM_55620,ORD_14821,PROD_CASE_03,1,999,999
ITEM_55621,ORD_14821,PROD_SCR_02,1,499,499
ITEM_55622,ORD_14822,PROD_CASE_02,1,799,799
ITEM_55623,ORD_14822,PROD_SCR_03,1,349,349
ITEM_55624,ORD_14823,PROD_CASE_01,1,499,499
ITEM_55625,ORD_14823,PROD_SCR_05,1,249,249
ITEM_55626,ORD_14824,PROD_CASE_01,1,499,499
ITEM_55627,ORD_14824,PROD_SCR_03,1,349,349
ITEM_55628,ORD_14825,PROD_CASE_02,1,799,799
ITEM_55629,ORD_14825,PROD_SCR_03,1,349,349
ITEM_55630,ORD_14826,PROD_CASE_03,1,999,999
ITEM_55631,ORD_14826,PROD_SCR_02,1,499,499
ITEM_55632,ORD_14827,PROD_CASE_01,1,499,499
ITEM_55633,ORD_14827,PROD_SCR_04,1,699,699
ITEM_55634,ORD_14828,PROD_CASE_02,1,799,799
ITEM_55635,ORD_14828,PROD_SCR_03,1,349,349
ITEM_55636,ORD_14829,PROD_CASE_02,1,799,799
ITEM_55637,ORD_14829,PROD_SCR_04,1,699,699
ITEM_55638,ORD_14830,PROD_CASE_04,1,599,599
ITEM_55639,ORD_14830,PROD_SCR_01,1,299,299
ITEM_55640,ORD_14831,PROD_CASE_04,1,599,599
ITEM_55641,ORD_14831,PROD_SCR_04,1,699,699
ITEM_55642,ORD_14832,PROD_CASE_04,1,599,599
ITEM_55643,ORD_14832,PROD_SCR_02,1,499,499
ITEM_55644,ORD_14833,PROD_CASE_05,1,899,899
ITEM_55645,ORD_14833,PROD_SCR_04,1,699,699
ITEM_55646,ORD_14834,PROD_CASE_05,1,899,899
ITEM_55647,ORD_14834,PROD_SCR_03,1,349,349
ITEM_55648,ORD_14835,PROD_CASE_04,1,599,599
ITEM_55649,ORD_14835,PROD_SCR_01,1,299,299
ITEM_55650,ORD_14836,PROD_CASE_01,1,499,499
ITEM_55651,ORD_14836,PROD_SCR_02,1,499,499
ITEM_55652,ORD_14837,PROD_CASE_04,1,599,599
ITEM_55653,ORD_14837,PROD_SCR_01,1,299,299
ITEM_55654,ORD_14838,PROD_CASE_05,1,899,899
ITEM_55655,ORD_14838,PROD_SCR_04,1,699,699
ITEM_55656,ORD_14839,PROD_CASE_02,1,799,799
ITEM_55657,ORD_14839,PROD_SCR_03,1,349,349
ITEM_55658,ORD_14840,PROD_CASE_03,1,999,999
ITEM_55659,ORD_14840,PROD_SCR_01,1,299,299
ITEM_55660,ORD_14841,PROD_CASE_04,1,599,599
ITEM_55661,ORD_14841,PROD_SCR_05,1,249,249
ITEM_55662,ORD_14842,PROD_CASE_01,1,499,499
ITEM_55663,ORD_14842,PROD_SCR_03,1,349,349
ITEM_55664,ORD_14843,PROD_CASE_03,1,999,999
ITEM_55665,ORD_14843,PROD_SCR_05,1,249,249
ITEM_55666,ORD_14844,PROD_CASE_02,1,799,799
ITEM_55667,ORD_14844,PROD_SCR_03,1,349,349
ITEM_55668,ORD_14845,PROD_CASE_02,1,799,799
ITEM_55669,ORD_14845,PROD_SCR_01,1,299,299
ITEM_55670,ORD_14846,PROD_CASE_03,1,999,999
ITEM_55671,ORD_14846,PROD_SCR_03,1,349,349
ITEM_55672,ORD_14847,PROD_CASE_01,1,499,499
ITEM_55673,ORD_14847,PROD_SCR_01,1,299,299
ITEM_55674,ORD_14848,PROD_CASE_04,1,599,599
ITEM_55675,ORD_14848,PROD_SCR_02,1,499,499
ITEM_55676,ORD_14849,PROD_CASE_05,1,899,899
ITEM_55677,ORD_14849,PROD_SCR_02,1,499,499
ITEM_55678,ORD_14850,PROD_CASE_04,1,599,599
ITEM_55679,ORD_14850,PROD_SCR_02,1,499,499
ITEM_55680,ORD_14851,PROD_CASE_05,1,899,899
ITEM_55681,ORD_14851,PROD_SCR_03,1,349,349
ITEM_55682,ORD_14852,PROD_CASE_02,1,799,799
ITEM_55683,ORD_14852,PROD_SCR_01,1,299,299
ITEM_55684,ORD_14853,PROD_CASE_05,1,899,899
ITEM_55685,ORD_14853,PROD_SCR_04,1,699,699
ITEM_55686,ORD_14854,PROD_CASE_04,1,599,599
ITEM_55687,ORD_14854,PROD_SCR_03,1,349,349
ITEM_55688,ORD_14855,PROD_CASE_01,1,499,499
ITEM_55689,ORD_14855,PROD_SCR_01,1,299,299
ITEM_55690,ORD_14856,PROD_CASE_02,1,799,799
ITEM_55691,ORD_14856,PROD_SCR_03,1,349,349
ITEM_55692,ORD_14857,PROD_CASE_03,1,999,999
ITEM_55693,ORD_14857,PROD_SCR_01,1,299,299
ITEM_55694,ORD_14858,PROD_CASE_01,1,499,499
ITEM_55695,ORD_14858,PROD_SCR_01,1,299,299
ITEM_55696,ORD_14859,PROD_CASE_03,1,999,999
ITEM_55697,ORD_14859,PROD_SCR_05,1,249,249
ITEM_55698,ORD_14860,PROD_CASE_01,1,499,499
ITEM_55699,ORD_14860,PROD_SCR_02,1,499,499
ITEM_55700,ORD_14861,PROD_CASE_05,1,899,899
ITEM_55701,ORD_14861,PROD_SCR_04,1,699,699
ITEM_55702,ORD_14862,PROD_CASE_02,1,799,799
ITEM_55703,ORD_14862,PROD_SCR_01,1,299,299
ITEM_55704,ORD_14863,PROD_CASE_05,1,899,899
ITEM_55705,ORD_14863,PROD_SCR_04,1,699,699
ITEM_55706,ORD_14864,PROD_CASE_05,1,899,899
ITEM_55707,ORD_14864,PROD_SCR_05,1,249,249
ITEM_55708,ORD_14865,PROD_CASE_03,1,999,999
ITEM_55709,ORD_14865,PROD_SCR_01,1,299,299
ITEM_55710,ORD_14866,PROD_CASE_04,1,599,599
ITEM_55711,ORD_14866,PROD_SCR_01,1,299,299
ITEM_55712,ORD_14867,PROD_CASE_04,1,599,599
ITEM_55713,ORD_14867,PROD_SCR_01,1,299,299
ITEM_55714,ORD_14868,PROD_CASE_05,1,899,899
ITEM_55715,ORD_14868,PROD_SCR_04,1,699,699
ITEM_55716,ORD_14869,PROD_CASE_01,1,499,499
ITEM_55717,ORD_14869,PROD_SCR_04,1,699,699
ITEM_55718,ORD_14870,PROD_CASE_05,1,899,899
ITEM_55719,ORD_14870,PROD_SCR_01,1,299,299
ITEM_55720,ORD_14871,PROD_CASE_01,1,499,499
ITEM_55721,ORD_14871,PROD_SCR_05,1,249,249
ITEM_55722,ORD_14872,PROD_CASE_04,1,599,599
ITEM_55723,ORD_14872,PROD_SCR_05,1,249,249
ITEM_55724,ORD_14873,PROD_CASE_01,1,499,499
ITEM_55725,ORD_14873,PROD_SCR_01,1,299,299
ITEM_55726,ORD_14874,PROD_CASE_03,1,999,999
ITEM_55727,ORD_14874,PROD_SCR_02,1,499,499
ITEM_55728,ORD_14875,PROD_CASE_01,1,499,499
ITEM_55729,ORD_14875,PROD_SCR_01,1,299,299
ITEM_55730,ORD_14876,PROD_CASE_05,1,899,899
ITEM_55731,ORD_14876,PROD_SCR_04,1,699,699
ITEM_55732,ORD_14877,PROD_CASE_04,1,599,599
ITEM_55733,ORD_14877,PROD_SCR_02,1,499,499
ITEM_55734,ORD_14878,PROD_CASE_01,1,499,499
ITEM_55735,ORD_14878,PROD_SCR_02,1,499,499
ITEM_55736,ORD_14879,PROD_CASE_01,1,499,499
ITEM_55737,ORD_14879,PROD_SCR_04,1,699,699
ITEM_55738,ORD_14880,PROD_CASE_05,1,899,899
ITEM_55739,ORD_14880,PROD_SCR_01,1,299,299
ITEM_55740,ORD_14881,PROD_CASE_02,1,799,799
ITEM_55741,ORD_14881,PROD_SCR_02,1,499,499
ITEM_55742,ORD_14882,PROD_CASE_05,1,899,899
ITEM_55743,ORD_14882,PROD_SCR_04,1,699,699
ITEM_55744,ORD_14883,PROD_CASE_01,1,499,499
ITEM_55745,ORD_14883,PROD_SCR_05,1,249,249
ITEM_55746,ORD_14884,PROD_CASE_02,1,799,799
ITEM_55747,ORD_14884,PROD_SCR_01,1,299,299
ITEM_55748,ORD_14885,PROD_CASE_01,1,499,499
ITEM_55749,ORD_14885,PROD_SCR_01,1,299,299
ITEM_55750,ORD_14886,PROD_CASE_05,1,899,899
ITEM_55751,ORD_14886,PROD_SCR_01,1,299,299
ITEM_55752,ORD_14887,PROD_CASE_05,1,899,899
ITEM_55753,ORD_14887,PROD_SCR_03,1,349,349
ITEM_55754,ORD_14888,PROD_CASE_05,1,899,899
ITEM_55755,ORD_14888,PROD_SCR_01,1,299,299
ITEM_55756,ORD_14889,PROD_CASE_03,1,999,999
ITEM_55757,ORD_14889,PROD_SCR_03,1,349,349
ITEM_55758,ORD_14890,PROD_CASE_02,1,799,799
ITEM_55759,ORD_14890,PROD_SCR_02,1,499,499
ITEM_55760,ORD_14891,PROD_CASE_01,1,499,499
ITEM_55761,ORD_14891,PROD_SCR_04,1,699,699
ITEM_55762,ORD_14892,PROD_CASE_04,1,599,599
ITEM_55763,ORD_14892,PROD_SCR_05,1,249,249
ITEM_55764,ORD_14893,PROD_CASE_05,1,899,899
ITEM_55765,ORD_14893,PROD_SCR_03,1,349,349
ITEM_55766,ORD_14894,PROD_CASE_04,1,599,599
ITEM_55767,ORD_14894,PROD_SCR_01,1,299,299
ITEM_55768,ORD_14895,PROD_CASE_03,1,999,999
ITEM_55769,ORD_14895,PROD_SCR_01,1,299,299
ITEM_55770,ORD_14896,PROD_CASE_01,1,499,499
ITEM_55771,ORD_14896,PROD_SCR_02,1,499,499
ITEM_55772,ORD_14897,PROD_CASE_02,1,799,799
ITEM_55773,ORD_14897,PROD_SCR_01,1,299,299
ITEM_55774,ORD_14898,PROD_CASE_01,1,499,499
ITEM_55775,ORD_14898,PROD_SCR_04,1,699,699
ITEM_55776,ORD_14899,PROD_CASE_04,1,599,599
ITEM_55777,ORD_14899,PROD_SCR_01,1,299,299
ITEM_55778,ORD_14900,PROD_CASE_02,1,799,799
ITEM_55779,ORD_14900,PROD_SCR_02,1,499,499
ITEM_55780,ORD_14901,PROD_CASE_05,1,899,899
ITEM_55781,ORD_14901,PROD_SCR_03,1,349,349
ITEM_55782,ORD_14902,PROD_CASE_02,1,799,799
ITEM_55783,ORD_14902,PROD_SCR_01,1,299,299
ITEM_55784,ORD_14903,PROD_CASE_02,1,799,799
ITEM_55785,ORD_14903,PROD_SCR_05,1,249,249
ITEM_55786,ORD_14904,PROD_CASE_03,1,999,999
ITEM_55787,ORD_14904,PROD_SCR_05,1,249,249
ITEM_55788,ORD_14905,PROD_CASE_01,1,499,499
ITEM_55789,ORD_14905,PROD_SCR_03,1,349,349
ITEM_55790,ORD_14906,PROD_CASE_05,1,899,899
ITEM_55791,ORD_14906,PROD_SCR_01,1,299,299
ITEM_55792,ORD_14907,PROD_CASE_02,1,799,799
ITEM_55793,ORD_14907,PROD_SCR_01,1,299,299
ITEM_55794,ORD_14908,PROD_CASE_01,1,499,499
ITEM_55795,ORD_14908,PROD_SCR_04,1,699,699
ITEM_55796,ORD_14909,PROD_CASE_05,1,899,899
ITEM_55797,ORD_14909,PROD_SCR_04,1,699,699
ITEM_55798,ORD_14910,PROD_CASE_02,1,799,799
ITEM_55799,ORD_14910,PROD_SCR_02,1,499,499
ITEM_55800,ORD_14911,PROD_CASE_03,1,999,999
ITEM_55801,ORD_14911,PROD_SCR_02,1,499,499
ITEM_55802,ORD_14912,PROD_CASE_01,1,499,499
ITEM_55803,ORD_14912,PROD_SCR_01,1,299,299
ITEM_55804,ORD_14913,PROD_CASE_01,1,499,499
ITEM_55805,ORD_14913,PROD_SCR_03,1,349,349
ITEM_55806,ORD_14914,PROD_CASE_02,1,799,799
ITEM_55807,ORD_14914,PROD_SCR_04,1,699,699
ITEM_55808,ORD_14915,PROD_CASE_05,1,899,899
ITEM_55809,ORD_14915,PROD_SCR_04,1,699,699
ITEM_55810,ORD_14916,PROD_CASE_02,1,799,799
ITEM_55811,ORD_14916,PROD_SCR_05,1,249,249
ITEM_55812,ORD_14917,PROD_CASE_01,1,499,499
ITEM_55813,ORD_14917,PROD_SCR_02,1,499,499
ITEM_55814,ORD_14918,PROD_CASE_04,1,599,599
ITEM_55815,ORD_14918,PROD_SCR_04,1,699,699
ITEM_55816,ORD_14919,PROD_CASE_02,1,799,799
ITEM_55817,ORD_14919,PROD_SCR_02,1,499,499
ITEM_55818,ORD_14920,PROD_CASE_05,1,899,899
ITEM_55819,ORD_14920,PROD_SCR_04,1,699,699
ITEM_55820,ORD_14921,PROD_CASE_03,1,999,999
ITEM_55821,ORD_14921,PROD_SCR_03,1,349,349
ITEM_55822,ORD_14922,PROD_CASE_01,1,499,499
ITEM_55823,ORD_14922,PROD_SCR_05,1,249,249
ITEM_55824,ORD_14923,PROD_CASE_04,1,599,599
ITEM_55825,ORD_14923,PROD_SCR_01,1,299,299
ITEM_55826,ORD_14924,PROD_CASE_03,1,999,999
ITEM_55827,ORD_14924,PROD_SCR_04,1,699,699
ITEM_55828,ORD_14925,PROD_CASE_03,1,999,999
ITEM_55829,ORD_14925,PROD_SCR_04,1,699,699
ITEM_55830,ORD_14926,PROD_CASE_01,1,499,499
ITEM_55831,ORD_14926,PROD_SCR_03,1,349,349
ITEM_55832,ORD_14927,PROD_CASE_01,1,499,499
ITEM_55833,ORD_14927,PROD_SCR_04,1,699,699
ITEM_55834,ORD_14928,PROD_CASE_05,1,899,899
ITEM_55835,ORD_14928,PROD_SCR_04,1,699,699
ITEM_55836,ORD_14929,PROD_CASE_03,1,999,999
ITEM_55837,ORD_14929,PROD_SCR_04,1,699,699
ITEM_55838,ORD_14930,PROD_CASE_02,1,799,799
ITEM_55839,ORD_14930,PROD_SCR_04,1,699,699
ITEM_55840,ORD_14931,PROD_CASE_02,1,799,799
ITEM_55841,ORD_14931,PROD_SCR_01,1,299,299
ITEM_55842,ORD_14932,PROD_CASE_02,1,799,799
ITEM_55843,ORD_14932,PROD_SCR_05,1,249,249
ITEM_55844,ORD_14933,PROD_CASE_04,1,599,599
ITEM_55845,ORD_14933,PROD_SCR_03,1,349,349
ITEM_55846,ORD_14934,PROD_CASE_05,1,899,899
ITEM_55847,ORD_14934,PROD_SCR_03,1,349,349
ITEM_55848,ORD_14935,PROD_CASE_02,1,799,799
ITEM_55849,ORD_14935,PROD_SCR_04,1,699,699
ITEM_55850,ORD_14936,PROD_CASE_02,1,799,799
ITEM_55851,ORD_14936,PROD_SCR_03,1,349,349
ITEM_55852,ORD_14937,PROD_CASE_04,1,599,599
ITEM_55853,ORD_14937,PROD_SCR_05,1,249,249
ITEM_55854,ORD_14938,PROD_CASE_04,1,599,599
ITEM_55855,ORD_14938,PROD_SCR_02,1,499,499
ITEM_55856,ORD_14939,PROD_CASE_03,1,999,999
ITEM_55857,ORD_14939,PROD_SCR_01,1,299,299
ITEM_55858,ORD_14940,PROD_CASE_03,1,999,999
ITEM_55859,ORD_14940,PROD_SCR_02,1,499,499
ITEM_55860,ORD_14941,PROD_CASE_04,1,599,599
ITEM_55861,ORD_14941,PROD_SCR_02,1,499,499
ITEM_55862,ORD_14942,PROD_CASE_02,1,799,799
ITEM_55863,ORD_14942,PROD_SCR_03,1,349,349
ITEM_55864,ORD_14943,PROD_CASE_04,1,599,599
ITEM_55865,ORD_14943,PROD_SCR_04,1,699,699
ITEM_55866,ORD_14944,PROD_CASE_03,1,999,999
ITEM_55867,ORD_14944,PROD_SCR_05,1,249,249
ITEM_55868,ORD_14945,PROD_CASE_05,1,899,899
ITEM_55869,ORD_14945,PROD_SCR_04,1,699,699
ITEM_55870,ORD_14946,PROD_CASE_04,1,599,599
ITEM_55871,ORD_14946,PROD_SCR_05,1,249,249
ITEM_55872,ORD_14947,PROD_CASE_01,1,499,499
ITEM_55873,ORD_14947,PROD_SCR_03,1,349,349
ITEM_55874,ORD_14948,PROD_CASE_05,1,899,899
ITEM_55875,ORD_14948,PROD_SCR_02,1,499,499
ITEM_55876,ORD_14949,PROD_CASE_03,1,999,999
ITEM_55877,ORD_14949,PROD_SCR_03,1,349,349
ITEM_55878,ORD_14950,PROD_CASE_03,1,999,999
ITEM_55879,ORD_14950,PROD_SCR_01,1,299,299
ITEM_55880,ORD_14951,PROD_CASE_05,1,899,899
ITEM_55881,ORD_14951,PROD_SCR_02,1,499,499
ITEM_55882,ORD_14952,PROD_CASE_04,1,599,599
ITEM_55883,ORD_14952,PROD_SCR_01,1,299,299
ITEM_55884,ORD_14953,PROD_CASE_04,1,599,599
ITEM_55885,ORD_14953,PROD_SCR_04,1,699,699
ITEM_55886,ORD_14954,PROD_CASE_03,1,999,999
ITEM_55887,ORD_14954,PROD_SCR_02,1,499,499
ITEM_55888,ORD_14955,PROD_CASE_03,1,999,999
ITEM_55889,ORD_14955,PROD_SCR_04,1,699,699
ITEM_55890,ORD_14956,PROD_CASE_04,1,599,599
ITEM_55891,ORD_14956,PROD_SCR_05,1,249,249
ITEM_55892,ORD_14957,PROD_CASE_03,1,999,999
ITEM_55893,ORD_14957,PROD_SCR_03,1,349,349
ITEM_55894,ORD_14958,PROD_CASE_01,1,499,499
ITEM_55895,ORD_14958,PROD_SCR_05,1,249,249
ITEM_55896,ORD_14959,PROD_CASE_05,1,899,899
ITEM_55897,ORD_14959,PROD_SCR_03,1,349,349
ITEM_55898,ORD_14960,PROD_CASE_04,1,599,599
ITEM_55899,ORD_14960,PROD_SCR_02,1,499,499
ITEM_55900,ORD_14961,PROD_CASE_02,1,799,799
ITEM_55901,ORD_14961,PROD_SCR_04,1,699,699
ITEM_55902,ORD_14962,PROD_CASE_01,1,499,499
ITEM_55903,ORD_14962,PROD_SCR_02,1,499,499
ITEM_55904,ORD_14963,PROD_CASE_04,1,599,599
ITEM_55905,ORD_14963,PROD_SCR_01,1,299,299
ITEM_55906,ORD_14964,PROD_CASE_04,1,599,599
ITEM_55907,ORD_14964,PROD_SCR_03,1,349,349
ITEM_55908,ORD_14965,PROD_CASE_05,1,899,899
ITEM_55909,ORD_14965,PROD_SCR_01,1,299,299
ITEM_55910,ORD_14966,PROD_CASE_02,1,799,799
ITEM_55911,ORD_14966,PROD_SCR_01,1,299,299
ITEM_55912,ORD_14967,PROD_CASE_05,1,899,899
ITEM_55913,ORD_14967,PROD_SCR_03,1,349,349
ITEM_55914,ORD_14968,PROD_CASE_05,1,899,899
ITEM_55915,ORD_14968,PROD_SCR_04,1,699,699
ITEM_55916,ORD_14969,PROD_CASE_01,1,499,499
ITEM_55917,ORD_14969,PROD_SCR_03,1,349,349
ITEM_55918,ORD_14970,PROD_CASE_04,1,599,599
ITEM_55919,ORD_14970,PROD_SCR_05,1,249,249
ITEM_55920,ORD_14971,PROD_CASE_02,1,799,799
ITEM_55921,ORD_14971,PROD_SCR_02,1,499,499
ITEM_55922,ORD_14972,PROD_CASE_04,1,599,599
ITEM_55923,ORD_14972,PROD_SCR_05,1,249,249
ITEM_55924,ORD_14973,PROD_CASE_03,1,999,999
ITEM_55925,ORD_14973,PROD_SCR_02,1,499,499
ITEM_55926,ORD_14974,PROD_CASE_04,1,599,599
ITEM_55927,ORD_14974,PROD_SCR_01,1,299,299
ITEM_55928,ORD_14975,PROD_CASE_01,1,499,499
ITEM_55929,ORD_14975,PROD_SCR_01,1,299,299
ITEM_55930,ORD_14976,PROD_CASE_01,1,499,499
ITEM_55931,ORD_14976,PROD_SCR_02,1,499,499
ITEM_55932,ORD_14977,PROD_CASE_02,1,799,799
ITEM_55933,ORD_14977,PROD_SCR_04,1,699,699
ITEM_55934,ORD_14978,PROD_CASE_01,1,499,499
ITEM_55935,ORD_14978,PROD_SCR_01,1,299,299
ITEM_55936,ORD_14979,PROD_CASE_02,1,799,799
ITEM_55937,ORD_14979,PROD_SCR_02,1,499,499
ITEM_55938,ORD_14980,PROD_CASE_02,1,799,799
ITEM_55939,ORD_14980,PROD_SCR_03,1,349,349
ITEM_55940,ORD_14981,PROD_CASE_02,1,799,799
ITEM_55941,ORD_14981,PROD_SCR_01,1,299,299
ITEM_55942,ORD_14982,PROD_CASE_03,1,999,999
ITEM_55943,ORD_14982,PROD_SCR_04,1,699,699
ITEM_55944,ORD_14983,PROD_CASE_05,1,899,899
ITEM_55945,ORD_14983,PROD_SCR_01,1,299,299
ITEM_55946,ORD_14984,PROD_CASE_01,1,499,499
ITEM_55947,ORD_14984,PROD_SCR_04,1,699,699
ITEM_55948,ORD_14985,PROD_CASE_02,1,799,799
ITEM_55949,ORD_14985,PROD_SCR_03,1,349,349
ITEM_55950,ORD_14986,PROD_CASE_05,1,899,899
ITEM_55951,ORD_14986,PROD_SCR_03,1,349,349
ITEM_55952,ORD_14987,PROD_CASE_02,1,799,799
ITEM_55953,ORD_14987,PROD_SCR_05,1,249,249
ITEM_55954,ORD_14988,PROD_CASE_02,1,799,799
ITEM_55955,ORD_14988,PROD_SCR_04,1,699,699
ITEM_55956,ORD_14989,PROD_CASE_01,1,499,499
ITEM_55957,ORD_14989,PROD_SCR_02,1,499,499
ITEM_55958,ORD_14990,PROD_CASE_04,1,599,599
ITEM_55959,ORD_14990,PROD_SCR_02,1,499,499
ITEM_55960,ORD_14991,PROD_CASE_03,1,999,999
ITEM_55961,ORD_14991,PROD_SCR_05,1,249,249
ITEM_55962,ORD_14992,PROD_CASE_04,1,599,599
ITEM_55963,ORD_14992,PROD_SCR_04,1,699,699
ITEM_55964,ORD_14993,PROD_CASE_03,1,999,999
ITEM_55965,ORD_14993,PROD_SCR_02,1,499,499
ITEM_55966,ORD_14994,PROD_CASE_03,1,999,999
ITEM_55967,ORD_14994,PROD_SCR_03,1,349,349
ITEM_55968,ORD_14995,PROD_CASE_03,1,999,999
ITEM_55969,ORD_14995,PROD_SCR_05,1,249,249
ITEM_55970,ORD_14996,PROD_CASE_03,1,999,999
ITEM_55971,ORD_14996,PROD_SCR_01,1,299,299
ITEM_55972,ORD_14997,PROD_CASE_05,1,899,899
ITEM_55973,ORD_14997,PROD_SCR_05,1,249,249
ITEM_55974,ORD_14998,PROD_CASE_01,1,499,499
ITEM_55975,ORD_14998,PROD_SCR_04,1,699,699
ITEM_55976,ORD_14999,PROD_CASE_04,1,599,599
ITEM_55977,ORD_14999,PROD_SCR_01,1,299,299
ITEM_55978,ORD_15000,PROD_CASE_01,1,499,499
ITEM_55979,ORD_15000,PROD_SCR_01,1,299,299
ITEM_55980,ORD_15001,PROD_CASE_02,1,799,799
ITEM_55981,ORD_15001,PROD_SCR_05,1,249,249
ITEM_55982,ORD_15002,PROD_CASE_01,1,499,499
ITEM_55983,ORD_15002,PROD_SCR_03,1,349,349
ITEM_55984,ORD_15003,PROD_CASE_05,1,899,899
ITEM_55985,ORD_15003,PROD_SCR_01,1,299,299
ITEM_55986,ORD_15004,PROD_CASE_05,1,899,899
ITEM_55987,ORD_15004,PROD_SCR_01,1,299,299
ITEM_55988,ORD_15005,PROD_CASE_02,1,799,799
ITEM_55989,ORD_15005,PROD_SCR_03,1,349,349
ITEM_55990,ORD_15006,PROD_CASE_02,1,799,799
ITEM_55991,ORD_15006,PROD_SCR_01,1,299,299
ITEM_55992,ORD_15007,PROD_CASE_01,1,499,499
ITEM_55993,ORD_15007,PROD_SCR_01,1,299,299
ITEM_55994,ORD_15008,PROD_CASE_03,1,999,999
ITEM_55995,ORD_15008,PROD_SCR_03,1,349,349
ITEM_55996,ORD_15009,PROD_CASE_02,1,799,799
ITEM_55997,ORD_15009,PROD_SCR_03,1,349,349
ITEM_55998,ORD_15010,PROD_CASE_01,1,499,499
ITEM_55999,ORD_15010,PROD_SCR_02,1,499,499
ITEM_56000,ORD_15011,PROD_CASE_05,1,899,899
ITEM_56001,ORD_15011,PROD_SCR_05,1,249,249
ITEM_56002,ORD_15012,PROD_CASE_02,1,799,799
ITEM_56003,ORD_15012,PROD_SCR_05,1,249,249
ITEM_56004,ORD_15013,PROD_CASE_02,1,799,799
ITEM_56005,ORD_15013,PROD_SCR_02,1,499,499
ITEM_56006,ORD_15014,PROD_CASE_02,1,799,799
ITEM_56007,ORD_15014,PROD_SCR_04,1,699,699
ITEM_56008,ORD_15015,PROD_CASE_02,1,799,799
ITEM_56009,ORD_15015,PROD_SCR_01,1,299,299
ITEM_56010,ORD_15016,PROD_CASE_05,1,899,899
ITEM_56011,ORD_15016,PROD_SCR_05,1,249,249
ITEM_56012,ORD_15017,PROD_CASE_02,1,799,799
ITEM_56013,ORD_15017,PROD_SCR_03,1,349,349
ITEM_56014,ORD_15018,PROD_CASE_05,1,899,899
ITEM_56015,ORD_15018,PROD_SCR_01,1,299,299
ITEM_56016,ORD_15019,PROD_CASE_05,1,899,899
ITEM_56017,ORD_15019,PROD_SCR_04,1,699,699
ITEM_56018,ORD_15020,PROD_CASE_05,1,899,899
ITEM_56019,ORD_15020,PROD_SCR_02,1,499,499
ITEM_56020,ORD_15021,PROD_CASE_02,1,799,799
ITEM_56021,ORD_15021,PROD_SCR_04,1,699,699
ITEM_56022,ORD_15022,PROD_CASE_04,1,599,599
ITEM_56023,ORD_15022,PROD_SCR_04,1,699,699
ITEM_56024,ORD_15023,PROD_CASE_03,1,999,999
ITEM_56025,ORD_15023,PROD_SCR_02,1,499,499
ITEM_56026,ORD_15024,PROD_CASE_02,1,799,799
ITEM_56027,ORD_15024,PROD_SCR_05,1,249,249
ITEM_56028,ORD_15025,PROD_CASE_05,1,899,899
ITEM_56029,ORD_15025,PROD_SCR_02,1,499,499
ITEM_56030,ORD_15026,PROD_CASE_01,1,499,499
ITEM_56031,ORD_15026,PROD_SCR_05,1,249,249
ITEM_56032,ORD_15027,PROD_CASE_04,1,599,599
ITEM_56033,ORD_15027,PROD_SCR_01,1,299,299
ITEM_56034,ORD_15028,PROD_CASE_04,1,599,599
ITEM_56035,ORD_15028,PROD_SCR_03,1,349,349
ITEM_56036,ORD_15029,PROD_CASE_02,1,799,799
ITEM_56037,ORD_15029,PROD_SCR_04,1,699,699
ITEM_56038,ORD_15030,PROD_CASE_02,1,799,799
ITEM_56039,ORD_15030,PROD_SCR_05,1,249,249
ITEM_56040,ORD_15031,PROD_CASE_04,1,599,599
ITEM_56041,ORD_15031,PROD_SCR_01,1,299,299
ITEM_56042,ORD_15032,PROD_CASE_05,1,899,899
ITEM_56043,ORD_15032,PROD_SCR_04,1,699,699
ITEM_56044,ORD_15033,PROD_CASE_02,1,799,799
ITEM_56045,ORD_15033,PROD_SCR_01,1,299,299
ITEM_56046,ORD_15034,PROD_CASE_02,1,799,799
ITEM_56047,ORD_15034,PROD_SCR_05,1,249,249
ITEM_56048,ORD_15035,PROD_CASE_02,1,799,799
ITEM_56049,ORD_15035,PROD_SCR_03,1,349,349
ITEM_56050,ORD_15036,PROD_CASE_01,1,499,499
ITEM_56051,ORD_15036,PROD_SCR_01,1,299,299
ITEM_56052,ORD_15037,PROD_CASE_03,1,999,999
ITEM_56053,ORD_15037,PROD_SCR_03,1,349,349
ITEM_56054,ORD_15038,PROD_CASE_03,1,999,999
ITEM_56055,ORD_15038,PROD_SCR_02,1,499,499
ITEM_56056,ORD_15039,PROD_CASE_01,1,499,499
ITEM_56057,ORD_15039,PROD_SCR_05,1,249,249
ITEM_56058,ORD_15040,PROD_CASE_02,1,799,799
ITEM_56059,ORD_15040,PROD_SCR_01,1,299,299
ITEM_56060,ORD_15041,PROD_CASE_05,1,899,899
ITEM_56061,ORD_15041,PROD_SCR_04,1,699,699
ITEM_56062,ORD_15042,PROD_CASE_04,1,599,599
ITEM_56063,ORD_15042,PROD_SCR_05,1,249,249
ITEM_56064,ORD_15043,PROD_CASE_03,1,999,999
ITEM_56065,ORD_15043,PROD_SCR_02,1,499,499
ITEM_56066,ORD_15044,PROD_CASE_05,1,899,899
ITEM_56067,ORD_15044,PROD_SCR_02,1,499,499
ITEM_56068,ORD_15045,PROD_CASE_03,1,999,999
ITEM_56069,ORD_15045,PROD_SCR_05,1,249,249
ITEM_56070,ORD_15046,PROD_CASE_01,1,499,499
ITEM_56071,ORD_15046,PROD_SCR_03,1,349,349
ITEM_56072,ORD_15047,PROD_CASE_01,1,499,499
ITEM_56073,ORD_15047,PROD_SCR_04,1,699,699
ITEM_56074,ORD_15048,PROD_CASE_05,1,899,899
ITEM_56075,ORD_15048,PROD_SCR_02,1,499,499
ITEM_56076,ORD_15049,PROD_CASE_02,1,799,799
ITEM_56077,ORD_15049,PROD_SCR_05,1,249,249
ITEM_56078,ORD_15050,PROD_CASE_03,1,999,999
ITEM_56079,ORD_15050,PROD_SCR_01,1,299,299
ITEM_56080,ORD_15051,PROD_CASE_02,1,799,799
ITEM_56081,ORD_15051,PROD_SCR_03,1,349,349
ITEM_56082,ORD_15052,PROD_CASE_03,1,999,999
ITEM_56083,ORD_15052,PROD_SCR_04,1,699,699
ITEM_56084,ORD_15053,PROD_CASE_05,1,899,899
ITEM_56085,ORD_15053,PROD_SCR_03,1,349,349
ITEM_56086,ORD_15054,PROD_CASE_03,1,999,999
ITEM_56087,ORD_15054,PROD_SCR_05,1,249,249
ITEM_56088,ORD_15055,PROD_CASE_05,1,899,899
ITEM_56089,ORD_15055,PROD_SCR_02,1,499,499
ITEM_56090,ORD_15056,PROD_CASE_04,1,599,599
ITEM_56091,ORD_15056,PROD_SCR_02,1,499,499
ITEM_56092,ORD_15057,PROD_CASE_01,1,499,499
ITEM_56093,ORD_15057,PROD_SCR_05,1,249,249
ITEM_56094,ORD_15058,PROD_CASE_02,1,799,799
ITEM_56095,ORD_15058,PROD_SCR_05,1,249,249
ITEM_56096,ORD_15059,PROD_CASE_02,1,799,799
ITEM_56097,ORD_15059,PROD_SCR_03,1,349,349
ITEM_56098,ORD_15060,PROD_CASE_05,1,899,899
ITEM_56099,ORD_15060,PROD_SCR_04,1,699,699
ITEM_56100,ORD_15061,PROD_CASE_02,1,799,799
ITEM_56101,ORD_15061,PROD_SCR_02,1,499,499
ITEM_56102,ORD_15062,PROD_CASE_01,1,499,499
ITEM_56103,ORD_15062,PROD_SCR_05,1,249,249
ITEM_56104,ORD_15063,PROD_CASE_04,1,599,599
ITEM_56105,ORD_15063,PROD_SCR_02,1,499,499
ITEM_56106,ORD_15064,PROD_CASE_05,1,899,899
ITEM_56107,ORD_15064,PROD_SCR_04,1,699,699
ITEM_56108,ORD_15065,PROD_CASE_03,1,999,999
ITEM_56109,ORD_15065,PROD_SCR_02,1,499,499
ITEM_56110,ORD_15066,PROD_CASE_02,1,799,799
ITEM_56111,ORD_15066,PROD_SCR_02,1,499,499
ITEM_56112,ORD_15067,PROD_CASE_03,1,999,999
ITEM_56113,ORD_15067,PROD_SCR_05,1,249,249
ITEM_56114,ORD_15068,PROD_CASE_01,1,499,499
ITEM_56115,ORD_15068,PROD_SCR_01,1,299,299
ITEM_56116,ORD_15069,PROD_CASE_04,1,599,599
ITEM_56117,ORD_15069,PROD_SCR_04,1,699,699
ITEM_56118,ORD_15070,PROD_CASE_04,1,599,599
ITEM_56119,ORD_15070,PROD_SCR_01,1,299,299
ITEM_56120,ORD_15071,PROD_CASE_01,1,499,499
ITEM_56121,ORD_15071,PROD_SCR_03,1,349,349
ITEM_56122,ORD_15072,PROD_CASE_01,1,499,499
ITEM_56123,ORD_15072,PROD_SCR_05,1,249,249
ITEM_56124,ORD_15073,PROD_CASE_02,1,799,799
ITEM_56125,ORD_15073,PROD_SCR_01,1,299,299
ITEM_56126,ORD_15074,PROD_CASE_01,1,499,499
ITEM_56127,ORD_15074,PROD_SCR_01,1,299,299
ITEM_56128,ORD_15075,PROD_CASE_01,1,499,499
ITEM_56129,ORD_15075,PROD_SCR_01,1,299,299
ITEM_56130,ORD_15076,PROD_CASE_05,1,899,899
ITEM_56131,ORD_15076,PROD_SCR_02,1,499,499
ITEM_56132,ORD_15077,PROD_CASE_02,1,799,799
ITEM_56133,ORD_15077,PROD_SCR_05,1,249,249
ITEM_56134,ORD_15078,PROD_CASE_02,1,799,799
ITEM_56135,ORD_15078,PROD_SCR_03,1,349,349
ITEM_56136,ORD_15079,PROD_CASE_05,1,899,899
ITEM_56137,ORD_15079,PROD_SCR_02,1,499,499
ITEM_56138,ORD_15080,PROD_CASE_01,1,499,499
ITEM_56139,ORD_15080,PROD_SCR_04,1,699,699
ITEM_56140,ORD_15081,PROD_CASE_04,1,599,599
ITEM_56141,ORD_15081,PROD_SCR_04,1,699,699
ITEM_56142,ORD_15082,PROD_CASE_04,1,599,599
ITEM_56143,ORD_15082,PROD_SCR_03,1,349,349
ITEM_56144,ORD_15083,PROD_CASE_04,1,599,599
ITEM_56145,ORD_15083,PROD_SCR_01,1,299,299
ITEM_56146,ORD_15084,PROD_CASE_02,1,799,799
ITEM_56147,ORD_15084,PROD_SCR_04,1,699,699
ITEM_56148,ORD_15085,PROD_CASE_05,1,899,899
ITEM_56149,ORD_15085,PROD_SCR_03,1,349,349
ITEM_56150,ORD_15086,PROD_CASE_03,1,999,999
ITEM_56151,ORD_15086,PROD_SCR_02,1,499,499
ITEM_56152,ORD_15087,PROD_CASE_03,1,999,999
ITEM_56153,ORD_15087,PROD_SCR_04,1,699,699
ITEM_56154,ORD_15088,PROD_CASE_04,1,599,599
ITEM_56155,ORD_15088,PROD_SCR_02,1,499,499
ITEM_56156,ORD_15089,PROD_CASE_02,1,799,799
ITEM_56157,ORD_15089,PROD_SCR_02,1,499,499
ITEM_56158,ORD_15090,PROD_CASE_05,1,899,899
ITEM_56159,ORD_15090,PROD_SCR_03,1,349,349
ITEM_56160,ORD_15091,PROD_CASE_04,1,599,599
ITEM_56161,ORD_15091,PROD_SCR_03,1,349,349
ITEM_56162,ORD_15092,PROD_CASE_01,1,499,499
ITEM_56163,ORD_15092,PROD_SCR_04,1,699,699
ITEM_56164,ORD_15093,PROD_CASE_03,1,999,999
ITEM_56165,ORD_15093,PROD_SCR_01,1,299,299
ITEM_56166,ORD_15094,PROD_CASE_02,1,799,799
ITEM_56167,ORD_15094,PROD_SCR_04,1,699,699
ITEM_56168,ORD_15095,PROD_CASE_04,1,599,599
ITEM_56169,ORD_15095,PROD_SCR_05,1,249,249
ITEM_56170,ORD_15096,PROD_CASE_01,1,499,499
ITEM_56171,ORD_15096,PROD_SCR_04,1,699,699
ITEM_56172,ORD_15097,PROD_CASE_03,1,999,999
ITEM_56173,ORD_15097,PROD_SCR_05,1,249,249
ITEM_56174,ORD_15098,PROD_CASE_01,1,499,499
ITEM_56175,ORD_15098,PROD_SCR_03,1,349,349
ITEM_56176,ORD_15099,PROD_CASE_04,1,599,599
ITEM_56177,ORD_15099,PROD_SCR_03,1,349,349
ITEM_56178,ORD_15100,PROD_CASE_05,1,899,899
ITEM_56179,ORD_15100,PROD_SCR_04,1,699,699
ITEM_56180,ORD_15101,PROD_CASE_04,1,599,599
ITEM_56181,ORD_15101,PROD_SCR_05,1,249,249
ITEM_56182,ORD_15102,PROD_CASE_02,1,799,799
ITEM_56183,ORD_15102,PROD_SCR_03,1,349,349
ITEM_56184,ORD_15103,PROD_CASE_02,1,799,799
ITEM_56185,ORD_15103,PROD_SCR_03,1,349,349
ITEM_56186,ORD_15104,PROD_CASE_03,1,999,999
ITEM_56187,ORD_15104,PROD_SCR_03,1,349,349
ITEM_56188,ORD_15105,PROD_CASE_04,1,599,599
ITEM_56189,ORD_15105,PROD_SCR_02,1,499,499
ITEM_56190,ORD_15106,PROD_CASE_04,1,599,599
ITEM_56191,ORD_15106,PROD_SCR_03,1,349,349
ITEM_56192,ORD_15107,PROD_CASE_04,1,599,599
ITEM_56193,ORD_15107,PROD_SCR_05,1,249,249
ITEM_56194,ORD_15108,PROD_CASE_01,1,499,499
ITEM_56195,ORD_15108,PROD_SCR_02,1,499,499
ITEM_56196,ORD_15109,PROD_CASE_05,1,899,899
ITEM_56197,ORD_15109,PROD_SCR_03,1,349,349
ITEM_56198,ORD_15110,PROD_CASE_02,1,799,799
ITEM_56199,ORD_15110,PROD_SCR_04,1,699,699
ITEM_56200,ORD_15111,PROD_CASE_03,1,999,999
ITEM_56201,ORD_15111,PROD_SCR_04,1,699,699
ITEM_56202,ORD_15112,PROD_CASE_04,1,599,599
ITEM_56203,ORD_15112,PROD_SCR_03,1,349,349
ITEM_56204,ORD_15113,PROD_CASE_01,1,499,499
ITEM_56205,ORD_15113,PROD_SCR_05,1,249,249
ITEM_56206,ORD_15114,PROD_CASE_03,1,999,999
ITEM_56207,ORD_15114,PROD_SCR_03,1,349,349
ITEM_56208,ORD_15115,PROD_CASE_02,1,799,799
ITEM_56209,ORD_15115,PROD_SCR_01,1,299,299
ITEM_56210,ORD_15116,PROD_CASE_02,1,799,799
ITEM_56211,ORD_15116,PROD_SCR_03,1,349,349
ITEM_56212,ORD_15117,PROD_CASE_01,1,499,499
ITEM_56213,ORD_15117,PROD_SCR_05,1,249,249
ITEM_56214,ORD_15118,PROD_CASE_01,1,499,499
ITEM_56215,ORD_15118,PROD_SCR_03,1,349,349
ITEM_56216,ORD_15119,PROD_CASE_03,1,999,999
ITEM_56217,ORD_15119,PROD_SCR_04,1,699,699
ITEM_56218,ORD_15120,PROD_CASE_01,1,499,499
ITEM_56219,ORD_15120,PROD_SCR_03,1,349,349
ITEM_56220,ORD_15121,PROD_CASE_05,1,899,899
ITEM_56221,ORD_15121,PROD_SCR_03,1,349,349
ITEM_56222,ORD_15122,PROD_CASE_01,1,499,499
ITEM_56223,ORD_15122,PROD_SCR_04,1,699,699
ITEM_56224,ORD_15123,PROD_CASE_05,1,899,899
ITEM_56225,ORD_15123,PROD_SCR_04,1,699,699
ITEM_56226,ORD_15124,PROD_CASE_04,1,599,599
ITEM_56227,ORD_15124,PROD_SCR_03,1,349,349
ITEM_56228,ORD_15125,PROD_CASE_04,1,599,599
ITEM_56229,ORD_15125,PROD_SCR_02,1,499,499
ITEM_56230,ORD_15126,PROD_CASE_01,1,499,499
ITEM_56231,ORD_15126,PROD_SCR_03,1,349,349
ITEM_56232,ORD_15127,PROD_CASE_01,1,499,499
ITEM_56233,ORD_15127,PROD_SCR_05,1,249,249
ITEM_56234,ORD_15128,PROD_CASE_05,1,899,899
ITEM_56235,ORD_15128,PROD_SCR_05,1,249,249
ITEM_56236,ORD_15129,PROD_CASE_04,1,599,599
ITEM_56237,ORD_15129,PROD_SCR_04,1,699,699
ITEM_56238,ORD_15130,PROD_CASE_01,1,499,499
ITEM_56239,ORD_15130,PROD_SCR_01,1,299,299
ITEM_56240,ORD_15131,PROD_CASE_01,1,499,499
ITEM_56241,ORD_15131,PROD_SCR_04,1,699,699
ITEM_56242,ORD_15132,PROD_CASE_05,1,899,899
ITEM_56243,ORD_15132,PROD_SCR_04,1,699,699
ITEM_56244,ORD_15133,PROD_CASE_03,1,999,999
ITEM_56245,ORD_15133,PROD_SCR_04,1,699,699
ITEM_56246,ORD_15134,PROD_CASE_01,1,499,499
ITEM_56247,ORD_15134,PROD_SCR_02,1,499,499
ITEM_56248,ORD_15135,PROD_CASE_03,1,999,999
ITEM_56249,ORD_15135,PROD_SCR_04,1,699,699
ITEM_56250,ORD_15136,PROD_CASE_02,1,799,799
ITEM_56251,ORD_15136,PROD_SCR_01,1,299,299
ITEM_56252,ORD_15137,PROD_CASE_04,1,599,599
ITEM_56253,ORD_15137,PROD_SCR_02,1,499,499
ITEM_56254,ORD_15138,PROD_CASE_04,1,599,599
ITEM_56255,ORD_15138,PROD_SCR_01,1,299,299
ITEM_56256,ORD_15139,PROD_CASE_02,1,799,799
ITEM_56257,ORD_15139,PROD_SCR_04,1,699,699
ITEM_56258,ORD_15140,PROD_CASE_05,1,899,899
ITEM_56259,ORD_15140,PROD_SCR_03,1,349,349
ITEM_56260,ORD_15141,PROD_CASE_05,1,899,899
ITEM_56261,ORD_15141,PROD_SCR_04,1,699,699
ITEM_56262,ORD_15142,PROD_CASE_04,1,599,599
ITEM_56263,ORD_15142,PROD_SCR_03,1,349,349
ITEM_56264,ORD_15143,PROD_CASE_03,1,999,999
ITEM_56265,ORD_15143,PROD_SCR_05,1,249,249
ITEM_56266,ORD_15144,PROD_CASE_02,1,799,799
ITEM_56267,ORD_15144,PROD_SCR_05,1,249,249
ITEM_56268,ORD_15145,PROD_CASE_02,1,799,799
ITEM_56269,ORD_15145,PROD_SCR_05,1,249,249
ITEM_56270,ORD_15146,PROD_CASE_05,1,899,899
ITEM_56271,ORD_15146,PROD_SCR_04,1,699,699
ITEM_56272,ORD_15147,PROD_CASE_03,1,999,999
ITEM_56273,ORD_15147,PROD_SCR_03,1,349,349
ITEM_56274,ORD_15148,PROD_CASE_03,1,999,999
ITEM_56275,ORD_15148,PROD_SCR_05,1,249,249
ITEM_56276,ORD_15149,PROD_CASE_01,1,499,499
ITEM_56277,ORD_15149,PROD_SCR_04,1,699,699
ITEM_56278,ORD_15150,PROD_CASE_05,1,899,899
ITEM_56279,ORD_15150,PROD_SCR_04,1,699,699
ITEM_56280,ORD_15151,PROD_CASE_05,1,899,899
ITEM_56281,ORD_15151,PROD_SCR_04,1,699,699
ITEM_56282,ORD_15152,PROD_CASE_01,1,499,499
ITEM_56283,ORD_15152,PROD_SCR_04,1,699,699
ITEM_56284,ORD_15153,PROD_CASE_01,1,499,499
ITEM_56285,ORD_15153,PROD_SCR_01,1,299,299
ITEM_56286,ORD_15154,PROD_CASE_05,1,899,899
ITEM_56287,ORD_15154,PROD_SCR_01,1,299,299
ITEM_56288,ORD_15155,PROD_CASE_05,1,899,899
ITEM_56289,ORD_15155,PROD_SCR_05,1,249,249
ITEM_56290,ORD_15156,PROD_CASE_05,1,899,899
ITEM_56291,ORD_15156,PROD_SCR_05,1,249,249
ITEM_56292,ORD_15157,PROD_CASE_05,1,899,899
ITEM_56293,ORD_15157,PROD_SCR_02,1,499,499
ITEM_56294,ORD_15158,PROD_CASE_02,1,799,799
ITEM_56295,ORD_15158,PROD_SCR_04,1,699,699
ITEM_56296,ORD_15159,PROD_CASE_02,1,799,799
ITEM_56297,ORD_15159,PROD_SCR_02,1,499,499
ITEM_56298,ORD_15160,PROD_CASE_01,1,499,499
ITEM_56299,ORD_15160,PROD_SCR_05,1,249,249
ITEM_56300,ORD_15161,PROD_CASE_03,1,999,999
ITEM_56301,ORD_15161,PROD_SCR_05,1,249,249
ITEM_56302,ORD_15162,PROD_CASE_05,1,899,899
ITEM_56303,ORD_15162,PROD_SCR_03,1,349,349
ITEM_56304,ORD_15163,PROD_CASE_05,1,899,899
ITEM_56305,ORD_15163,PROD_SCR_05,1,249,249
ITEM_56306,ORD_15164,PROD_CASE_01,1,499,499
ITEM_56307,ORD_15164,PROD_SCR_02,1,499,499
ITEM_56308,ORD_15165,PROD_CASE_05,1,899,899
ITEM_56309,ORD_15165,PROD_SCR_01,1,299,299
ITEM_56310,ORD_15166,PROD_CASE_05,1,899,899
ITEM_56311,ORD_15166,PROD_SCR_05,1,249,249
ITEM_56312,ORD_15167,PROD_CASE_04,1,599,599
ITEM_56313,ORD_15167,PROD_SCR_05,1,249,249
ITEM_56314,ORD_15168,PROD_CASE_03,1,999,999
ITEM_56315,ORD_15168,PROD_SCR_05,1,249,249
ITEM_56316,ORD_15169,PROD_CASE_03,1,999,999
ITEM_56317,ORD_15169,PROD_SCR_03,1,349,349
ITEM_56318,ORD_15170,PROD_CASE_03,1,999,999
ITEM_56319,ORD_15170,PROD_SCR_02,1,499,499
ITEM_56320,ORD_15171,PROD_CASE_03,1,999,999
ITEM_56321,ORD_15171,PROD_SCR_02,1,499,499
ITEM_56322,ORD_15172,PROD_CASE_01,1,499,499
ITEM_56323,ORD_15172,PROD_SCR_04,1,699,699
ITEM_56324,ORD_15173,PROD_CASE_04,1,599,599
ITEM_56325,ORD_15173,PROD_SCR_04,1,699,699
ITEM_56326,ORD_15174,PROD_CASE_04,1,599,599
ITEM_56327,ORD_15174,PROD_SCR_03,1,349,349
ITEM_56328,ORD_15175,PROD_CASE_01,1,499,499
ITEM_56329,ORD_15175,PROD_SCR_03,1,349,349
ITEM_56330,ORD_15176,PROD_CASE_01,1,499,499
ITEM_56331,ORD_15176,PROD_SCR_01,1,299,299
ITEM_56332,ORD_15177,PROD_CASE_03,1,999,999
ITEM_56333,ORD_15177,PROD_SCR_05,1,249,249
ITEM_56334,ORD_15178,PROD_CASE_05,1,899,899
ITEM_56335,ORD_15178,PROD_SCR_01,1,299,299
ITEM_56336,ORD_15179,PROD_CASE_04,1,599,599
ITEM_56337,ORD_15179,PROD_SCR_01,1,299,299
ITEM_56338,ORD_15180,PROD_CASE_05,1,899,899
ITEM_56339,ORD_15180,PROD_SCR_02,1,499,499
ITEM_56340,ORD_15181,PROD_CASE_01,1,499,499
ITEM_56341,ORD_15181,PROD_SCR_04,1,699,699
ITEM_56342,ORD_15182,PROD_CASE_05,1,899,899
ITEM_56343,ORD_15182,PROD_SCR_05,1,249,249
ITEM_56344,ORD_15183,PROD_CASE_01,1,499,499
ITEM_56345,ORD_15183,PROD_SCR_04,1,699,699
ITEM_56346,ORD_15184,PROD_CASE_05,1,899,899
ITEM_56347,ORD_15184,PROD_SCR_02,1,499,499
ITEM_56348,ORD_15185,PROD_CASE_02,1,799,799
ITEM_56349,ORD_15185,PROD_SCR_03,1,349,349
ITEM_56350,ORD_15186,PROD_CASE_03,1,999,999
ITEM_56351,ORD_15186,PROD_SCR_01,1,299,299
ITEM_56352,ORD_15187,PROD_CASE_02,1,799,799
ITEM_56353,ORD_15187,PROD_SCR_05,1,249,249
ITEM_56354,ORD_15188,PROD_CASE_03,1,999,999
ITEM_56355,ORD_15188,PROD_SCR_05,1,249,249
ITEM_56356,ORD_15189,PROD_CASE_04,1,599,599
ITEM_56357,ORD_15189,PROD_SCR_03,1,349,349
ITEM_56358,ORD_15190,PROD_CASE_05,1,899,899
ITEM_56359,ORD_15190,PROD_SCR_01,1,299,299
ITEM_56360,ORD_15191,PROD_CASE_01,1,499,499
ITEM_56361,ORD_15191,PROD_SCR_05,1,249,249
ITEM_56362,ORD_15192,PROD_CASE_04,1,599,599
ITEM_56363,ORD_15192,PROD_SCR_04,1,699,699
ITEM_56364,ORD_15193,PROD_CASE_05,1,899,899
ITEM_56365,ORD_15193,PROD_SCR_01,1,299,299
ITEM_56366,ORD_15194,PROD_CASE_01,1,499,499
ITEM_56367,ORD_15194,PROD_SCR_02,1,499,499
ITEM_56368,ORD_15195,PROD_CASE_01,1,499,499
ITEM_56369,ORD_15195,PROD_SCR_02,1,499,499
ITEM_56370,ORD_15196,PROD_CASE_03,1,999,999
ITEM_56371,ORD_15196,PROD_SCR_03,1,349,349
ITEM_56372,ORD_15197,PROD_CASE_05,1,899,899
ITEM_56373,ORD_15197,PROD_SCR_04,1,699,699
ITEM_56374,ORD_15198,PROD_CASE_03,1,999,999
ITEM_56375,ORD_15198,PROD_SCR_03,1,349,349
ITEM_56376,ORD_15199,PROD_CASE_04,1,599,599
ITEM_56377,ORD_15199,PROD_SCR_01,1,299,299
ITEM_56378,ORD_15200,PROD_CASE_03,1,999,999
ITEM_56379,ORD_15200,PROD_SCR_02,1,499,499
ITEM_56380,ORD_15201,PROD_CASE_03,1,999,999
ITEM_56381,ORD_15201,PROD_SCR_02,1,499,499
ITEM_56382,ORD_15202,PROD_CASE_05,1,899,899
ITEM_56383,ORD_15202,PROD_SCR_01,1,299,299
ITEM_56384,ORD_15203,PROD_CASE_03,1,999,999
ITEM_56385,ORD_15203,PROD_SCR_02,1,499,499
ITEM_56386,ORD_15204,PROD_CASE_03,1,999,999
ITEM_56387,ORD_15204,PROD_SCR_05,1,249,249
ITEM_56388,ORD_15205,PROD_CASE_01,1,499,499
ITEM_56389,ORD_15205,PROD_SCR_02,1,499,499
ITEM_56390,ORD_15206,PROD_CASE_04,1,599,599
ITEM_56391,ORD_15206,PROD_SCR_01,1,299,299
ITEM_56392,ORD_15207,PROD_CASE_02,1,799,799
ITEM_56393,ORD_15207,PROD_SCR_04,1,699,699
ITEM_56394,ORD_15208,PROD_CASE_03,1,999,999
ITEM_56395,ORD_15208,PROD_SCR_01,1,299,299
ITEM_56396,ORD_15209,PROD_CASE_04,1,599,599
ITEM_56397,ORD_15209,PROD_SCR_03,1,349,349
ITEM_56398,ORD_15210,PROD_CASE_05,1,899,899
ITEM_56399,ORD_15210,PROD_SCR_04,1,699,699
ITEM_56400,ORD_15211,PROD_CASE_01,1,499,499
ITEM_56401,ORD_15211,PROD_SCR_02,1,499,499
ITEM_56402,ORD_15212,PROD_CASE_03,1,999,999
ITEM_56403,ORD_15212,PROD_SCR_05,1,249,249
ITEM_56404,ORD_15213,PROD_CASE_03,1,999,999
ITEM_56405,ORD_15213,PROD_SCR_05,1,249,249
ITEM_56406,ORD_15214,PROD_CASE_05,1,899,899
ITEM_56407,ORD_15214,PROD_SCR_03,1,349,349
ITEM_56408,ORD_15215,PROD_CASE_04,1,599,599
ITEM_56409,ORD_15215,PROD_SCR_02,1,499,499
ITEM_56410,ORD_15216,PROD_CASE_04,1,599,599
ITEM_56411,ORD_15216,PROD_SCR_01,1,299,299
ITEM_56412,ORD_15217,PROD_CASE_04,1,599,599
ITEM_56413,ORD_15217,PROD_SCR_05,1,249,249
ITEM_56414,ORD_15218,PROD_CASE_03,1,999,999
ITEM_56415,ORD_15218,PROD_SCR_05,1,249,249
ITEM_56416,ORD_15219,PROD_CASE_05,1,899,899
ITEM_56417,ORD_15219,PROD_SCR_03,1,349,349
ITEM_56418,ORD_15220,PROD_CASE_02,1,799,799
ITEM_56419,ORD_15220,PROD_SCR_02,1,499,499
ITEM_56420,ORD_15221,PROD_CASE_02,1,799,799
ITEM_56421,ORD_15221,PROD_SCR_05,1,249,249
ITEM_56422,ORD_15222,PROD_CASE_02,1,799,799
ITEM_56423,ORD_15222,PROD_SCR_04,1,699,699
ITEM_56424,ORD_15223,PROD_CASE_01,1,499,499
ITEM_56425,ORD_15223,PROD_SCR_04,1,699,699
ITEM_56426,ORD_15224,PROD_CASE_04,1,599,599
ITEM_56427,ORD_15224,PROD_SCR_05,1,249,249
ITEM_56428,ORD_15225,PROD_CASE_02,1,799,799
ITEM_56429,ORD_15225,PROD_SCR_03,1,349,349
ITEM_56430,ORD_15226,PROD_CASE_05,1,899,899
ITEM_56431,ORD_15226,PROD_SCR_02,1,499,499
ITEM_56432,ORD_15227,PROD_CASE_05,1,899,899
ITEM_56433,ORD_15227,PROD_SCR_02,1,499,499
ITEM_56434,ORD_15228,PROD_CASE_05,1,899,899
ITEM_56435,ORD_15228,PROD_SCR_04,1,699,699
ITEM_56436,ORD_15229,PROD_CASE_04,1,599,599
ITEM_56437,ORD_15229,PROD_SCR_04,1,699,699
ITEM_56438,ORD_15230,PROD_CASE_03,1,999,999
ITEM_56439,ORD_15230,PROD_SCR_04,1,699,699
ITEM_56440,ORD_15231,PROD_CASE_02,1,799,799
ITEM_56441,ORD_15231,PROD_SCR_03,1,349,349
ITEM_56442,ORD_15232,PROD_CASE_05,1,899,899
ITEM_56443,ORD_15232,PROD_SCR_03,1,349,349
ITEM_56444,ORD_15233,PROD_CASE_01,1,499,499
ITEM_56445,ORD_15233,PROD_SCR_03,1,349,349
ITEM_56446,ORD_15234,PROD_CASE_02,1,799,799
ITEM_56447,ORD_15234,PROD_SCR_05,1,249,249
ITEM_56448,ORD_15235,PROD_CASE_04,1,599,599
ITEM_56449,ORD_15235,PROD_SCR_01,1,299,299
ITEM_56450,ORD_15236,PROD_CASE_01,1,499,499
ITEM_56451,ORD_15236,PROD_SCR_03,1,349,349
ITEM_56452,ORD_15237,PROD_CASE_04,1,599,599
ITEM_56453,ORD_15237,PROD_SCR_04,1,699,699
ITEM_56454,ORD_15238,PROD_CASE_01,1,499,499
ITEM_56455,ORD_15238,PROD_SCR_03,1,349,349
ITEM_56456,ORD_15239,PROD_CASE_02,1,799,799
ITEM_56457,ORD_15239,PROD_SCR_01,1,299,299
ITEM_56458,ORD_15240,PROD_CASE_01,1,499,499
ITEM_56459,ORD_15240,PROD_SCR_02,1,499,499
ITEM_56460,ORD_15241,PROD_CASE_02,1,799,799
ITEM_56461,ORD_15241,PROD_SCR_05,1,249,249
ITEM_56462,ORD_15242,PROD_CASE_02,1,799,799
ITEM_56463,ORD_15242,PROD_SCR_05,1,249,249
ITEM_56464,ORD_15243,PROD_CASE_05,1,899,899
ITEM_56465,ORD_15243,PROD_SCR_05,1,249,249
ITEM_56466,ORD_15244,PROD_CASE_03,1,999,999
ITEM_56467,ORD_15244,PROD_SCR_04,1,699,699
ITEM_56468,ORD_15245,PROD_CASE_02,1,799,799
ITEM_56469,ORD_15245,PROD_SCR_03,1,349,349
ITEM_56470,ORD_15246,PROD_CASE_02,1,799,799
ITEM_56471,ORD_15246,PROD_SCR_01,1,299,299
ITEM_56472,ORD_15247,PROD_CASE_03,1,999,999
ITEM_56473,ORD_15247,PROD_SCR_02,1,499,499
ITEM_56474,ORD_15248,PROD_CASE_04,1,599,599
ITEM_56475,ORD_15248,PROD_SCR_04,1,699,699
ITEM_56476,ORD_15249,PROD_CASE_05,1,899,899
ITEM_56477,ORD_15249,PROD_SCR_03,1,349,349
ITEM_56478,ORD_15250,PROD_CASE_02,1,799,799
ITEM_56479,ORD_15250,PROD_SCR_05,1,249,249
ITEM_56480,ORD_15251,PROD_CASE_03,1,999,999
ITEM_56481,ORD_15251,PROD_SCR_04,1,699,699
ITEM_56482,ORD_15252,PROD_CASE_01,1,499,499
ITEM_56483,ORD_15252,PROD_SCR_01,1,299,299
ITEM_56484,ORD_15253,PROD_CASE_02,1,799,799
ITEM_56485,ORD_15253,PROD_SCR_01,1,299,299
ITEM_56486,ORD_15254,PROD_CASE_04,1,599,599
ITEM_56487,ORD_15254,PROD_SCR_01,1,299,299
ITEM_56488,ORD_15255,PROD_CASE_03,1,999,999
ITEM_56489,ORD_15255,PROD_SCR_04,1,699,699
ITEM_56490,ORD_15256,PROD_CASE_03,1,999,999
ITEM_56491,ORD_15256,PROD_SCR_01,1,299,299
ITEM_56492,ORD_15257,PROD_CASE_03,1,999,999
ITEM_56493,ORD_15257,PROD_SCR_04,1,699,699
ITEM_56494,ORD_15258,PROD_CASE_02,1,799,799
ITEM_56495,ORD_15258,PROD_SCR_03,1,349,349
ITEM_56496,ORD_15259,PROD_CASE_02,1,799,799
ITEM_56497,ORD_15259,PROD_SCR_04,1,699,699
ITEM_56498,ORD_15260,PROD_CASE_04,1,599,599
ITEM_56499,ORD_15260,PROD_SCR_01,1,299,299
ITEM_56500,ORD_15261,PROD_CASE_04,1,599,599
ITEM_56501,ORD_15261,PROD_SCR_04,1,699,699
ITEM_56502,ORD_15262,PROD_CASE_01,1,499,499
ITEM_56503,ORD_15262,PROD_SCR_04,1,699,699
ITEM_56504,ORD_15263,PROD_CASE_04,1,599,599
ITEM_56505,ORD_15263,PROD_SCR_01,1,299,299
ITEM_56506,ORD_15264,PROD_CASE_02,1,799,799
ITEM_56507,ORD_15264,PROD_SCR_01,1,299,299
ITEM_56508,ORD_15265,PROD_CASE_05,1,899,899
ITEM_56509,ORD_15265,PROD_SCR_05,1,249,249
ITEM_56510,ORD_15266,PROD_CASE_05,1,899,899
ITEM_56511,ORD_15266,PROD_SCR_02,1,499,499
ITEM_56512,ORD_15267,PROD_CASE_02,1,799,799
ITEM_56513,ORD_15267,PROD_SCR_04,1,699,699
ITEM_56514,ORD_15268,PROD_CASE_02,1,799,799
ITEM_56515,ORD_15268,PROD_SCR_03,1,349,349
ITEM_56516,ORD_15269,PROD_CASE_04,1,599,599
ITEM_56517,ORD_15269,PROD_SCR_03,1,349,349
ITEM_56518,ORD_15270,PROD_CASE_03,1,999,999
ITEM_56519,ORD_15270,PROD_SCR_04,1,699,699
ITEM_56520,ORD_15271,PROD_CASE_05,1,899,899
ITEM_56521,ORD_15271,PROD_SCR_04,1,699,699
ITEM_56522,ORD_15272,PROD_CASE_03,1,999,999
ITEM_56523,ORD_15272,PROD_SCR_01,1,299,299
ITEM_56524,ORD_15273,PROD_CASE_04,1,599,599
ITEM_56525,ORD_15273,PROD_SCR_04,1,699,699
ITEM_56526,ORD_15274,PROD_CASE_05,1,899,899
ITEM_56527,ORD_15274,PROD_SCR_01,1,299,299
ITEM_56528,ORD_15275,PROD_CASE_05,1,899,899
ITEM_56529,ORD_15275,PROD_SCR_03,1,349,349
ITEM_56530,ORD_15276,PROD_CASE_02,1,799,799
ITEM_56531,ORD_15276,PROD_SCR_02,1,499,499
ITEM_56532,ORD_15277,PROD_CASE_01,1,499,499
ITEM_56533,ORD_15277,PROD_SCR_03,1,349,349
ITEM_56534,ORD_15278,PROD_CASE_03,1,999,999
ITEM_56535,ORD_15278,PROD_SCR_01,1,299,299
ITEM_56536,ORD_15279,PROD_CASE_05,1,899,899
ITEM_56537,ORD_15279,PROD_SCR_03,1,349,349
ITEM_56538,ORD_15280,PROD_CASE_03,1,999,999
ITEM_56539,ORD_15280,PROD_SCR_05,1,249,249
ITEM_56540,ORD_15281,PROD_CASE_01,1,499,499
ITEM_56541,ORD_15281,PROD_SCR_03,1,349,349
ITEM_56542,ORD_15282,PROD_CASE_05,1,899,899
ITEM_56543,ORD_15282,PROD_SCR_04,1,699,699
ITEM_56544,ORD_15283,PROD_CASE_05,1,899,899
ITEM_56545,ORD_15283,PROD_SCR_01,1,299,299
ITEM_56546,ORD_15284,PROD_CASE_04,1,599,599
ITEM_56547,ORD_15284,PROD_SCR_04,1,699,699
ITEM_56548,ORD_15285,PROD_CASE_01,1,499,499
ITEM_56549,ORD_15285,PROD_SCR_05,1,249,249
ITEM_56550,ORD_15286,PROD_CASE_01,1,499,499
ITEM_56551,ORD_15286,PROD_SCR_03,1,349,349
ITEM_56552,ORD_15287,PROD_CASE_05,1,899,899
ITEM_56553,ORD_15287,PROD_SCR_03,1,349,349
ITEM_56554,ORD_15288,PROD_CASE_05,1,899,899
ITEM_56555,ORD_15288,PROD_SCR_05,1,249,249
ITEM_56556,ORD_15289,PROD_CASE_05,1,899,899
ITEM_56557,ORD_15289,PROD_SCR_01,1,299,299
ITEM_56558,ORD_15290,PROD_CASE_04,1,599,599
ITEM_56559,ORD_15290,PROD_SCR_04,1,699,699
ITEM_56560,ORD_15291,PROD_CASE_01,1,499,499
ITEM_56561,ORD_15291,PROD_SCR_02,1,499,499
ITEM_56562,ORD_15292,PROD_CASE_05,1,899,899
ITEM_56563,ORD_15292,PROD_SCR_05,1,249,249
ITEM_56564,ORD_15293,PROD_CASE_01,1,499,499
ITEM_56565,ORD_15293,PROD_SCR_04,1,699,699
ITEM_56566,ORD_15294,PROD_CASE_02,1,799,799
ITEM_56567,ORD_15294,PROD_SCR_04,1,699,699
ITEM_56568,ORD_15295,PROD_CASE_03,1,999,999
ITEM_56569,ORD_15295,PROD_SCR_01,1,299,299
ITEM_56570,ORD_15296,PROD_CASE_04,1,599,599
ITEM_56571,ORD_15296,PROD_SCR_05,1,249,249
ITEM_56572,ORD_15297,PROD_CASE_02,1,799,799
ITEM_56573,ORD_15297,PROD_SCR_03,1,349,349
ITEM_56574,ORD_15298,PROD_CASE_02,1,799,799
ITEM_56575,ORD_15298,PROD_SCR_01,1,299,299
ITEM_56576,ORD_15299,PROD_CASE_03,1,999,999
ITEM_56577,ORD_15299,PROD_SCR_03,1,349,349
ITEM_56578,ORD_15300,PROD_CASE_05,1,899,899
ITEM_56579,ORD_15300,PROD_SCR_01,1,299,299
ITEM_56580,ORD_15301,PROD_CASE_05,1,899,899
ITEM_56581,ORD_15301,PROD_SCR_05,1,249,249
ITEM_56582,ORD_15302,PROD_CASE_05,1,899,899
ITEM_56583,ORD_15302,PROD_SCR_02,1,499,499
ITEM_56584,ORD_15303,PROD_CASE_01,1,499,499
ITEM_56585,ORD_15303,PROD_SCR_05,1,249,249
ITEM_56586,ORD_15304,PROD_CASE_05,1,899,899
ITEM_56587,ORD_15304,PROD_SCR_03,1,349,349
ITEM_56588,ORD_15305,PROD_CASE_02,1,799,799
ITEM_56589,ORD_15305,PROD_SCR_02,1,499,499
ITEM_56590,ORD_15306,PROD_CASE_01,1,499,499
ITEM_56591,ORD_15306,PROD_SCR_03,1,349,349
ITEM_56592,ORD_15307,PROD_CASE_03,1,999,999
ITEM_56593,ORD_15307,PROD_SCR_05,1,249,249
ITEM_56594,ORD_15308,PROD_CASE_04,1,599,599
ITEM_56595,ORD_15308,PROD_SCR_02,1,499,499
ITEM_56596,ORD_15309,PROD_CASE_01,1,499,499
ITEM_56597,ORD_15309,PROD_SCR_05,1,249,249
ITEM_56598,ORD_15310,PROD_CASE_03,1,999,999
ITEM_56599,ORD_15310,PROD_SCR_04,1,699,699
ITEM_56600,ORD_15311,PROD_CASE_02,1,799,799
ITEM_56601,ORD_15311,PROD_SCR_01,1,299,299
ITEM_56602,ORD_15312,PROD_CASE_04,1,599,599
ITEM_56603,ORD_15312,PROD_SCR_01,1,299,299
ITEM_56604,ORD_15313,PROD_CASE_03,1,999,999
ITEM_56605,ORD_15313,PROD_SCR_03,1,349,349
ITEM_56606,ORD_15314,PROD_CASE_01,1,499,499
ITEM_56607,ORD_15314,PROD_SCR_05,1,249,249
ITEM_56608,ORD_15315,PROD_CASE_02,1,799,799
ITEM_56609,ORD_15315,PROD_SCR_02,1,499,499
ITEM_56610,ORD_15316,PROD_CASE_01,1,499,499
ITEM_56611,ORD_15316,PROD_SCR_03,1,349,349
ITEM_56612,ORD_15317,PROD_CASE_05,1,899,899
ITEM_56613,ORD_15317,PROD_SCR_05,1,249,249
ITEM_56614,ORD_15318,PROD_CASE_05,1,899,899
ITEM_56615,ORD_15318,PROD_SCR_03,1,349,349
ITEM_56616,ORD_15319,PROD_CASE_04,1,599,599
ITEM_56617,ORD_15319,PROD_SCR_04,1,699,699
ITEM_56618,ORD_15320,PROD_CASE_02,1,799,799
ITEM_56619,ORD_15320,PROD_SCR_03,1,349,349
ITEM_56620,ORD_15321,PROD_CASE_04,1,599,599
ITEM_56621,ORD_15321,PROD_SCR_01,1,299,299
ITEM_56622,ORD_15322,PROD_CASE_02,1,799,799
ITEM_56623,ORD_15322,PROD_SCR_04,1,699,699
ITEM_56624,ORD_15323,PROD_CASE_03,1,999,999
ITEM_56625,ORD_15323,PROD_SCR_01,1,299,299
ITEM_56626,ORD_15324,PROD_CASE_05,1,899,899
ITEM_56627,ORD_15324,PROD_SCR_04,1,699,699
ITEM_56628,ORD_15325,PROD_CASE_04,1,599,599
ITEM_56629,ORD_15325,PROD_SCR_05,1,249,249
ITEM_56630,ORD_15326,PROD_CASE_01,1,499,499
ITEM_56631,ORD_15326,PROD_SCR_04,1,699,699
ITEM_56632,ORD_15327,PROD_CASE_04,1,599,599
ITEM_56633,ORD_15327,PROD_SCR_02,1,499,499
ITEM_56634,ORD_15328,PROD_CASE_03,1,999,999
ITEM_56635,ORD_15328,PROD_SCR_01,1,299,299
ITEM_56636,ORD_15329,PROD_CASE_01,1,499,499
ITEM_56637,ORD_15329,PROD_SCR_04,1,699,699
ITEM_56638,ORD_15330,PROD_CASE_05,1,899,899
ITEM_56639,ORD_15330,PROD_SCR_05,1,249,249
ITEM_56640,ORD_15331,PROD_CASE_02,1,799,799
ITEM_56641,ORD_15331,PROD_SCR_05,1,249,249
ITEM_56642,ORD_15332,PROD_CASE_02,1,799,799
ITEM_56643,ORD_15332,PROD_SCR_01,1,299,299
ITEM_56644,ORD_15333,PROD_CASE_01,1,499,499
ITEM_56645,ORD_15333,PROD_SCR_02,1,499,499
ITEM_56646,ORD_15334,PROD_CASE_05,1,899,899
ITEM_56647,ORD_15334,PROD_SCR_03,1,349,349
ITEM_56648,ORD_15335,PROD_CASE_02,1,799,799
ITEM_56649,ORD_15335,PROD_SCR_04,1,699,699
ITEM_56650,ORD_15336,PROD_CASE_05,1,899,899
ITEM_56651,ORD_15336,PROD_SCR_03,1,349,349
ITEM_56652,ORD_15337,PROD_CASE_02,1,799,799
ITEM_56653,ORD_15337,PROD_SCR_04,1,699,699
ITEM_56654,ORD_15338,PROD_CASE_05,1,899,899
ITEM_56655,ORD_15338,PROD_SCR_04,1,699,699
ITEM_56656,ORD_15339,PROD_CASE_04,1,599,599
ITEM_56657,ORD_15339,PROD_SCR_03,1,349,349
ITEM_56658,ORD_15340,PROD_CASE_03,1,999,999
ITEM_56659,ORD_15340,PROD_SCR_03,1,349,349
ITEM_56660,ORD_15341,PROD_CASE_02,1,799,799
ITEM_56661,ORD_15341,PROD_SCR_01,1,299,299
ITEM_56662,ORD_15342,PROD_CASE_05,1,899,899
ITEM_56663,ORD_15342,PROD_SCR_05,1,249,249
ITEM_56664,ORD_15343,PROD_CASE_03,1,999,999
ITEM_56665,ORD_15343,PROD_SCR_02,1,499,499
ITEM_56666,ORD_15344,PROD_CASE_05,1,899,899
ITEM_56667,ORD_15344,PROD_SCR_01,1,299,299
ITEM_56668,ORD_15345,PROD_CASE_05,1,899,899
ITEM_56669,ORD_15345,PROD_SCR_05,1,249,249
ITEM_56670,ORD_15346,PROD_CASE_03,1,999,999
ITEM_56671,ORD_15346,PROD_SCR_05,1,249,249
ITEM_56672,ORD_15347,PROD_CASE_03,1,999,999
ITEM_56673,ORD_15347,PROD_SCR_03,1,349,349
ITEM_56674,ORD_15348,PROD_CASE_02,1,799,799
ITEM_56675,ORD_15348,PROD_SCR_05,1,249,249
ITEM_56676,ORD_15349,PROD_CASE_01,1,499,499
ITEM_56677,ORD_15349,PROD_SCR_04,1,699,699
ITEM_56678,ORD_15350,PROD_CASE_03,1,999,999
ITEM_56679,ORD_15350,PROD_SCR_04,1,699,699
ITEM_56680,ORD_15351,PROD_CASE_04,1,599,599
ITEM_56681,ORD_15351,PROD_SCR_01,1,299,299
ITEM_56682,ORD_15352,PROD_CASE_03,1,999,999
ITEM_56683,ORD_15352,PROD_SCR_05,1,249,249
ITEM_56684,ORD_15353,PROD_CASE_01,1,499,499
ITEM_56685,ORD_15353,PROD_SCR_03,1,349,349
ITEM_56686,ORD_15354,PROD_CASE_04,1,599,599
ITEM_56687,ORD_15354,PROD_SCR_04,1,699,699
ITEM_56688,ORD_15355,PROD_CASE_03,1,999,999
ITEM_56689,ORD_15355,PROD_SCR_01,1,299,299
ITEM_56690,ORD_15356,PROD_CASE_01,1,499,499
ITEM_56691,ORD_15356,PROD_SCR_01,1,299,299
ITEM_56692,ORD_15357,PROD_CASE_01,1,499,499
ITEM_56693,ORD_15357,PROD_SCR_01,1,299,299
ITEM_56694,ORD_15358,PROD_CASE_01,1,499,499
ITEM_56695,ORD_15358,PROD_SCR_04,1,699,699
ITEM_56696,ORD_15359,PROD_CASE_03,1,999,999
ITEM_56697,ORD_15359,PROD_SCR_04,1,699,699
ITEM_56698,ORD_15360,PROD_CASE_04,1,599,599
ITEM_56699,ORD_15360,PROD_SCR_05,1,249,249
ITEM_56700,ORD_15361,PROD_CASE_02,1,799,799
ITEM_56701,ORD_15361,PROD_SCR_03,1,349,349
ITEM_56702,ORD_15362,PROD_CASE_02,1,799,799
ITEM_56703,ORD_15362,PROD_SCR_05,1,249,249
ITEM_56704,ORD_15363,PROD_CASE_05,1,899,899
ITEM_56705,ORD_15363,PROD_SCR_03,1,349,349
ITEM_56706,ORD_15364,PROD_CASE_03,1,999,999
ITEM_56707,ORD_15364,PROD_SCR_03,1,349,349
ITEM_56708,ORD_15365,PROD_CASE_03,1,999,999
ITEM_56709,ORD_15365,PROD_SCR_04,1,699,699
ITEM_56710,ORD_15366,PROD_CASE_04,1,599,599
ITEM_56711,ORD_15366,PROD_SCR_01,1,299,299
ITEM_56712,ORD_15367,PROD_CASE_05,1,899,899
ITEM_56713,ORD_15367,PROD_SCR_05,1,249,249
ITEM_56714,ORD_15368,PROD_CASE_03,1,999,999
ITEM_56715,ORD_15368,PROD_SCR_04,1,699,699
ITEM_56716,ORD_15369,PROD_CASE_03,1,999,999
ITEM_56717,ORD_15369,PROD_SCR_04,1,699,699
ITEM_56718,ORD_15370,PROD_CASE_02,1,799,799
ITEM_56719,ORD_15370,PROD_SCR_03,1,349,349
ITEM_56720,ORD_15371,PROD_CASE_03,1,999,999
ITEM_56721,ORD_15371,PROD_SCR_05,1,249,249
ITEM_56722,ORD_15372,PROD_CASE_01,1,499,499
ITEM_56723,ORD_15372,PROD_SCR_03,1,349,349
ITEM_56724,ORD_15373,PROD_CASE_02,1,799,799
ITEM_56725,ORD_15373,PROD_SCR_02,1,499,499
ITEM_56726,ORD_15374,PROD_CASE_04,1,599,599
ITEM_56727,ORD_15374,PROD_SCR_01,1,299,299
ITEM_56728,ORD_15375,PROD_CASE_01,1,499,499
ITEM_56729,ORD_15375,PROD_SCR_01,1,299,299
ITEM_56730,ORD_15376,PROD_CASE_01,1,499,499
ITEM_56731,ORD_15376,PROD_SCR_05,1,249,249
ITEM_56732,ORD_15377,PROD_CASE_02,1,799,799
ITEM_56733,ORD_15377,PROD_SCR_02,1,499,499
ITEM_56734,ORD_15378,PROD_CASE_05,1,899,899
ITEM_56735,ORD_15378,PROD_SCR_04,1,699,699
ITEM_56736,ORD_15379,PROD_CASE_02,1,799,799
ITEM_56737,ORD_15379,PROD_SCR_02,1,499,499
ITEM_56738,ORD_15380,PROD_CASE_03,1,999,999
ITEM_56739,ORD_15380,PROD_SCR_01,1,299,299
ITEM_56740,ORD_15381,PROD_CASE_02,1,799,799
ITEM_56741,ORD_15381,PROD_SCR_03,1,349,349
ITEM_56742,ORD_15382,PROD_CASE_04,1,599,599
ITEM_56743,ORD_15382,PROD_SCR_04,1,699,699
ITEM_56744,ORD_15383,PROD_CASE_05,1,899,899
ITEM_56745,ORD_15383,PROD_SCR_02,1,499,499
ITEM_56746,ORD_15384,PROD_CASE_04,1,599,599
ITEM_56747,ORD_15384,PROD_SCR_02,1,499,499
ITEM_56748,ORD_15385,PROD_CASE_02,1,799,799
ITEM_56749,ORD_15385,PROD_SCR_05,1,249,249
ITEM_56750,ORD_15386,PROD_CASE_01,1,499,499
ITEM_56751,ORD_15386,PROD_SCR_02,1,499,499
ITEM_56752,ORD_15387,PROD_CASE_01,1,499,499
ITEM_56753,ORD_15387,PROD_SCR_05,1,249,249
ITEM_56754,ORD_15388,PROD_CASE_01,1,499,499
ITEM_56755,ORD_15388,PROD_SCR_01,1,299,299
ITEM_56756,ORD_15389,PROD_CASE_02,1,799,799
ITEM_56757,ORD_15389,PROD_SCR_02,1,499,499
ITEM_56758,ORD_15390,PROD_CASE_02,1,799,799
ITEM_56759,ORD_15390,PROD_SCR_02,1,499,499
ITEM_56760,ORD_15391,PROD_CASE_01,1,499,499
ITEM_56761,ORD_15391,PROD_SCR_05,1,249,249
ITEM_56762,ORD_15392,PROD_CASE_05,1,899,899
ITEM_56763,ORD_15392,PROD_SCR_01,1,299,299
ITEM_56764,ORD_15393,PROD_CASE_03,1,999,999
ITEM_56765,ORD_15393,PROD_SCR_01,1,299,299
ITEM_56766,ORD_15394,PROD_CASE_03,1,999,999
ITEM_56767,ORD_15394,PROD_SCR_02,1,499,499
ITEM_56768,ORD_15395,PROD_CASE_04,1,599,599
ITEM_56769,ORD_15395,PROD_SCR_03,1,349,349
ITEM_56770,ORD_15396,PROD_CASE_05,1,899,899
ITEM_56771,ORD_15396,PROD_SCR_05,1,249,249
ITEM_56772,ORD_15397,PROD_CASE_02,1,799,799
ITEM_56773,ORD_15397,PROD_SCR_01,1,299,299
ITEM_56774,ORD_15398,PROD_CASE_04,1,599,599
ITEM_56775,ORD_15398,PROD_SCR_03,1,349,349
ITEM_56776,ORD_15399,PROD_CASE_02,1,799,799
ITEM_56777,ORD_15399,PROD_SCR_02,1,499,499
ITEM_56778,ORD_15400,PROD_CASE_02,1,799,799
ITEM_56779,ORD_15400,PROD_SCR_02,1,499,499
ITEM_56780,ORD_15401,PROD_CASE_04,1,599,599
ITEM_56781,ORD_15401,PROD_SCR_02,1,499,499
ITEM_56782,ORD_15402,PROD_CASE_05,1,899,899
ITEM_56783,ORD_15402,PROD_SCR_01,1,299,299
ITEM_56784,ORD_15403,PROD_CASE_04,1,599,599
ITEM_56785,ORD_15403,PROD_SCR_01,1,299,299
ITEM_56786,ORD_15404,PROD_CASE_05,1,899,899
ITEM_56787,ORD_15404,PROD_SCR_03,1,349,349
ITEM_56788,ORD_15405,PROD_CASE_01,1,499,499
ITEM_56789,ORD_15405,PROD_SCR_03,1,349,349
ITEM_56790,ORD_15406,PROD_CASE_05,1,899,899
ITEM_56791,ORD_15406,PROD_SCR_05,1,249,249
ITEM_56792,ORD_15407,PROD_CASE_03,1,999,999
ITEM_56793,ORD_15407,PROD_SCR_01,1,299,299
ITEM_56794,ORD_15408,PROD_CASE_04,1,599,599
ITEM_56795,ORD_15408,PROD_SCR_03,1,349,349
ITEM_56796,ORD_15409,PROD_CASE_04,1,599,599
ITEM_56797,ORD_15409,PROD_SCR_03,1,349,349
ITEM_56798,ORD_15410,PROD_CASE_04,1,599,599
ITEM_56799,ORD_15410,PROD_SCR_04,1,699,699
ITEM_56800,ORD_15411,PROD_CASE_04,1,599,599
ITEM_56801,ORD_15411,PROD_SCR_04,1,699,699
ITEM_56802,ORD_15412,PROD_CASE_05,1,899,899
ITEM_56803,ORD_15412,PROD_SCR_01,1,299,299
ITEM_56804,ORD_15413,PROD_CASE_01,1,499,499
ITEM_56805,ORD_15413,PROD_SCR_01,1,299,299
ITEM_56806,ORD_15414,PROD_CASE_02,1,799,799
ITEM_56807,ORD_15414,PROD_SCR_05,1,249,249
ITEM_56808,ORD_15415,PROD_CASE_04,1,599,599
ITEM_56809,ORD_15415,PROD_SCR_03,1,349,349
ITEM_56810,ORD_15416,PROD_CASE_03,1,999,999
ITEM_56811,ORD_15416,PROD_SCR_05,1,249,249
ITEM_56812,ORD_15417,PROD_CASE_05,1,899,899
ITEM_56813,ORD_15417,PROD_SCR_04,1,699,699
ITEM_56814,ORD_15418,PROD_CASE_01,1,499,499
ITEM_56815,ORD_15418,PROD_SCR_05,1,249,249
ITEM_56816,ORD_15419,PROD_CASE_05,1,899,899
ITEM_56817,ORD_15419,PROD_SCR_04,1,699,699
ITEM_56818,ORD_15420,PROD_CASE_05,1,899,899
ITEM_56819,ORD_15420,PROD_SCR_03,1,349,349
ITEM_56820,ORD_15421,PROD_CASE_03,1,999,999
ITEM_56821,ORD_15421,PROD_SCR_05,1,249,249
ITEM_56822,ORD_15422,PROD_CASE_01,1,499,499
ITEM_56823,ORD_15422,PROD_SCR_05,1,249,249
ITEM_56824,ORD_15423,PROD_CASE_03,1,999,999
ITEM_56825,ORD_15423,PROD_SCR_03,1,349,349
ITEM_56826,ORD_15424,PROD_CASE_02,1,799,799
ITEM_56827,ORD_15424,PROD_SCR_02,1,499,499
ITEM_56828,ORD_15425,PROD_CASE_04,1,599,599
ITEM_56829,ORD_15425,PROD_SCR_03,1,349,349
ITEM_56830,ORD_15426,PROD_CASE_02,1,799,799
ITEM_56831,ORD_15426,PROD_SCR_05,1,249,249
ITEM_56832,ORD_15427,PROD_CASE_02,1,799,799
ITEM_56833,ORD_15427,PROD_SCR_01,1,299,299
ITEM_56834,ORD_15428,PROD_CASE_05,1,899,899
ITEM_56835,ORD_15428,PROD_SCR_05,1,249,249
ITEM_56836,ORD_15429,PROD_CASE_01,1,499,499
ITEM_56837,ORD_15429,PROD_SCR_03,1,349,349
ITEM_56838,ORD_15430,PROD_CASE_03,1,999,999
ITEM_56839,ORD_15430,PROD_SCR_02,1,499,499
ITEM_56840,ORD_15431,PROD_CASE_01,1,499,499
ITEM_56841,ORD_15431,PROD_SCR_02,1,499,499
ITEM_56842,ORD_15432,PROD_CASE_02,1,799,799
ITEM_56843,ORD_15432,PROD_SCR_02,1,499,499
ITEM_56844,ORD_15433,PROD_CASE_05,1,899,899
ITEM_56845,ORD_15433,PROD_SCR_03,1,349,349
ITEM_56846,ORD_15434,PROD_CASE_02,1,799,799
ITEM_56847,ORD_15434,PROD_SCR_03,1,349,349
ITEM_56848,ORD_15435,PROD_CASE_05,1,899,899
ITEM_56849,ORD_15435,PROD_SCR_04,1,699,699
ITEM_56850,ORD_15436,PROD_CASE_05,1,899,899
ITEM_56851,ORD_15436,PROD_SCR_05,1,249,249
ITEM_56852,ORD_15437,PROD_CASE_04,1,599,599
ITEM_56853,ORD_15437,PROD_SCR_05,1,249,249
ITEM_56854,ORD_15438,PROD_CASE_04,1,599,599
ITEM_56855,ORD_15438,PROD_SCR_01,1,299,299
ITEM_56856,ORD_15439,PROD_CASE_03,1,999,999
ITEM_56857,ORD_15439,PROD_SCR_01,1,299,299
ITEM_56858,ORD_15440,PROD_CASE_04,1,599,599
ITEM_56859,ORD_15440,PROD_SCR_01,1,299,299
ITEM_56860,ORD_15441,PROD_CASE_03,1,999,999
ITEM_56861,ORD_15441,PROD_SCR_05,1,249,249
ITEM_56862,ORD_15442,PROD_CASE_03,1,999,999
ITEM_56863,ORD_15442,PROD_SCR_04,1,699,699
ITEM_56864,ORD_15443,PROD_CASE_05,1,899,899
ITEM_56865,ORD_15443,PROD_SCR_03,1,349,349
ITEM_56866,ORD_15444,PROD_CASE_03,1,999,999
ITEM_56867,ORD_15444,PROD_SCR_05,1,249,249
ITEM_56868,ORD_15445,PROD_CASE_05,1,899,899
ITEM_56869,ORD_15445,PROD_SCR_03,1,349,349
ITEM_56870,ORD_15446,PROD_CASE_04,1,599,599
ITEM_56871,ORD_15446,PROD_SCR_02,1,499,499
ITEM_56872,ORD_15447,PROD_CASE_01,1,499,499
ITEM_56873,ORD_15447,PROD_SCR_05,1,249,249
ITEM_56874,ORD_15448,PROD_CASE_04,1,599,599
ITEM_56875,ORD_15448,PROD_SCR_01,1,299,299
ITEM_56876,ORD_15449,PROD_CASE_01,1,499,499
ITEM_56877,ORD_15449,PROD_SCR_05,1,249,249
ITEM_56878,ORD_15450,PROD_CASE_04,1,599,599
ITEM_56879,ORD_15450,PROD_SCR_04,1,699,699
ITEM_56880,ORD_15451,PROD_CASE_04,1,599,599
ITEM_56881,ORD_15451,PROD_SCR_03,1,349,349
ITEM_56882,ORD_15452,PROD_CASE_04,1,599,599
ITEM_56883,ORD_15452,PROD_SCR_05,1,249,249
ITEM_56884,ORD_15453,PROD_CASE_04,1,599,599
ITEM_56885,ORD_15453,PROD_SCR_05,1,249,249
ITEM_56886,ORD_15454,PROD_CASE_03,1,999,999
ITEM_56887,ORD_15454,PROD_SCR_04,1,699,699
ITEM_56888,ORD_15455,PROD_CASE_03,1,999,999
ITEM_56889,ORD_15455,PROD_SCR_04,1,699,699
ITEM_56890,ORD_15456,PROD_CASE_01,1,499,499
ITEM_56891,ORD_15456,PROD_SCR_01,1,299,299
ITEM_56892,ORD_15457,PROD_CASE_03,1,999,999
ITEM_56893,ORD_15457,PROD_SCR_05,1,249,249
ITEM_56894,ORD_15458,PROD_CASE_02,1,799,799
ITEM_56895,ORD_15458,PROD_SCR_03,1,349,349
ITEM_56896,ORD_15459,PROD_CASE_01,1,499,499
ITEM_56897,ORD_15459,PROD_SCR_04,1,699,699
ITEM_56898,ORD_15460,PROD_CASE_03,1,999,999
ITEM_56899,ORD_15460,PROD_SCR_01,1,299,299
ITEM_56900,ORD_15461,PROD_CASE_03,1,999,999
ITEM_56901,ORD_15461,PROD_SCR_03,1,349,349
ITEM_56902,ORD_15462,PROD_CASE_05,1,899,899
ITEM_56903,ORD_15462,PROD_SCR_05,1,249,249
ITEM_56904,ORD_15463,PROD_CASE_01,1,499,499
ITEM_56905,ORD_15463,PROD_SCR_02,1,499,499
ITEM_56906,ORD_15464,PROD_CASE_04,1,599,599
ITEM_56907,ORD_15464,PROD_SCR_05,1,249,249
ITEM_56908,ORD_15465,PROD_CASE_02,1,799,799
ITEM_56909,ORD_15465,PROD_SCR_03,1,349,349
ITEM_56910,ORD_15466,PROD_CASE_01,1,499,499
ITEM_56911,ORD_15466,PROD_SCR_04,1,699,699
ITEM_56912,ORD_15467,PROD_CASE_02,1,799,799
ITEM_56913,ORD_15467,PROD_SCR_01,1,299,299
ITEM_56914,ORD_15468,PROD_CASE_03,1,999,999
ITEM_56915,ORD_15468,PROD_SCR_02,1,499,499
ITEM_56916,ORD_15469,PROD_CASE_04,1,599,599
ITEM_56917,ORD_15469,PROD_SCR_01,1,299,299
ITEM_56918,ORD_15470,PROD_CASE_03,1,999,999
ITEM_56919,ORD_15470,PROD_SCR_01,1,299,299
ITEM_56920,ORD_15471,PROD_CASE_05,1,899,899
ITEM_56921,ORD_15471,PROD_SCR_02,1,499,499
ITEM_56922,ORD_15472,PROD_CASE_03,1,999,999
ITEM_56923,ORD_15472,PROD_SCR_01,1,299,299
ITEM_56924,ORD_15473,PROD_CASE_05,1,899,899
ITEM_56925,ORD_15473,PROD_SCR_01,1,299,299
ITEM_56926,ORD_15474,PROD_CASE_01,1,499,499
ITEM_56927,ORD_15474,PROD_SCR_05,1,249,249
ITEM_56928,ORD_15475,PROD_CASE_05,1,899,899
ITEM_56929,ORD_15475,PROD_SCR_04,1,699,699
ITEM_56930,ORD_15476,PROD_CASE_03,1,999,999
ITEM_56931,ORD_15476,PROD_SCR_02,1,499,499
ITEM_56932,ORD_15477,PROD_CASE_02,1,799,799
ITEM_56933,ORD_15477,PROD_SCR_03,1,349,349
ITEM_56934,ORD_15478,PROD_CASE_05,1,899,899
ITEM_56935,ORD_15478,PROD_SCR_01,1,299,299
ITEM_56936,ORD_15479,PROD_CASE_01,1,499,499
ITEM_56937,ORD_15479,PROD_SCR_04,1,699,699
ITEM_56938,ORD_15480,PROD_CASE_04,1,599,599
ITEM_56939,ORD_15480,PROD_SCR_04,1,699,699
ITEM_56940,ORD_15481,PROD_CASE_05,1,899,899
ITEM_56941,ORD_15481,PROD_SCR_03,1,349,349
ITEM_56942,ORD_15482,PROD_CASE_02,1,799,799
ITEM_56943,ORD_15482,PROD_SCR_05,1,249,249
ITEM_56944,ORD_15483,PROD_CASE_03,1,999,999
ITEM_56945,ORD_15483,PROD_SCR_05,1,249,249
ITEM_56946,ORD_15484,PROD_CASE_01,1,499,499
ITEM_56947,ORD_15484,PROD_SCR_02,1,499,499
ITEM_56948,ORD_15485,PROD_CASE_02,1,799,799
ITEM_56949,ORD_15485,PROD_SCR_05,1,249,249
ITEM_56950,ORD_15486,PROD_CASE_01,1,499,499
ITEM_56951,ORD_15486,PROD_SCR_02,1,499,499
ITEM_56952,ORD_15487,PROD_CASE_05,1,899,899
ITEM_56953,ORD_15487,PROD_SCR_05,1,249,249
ITEM_56954,ORD_15488,PROD_CASE_03,1,999,999
ITEM_56955,ORD_15488,PROD_SCR_05,1,249,249
ITEM_56956,ORD_15489,PROD_CASE_03,1,999,999
ITEM_56957,ORD_15489,PROD_SCR_02,1,499,499
ITEM_56958,ORD_15490,PROD_CASE_05,1,899,899
ITEM_56959,ORD_15490,PROD_SCR_04,1,699,699
ITEM_56960,ORD_15491,PROD_CASE_03,1,999,999
ITEM_56961,ORD_15491,PROD_SCR_05,1,249,249
ITEM_56962,ORD_15492,PROD_CASE_05,1,899,899
ITEM_56963,ORD_15492,PROD_SCR_03,1,349,349
ITEM_56964,ORD_15493,PROD_CASE_01,1,499,499
ITEM_56965,ORD_15493,PROD_SCR_05,1,249,249
ITEM_56966,ORD_15494,PROD_CASE_05,1,899,899
ITEM_56967,ORD_15494,PROD_SCR_02,1,499,499
ITEM_56968,ORD_15495,PROD_CASE_05,1,899,899
ITEM_56969,ORD_15495,PROD_SCR_02,1,499,499
ITEM_56970,ORD_15496,PROD_CASE_05,1,899,899
ITEM_56971,ORD_15496,PROD_SCR_04,1,699,699
ITEM_56972,ORD_15497,PROD_CASE_03,1,999,999
ITEM_56973,ORD_15497,PROD_SCR_01,1,299,299
ITEM_56974,ORD_15498,PROD_CASE_02,1,799,799
ITEM_56975,ORD_15498,PROD_SCR_02,1,499,499
ITEM_56976,ORD_15499,PROD_CASE_03,1,999,999
ITEM_56977,ORD_15499,PROD_SCR_05,1,249,249
ITEM_56978,ORD_15500,PROD_CASE_03,1,999,999
ITEM_56979,ORD_15500,PROD_SCR_02,1,499,499
ITEM_56980,ORD_15501,PROD_CASE_04,1,599,599
ITEM_56981,ORD_15501,PROD_SCR_03,1,349,349
ITEM_56982,ORD_15502,PROD_CASE_04,1,599,599
ITEM_56983,ORD_15502,PROD_SCR_02,1,499,499
ITEM_56984,ORD_15503,PROD_CASE_04,1,599,599
ITEM_56985,ORD_15503,PROD_SCR_02,1,499,499
ITEM_56986,ORD_15504,PROD_CASE_01,1,499,499
ITEM_56987,ORD_15504,PROD_SCR_03,1,349,349
ITEM_56988,ORD_15505,PROD_CASE_01,1,499,499
ITEM_56989,ORD_15505,PROD_SCR_04,1,699,699
ITEM_56990,ORD_15506,PROD_CASE_03,1,999,999
ITEM_56991,ORD_15506,PROD_SCR_02,1,499,499
ITEM_56992,ORD_15507,PROD_CASE_03,1,999,999
ITEM_56993,ORD_15507,PROD_SCR_05,1,249,249
ITEM_56994,ORD_15508,PROD_CASE_05,1,899,899
ITEM_56995,ORD_15508,PROD_SCR_05,1,249,249
ITEM_56996,ORD_15509,PROD_CASE_02,1,799,799
ITEM_56997,ORD_15509,PROD_SCR_02,1,499,499
ITEM_56998,ORD_15510,PROD_CASE_02,1,799,799
ITEM_56999,ORD_15510,PROD_SCR_04,1,699,699
ITEM_57000,ORD_15511,PROD_CASE_05,1,899,899
ITEM_57001,ORD_15511,PROD_SCR_05,1,249,249
ITEM_57002,ORD_15512,PROD_CASE_02,1,799,799
ITEM_57003,ORD_15512,PROD_SCR_02,1,499,499
ITEM_57004,ORD_15513,PROD_CASE_05,1,899,899
ITEM_57005,ORD_15513,PROD_SCR_01,1,299,299
ITEM_57006,ORD_15514,PROD_CASE_04,1,599,599
ITEM_57007,ORD_15514,PROD_SCR_03,1,349,349
ITEM_57008,ORD_15515,PROD_CASE_05,1,899,899
ITEM_57009,ORD_15515,PROD_SCR_04,1,699,699
ITEM_57010,ORD_15516,PROD_CASE_05,1,899,899
ITEM_57011,ORD_15516,PROD_SCR_03,1,349,349
ITEM_57012,ORD_15517,PROD_CASE_03,1,999,999
ITEM_57013,ORD_15517,PROD_SCR_03,1,349,349
ITEM_57014,ORD_15518,PROD_CASE_04,1,599,599
ITEM_57015,ORD_15518,PROD_SCR_04,1,699,699
ITEM_57016,ORD_15519,PROD_CASE_02,1,799,799
ITEM_57017,ORD_15519,PROD_SCR_05,1,249,249
ITEM_57018,ORD_15520,PROD_CASE_05,1,899,899
ITEM_57019,ORD_15520,PROD_SCR_05,1,249,249
ITEM_57020,ORD_15521,PROD_CASE_04,1,599,599
ITEM_57021,ORD_15521,PROD_SCR_02,1,499,499
ITEM_57022,ORD_15522,PROD_CASE_03,1,999,999
ITEM_57023,ORD_15522,PROD_SCR_05,1,249,249
ITEM_57024,ORD_15523,PROD_CASE_05,1,899,899
ITEM_57025,ORD_15523,PROD_SCR_01,1,299,299
ITEM_57026,ORD_15524,PROD_CASE_03,1,999,999
ITEM_57027,ORD_15524,PROD_SCR_05,1,249,249
ITEM_57028,ORD_15525,PROD_CASE_04,1,599,599
ITEM_57029,ORD_15525,PROD_SCR_02,1,499,499
ITEM_57030,ORD_15526,PROD_CASE_02,1,799,799
ITEM_57031,ORD_15526,PROD_SCR_05,1,249,249
ITEM_57032,ORD_15527,PROD_CASE_04,1,599,599
ITEM_57033,ORD_15527,PROD_SCR_04,1,699,699
ITEM_57034,ORD_15528,PROD_CASE_02,1,799,799
ITEM_57035,ORD_15528,PROD_SCR_01,1,299,299
ITEM_57036,ORD_15529,PROD_CASE_01,1,499,499
ITEM_57037,ORD_15529,PROD_SCR_02,1,499,499
ITEM_57038,ORD_15530,PROD_CASE_01,1,499,499
ITEM_57039,ORD_15530,PROD_SCR_02,1,499,499
ITEM_57040,ORD_15531,PROD_CASE_05,1,899,899
ITEM_57041,ORD_15531,PROD_SCR_01,1,299,299
ITEM_57042,ORD_15532,PROD_CASE_01,1,499,499
ITEM_57043,ORD_15532,PROD_SCR_05,1,249,249
ITEM_57044,ORD_15533,PROD_CASE_05,1,899,899
ITEM_57045,ORD_15533,PROD_SCR_05,1,249,249
ITEM_57046,ORD_15534,PROD_CASE_01,1,499,499
ITEM_57047,ORD_15534,PROD_SCR_05,1,249,249
ITEM_57048,ORD_15535,PROD_CASE_01,1,499,499
ITEM_57049,ORD_15535,PROD_SCR_04,1,699,699
ITEM_57050,ORD_15536,PROD_CASE_05,1,899,899
ITEM_57051,ORD_15536,PROD_SCR_01,1,299,299
ITEM_57052,ORD_15537,PROD_CASE_05,1,899,899
ITEM_57053,ORD_15537,PROD_SCR_02,1,499,499
ITEM_57054,ORD_15538,PROD_CASE_02,1,799,799
ITEM_57055,ORD_15538,PROD_SCR_05,1,249,249
ITEM_57056,ORD_15539,PROD_CASE_05,1,899,899
ITEM_57057,ORD_15539,PROD_SCR_05,1,249,249
ITEM_57058,ORD_15540,PROD_CASE_05,1,899,899
ITEM_57059,ORD_15540,PROD_SCR_04,1,699,699
ITEM_57060,ORD_15541,PROD_CASE_04,1,599,599
ITEM_57061,ORD_15541,PROD_SCR_01,1,299,299
ITEM_57062,ORD_15542,PROD_CASE_01,1,499,499
ITEM_57063,ORD_15542,PROD_SCR_04,1,699,699
ITEM_57064,ORD_15543,PROD_CASE_05,1,899,899
ITEM_57065,ORD_15543,PROD_SCR_05,1,249,249
ITEM_57066,ORD_15544,PROD_CASE_02,1,799,799
ITEM_57067,ORD_15544,PROD_SCR_02,1,499,499
ITEM_57068,ORD_15545,PROD_CASE_04,1,599,599
ITEM_57069,ORD_15545,PROD_SCR_01,1,299,299
ITEM_57070,ORD_15546,PROD_CASE_01,1,499,499
ITEM_57071,ORD_15546,PROD_SCR_02,1,499,499
ITEM_57072,ORD_15547,PROD_CASE_03,1,999,999
ITEM_57073,ORD_15547,PROD_SCR_03,1,349,349
ITEM_57074,ORD_15548,PROD_CASE_03,1,999,999
ITEM_57075,ORD_15548,PROD_SCR_04,1,699,699
ITEM_57076,ORD_15549,PROD_CASE_02,1,799,799
ITEM_57077,ORD_15549,PROD_SCR_01,1,299,299
ITEM_57078,ORD_15550,PROD_CASE_05,1,899,899
ITEM_57079,ORD_15550,PROD_SCR_02,1,499,499
ITEM_57080,ORD_15551,PROD_CASE_03,1,999,999
ITEM_57081,ORD_15551,PROD_SCR_03,1,349,349
ITEM_57082,ORD_15552,PROD_CASE_05,1,899,899
ITEM_57083,ORD_15552,PROD_SCR_05,1,249,249
ITEM_57084,ORD_15553,PROD_CASE_03,1,999,999
ITEM_57085,ORD_15553,PROD_SCR_01,1,299,299
ITEM_57086,ORD_15554,PROD_CASE_01,1,499,499
ITEM_57087,ORD_15554,PROD_SCR_02,1,499,499
ITEM_57088,ORD_15555,PROD_CASE_03,1,999,999
ITEM_57089,ORD_15555,PROD_SCR_01,1,299,299
ITEM_57090,ORD_15556,PROD_CASE_04,1,599,599
ITEM_57091,ORD_15556,PROD_SCR_01,1,299,299
ITEM_57092,ORD_15557,PROD_CASE_04,1,599,599
ITEM_57093,ORD_15557,PROD_SCR_05,1,249,249
ITEM_57094,ORD_15558,PROD_CASE_01,1,499,499
ITEM_57095,ORD_15558,PROD_SCR_05,1,249,249
ITEM_57096,ORD_15559,PROD_CASE_04,1,599,599
ITEM_57097,ORD_15559,PROD_SCR_05,1,249,249
ITEM_57098,ORD_15560,PROD_CASE_02,1,799,799
ITEM_57099,ORD_15560,PROD_SCR_02,1,499,499
ITEM_57100,ORD_15561,PROD_CASE_03,1,999,999
ITEM_57101,ORD_15561,PROD_SCR_03,1,349,349
ITEM_57102,ORD_15562,PROD_CASE_03,1,999,999
ITEM_57103,ORD_15562,PROD_SCR_04,1,699,699
ITEM_57104,ORD_15563,PROD_CASE_03,1,999,999
ITEM_57105,ORD_15563,PROD_SCR_01,1,299,299
ITEM_57106,ORD_15564,PROD_CASE_04,1,599,599
ITEM_57107,ORD_15564,PROD_SCR_04,1,699,699
ITEM_57108,ORD_15565,PROD_CASE_01,1,499,499
ITEM_57109,ORD_15565,PROD_SCR_04,1,699,699
ITEM_57110,ORD_15566,PROD_CASE_03,1,999,999
ITEM_57111,ORD_15566,PROD_SCR_04,1,699,699
ITEM_57112,ORD_15567,PROD_CASE_05,1,899,899
ITEM_57113,ORD_15567,PROD_SCR_02,1,499,499
ITEM_57114,ORD_15568,PROD_CASE_04,1,599,599
ITEM_57115,ORD_15568,PROD_SCR_03,1,349,349
ITEM_57116,ORD_15569,PROD_CASE_02,1,799,799
ITEM_57117,ORD_15569,PROD_SCR_05,1,249,249
ITEM_57118,ORD_15570,PROD_CASE_04,1,599,599
ITEM_57119,ORD_15570,PROD_SCR_02,1,499,499
ITEM_57120,ORD_15571,PROD_CASE_05,1,899,899
ITEM_57121,ORD_15571,PROD_SCR_02,1,499,499
ITEM_57122,ORD_15572,PROD_CASE_05,1,899,899
ITEM_57123,ORD_15572,PROD_SCR_01,1,299,299
ITEM_57124,ORD_15573,PROD_CASE_03,1,999,999
ITEM_57125,ORD_15573,PROD_SCR_02,1,499,499
ITEM_57126,ORD_15574,PROD_CASE_03,1,999,999
ITEM_57127,ORD_15574,PROD_SCR_01,1,299,299
ITEM_57128,ORD_15575,PROD_CASE_01,1,499,499
ITEM_57129,ORD_15575,PROD_SCR_05,1,249,249
ITEM_57130,ORD_15576,PROD_CASE_03,1,999,999
ITEM_57131,ORD_15576,PROD_SCR_05,1,249,249
ITEM_57132,ORD_15577,PROD_CASE_04,1,599,599
ITEM_57133,ORD_15577,PROD_SCR_01,1,299,299
ITEM_57134,ORD_15578,PROD_CASE_03,1,999,999
ITEM_57135,ORD_15578,PROD_SCR_04,1,699,699
ITEM_57136,ORD_15579,PROD_CASE_04,1,599,599
ITEM_57137,ORD_15579,PROD_SCR_02,1,499,499
ITEM_57138,ORD_15580,PROD_CASE_05,1,899,899
ITEM_57139,ORD_15580,PROD_SCR_03,1,349,349
ITEM_57140,ORD_15581,PROD_CASE_01,1,499,499
ITEM_57141,ORD_15581,PROD_SCR_04,1,699,699
ITEM_57142,ORD_15582,PROD_CASE_05,1,899,899
ITEM_57143,ORD_15582,PROD_SCR_01,1,299,299
ITEM_57144,ORD_15583,PROD_CASE_01,1,499,499
ITEM_57145,ORD_15583,PROD_SCR_03,1,349,349
ITEM_57146,ORD_15584,PROD_CASE_02,1,799,799
ITEM_57147,ORD_15584,PROD_SCR_01,1,299,299
ITEM_57148,ORD_15585,PROD_CASE_04,1,599,599
ITEM_57149,ORD_15585,PROD_SCR_05,1,249,249
ITEM_57150,ORD_15586,PROD_CASE_03,1,999,999
ITEM_57151,ORD_15586,PROD_SCR_01,1,299,299
ITEM_57152,ORD_15587,PROD_CASE_03,1,999,999
ITEM_57153,ORD_15587,PROD_SCR_03,1,349,349
ITEM_57154,ORD_15588,PROD_CASE_01,1,499,499
ITEM_57155,ORD_15588,PROD_SCR_05,1,249,249
ITEM_57156,ORD_15589,PROD_CASE_02,1,799,799
ITEM_57157,ORD_15589,PROD_SCR_04,1,699,699
ITEM_57158,ORD_15590,PROD_CASE_02,1,799,799
ITEM_57159,ORD_15590,PROD_SCR_05,1,249,249
ITEM_57160,ORD_15591,PROD_CASE_04,1,599,599
ITEM_57161,ORD_15591,PROD_SCR_03,1,349,349
ITEM_57162,ORD_15592,PROD_CASE_02,1,799,799
ITEM_57163,ORD_15592,PROD_SCR_01,1,299,299
ITEM_57164,ORD_15593,PROD_CASE_03,1,999,999
ITEM_57165,ORD_15593,PROD_SCR_01,1,299,299
ITEM_57166,ORD_15594,PROD_CASE_05,1,899,899
ITEM_57167,ORD_15594,PROD_SCR_04,1,699,699
ITEM_57168,ORD_15595,PROD_CASE_01,1,499,499
ITEM_57169,ORD_15595,PROD_SCR_05,1,249,249
ITEM_57170,ORD_15596,PROD_CASE_04,1,599,599
ITEM_57171,ORD_15596,PROD_SCR_04,1,699,699
ITEM_57172,ORD_15597,PROD_CASE_04,1,599,599
ITEM_57173,ORD_15597,PROD_SCR_04,1,699,699
ITEM_57174,ORD_15598,PROD_CASE_01,1,499,499
ITEM_57175,ORD_15598,PROD_SCR_02,1,499,499
ITEM_57176,ORD_15599,PROD_CASE_02,1,799,799
ITEM_57177,ORD_15599,PROD_SCR_03,1,349,349
ITEM_57178,ORD_15600,PROD_CASE_01,1,499,499
ITEM_57179,ORD_15600,PROD_SCR_02,1,499,499
ITEM_57180,ORD_15601,PROD_CASE_02,1,799,799
ITEM_57181,ORD_15601,PROD_SCR_03,1,349,349
ITEM_57182,ORD_15602,PROD_CASE_01,1,499,499
ITEM_57183,ORD_15602,PROD_SCR_01,1,299,299
ITEM_57184,ORD_15603,PROD_CASE_04,1,599,599
ITEM_57185,ORD_15603,PROD_SCR_05,1,249,249
ITEM_57186,ORD_15604,PROD_CASE_03,1,999,999
ITEM_57187,ORD_15604,PROD_SCR_05,1,249,249
ITEM_57188,ORD_15605,PROD_CASE_04,1,599,599
ITEM_57189,ORD_15605,PROD_SCR_04,1,699,699
ITEM_57190,ORD_15606,PROD_CASE_02,1,799,799
ITEM_57191,ORD_15606,PROD_SCR_03,1,349,349
ITEM_57192,ORD_15607,PROD_CASE_01,1,499,499
ITEM_57193,ORD_15607,PROD_SCR_03,1,349,349
ITEM_57194,ORD_15608,PROD_CASE_02,1,799,799
ITEM_57195,ORD_15608,PROD_SCR_02,1,499,499
ITEM_57196,ORD_15609,PROD_CASE_03,1,999,999
ITEM_57197,ORD_15609,PROD_SCR_01,1,299,299
ITEM_57198,ORD_15610,PROD_CASE_04,1,599,599
ITEM_57199,ORD_15610,PROD_SCR_03,1,349,349
ITEM_57200,ORD_15611,PROD_CASE_04,1,599,599
ITEM_57201,ORD_15611,PROD_SCR_01,1,299,299
ITEM_57202,ORD_15612,PROD_CASE_02,1,799,799
ITEM_57203,ORD_15612,PROD_SCR_04,1,699,699
ITEM_57204,ORD_15613,PROD_CASE_01,1,499,499
ITEM_57205,ORD_15613,PROD_SCR_05,1,249,249
ITEM_57206,ORD_15614,PROD_CASE_03,1,999,999
ITEM_57207,ORD_15614,PROD_SCR_04,1,699,699
ITEM_57208,ORD_15615,PROD_CASE_03,1,999,999
ITEM_57209,ORD_15615,PROD_SCR_05,1,249,249
ITEM_57210,ORD_15616,PROD_CASE_04,1,599,599
ITEM_57211,ORD_15616,PROD_SCR_04,1,699,699
ITEM_57212,ORD_15617,PROD_CASE_01,1,499,499
ITEM_57213,ORD_15617,PROD_SCR_03,1,349,349
ITEM_57214,ORD_15618,PROD_CASE_02,1,799,799
ITEM_57215,ORD_15618,PROD_SCR_05,1,249,249
ITEM_57216,ORD_15619,PROD_CASE_03,1,999,999
ITEM_57217,ORD_15619,PROD_SCR_03,1,349,349
ITEM_57218,ORD_15620,PROD_CASE_02,1,799,799
ITEM_57219,ORD_15620,PROD_SCR_03,1,349,349
ITEM_57220,ORD_15621,PROD_CASE_05,1,899,899
ITEM_57221,ORD_15621,PROD_SCR_04,1,699,699
ITEM_57222,ORD_15622,PROD_CASE_05,1,899,899
ITEM_57223,ORD_15622,PROD_SCR_05,1,249,249
ITEM_57224,ORD_15623,PROD_CASE_03,1,999,999
ITEM_57225,ORD_15623,PROD_SCR_04,1,699,699
ITEM_57226,ORD_15624,PROD_CASE_03,1,999,999
ITEM_57227,ORD_15624,PROD_SCR_03,1,349,349
ITEM_57228,ORD_15625,PROD_CASE_01,1,499,499
ITEM_57229,ORD_15625,PROD_SCR_03,1,349,349
ITEM_57230,ORD_15626,PROD_CASE_05,1,899,899
ITEM_57231,ORD_15626,PROD_SCR_02,1,499,499
ITEM_57232,ORD_15627,PROD_CASE_01,1,499,499
ITEM_57233,ORD_15627,PROD_SCR_03,1,349,349
ITEM_57234,ORD_15628,PROD_CASE_04,1,599,599
ITEM_57235,ORD_15628,PROD_SCR_05,1,249,249
ITEM_57236,ORD_15629,PROD_CASE_03,1,999,999
ITEM_57237,ORD_15629,PROD_SCR_02,1,499,499
ITEM_57238,ORD_15630,PROD_CASE_01,1,499,499
ITEM_57239,ORD_15630,PROD_SCR_03,1,349,349
ITEM_57240,ORD_15631,PROD_CASE_03,1,999,999
ITEM_57241,ORD_15631,PROD_SCR_02,1,499,499
ITEM_57242,ORD_15632,PROD_CASE_04,1,599,599
ITEM_57243,ORD_15632,PROD_SCR_04,1,699,699
ITEM_57244,ORD_15633,PROD_CASE_01,1,499,499
ITEM_57245,ORD_15633,PROD_SCR_05,1,249,249
ITEM_57246,ORD_15634,PROD_CASE_01,1,499,499
ITEM_57247,ORD_15634,PROD_SCR_01,1,299,299
ITEM_57248,ORD_15635,PROD_CASE_04,1,599,599
ITEM_57249,ORD_15635,PROD_SCR_02,1,499,499
ITEM_57250,ORD_15636,PROD_CASE_05,1,899,899
ITEM_57251,ORD_15636,PROD_SCR_01,1,299,299
ITEM_57252,ORD_15637,PROD_CASE_03,1,999,999
ITEM_57253,ORD_15637,PROD_SCR_02,1,499,499
ITEM_57254,ORD_15638,PROD_CASE_04,1,599,599
ITEM_57255,ORD_15638,PROD_SCR_02,1,499,499
ITEM_57256,ORD_15639,PROD_CASE_01,1,499,499
ITEM_57257,ORD_15639,PROD_SCR_04,1,699,699
ITEM_57258,ORD_15640,PROD_CASE_04,1,599,599
ITEM_57259,ORD_15640,PROD_SCR_01,1,299,299
ITEM_57260,ORD_15641,PROD_CASE_04,1,599,599
ITEM_57261,ORD_15641,PROD_SCR_05,1,249,249
ITEM_57262,ORD_15642,PROD_CASE_02,1,799,799
ITEM_57263,ORD_15642,PROD_SCR_03,1,349,349
ITEM_57264,ORD_15643,PROD_CASE_04,1,599,599
ITEM_57265,ORD_15643,PROD_SCR_05,1,249,249
ITEM_57266,ORD_15644,PROD_CASE_02,1,799,799
ITEM_57267,ORD_15644,PROD_SCR_04,1,699,699
ITEM_57268,ORD_15645,PROD_CASE_02,1,799,799
ITEM_57269,ORD_15645,PROD_SCR_01,1,299,299
ITEM_57270,ORD_15646,PROD_CASE_02,1,799,799
ITEM_57271,ORD_15646,PROD_SCR_01,1,299,299
ITEM_57272,ORD_15647,PROD_CASE_02,1,799,799
ITEM_57273,ORD_15647,PROD_SCR_02,1,499,499
ITEM_57274,ORD_15648,PROD_CASE_04,1,599,599
ITEM_57275,ORD_15648,PROD_SCR_03,1,349,349
ITEM_57276,ORD_15649,PROD_CASE_01,1,499,499
ITEM_57277,ORD_15649,PROD_SCR_03,1,349,349
ITEM_57278,ORD_15650,PROD_CASE_01,1,499,499
ITEM_57279,ORD_15650,PROD_SCR_01,1,299,299
ITEM_57280,ORD_15651,PROD_CASE_01,1,499,499
ITEM_57281,ORD_15651,PROD_SCR_04,1,699,699
ITEM_57282,ORD_15652,PROD_CASE_01,1,499,499
ITEM_57283,ORD_15652,PROD_SCR_03,1,349,349
ITEM_57284,ORD_15653,PROD_CASE_05,1,899,899
ITEM_57285,ORD_15653,PROD_SCR_05,1,249,249
ITEM_57286,ORD_15654,PROD_CASE_04,1,599,599
ITEM_57287,ORD_15654,PROD_SCR_04,1,699,699
ITEM_57288,ORD_15655,PROD_CASE_05,1,899,899
ITEM_57289,ORD_15655,PROD_SCR_02,1,499,499
ITEM_57290,ORD_15656,PROD_CASE_02,1,799,799
ITEM_57291,ORD_15656,PROD_SCR_03,1,349,349
ITEM_57292,ORD_15657,PROD_CASE_02,1,799,799
ITEM_57293,ORD_15657,PROD_SCR_05,1,249,249
ITEM_57294,ORD_15658,PROD_CASE_02,1,799,799
ITEM_57295,ORD_15658,PROD_SCR_01,1,299,299
ITEM_57296,ORD_15659,PROD_CASE_01,1,499,499
ITEM_57297,ORD_15659,PROD_SCR_01,1,299,299
ITEM_57298,ORD_15660,PROD_CASE_01,1,499,499
ITEM_57299,ORD_15660,PROD_SCR_01,1,299,299
ITEM_57300,ORD_15661,PROD_CASE_03,1,999,999
ITEM_57301,ORD_15661,PROD_SCR_05,1,249,249
ITEM_57302,ORD_15662,PROD_CASE_05,1,899,899
ITEM_57303,ORD_15662,PROD_SCR_01,1,299,299
ITEM_57304,ORD_15663,PROD_CASE_02,1,799,799
ITEM_57305,ORD_15663,PROD_SCR_03,1,349,349
ITEM_57306,ORD_15664,PROD_CASE_01,1,499,499
ITEM_57307,ORD_15664,PROD_SCR_02,1,499,499
ITEM_57308,ORD_15665,PROD_CASE_05,1,899,899
ITEM_57309,ORD_15665,PROD_SCR_03,1,349,349
ITEM_57310,ORD_15666,PROD_CASE_04,1,599,599
ITEM_57311,ORD_15666,PROD_SCR_03,1,349,349
ITEM_57312,ORD_15667,PROD_CASE_03,1,999,999
ITEM_57313,ORD_15667,PROD_SCR_02,1,499,499
ITEM_57314,ORD_15668,PROD_CASE_03,1,999,999
ITEM_57315,ORD_15668,PROD_SCR_05,1,249,249
ITEM_57316,ORD_15669,PROD_CASE_01,1,499,499
ITEM_57317,ORD_15669,PROD_SCR_02,1,499,499
ITEM_57318,ORD_15670,PROD_CASE_04,1,599,599
ITEM_57319,ORD_15670,PROD_SCR_04,1,699,699
ITEM_57320,ORD_15671,PROD_CASE_01,1,499,499
ITEM_57321,ORD_15671,PROD_SCR_05,1,249,249
ITEM_57322,ORD_15672,PROD_CASE_04,1,599,599
ITEM_57323,ORD_15672,PROD_SCR_04,1,699,699
ITEM_57324,ORD_15673,PROD_WATCH_05,1,6999,6999
ITEM_57325,ORD_15673,PROD_SPK_05,1,4999,4999
ITEM_57326,ORD_15674,PROD_CHG_03,1,999,999
ITEM_57327,ORD_15674,PROD_WATCH_02,1,5499,5499
ITEM_57328,ORD_15675,PROD_WATCH_04,1,3999,3999
ITEM_57329,ORD_15675,PROD_CHG_03,1,999,999
ITEM_57330,ORD_15676,PROD_PWR_03,1,3299,3299
ITEM_57331,ORD_15676,PROD_CHG_02,1,1899,1899
ITEM_57332,ORD_15677,PROD_CHG_04,1,1499,1499
ITEM_57333,ORD_15677,PROD_CHG_03,1,999,999
ITEM_57334,ORD_15678,PROD_PWR_03,1,3299,3299
ITEM_57335,ORD_15678,PROD_WATCH_05,1,6999,6999
ITEM_57336,ORD_15679,PROD_CHG_04,1,1499,1499
ITEM_57337,ORD_15679,PROD_WATCH_02,1,5499,5499
ITEM_57338,ORD_15680,PROD_SPK_03,1,1299,1299
ITEM_57339,ORD_15680,PROD_PWR_02,1,2199,2199
ITEM_57340,ORD_15681,PROD_CHG_01,1,699,699
ITEM_57341,ORD_15681,PROD_PWR_04,1,899,899
ITEM_57342,ORD_15682,PROD_CHG_03,1,999,999
ITEM_57343,ORD_15682,PROD_WATCH_04,1,3999,3999
ITEM_57344,ORD_15683,PROD_SPK_05,1,4999,4999
ITEM_57345,ORD_15683,PROD_CHG_03,1,999,999
ITEM_57346,ORD_15684,PROD_SPK_01,1,2499,2499
ITEM_57347,ORD_15684,PROD_WATCH_05,1,6999,6999
ITEM_57348,ORD_15685,PROD_CHG_02,1,1899,1899
ITEM_57349,ORD_15685,PROD_WATCH_04,1,3999,3999
ITEM_57350,ORD_15686,PROD_SPK_05,1,4999,4999
ITEM_57351,ORD_15686,PROD_CHG_05,1,799,799
ITEM_57352,ORD_15687,PROD_SPK_05,1,4999,4999
ITEM_57353,ORD_15687,PROD_SPK_04,1,3299,3299
ITEM_57354,ORD_15688,PROD_PWR_05,1,2799,2799
ITEM_57355,ORD_15688,PROD_CHG_01,1,699,699
ITEM_57356,ORD_15689,PROD_CHG_04,1,1499,1499
ITEM_57357,ORD_15689,PROD_SPK_02,1,3999,3999
ITEM_57358,ORD_15690,PROD_PWR_04,1,899,899
ITEM_57359,ORD_15690,PROD_CHG_02,1,1899,1899
ITEM_57360,ORD_15691,PROD_SPK_01,1,2499,2499
ITEM_57361,ORD_15691,PROD_CHG_05,1,799,799
ITEM_57362,ORD_15692,PROD_SPK_04,1,3299,3299
ITEM_57363,ORD_15692,PROD_WATCH_04,1,3999,3999
ITEM_57364,ORD_15693,PROD_CHG_01,1,699,699
ITEM_57365,ORD_15693,PROD_CHG_05,1,799,799
ITEM_57366,ORD_15694,PROD_CHG_05,1,799,799
ITEM_57367,ORD_15694,PROD_WATCH_04,1,3999,3999
ITEM_57368,ORD_15695,PROD_CHG_05,1,799,799
ITEM_57369,ORD_15695,PROD_PWR_04,1,899,899
ITEM_57370,ORD_15696,PROD_PWR_05,1,2799,2799
ITEM_57371,ORD_15696,PROD_CHG_01,1,699,699
ITEM_57372,ORD_15697,PROD_WATCH_04,1,3999,3999
ITEM_57373,ORD_15697,PROD_SPK_04,1,3299,3299
ITEM_57374,ORD_15698,PROD_PWR_04,1,899,899
ITEM_57375,ORD_15698,PROD_CHG_03,1,999,999
ITEM_57376,ORD_15699,PROD_PWR_03,1,3299,3299
ITEM_57377,ORD_15699,PROD_PWR_04,1,899,899
ITEM_57378,ORD_15700,PROD_WATCH_03,1,1899,1899
ITEM_57379,ORD_15700,PROD_SPK_01,1,2499,2499
ITEM_57380,ORD_15701,PROD_PWR_01,1,1299,1299
ITEM_57381,ORD_15701,PROD_SPK_02,1,3999,3999
ITEM_57382,ORD_15702,PROD_CHG_04,1,1499,1499
ITEM_57383,ORD_15702,PROD_PWR_02,1,2199,2199
ITEM_57384,ORD_15703,PROD_PWR_01,1,1299,1299
ITEM_57385,ORD_15703,PROD_PWR_04,1,899,899
ITEM_57386,ORD_15704,PROD_CHG_05,1,799,799
ITEM_57387,ORD_15704,PROD_SPK_02,1,3999,3999
ITEM_57388,ORD_15705,PROD_SPK_04,1,3299,3299
ITEM_57389,ORD_15705,PROD_PWR_05,1,2799,2799
ITEM_57390,ORD_15706,PROD_SPK_05,1,4999,4999
ITEM_57391,ORD_15706,PROD_WATCH_03,1,1899,1899
ITEM_57392,ORD_15707,PROD_CHG_01,1,699,699
ITEM_57393,ORD_15707,PROD_CHG_04,1,1499,1499
ITEM_57394,ORD_15708,PROD_CHG_01,1,699,699
ITEM_57395,ORD_15708,PROD_SPK_01,1,2499,2499
ITEM_57396,ORD_15709,PROD_WATCH_05,1,6999,6999
ITEM_57397,ORD_15709,PROD_PWR_05,1,2799,2799
ITEM_57398,ORD_15710,PROD_WATCH_02,1,5499,5499
ITEM_57399,ORD_15710,PROD_CHG_04,1,1499,1499
ITEM_57400,ORD_15711,PROD_CHG_04,1,1499,1499
ITEM_57401,ORD_15711,PROD_WATCH_03,1,1899,1899
ITEM_57402,ORD_15712,PROD_SPK_01,1,2499,2499
ITEM_57403,ORD_15712,PROD_PWR_05,1,2799,2799
ITEM_57404,ORD_15713,PROD_SPK_05,1,4999,4999
ITEM_57405,ORD_15713,PROD_CHG_01,1,699,699
ITEM_57406,ORD_15714,PROD_SPK_05,1,4999,4999
ITEM_57407,ORD_15714,PROD_WATCH_05,1,6999,6999
ITEM_57408,ORD_15715,PROD_PWR_03,1,3299,3299
ITEM_57409,ORD_15715,PROD_PWR_04,1,899,899
ITEM_57410,ORD_15716,PROD_CHG_04,1,1499,1499
ITEM_57411,ORD_15716,PROD_CHG_01,1,699,699
ITEM_57412,ORD_15717,PROD_CHG_05,1,799,799
ITEM_57413,ORD_15717,PROD_SPK_01,1,2499,2499
ITEM_57414,ORD_15718,PROD_SPK_04,1,3299,3299
ITEM_57415,ORD_15718,PROD_WATCH_04,1,3999,3999
ITEM_57416,ORD_15719,PROD_PWR_04,1,899,899
ITEM_57417,ORD_15719,PROD_PWR_02,1,2199,2199
ITEM_57418,ORD_15720,PROD_WATCH_02,1,5499,5499
ITEM_57419,ORD_15720,PROD_CHG_03,1,999,999
ITEM_57420,ORD_15721,PROD_CHG_04,1,1499,1499
ITEM_57421,ORD_15721,PROD_WATCH_04,1,3999,3999
ITEM_57422,ORD_15722,PROD_SPK_05,1,4999,4999
ITEM_57423,ORD_15722,PROD_PWR_02,1,2199,2199
ITEM_57424,ORD_15723,PROD_WATCH_04,1,3999,3999
ITEM_57425,ORD_15723,PROD_WATCH_05,1,6999,6999
ITEM_57426,ORD_15724,PROD_CHG_05,1,799,799
ITEM_57427,ORD_15724,PROD_SPK_02,1,3999,3999
ITEM_57428,ORD_15725,PROD_WATCH_05,1,6999,6999
ITEM_57429,ORD_15725,PROD_SPK_04,1,3299,3299
ITEM_57430,ORD_15726,PROD_SPK_05,1,4999,4999
ITEM_57431,ORD_15726,PROD_SPK_04,1,3299,3299
ITEM_57432,ORD_15727,PROD_PWR_02,1,2199,2199
ITEM_57433,ORD_15727,PROD_PWR_03,1,3299,3299
ITEM_57434,ORD_15728,PROD_WATCH_03,1,1899,1899
ITEM_57435,ORD_15728,PROD_PWR_02,1,2199,2199
ITEM_57436,ORD_15729,PROD_SPK_04,1,3299,3299
ITEM_57437,ORD_15729,PROD_PWR_03,1,3299,3299
ITEM_57438,ORD_15730,PROD_CHG_01,1,699,699
ITEM_57439,ORD_15730,PROD_SPK_05,1,4999,4999
ITEM_57440,ORD_15731,PROD_PWR_03,1,3299,3299
ITEM_57441,ORD_15731,PROD_PWR_01,1,1299,1299
ITEM_57442,ORD_15732,PROD_WATCH_02,1,5499,5499
ITEM_57443,ORD_15732,PROD_PWR_02,1,2199,2199
ITEM_57444,ORD_15733,PROD_CHG_05,1,799,799
ITEM_57445,ORD_15733,PROD_CHG_05,1,799,799
ITEM_57446,ORD_15734,PROD_SPK_04,1,3299,3299
ITEM_57447,ORD_15734,PROD_PWR_02,1,2199,2199
ITEM_57448,ORD_15735,PROD_PWR_02,1,2199,2199
ITEM_57449,ORD_15735,PROD_WATCH_04,1,3999,3999
ITEM_57450,ORD_15736,PROD_WATCH_03,1,1899,1899
ITEM_57451,ORD_15736,PROD_WATCH_05,1,6999,6999
ITEM_57452,ORD_15737,PROD_CHG_01,1,699,699
ITEM_57453,ORD_15737,PROD_SPK_04,1,3299,3299
ITEM_57454,ORD_15738,PROD_WATCH_03,1,1899,1899
ITEM_57455,ORD_15738,PROD_CHG_02,1,1899,1899
ITEM_57456,ORD_15739,PROD_PWR_02,1,2199,2199
ITEM_57457,ORD_15739,PROD_SPK_02,1,3999,3999
ITEM_57458,ORD_15740,PROD_SPK_02,1,3999,3999
ITEM_57459,ORD_15740,PROD_SPK_05,1,4999,4999
ITEM_57460,ORD_15741,PROD_SPK_04,1,3299,3299
ITEM_57461,ORD_15741,PROD_CHG_04,1,1499,1499
ITEM_57462,ORD_15742,PROD_SPK_02,1,3999,3999
ITEM_57463,ORD_15742,PROD_PWR_04,1,899,899
ITEM_57464,ORD_15743,PROD_SPK_02,1,3999,3999
ITEM_57465,ORD_15743,PROD_PWR_04,1,899,899
ITEM_57466,ORD_15744,PROD_PWR_04,1,899,899
ITEM_57467,ORD_15744,PROD_SPK_05,1,4999,4999
ITEM_57468,ORD_15745,PROD_PWR_01,1,1299,1299
ITEM_57469,ORD_15745,PROD_PWR_05,1,2799,2799
ITEM_57470,ORD_15746,PROD_PWR_01,1,1299,1299
ITEM_57471,ORD_15746,PROD_WATCH_02,1,5499,5499
ITEM_57472,ORD_15747,PROD_PWR_03,1,3299,3299
ITEM_57473,ORD_15747,PROD_CHG_01,1,699,699
ITEM_57474,ORD_15748,PROD_SPK_04,1,3299,3299
ITEM_57475,ORD_15748,PROD_SPK_01,1,2499,2499
ITEM_57476,ORD_15749,PROD_PWR_05,1,2799,2799
ITEM_57477,ORD_15749,PROD_SPK_02,1,3999,3999
ITEM_57478,ORD_15750,PROD_WATCH_03,1,1899,1899
ITEM_57479,ORD_15750,PROD_CHG_05,1,799,799
ITEM_57480,ORD_15751,PROD_SPK_02,1,3999,3999
ITEM_57481,ORD_15751,PROD_CHG_04,1,1499,1499
ITEM_57482,ORD_15752,PROD_PWR_03,1,3299,3299
ITEM_57483,ORD_15752,PROD_WATCH_04,1,3999,3999
ITEM_57484,ORD_15753,PROD_PWR_02,1,2199,2199
ITEM_57485,ORD_15753,PROD_SPK_02,1,3999,3999
ITEM_57486,ORD_15754,PROD_CHG_04,1,1499,1499
ITEM_57487,ORD_15754,PROD_PWR_04,1,899,899
ITEM_57488,ORD_15755,PROD_WATCH_04,1,3999,3999
ITEM_57489,ORD_15755,PROD_PWR_05,1,2799,2799
ITEM_57490,ORD_15756,PROD_PWR_02,1,2199,2199
ITEM_57491,ORD_15756,PROD_PWR_03,1,3299,3299
ITEM_57492,ORD_15757,PROD_CHG_02,1,1899,1899
ITEM_57493,ORD_15757,PROD_WATCH_03,1,1899,1899
ITEM_57494,ORD_15758,PROD_CHG_05,1,799,799
ITEM_57495,ORD_15758,PROD_WATCH_02,1,5499,5499
ITEM_57496,ORD_15759,PROD_SPK_04,1,3299,3299
ITEM_57497,ORD_15759,PROD_WATCH_05,1,6999,6999
ITEM_57498,ORD_15760,PROD_CHG_02,1,1899,1899
ITEM_57499,ORD_15760,PROD_WATCH_02,1,5499,5499
ITEM_57500,ORD_15761,PROD_CHG_01,1,699,699
ITEM_57501,ORD_15761,PROD_PWR_03,1,3299,3299
ITEM_57502,ORD_15762,PROD_CHG_03,1,999,999
ITEM_57503,ORD_15762,PROD_CHG_01,1,699,699
ITEM_57504,ORD_15763,PROD_PWR_03,1,3299,3299
ITEM_57505,ORD_15763,PROD_SPK_01,1,2499,2499
ITEM_57506,ORD_15764,PROD_WATCH_05,1,6999,6999
ITEM_57507,ORD_15764,PROD_SPK_03,1,1299,1299
ITEM_57508,ORD_15765,PROD_CHG_04,1,1499,1499
ITEM_57509,ORD_15765,PROD_CHG_01,1,699,699
ITEM_57510,ORD_15766,PROD_WATCH_04,1,3999,3999
ITEM_57511,ORD_15766,PROD_PWR_02,1,2199,2199
ITEM_57512,ORD_15767,PROD_SPK_05,1,4999,4999
ITEM_57513,ORD_15767,PROD_CHG_02,1,1899,1899
ITEM_57514,ORD_15768,PROD_CHG_04,1,1499,1499
ITEM_57515,ORD_15768,PROD_WATCH_03,1,1899,1899
ITEM_57516,ORD_15769,PROD_SPK_03,1,1299,1299
ITEM_57517,ORD_15769,PROD_CHG_01,1,699,699
ITEM_57518,ORD_15770,PROD_PWR_03,1,3299,3299
ITEM_57519,ORD_15770,PROD_SPK_01,1,2499,2499
ITEM_57520,ORD_15771,PROD_PWR_05,1,2799,2799
ITEM_57521,ORD_15771,PROD_CHG_03,1,999,999
ITEM_57522,ORD_15772,PROD_WATCH_05,1,6999,6999
ITEM_57523,ORD_15772,PROD_CHG_04,1,1499,1499
ITEM_57524,ORD_15773,PROD_PWR_02,1,2199,2199
ITEM_57525,ORD_15773,PROD_PWR_03,1,3299,3299
ITEM_57526,ORD_15774,PROD_WATCH_05,1,6999,6999
ITEM_57527,ORD_15774,PROD_PWR_04,1,899,899
ITEM_57528,ORD_15775,PROD_CHG_04,1,1499,1499
ITEM_57529,ORD_15775,PROD_SPK_03,1,1299,1299
ITEM_57530,ORD_15776,PROD_WATCH_02,1,5499,5499
ITEM_57531,ORD_15776,PROD_WATCH_05,1,6999,6999
ITEM_57532,ORD_15777,PROD_SPK_03,1,1299,1299
ITEM_57533,ORD_15777,PROD_SPK_01,1,2499,2499
ITEM_57534,ORD_15778,PROD_CHG_05,1,799,799
ITEM_57535,ORD_15778,PROD_CHG_05,1,799,799
ITEM_57536,ORD_15779,PROD_WATCH_05,1,6999,6999
ITEM_57537,ORD_15779,PROD_PWR_04,1,899,899
ITEM_57538,ORD_15780,PROD_PWR_05,1,2799,2799
ITEM_57539,ORD_15780,PROD_PWR_01,1,1299,1299
ITEM_57540,ORD_15781,PROD_WATCH_03,1,1899,1899
ITEM_57541,ORD_15781,PROD_SPK_03,1,1299,1299
ITEM_57542,ORD_15782,PROD_CHG_03,1,999,999
ITEM_57543,ORD_15782,PROD_WATCH_02,1,5499,5499
ITEM_57544,ORD_15783,PROD_SPK_04,1,3299,3299
ITEM_57545,ORD_15783,PROD_PWR_05,1,2799,2799
ITEM_57546,ORD_15784,PROD_PWR_05,1,2799,2799
ITEM_57547,ORD_15784,PROD_CHG_01,1,699,699
ITEM_57548,ORD_15785,PROD_SPK_02,1,3999,3999
ITEM_57549,ORD_15785,PROD_CHG_02,1,1899,1899
ITEM_57550,ORD_15786,PROD_CHG_03,1,999,999
ITEM_57551,ORD_15786,PROD_SPK_05,1,4999,4999
ITEM_57552,ORD_15787,PROD_PWR_01,1,1299,1299
ITEM_57553,ORD_15787,PROD_WATCH_05,1,6999,6999
ITEM_57554,ORD_15788,PROD_SPK_04,1,3299,3299
ITEM_57555,ORD_15788,PROD_WATCH_05,1,6999,6999
ITEM_57556,ORD_15789,PROD_PWR_04,1,899,899
ITEM_57557,ORD_15789,PROD_WATCH_04,1,3999,3999
ITEM_57558,ORD_15790,PROD_PWR_04,1,899,899
ITEM_57559,ORD_15790,PROD_WATCH_04,1,3999,3999
ITEM_57560,ORD_15791,PROD_CHG_02,1,1899,1899
ITEM_57561,ORD_15791,PROD_WATCH_03,1,1899,1899
ITEM_57562,ORD_15792,PROD_PWR_05,1,2799,2799
ITEM_57563,ORD_15792,PROD_WATCH_02,1,5499,5499
ITEM_57564,ORD_15793,PROD_PWR_05,1,2799,2799
ITEM_57565,ORD_15793,PROD_PWR_01,1,1299,1299
ITEM_57566,ORD_15794,PROD_CHG_03,1,999,999
ITEM_57567,ORD_15794,PROD_SPK_02,1,3999,3999
ITEM_57568,ORD_15795,PROD_SPK_01,1,2499,2499
ITEM_57569,ORD_15795,PROD_SPK_03,1,1299,1299
ITEM_57570,ORD_15796,PROD_SPK_04,1,3299,3299
ITEM_57571,ORD_15796,PROD_PWR_01,1,1299,1299
ITEM_57572,ORD_15797,PROD_CHG_01,1,699,699
ITEM_57573,ORD_15797,PROD_PWR_04,1,899,899
ITEM_57574,ORD_15798,PROD_CHG_02,1,1899,1899
ITEM_57575,ORD_15798,PROD_WATCH_04,1,3999,3999
ITEM_57576,ORD_15799,PROD_CHG_02,1,1899,1899
ITEM_57577,ORD_15799,PROD_PWR_05,1,2799,2799
ITEM_57578,ORD_15800,PROD_PWR_04,1,899,899
ITEM_57579,ORD_15800,PROD_WATCH_05,1,6999,6999
ITEM_57580,ORD_15801,PROD_CHG_05,1,799,799
ITEM_57581,ORD_15801,PROD_SPK_01,1,2499,2499
ITEM_57582,ORD_15802,PROD_PWR_05,1,2799,2799
ITEM_57583,ORD_15802,PROD_SPK_04,1,3299,3299
ITEM_57584,ORD_15803,PROD_SPK_03,1,1299,1299
ITEM_57585,ORD_15803,PROD_SPK_04,1,3299,3299
ITEM_57586,ORD_15804,PROD_CHG_04,1,1499,1499
ITEM_57587,ORD_15804,PROD_WATCH_04,1,3999,3999
ITEM_57588,ORD_15805,PROD_SPK_04,1,3299,3299
ITEM_57589,ORD_15805,PROD_PWR_01,1,1299,1299
ITEM_57590,ORD_15806,PROD_SPK_04,1,3299,3299
ITEM_57591,ORD_15806,PROD_SPK_05,1,4999,4999
ITEM_57592,ORD_15807,PROD_PWR_04,1,899,899
ITEM_57593,ORD_15807,PROD_WATCH_04,1,3999,3999
ITEM_57594,ORD_15808,PROD_SPK_01,1,2499,2499
ITEM_57595,ORD_15808,PROD_WATCH_05,1,6999,6999
ITEM_57596,ORD_15809,PROD_CHG_04,1,1499,1499
ITEM_57597,ORD_15809,PROD_SPK_05,1,4999,4999
ITEM_57598,ORD_15810,PROD_CHG_02,1,1899,1899
ITEM_57599,ORD_15810,PROD_SPK_04,1,3299,3299
ITEM_57600,ORD_15811,PROD_SPK_02,1,3999,3999
ITEM_57601,ORD_15811,PROD_CHG_03,1,999,999
ITEM_57602,ORD_15812,PROD_PWR_01,1,1299,1299
ITEM_57603,ORD_15812,PROD_SPK_04,1,3299,3299
ITEM_57604,ORD_15813,PROD_PWR_01,1,1299,1299
ITEM_57605,ORD_15813,PROD_CHG_05,1,799,799
ITEM_57606,ORD_15814,PROD_PWR_02,1,2199,2199
ITEM_57607,ORD_15814,PROD_CHG_01,1,699,699
ITEM_57608,ORD_15815,PROD_SPK_04,1,3299,3299
ITEM_57609,ORD_15815,PROD_CHG_05,1,799,799
ITEM_57610,ORD_15816,PROD_PWR_02,1,2199,2199
ITEM_57611,ORD_15816,PROD_CHG_04,1,1499,1499
ITEM_57612,ORD_15817,PROD_WATCH_04,1,3999,3999
ITEM_57613,ORD_15817,PROD_WATCH_04,1,3999,3999
ITEM_57614,ORD_15818,PROD_CHG_03,1,999,999
ITEM_57615,ORD_15818,PROD_SPK_01,1,2499,2499
ITEM_57616,ORD_15819,PROD_CHG_02,1,1899,1899
ITEM_57617,ORD_15819,PROD_PWR_05,1,2799,2799
ITEM_57618,ORD_15820,PROD_WATCH_04,1,3999,3999
ITEM_57619,ORD_15820,PROD_CHG_05,1,799,799
ITEM_57620,ORD_15821,PROD_CHG_01,1,699,699
ITEM_57621,ORD_15821,PROD_SPK_05,1,4999,4999
ITEM_57622,ORD_15822,PROD_CHG_03,1,999,999
ITEM_57623,ORD_15822,PROD_WATCH_04,1,3999,3999
ITEM_57624,ORD_15823,PROD_WATCH_05,1,6999,6999
ITEM_57625,ORD_15823,PROD_WATCH_03,1,1899,1899
ITEM_57626,ORD_15824,PROD_WATCH_02,1,5499,5499
ITEM_57627,ORD_15824,PROD_CHG_04,1,1499,1499
ITEM_57628,ORD_15825,PROD_SPK_01,1,2499,2499
ITEM_57629,ORD_15825,PROD_SPK_02,1,3999,3999
ITEM_57630,ORD_15826,PROD_PWR_01,1,1299,1299
ITEM_57631,ORD_15826,PROD_SPK_04,1,3299,3299
ITEM_57632,ORD_15827,PROD_WATCH_04,1,3999,3999
ITEM_57633,ORD_15827,PROD_PWR_05,1,2799,2799
ITEM_57634,ORD_15828,PROD_CHG_01,1,699,699
ITEM_57635,ORD_15828,PROD_SPK_03,1,1299,1299
ITEM_57636,ORD_15829,PROD_WATCH_05,1,6999,6999
ITEM_57637,ORD_15829,PROD_PWR_03,1,3299,3299
ITEM_57638,ORD_15830,PROD_CHG_01,1,699,699
ITEM_57639,ORD_15830,PROD_PWR_04,1,899,899
ITEM_57640,ORD_15831,PROD_WATCH_04,1,3999,3999
ITEM_57641,ORD_15831,PROD_CHG_04,1,1499,1499
ITEM_57642,ORD_15832,PROD_SPK_04,1,3299,3299
ITEM_57643,ORD_15832,PROD_CHG_02,1,1899,1899
ITEM_57644,ORD_15833,PROD_SPK_05,1,4999,4999
ITEM_57645,ORD_15833,PROD_PWR_01,1,1299,1299
ITEM_57646,ORD_15834,PROD_SPK_02,1,3999,3999
ITEM_57647,ORD_15834,PROD_SPK_05,1,4999,4999
ITEM_57648,ORD_15835,PROD_WATCH_05,1,6999,6999
ITEM_57649,ORD_15835,PROD_WATCH_02,1,5499,5499
ITEM_57650,ORD_15836,PROD_WATCH_04,1,3999,3999
ITEM_57651,ORD_15836,PROD_WATCH_03,1,1899,1899
ITEM_57652,ORD_15837,PROD_CHG_02,1,1899,1899
ITEM_57653,ORD_15837,PROD_CHG_01,1,699,699
ITEM_57654,ORD_15838,PROD_PWR_03,1,3299,3299
ITEM_57655,ORD_15838,PROD_CHG_02,1,1899,1899
ITEM_57656,ORD_15839,PROD_PWR_05,1,2799,2799
ITEM_57657,ORD_15839,PROD_SPK_03,1,1299,1299
ITEM_57658,ORD_15840,PROD_WATCH_05,1,6999,6999
ITEM_57659,ORD_15840,PROD_PWR_01,1,1299,1299
ITEM_57660,ORD_15841,PROD_CHG_04,1,1499,1499
ITEM_57661,ORD_15841,PROD_WATCH_02,1,5499,5499
ITEM_57662,ORD_15842,PROD_PWR_03,1,3299,3299
ITEM_57663,ORD_15842,PROD_SPK_01,1,2499,2499
ITEM_57664,ORD_15843,PROD_CHG_01,1,699,699
ITEM_57665,ORD_15843,PROD_WATCH_02,1,5499,5499
ITEM_57666,ORD_15844,PROD_PWR_05,1,2799,2799
ITEM_57667,ORD_15844,PROD_PWR_01,1,1299,1299
ITEM_57668,ORD_15845,PROD_SPK_01,1,2499,2499
ITEM_57669,ORD_15845,PROD_SPK_04,1,3299,3299
ITEM_57670,ORD_15846,PROD_WATCH_04,1,3999,3999
ITEM_57671,ORD_15846,PROD_SPK_05,1,4999,4999
ITEM_57672,ORD_15847,PROD_WATCH_03,1,1899,1899
ITEM_57673,ORD_15847,PROD_SPK_02,1,3999,3999
ITEM_57674,ORD_15848,PROD_PWR_05,1,2799,2799
ITEM_57675,ORD_15848,PROD_CHG_03,1,999,999
ITEM_57676,ORD_15849,PROD_WATCH_04,1,3999,3999
ITEM_57677,ORD_15849,PROD_SPK_05,1,4999,4999
ITEM_57678,ORD_15850,PROD_CHG_01,1,699,699
ITEM_57679,ORD_15850,PROD_SPK_04,1,3299,3299
ITEM_57680,ORD_15851,PROD_PWR_05,1,2799,2799
ITEM_57681,ORD_15851,PROD_PWR_02,1,2199,2199
ITEM_57682,ORD_15852,PROD_SPK_05,1,4999,4999
ITEM_57683,ORD_15852,PROD_PWR_02,1,2199,2199
ITEM_57684,ORD_15853,PROD_WATCH_04,1,3999,3999
ITEM_57685,ORD_15853,PROD_WATCH_03,1,1899,1899
ITEM_57686,ORD_15854,PROD_SPK_02,1,3999,3999
ITEM_57687,ORD_15854,PROD_SPK_02,1,3999,3999
ITEM_57688,ORD_15855,PROD_PWR_01,1,1299,1299
ITEM_57689,ORD_15855,PROD_PWR_02,1,2199,2199
ITEM_57690,ORD_15856,PROD_SPK_05,1,4999,4999
ITEM_57691,ORD_15856,PROD_CHG_02,1,1899,1899
ITEM_57692,ORD_15857,PROD_PWR_05,1,2799,2799
ITEM_57693,ORD_15857,PROD_WATCH_02,1,5499,5499
ITEM_57694,ORD_15858,PROD_WATCH_05,1,6999,6999
ITEM_57695,ORD_15858,PROD_SPK_02,1,3999,3999
ITEM_57696,ORD_15859,PROD_CHG_03,1,999,999
ITEM_57697,ORD_15859,PROD_CHG_03,1,999,999
ITEM_57698,ORD_15860,PROD_SPK_01,1,2499,2499
ITEM_57699,ORD_15860,PROD_SPK_05,1,4999,4999
ITEM_57700,ORD_15861,PROD_PWR_05,1,2799,2799
ITEM_57701,ORD_15861,PROD_WATCH_04,1,3999,3999
ITEM_57702,ORD_15862,PROD_CHG_03,1,999,999
ITEM_57703,ORD_15862,PROD_WATCH_03,1,1899,1899
ITEM_57704,ORD_15863,PROD_PWR_03,1,3299,3299
ITEM_57705,ORD_15863,PROD_CHG_04,1,1499,1499
ITEM_57706,ORD_15864,PROD_SPK_01,1,2499,2499
ITEM_57707,ORD_15864,PROD_SPK_04,1,3299,3299
ITEM_57708,ORD_15865,PROD_CHG_04,1,1499,1499
ITEM_57709,ORD_15865,PROD_CHG_01,1,699,699
ITEM_57710,ORD_15866,PROD_WATCH_04,1,3999,3999
ITEM_57711,ORD_15866,PROD_SPK_01,1,2499,2499
ITEM_57712,ORD_15867,PROD_PWR_04,1,899,899
ITEM_57713,ORD_15867,PROD_CHG_01,1,699,699
ITEM_57714,ORD_15868,PROD_PWR_04,1,899,899
ITEM_57715,ORD_15868,PROD_PWR_03,1,3299,3299
ITEM_57716,ORD_15869,PROD_CHG_05,1,799,799
ITEM_57717,ORD_15869,PROD_CHG_05,1,799,799
ITEM_57718,ORD_15870,PROD_PWR_02,1,2199,2199
ITEM_57719,ORD_15870,PROD_CHG_03,1,999,999
ITEM_57720,ORD_15871,PROD_CHG_05,1,799,799
ITEM_57721,ORD_15871,PROD_PWR_03,1,3299,3299
ITEM_57722,ORD_15872,PROD_SPK_05,1,4999,4999
ITEM_57723,ORD_15872,PROD_WATCH_02,1,5499,5499
ITEM_57724,ORD_15873,PROD_CHG_02,1,1899,1899
ITEM_57725,ORD_15873,PROD_SPK_02,1,3999,3999
ITEM_57726,ORD_15874,PROD_PWR_03,1,3299,3299
ITEM_57727,ORD_15874,PROD_PWR_02,1,2199,2199
ITEM_57728,ORD_15875,PROD_PWR_03,1,3299,3299
ITEM_57729,ORD_15875,PROD_PWR_04,1,899,899
ITEM_57730,ORD_15876,PROD_SPK_04,1,3299,3299
ITEM_57731,ORD_15876,PROD_SPK_01,1,2499,2499
ITEM_57732,ORD_15877,PROD_SPK_02,1,3999,3999
ITEM_57733,ORD_15877,PROD_CHG_05,1,799,799
ITEM_57734,ORD_15878,PROD_PWR_05,1,2799,2799
ITEM_57735,ORD_15878,PROD_PWR_05,1,2799,2799
ITEM_57736,ORD_15879,PROD_PWR_04,1,899,899
ITEM_57737,ORD_15879,PROD_SPK_04,1,3299,3299
ITEM_57738,ORD_15880,PROD_PWR_03,1,3299,3299
ITEM_57739,ORD_15880,PROD_PWR_05,1,2799,2799
ITEM_57740,ORD_15881,PROD_SPK_03,1,1299,1299
ITEM_57741,ORD_15881,PROD_CHG_01,1,699,699
ITEM_57742,ORD_15882,PROD_CHG_05,1,799,799
ITEM_57743,ORD_15882,PROD_WATCH_04,1,3999,3999
ITEM_57744,ORD_15883,PROD_CHG_01,1,699,699
ITEM_57745,ORD_15883,PROD_PWR_05,1,2799,2799
ITEM_57746,ORD_15884,PROD_PWR_01,1,1299,1299
ITEM_57747,ORD_15884,PROD_PWR_02,1,2199,2199
ITEM_57748,ORD_15885,PROD_SPK_01,1,2499,2499
ITEM_57749,ORD_15885,PROD_CHG_02,1,1899,1899
ITEM_57750,ORD_15886,PROD_SPK_04,1,3299,3299
ITEM_57751,ORD_15886,PROD_SPK_05,1,4999,4999
ITEM_57752,ORD_15887,PROD_WATCH_04,1,3999,3999
ITEM_57753,ORD_15887,PROD_PWR_03,1,3299,3299
ITEM_57754,ORD_15888,PROD_CHG_05,1,799,799
ITEM_57755,ORD_15888,PROD_CHG_03,1,999,999
ITEM_57756,ORD_15889,PROD_SPK_03,1,1299,1299
ITEM_57757,ORD_15889,PROD_CHG_04,1,1499,1499
ITEM_57758,ORD_15890,PROD_PWR_05,1,2799,2799
ITEM_57759,ORD_15890,PROD_SPK_02,1,3999,3999
ITEM_57760,ORD_15891,PROD_PWR_04,1,899,899
ITEM_57761,ORD_15891,PROD_SPK_02,1,3999,3999
ITEM_57762,ORD_15892,PROD_SPK_02,1,3999,3999
ITEM_57763,ORD_15892,PROD_CHG_05,1,799,799
ITEM_57764,ORD_15893,PROD_CHG_02,1,1899,1899
ITEM_57765,ORD_15893,PROD_WATCH_03,1,1899,1899
ITEM_57766,ORD_15894,PROD_PWR_04,1,899,899
ITEM_57767,ORD_15894,PROD_PWR_04,1,899,899
ITEM_57768,ORD_15895,PROD_PWR_01,1,1299,1299
ITEM_57769,ORD_15895,PROD_CHG_04,1,1499,1499
ITEM_57770,ORD_15896,PROD_CHG_05,1,799,799
ITEM_57771,ORD_15896,PROD_CHG_04,1,1499,1499
ITEM_57772,ORD_15897,PROD_SPK_01,1,2499,2499
ITEM_57773,ORD_15897,PROD_WATCH_04,1,3999,3999
ITEM_57774,ORD_15898,PROD_PWR_05,1,2799,2799
ITEM_57775,ORD_15898,PROD_SPK_02,1,3999,3999
ITEM_57776,ORD_15899,PROD_CHG_03,1,999,999
ITEM_57777,ORD_15899,PROD_WATCH_04,1,3999,3999
ITEM_57778,ORD_15900,PROD_CHG_03,1,999,999
ITEM_57779,ORD_15900,PROD_CHG_04,1,1499,1499
ITEM_57780,ORD_15901,PROD_SPK_02,1,3999,3999
ITEM_57781,ORD_15901,PROD_CHG_05,1,799,799
ITEM_57782,ORD_15902,PROD_SPK_03,1,1299,1299
ITEM_57783,ORD_15902,PROD_CHG_01,1,699,699
ITEM_57784,ORD_15903,PROD_WATCH_02,1,5499,5499
ITEM_57785,ORD_15903,PROD_WATCH_05,1,6999,6999
ITEM_57786,ORD_15904,PROD_CHG_03,1,999,999
ITEM_57787,ORD_15904,PROD_PWR_04,1,899,899
ITEM_57788,ORD_15905,PROD_PWR_05,1,2799,2799
ITEM_57789,ORD_15905,PROD_CHG_02,1,1899,1899
ITEM_57790,ORD_15906,PROD_PWR_05,1,2799,2799
ITEM_57791,ORD_15906,PROD_SPK_05,1,4999,4999
ITEM_57792,ORD_15907,PROD_SPK_04,1,3299,3299
ITEM_57793,ORD_15907,PROD_CHG_02,1,1899,1899
ITEM_57794,ORD_15908,PROD_PWR_02,1,2199,2199
ITEM_57795,ORD_15908,PROD_CHG_05,1,799,799
ITEM_57796,ORD_15909,PROD_CHG_05,1,799,799
ITEM_57797,ORD_15909,PROD_SPK_02,1,3999,3999
ITEM_57798,ORD_15910,PROD_CHG_02,1,1899,1899
ITEM_57799,ORD_15910,PROD_PWR_01,1,1299,1299
ITEM_57800,ORD_15911,PROD_WATCH_03,1,1899,1899
ITEM_57801,ORD_15911,PROD_WATCH_05,1,6999,6999
ITEM_57802,ORD_15912,PROD_PWR_05,1,2799,2799
ITEM_57803,ORD_15912,PROD_PWR_03,1,3299,3299
ITEM_57804,ORD_15913,PROD_CHG_01,1,699,699
ITEM_57805,ORD_15913,PROD_CHG_05,1,799,799
ITEM_57806,ORD_15914,PROD_PWR_01,1,1299,1299
ITEM_57807,ORD_15914,PROD_WATCH_02,1,5499,5499
ITEM_57808,ORD_15915,PROD_CHG_01,1,699,699
ITEM_57809,ORD_15915,PROD_SPK_02,1,3999,3999
ITEM_57810,ORD_15916,PROD_PWR_01,1,1299,1299
ITEM_57811,ORD_15916,PROD_CHG_01,1,699,699
ITEM_57812,ORD_15917,PROD_SPK_05,1,4999,4999
ITEM_57813,ORD_15917,PROD_SPK_01,1,2499,2499
ITEM_57814,ORD_15918,PROD_SPK_03,1,1299,1299
ITEM_57815,ORD_15918,PROD_CHG_01,1,699,699
ITEM_57816,ORD_15919,PROD_SPK_01,1,2499,2499
ITEM_57817,ORD_15919,PROD_PWR_01,1,1299,1299
ITEM_57818,ORD_15920,PROD_SPK_03,1,1299,1299
ITEM_57819,ORD_15920,PROD_PWR_05,1,2799,2799
ITEM_57820,ORD_15921,PROD_SPK_04,1,3299,3299
ITEM_57821,ORD_15921,PROD_PWR_05,1,2799,2799
ITEM_57822,ORD_15922,PROD_PWR_05,1,2799,2799
ITEM_57823,ORD_15922,PROD_PWR_02,1,2199,2199
ITEM_57824,ORD_15923,PROD_WATCH_05,1,6999,6999
ITEM_57825,ORD_15923,PROD_CHG_02,1,1899,1899
ITEM_57826,ORD_15924,PROD_CHG_04,1,1499,1499
ITEM_57827,ORD_15924,PROD_SPK_02,1,3999,3999
ITEM_57828,ORD_15925,PROD_SPK_01,1,2499,2499
ITEM_57829,ORD_15925,PROD_PWR_01,1,1299,1299
ITEM_57830,ORD_15926,PROD_WATCH_04,1,3999,3999
ITEM_57831,ORD_15926,PROD_PWR_05,1,2799,2799
ITEM_57832,ORD_15927,PROD_PWR_01,1,1299,1299
ITEM_57833,ORD_15927,PROD_PWR_04,1,899,899
ITEM_57834,ORD_15928,PROD_PWR_05,1,2799,2799
ITEM_57835,ORD_15928,PROD_PWR_01,1,1299,1299
ITEM_57836,ORD_15929,PROD_SPK_03,1,1299,1299
ITEM_57837,ORD_15929,PROD_CHG_01,1,699,699
ITEM_57838,ORD_15930,PROD_CHG_04,1,1499,1499
ITEM_57839,ORD_15930,PROD_WATCH_05,1,6999,6999
ITEM_57840,ORD_15931,PROD_WATCH_03,1,1899,1899
ITEM_57841,ORD_15931,PROD_CHG_05,1,799,799
ITEM_57842,ORD_15932,PROD_CHG_04,1,1499,1499
ITEM_57843,ORD_15932,PROD_PWR_01,1,1299,1299
ITEM_57844,ORD_15933,PROD_SPK_04,1,3299,3299
ITEM_57845,ORD_15933,PROD_CHG_04,1,1499,1499
ITEM_57846,ORD_15934,PROD_PWR_03,1,3299,3299
ITEM_57847,ORD_15934,PROD_WATCH_03,1,1899,1899
ITEM_57848,ORD_15935,PROD_CHG_02,1,1899,1899
ITEM_57849,ORD_15935,PROD_WATCH_05,1,6999,6999
ITEM_57850,ORD_15936,PROD_CHG_05,1,799,799
ITEM_57851,ORD_15936,PROD_PWR_05,1,2799,2799
ITEM_57852,ORD_15937,PROD_CHG_05,1,799,799
ITEM_57853,ORD_15937,PROD_WATCH_05,1,6999,6999
ITEM_57854,ORD_15938,PROD_PWR_02,1,2199,2199
ITEM_57855,ORD_15938,PROD_PWR_04,1,899,899
ITEM_57856,ORD_15939,PROD_CHG_03,1,999,999
ITEM_57857,ORD_15939,PROD_PWR_03,1,3299,3299
ITEM_57858,ORD_15940,PROD_PWR_02,1,2199,2199
ITEM_57859,ORD_15940,PROD_PWR_01,1,1299,1299
ITEM_57860,ORD_15941,PROD_CHG_02,1,1899,1899
ITEM_57861,ORD_15941,PROD_CHG_01,1,699,699
ITEM_57862,ORD_15942,PROD_CHG_03,1,999,999
ITEM_57863,ORD_15942,PROD_SPK_03,1,1299,1299
ITEM_57864,ORD_15943,PROD_PWR_02,1,2199,2199
ITEM_57865,ORD_15943,PROD_SPK_04,1,3299,3299
ITEM_57866,ORD_15944,PROD_SPK_03,1,1299,1299
ITEM_57867,ORD_15944,PROD_SPK_05,1,4999,4999
ITEM_57868,ORD_15945,PROD_PWR_02,1,2199,2199
ITEM_57869,ORD_15945,PROD_CHG_01,1,699,699
ITEM_57870,ORD_15946,PROD_PWR_02,1,2199,2199
ITEM_57871,ORD_15946,PROD_CHG_01,1,699,699
ITEM_57872,ORD_15947,PROD_PWR_03,1,3299,3299
ITEM_57873,ORD_15947,PROD_CHG_03,1,999,999
ITEM_57874,ORD_15948,PROD_SPK_03,1,1299,1299
ITEM_57875,ORD_15948,PROD_CHG_02,1,1899,1899
ITEM_57876,ORD_15949,PROD_CHG_02,1,1899,1899
ITEM_57877,ORD_15949,PROD_WATCH_03,1,1899,1899
ITEM_57878,ORD_15950,PROD_PWR_04,1,899,899
ITEM_57879,ORD_15950,PROD_WATCH_05,1,6999,6999
ITEM_57880,ORD_15951,PROD_SPK_02,1,3999,3999
ITEM_57881,ORD_15951,PROD_CHG_01,1,699,699
ITEM_57882,ORD_15952,PROD_SPK_03,1,1299,1299
ITEM_57883,ORD_15952,PROD_PWR_02,1,2199,2199
ITEM_57884,ORD_15953,PROD_PWR_01,1,1299,1299
ITEM_57885,ORD_15953,PROD_PWR_04,1,899,899
ITEM_57886,ORD_15954,PROD_CHG_04,1,1499,1499
ITEM_57887,ORD_15954,PROD_CHG_01,1,699,699
ITEM_57888,ORD_15955,PROD_SPK_01,1,2499,2499
ITEM_57889,ORD_15955,PROD_SPK_04,1,3299,3299
ITEM_57890,ORD_15956,PROD_PWR_02,1,2199,2199
ITEM_57891,ORD_15956,PROD_PWR_05,1,2799,2799
ITEM_57892,ORD_15957,PROD_PWR_04,1,899,899
ITEM_57893,ORD_15957,PROD_CHG_04,1,1499,1499
ITEM_57894,ORD_15958,PROD_SPK_04,1,3299,3299
ITEM_57895,ORD_15958,PROD_WATCH_03,1,1899,1899
ITEM_57896,ORD_15959,PROD_CHG_05,1,799,799
ITEM_57897,ORD_15959,PROD_PWR_03,1,3299,3299
ITEM_57898,ORD_15960,PROD_CHG_04,1,1499,1499
ITEM_57899,ORD_15960,PROD_CHG_05,1,799,799
ITEM_57900,ORD_15961,PROD_PWR_03,1,3299,3299
ITEM_57901,ORD_15961,PROD_SPK_05,1,4999,4999
ITEM_57902,ORD_15962,PROD_CHG_04,1,1499,1499
ITEM_57903,ORD_15962,PROD_SPK_01,1,2499,2499
ITEM_57904,ORD_15963,PROD_SPK_03,1,1299,1299
ITEM_57905,ORD_15963,PROD_WATCH_03,1,1899,1899
ITEM_57906,ORD_15964,PROD_CHG_05,1,799,799
ITEM_57907,ORD_15964,PROD_PWR_03,1,3299,3299
ITEM_57908,ORD_15965,PROD_CHG_02,1,1899,1899
ITEM_57909,ORD_15965,PROD_PWR_01,1,1299,1299
ITEM_57910,ORD_15966,PROD_CHG_03,1,999,999
ITEM_57911,ORD_15966,PROD_WATCH_03,1,1899,1899
ITEM_57912,ORD_15967,PROD_SPK_04,1,3299,3299
ITEM_57913,ORD_15967,PROD_PWR_03,1,3299,3299
ITEM_57914,ORD_15968,PROD_CHG_02,1,1899,1899
ITEM_57915,ORD_15968,PROD_SPK_01,1,2499,2499
ITEM_57916,ORD_15969,PROD_CHG_03,1,999,999
ITEM_57917,ORD_15969,PROD_WATCH_04,1,3999,3999
ITEM_57918,ORD_15970,PROD_SPK_05,1,4999,4999
ITEM_57919,ORD_15970,PROD_SPK_05,1,4999,4999
ITEM_57920,ORD_15971,PROD_WATCH_02,1,5499,5499
ITEM_57921,ORD_15971,PROD_CHG_04,1,1499,1499
ITEM_57922,ORD_15972,PROD_PWR_04,1,899,899
ITEM_57923,ORD_15972,PROD_SPK_01,1,2499,2499
ITEM_57924,ORD_15973,PROD_SPK_04,1,3299,3299
ITEM_57925,ORD_15973,PROD_PWR_02,1,2199,2199
ITEM_57926,ORD_15974,PROD_SPK_04,1,3299,3299
ITEM_57927,ORD_15974,PROD_WATCH_05,1,6999,6999
ITEM_57928,ORD_15975,PROD_SPK_02,1,3999,3999
ITEM_57929,ORD_15975,PROD_WATCH_03,1,1899,1899
ITEM_57930,ORD_15976,PROD_WATCH_03,1,1899,1899
ITEM_57931,ORD_15976,PROD_PWR_01,1,1299,1299
ITEM_57932,ORD_15977,PROD_CHG_02,1,1899,1899
ITEM_57933,ORD_15977,PROD_WATCH_03,1,1899,1899
ITEM_57934,ORD_15978,PROD_WATCH_02,1,5499,5499
ITEM_57935,ORD_15978,PROD_SPK_02,1,3999,3999
ITEM_57936,ORD_15979,PROD_SPK_04,1,3299,3299
ITEM_57937,ORD_15979,PROD_WATCH_04,1,3999,3999
ITEM_57938,ORD_15980,PROD_CHG_03,1,999,999
ITEM_57939,ORD_15980,PROD_PWR_02,1,2199,2199
ITEM_57940,ORD_15981,PROD_SPK_03,1,1299,1299
ITEM_57941,ORD_15981,PROD_CHG_03,1,999,999
ITEM_57942,ORD_15982,PROD_WATCH_04,1,3999,3999
ITEM_57943,ORD_15982,PROD_PWR_01,1,1299,1299
ITEM_57944,ORD_15983,PROD_WATCH_03,1,1899,1899
ITEM_57945,ORD_15983,PROD_PWR_01,1,1299,1299
ITEM_57946,ORD_15984,PROD_SPK_02,1,3999,3999
ITEM_57947,ORD_15984,PROD_PWR_05,1,2799,2799
ITEM_57948,ORD_15985,PROD_SPK_01,1,2499,2499
ITEM_57949,ORD_15985,PROD_WATCH_04,1,3999,3999
ITEM_57950,ORD_15986,PROD_WATCH_02,1,5499,5499
ITEM_57951,ORD_15986,PROD_SPK_02,1,3999,3999
ITEM_57952,ORD_15987,PROD_PWR_04,1,899,899
ITEM_57953,ORD_15987,PROD_PWR_04,1,899,899
ITEM_57954,ORD_15988,PROD_CHG_02,1,1899,1899
ITEM_57955,ORD_15988,PROD_PWR_05,1,2799,2799
ITEM_57956,ORD_15989,PROD_SPK_03,1,1299,1299
ITEM_57957,ORD_15989,PROD_CHG_04,1,1499,1499
ITEM_57958,ORD_15990,PROD_PWR_02,1,2199,2199
ITEM_57959,ORD_15990,PROD_PWR_01,1,1299,1299
ITEM_57960,ORD_15991,PROD_PWR_03,1,3299,3299
ITEM_57961,ORD_15991,PROD_PWR_02,1,2199,2199
ITEM_57962,ORD_15992,PROD_WATCH_05,1,6999,6999
ITEM_57963,ORD_15992,PROD_PWR_05,1,2799,2799
ITEM_57964,ORD_15993,PROD_CHG_01,1,699,699
ITEM_57965,ORD_15993,PROD_SPK_02,1,3999,3999
ITEM_57966,ORD_15994,PROD_CHG_03,1,999,999
ITEM_57967,ORD_15994,PROD_SPK_02,1,3999,3999
ITEM_57968,ORD_15995,PROD_SPK_02,1,3999,3999
ITEM_57969,ORD_15995,PROD_PWR_04,1,899,899
ITEM_57970,ORD_15996,PROD_CHG_05,1,799,799
ITEM_57971,ORD_15996,PROD_PWR_04,1,899,899
ITEM_57972,ORD_15997,PROD_SPK_02,1,3999,3999
ITEM_57973,ORD_15997,PROD_PWR_04,1,899,899
ITEM_57974,ORD_15998,PROD_CHG_05,1,799,799
ITEM_57975,ORD_15998,PROD_CHG_03,1,999,999
ITEM_57976,ORD_15999,PROD_SPK_01,1,2499,2499
ITEM_57977,ORD_15999,PROD_CHG_05,1,799,799
ITEM_57978,ORD_16000,PROD_CHG_04,1,1499,1499
ITEM_57979,ORD_16000,PROD_SPK_03,1,1299,1299
ITEM_57980,ORD_16001,PROD_WATCH_05,1,6999,6999
ITEM_57981,ORD_16001,PROD_PWR_01,1,1299,1299
ITEM_57982,ORD_16002,PROD_CHG_03,1,999,999
ITEM_57983,ORD_16002,PROD_PWR_05,1,2799,2799
ITEM_57984,ORD_16003,PROD_CHG_01,1,699,699
ITEM_57985,ORD_16003,PROD_PWR_05,1,2799,2799
ITEM_57986,ORD_16004,PROD_CHG_03,1,999,999
ITEM_57987,ORD_16004,PROD_WATCH_03,1,1899,1899
ITEM_57988,ORD_16005,PROD_WATCH_02,1,5499,5499
ITEM_57989,ORD_16005,PROD_PWR_05,1,2799,2799
ITEM_57990,ORD_16006,PROD_WATCH_05,1,6999,6999
ITEM_57991,ORD_16006,PROD_WATCH_04,1,3999,3999
ITEM_57992,ORD_16007,PROD_SPK_01,1,2499,2499
ITEM_57993,ORD_16007,PROD_PWR_01,1,1299,1299
ITEM_57994,ORD_16008,PROD_SPK_02,1,3999,3999
ITEM_57995,ORD_16008,PROD_WATCH_04,1,3999,3999
ITEM_57996,ORD_16009,PROD_PWR_04,1,899,899
ITEM_57997,ORD_16009,PROD_CHG_02,1,1899,1899
ITEM_57998,ORD_16010,PROD_SPK_05,1,4999,4999
ITEM_57999,ORD_16010,PROD_PWR_04,1,899,899
ITEM_58000,ORD_16011,PROD_PWR_04,1,899,899
ITEM_58001,ORD_16011,PROD_PWR_02,1,2199,2199
ITEM_58002,ORD_16012,PROD_PWR_05,1,2799,2799
ITEM_58003,ORD_16012,PROD_CHG_05,1,799,799
ITEM_58004,ORD_16013,PROD_PWR_02,1,2199,2199
ITEM_58005,ORD_16013,PROD_PWR_05,1,2799,2799
ITEM_58006,ORD_16014,PROD_SPK_05,1,4999,4999
ITEM_58007,ORD_16014,PROD_WATCH_03,1,1899,1899
ITEM_58008,ORD_16015,PROD_SPK_01,1,2499,2499
ITEM_58009,ORD_16015,PROD_CHG_02,1,1899,1899
ITEM_58010,ORD_16016,PROD_SPK_04,1,3299,3299
ITEM_58011,ORD_16016,PROD_WATCH_03,1,1899,1899
ITEM_58012,ORD_16017,PROD_SPK_03,1,1299,1299
ITEM_58013,ORD_16017,PROD_SPK_03,1,1299,1299
ITEM_58014,ORD_16018,PROD_SPK_02,1,3999,3999
ITEM_58015,ORD_16018,PROD_PWR_03,1,3299,3299
ITEM_58016,ORD_16019,PROD_CHG_01,1,699,699
ITEM_58017,ORD_16019,PROD_SPK_05,1,4999,4999
ITEM_58018,ORD_16020,PROD_PWR_03,1,3299,3299
ITEM_58019,ORD_16020,PROD_WATCH_05,1,6999,6999
ITEM_58020,ORD_16021,PROD_SPK_03,1,1299,1299
ITEM_58021,ORD_16021,PROD_CHG_05,1,799,799
ITEM_58022,ORD_16022,PROD_CHG_01,1,699,699
ITEM_58023,ORD_16022,PROD_WATCH_04,1,3999,3999
ITEM_58024,ORD_16023,PROD_WATCH_03,1,1899,1899
ITEM_58025,ORD_16023,PROD_PWR_03,1,3299,3299
ITEM_58026,ORD_16024,PROD_CHG_05,1,799,799
ITEM_58027,ORD_16024,PROD_CHG_05,1,799,799
ITEM_58028,ORD_16025,PROD_SPK_03,1,1299,1299
ITEM_58029,ORD_16025,PROD_PWR_05,1,2799,2799
ITEM_58030,ORD_16026,PROD_CHG_02,1,1899,1899
ITEM_58031,ORD_16026,PROD_WATCH_05,1,6999,6999
ITEM_58032,ORD_16027,PROD_SPK_02,1,3999,3999
ITEM_58033,ORD_16027,PROD_PWR_05,1,2799,2799
ITEM_58034,ORD_16028,PROD_PWR_02,1,2199,2199
ITEM_58035,ORD_16028,PROD_PWR_05,1,2799,2799
ITEM_58036,ORD_16029,PROD_PWR_02,1,2199,2199
ITEM_58037,ORD_16029,PROD_PWR_03,1,3299,3299
ITEM_58038,ORD_16030,PROD_CHG_04,1,1499,1499
ITEM_58039,ORD_16030,PROD_PWR_01,1,1299,1299
ITEM_58040,ORD_16031,PROD_PWR_01,1,1299,1299
ITEM_58041,ORD_16031,PROD_SPK_04,1,3299,3299
ITEM_58042,ORD_16032,PROD_PWR_05,1,2799,2799
ITEM_58043,ORD_16032,PROD_SPK_02,1,3999,3999
ITEM_58044,ORD_16033,PROD_WATCH_03,1,1899,1899
ITEM_58045,ORD_16033,PROD_PWR_02,1,2199,2199
ITEM_58046,ORD_16034,PROD_WATCH_03,1,1899,1899
ITEM_58047,ORD_16034,PROD_WATCH_04,1,3999,3999
ITEM_58048,ORD_16035,PROD_WATCH_03,1,1899,1899
ITEM_58049,ORD_16035,PROD_CHG_04,1,1499,1499
ITEM_58050,ORD_16036,PROD_WATCH_03,1,1899,1899
ITEM_58051,ORD_16036,PROD_PWR_01,1,1299,1299
ITEM_58052,ORD_16037,PROD_PWR_02,1,2199,2199
ITEM_58053,ORD_16037,PROD_SPK_05,1,4999,4999
ITEM_58054,ORD_16038,PROD_SPK_05,1,4999,4999
ITEM_58055,ORD_16038,PROD_WATCH_04,1,3999,3999
ITEM_58056,ORD_16039,PROD_SPK_03,1,1299,1299
ITEM_58057,ORD_16039,PROD_PWR_04,1,899,899
ITEM_58058,ORD_16040,PROD_CHG_01,1,699,699
ITEM_58059,ORD_16040,PROD_SPK_04,1,3299,3299
ITEM_58060,ORD_16041,PROD_WATCH_04,1,3999,3999
ITEM_58061,ORD_16041,PROD_CHG_02,1,1899,1899
ITEM_58062,ORD_16042,PROD_CHG_02,1,1899,1899
ITEM_58063,ORD_16042,PROD_SPK_04,1,3299,3299
ITEM_58064,ORD_16043,PROD_PWR_02,1,2199,2199
ITEM_58065,ORD_16043,PROD_WATCH_04,1,3999,3999
ITEM_58066,ORD_16044,PROD_WATCH_04,1,3999,3999
ITEM_58067,ORD_16044,PROD_SPK_01,1,2499,2499
ITEM_58068,ORD_16045,PROD_WATCH_04,1,3999,3999
ITEM_58069,ORD_16045,PROD_CHG_05,1,799,799
ITEM_58070,ORD_16046,PROD_PWR_01,1,1299,1299
ITEM_58071,ORD_16046,PROD_SPK_03,1,1299,1299
ITEM_58072,ORD_16047,PROD_CHG_05,1,799,799
ITEM_58073,ORD_16047,PROD_SPK_03,1,1299,1299
ITEM_58074,ORD_16048,PROD_SPK_05,1,4999,4999
ITEM_58075,ORD_16048,PROD_CHG_01,1,699,699
ITEM_58076,ORD_16049,PROD_SPK_01,1,2499,2499
ITEM_58077,ORD_16049,PROD_PWR_01,1,1299,1299
ITEM_58078,ORD_16050,PROD_PWR_03,1,3299,3299
ITEM_58079,ORD_16050,PROD_PWR_03,1,3299,3299
ITEM_58080,ORD_16051,PROD_SPK_04,1,3299,3299
ITEM_58081,ORD_16051,PROD_WATCH_03,1,1899,1899
ITEM_58082,ORD_16052,PROD_WATCH_04,1,3999,3999
ITEM_58083,ORD_16052,PROD_PWR_01,1,1299,1299
ITEM_58084,ORD_16053,PROD_WATCH_03,1,1899,1899
ITEM_58085,ORD_16053,PROD_SPK_01,1,2499,2499
ITEM_58086,ORD_16054,PROD_PWR_05,1,2799,2799
ITEM_58087,ORD_16054,PROD_PWR_04,1,899,899
ITEM_58088,ORD_16055,PROD_CHG_01,1,699,699
ITEM_58089,ORD_16055,PROD_PWR_05,1,2799,2799
ITEM_58090,ORD_16056,PROD_WATCH_04,1,3999,3999
ITEM_58091,ORD_16056,PROD_SPK_02,1,3999,3999
ITEM_58092,ORD_16057,PROD_CHG_03,1,999,999
ITEM_58093,ORD_16057,PROD_PWR_01,1,1299,1299
ITEM_58094,ORD_16058,PROD_SPK_02,1,3999,3999
ITEM_58095,ORD_16058,PROD_CHG_05,1,799,799
ITEM_58096,ORD_16059,PROD_PWR_04,1,899,899
ITEM_58097,ORD_16059,PROD_SPK_03,1,1299,1299
ITEM_58098,ORD_16060,PROD_PWR_05,1,2799,2799
ITEM_58099,ORD_16060,PROD_SPK_03,1,1299,1299
ITEM_58100,ORD_16061,PROD_CHG_05,1,799,799
ITEM_58101,ORD_16061,PROD_WATCH_04,1,3999,3999
ITEM_58102,ORD_16062,PROD_CHG_03,1,999,999
ITEM_58103,ORD_16062,PROD_PWR_01,1,1299,1299
ITEM_58104,ORD_16063,PROD_CHG_04,1,1499,1499
ITEM_58105,ORD_16063,PROD_WATCH_02,1,5499,5499
ITEM_58106,ORD_16064,PROD_SPK_05,1,4999,4999
ITEM_58107,ORD_16064,PROD_WATCH_02,1,5499,5499
ITEM_58108,ORD_16065,PROD_CHG_05,1,799,799
ITEM_58109,ORD_16065,PROD_SPK_01,1,2499,2499
ITEM_58110,ORD_16066,PROD_SPK_03,1,1299,1299
ITEM_58111,ORD_16066,PROD_PWR_01,1,1299,1299
ITEM_58112,ORD_16067,PROD_WATCH_03,1,1899,1899
ITEM_58113,ORD_16067,PROD_SPK_01,1,2499,2499
ITEM_58114,ORD_16068,PROD_CHG_04,1,1499,1499
ITEM_58115,ORD_16068,PROD_CHG_02,1,1899,1899
ITEM_58116,ORD_16069,PROD_SPK_04,1,3299,3299
ITEM_58117,ORD_16069,PROD_PWR_01,1,1299,1299
ITEM_58118,ORD_16070,PROD_SPK_05,1,4999,4999
ITEM_58119,ORD_16070,PROD_WATCH_04,1,3999,3999
ITEM_58120,ORD_16071,PROD_PWR_04,1,899,899
ITEM_58121,ORD_16071,PROD_PWR_05,1,2799,2799
ITEM_58122,ORD_16072,PROD_SPK_02,1,3999,3999
ITEM_58123,ORD_16072,PROD_SPK_02,1,3999,3999
ITEM_58124,ORD_16073,PROD_CHG_02,1,1899,1899
ITEM_58125,ORD_16073,PROD_SPK_02,1,3999,3999
ITEM_58126,ORD_16074,PROD_SPK_04,1,3299,3299
ITEM_58127,ORD_16074,PROD_WATCH_03,1,1899,1899
ITEM_58128,ORD_16075,PROD_SPK_04,1,3299,3299
ITEM_58129,ORD_16075,PROD_PWR_01,1,1299,1299
ITEM_58130,ORD_16076,PROD_PWR_03,1,3299,3299
ITEM_58131,ORD_16076,PROD_CHG_01,1,699,699
ITEM_58132,ORD_16077,PROD_PWR_04,1,899,899
ITEM_58133,ORD_16077,PROD_CHG_04,1,1499,1499
ITEM_58134,ORD_16078,PROD_SPK_05,1,4999,4999
ITEM_58135,ORD_16078,PROD_WATCH_03,1,1899,1899
ITEM_58136,ORD_16079,PROD_PWR_05,1,2799,2799
ITEM_58137,ORD_16079,PROD_SPK_05,1,4999,4999
ITEM_58138,ORD_16080,PROD_PWR_03,1,3299,3299
ITEM_58139,ORD_16080,PROD_SPK_04,1,3299,3299
ITEM_58140,ORD_16081,PROD_PWR_04,1,899,899
ITEM_58141,ORD_16081,PROD_CHG_01,1,699,699
ITEM_58142,ORD_16082,PROD_PWR_02,1,2199,2199
ITEM_58143,ORD_16082,PROD_CHG_03,1,999,999
ITEM_58144,ORD_16083,PROD_WATCH_02,1,5499,5499
ITEM_58145,ORD_16083,PROD_WATCH_05,1,6999,6999
ITEM_58146,ORD_16084,PROD_WATCH_02,1,5499,5499
ITEM_58147,ORD_16084,PROD_SPK_03,1,1299,1299
ITEM_58148,ORD_16085,PROD_SPK_02,1,3999,3999
ITEM_58149,ORD_16085,PROD_CHG_03,1,999,999
ITEM_58150,ORD_16086,PROD_WATCH_04,1,3999,3999
ITEM_58151,ORD_16086,PROD_PWR_01,1,1299,1299
ITEM_58152,ORD_16087,PROD_PWR_01,1,1299,1299
ITEM_58153,ORD_16087,PROD_PWR_04,1,899,899
ITEM_58154,ORD_16088,PROD_PWR_05,1,2799,2799
ITEM_58155,ORD_16088,PROD_CHG_02,1,1899,1899
ITEM_58156,ORD_16089,PROD_SPK_03,1,1299,1299
ITEM_58157,ORD_16089,PROD_CHG_04,1,1499,1499
ITEM_58158,ORD_16090,PROD_WATCH_05,1,6999,6999
ITEM_58159,ORD_16090,PROD_WATCH_02,1,5499,5499
ITEM_58160,ORD_16091,PROD_CHG_04,1,1499,1499
ITEM_58161,ORD_16091,PROD_CHG_03,1,999,999
ITEM_58162,ORD_16092,PROD_WATCH_04,1,3999,3999
ITEM_58163,ORD_16092,PROD_WATCH_03,1,1899,1899
ITEM_58164,ORD_16093,PROD_PWR_04,1,899,899
ITEM_58165,ORD_16093,PROD_SPK_04,1,3299,3299
ITEM_58166,ORD_16094,PROD_PWR_02,1,2199,2199
ITEM_58167,ORD_16094,PROD_PWR_01,1,1299,1299
ITEM_58168,ORD_16095,PROD_PWR_01,1,1299,1299
ITEM_58169,ORD_16095,PROD_PWR_05,1,2799,2799
ITEM_58170,ORD_16096,PROD_CHG_04,1,1499,1499
ITEM_58171,ORD_16096,PROD_CHG_05,1,799,799
ITEM_58172,ORD_16097,PROD_SPK_05,1,4999,4999
ITEM_58173,ORD_16097,PROD_SPK_01,1,2499,2499
ITEM_58174,ORD_16098,PROD_CHG_01,1,699,699
ITEM_58175,ORD_16098,PROD_PWR_01,1,1299,1299
ITEM_58176,ORD_16099,PROD_SPK_02,1,3999,3999
ITEM_58177,ORD_16099,PROD_PWR_03,1,3299,3299
ITEM_58178,ORD_16100,PROD_CHG_01,1,699,699
ITEM_58179,ORD_16100,PROD_CHG_04,1,1499,1499
ITEM_58180,ORD_16101,PROD_CHG_05,1,799,799
ITEM_58181,ORD_16101,PROD_SPK_02,1,3999,3999
ITEM_58182,ORD_16102,PROD_CHG_04,1,1499,1499
ITEM_58183,ORD_16102,PROD_SPK_04,1,3299,3299
ITEM_58184,ORD_16103,PROD_CHG_03,1,999,999
ITEM_58185,ORD_16103,PROD_CHG_01,1,699,699
ITEM_58186,ORD_16104,PROD_WATCH_05,1,6999,6999
ITEM_58187,ORD_16104,PROD_CHG_02,1,1899,1899
ITEM_58188,ORD_16105,PROD_CHG_04,1,1499,1499
ITEM_58189,ORD_16105,PROD_CHG_05,1,799,799
ITEM_58190,ORD_16106,PROD_CHG_05,1,799,799
ITEM_58191,ORD_16106,PROD_CHG_03,1,999,999
ITEM_58192,ORD_16107,PROD_WATCH_05,1,6999,6999
ITEM_58193,ORD_16107,PROD_SPK_03,1,1299,1299
ITEM_58194,ORD_16108,PROD_SPK_04,1,3299,3299
ITEM_58195,ORD_16108,PROD_WATCH_04,1,3999,3999
ITEM_58196,ORD_16109,PROD_SPK_04,1,3299,3299
ITEM_58197,ORD_16109,PROD_CHG_05,1,799,799
ITEM_58198,ORD_16110,PROD_CHG_05,1,799,799
ITEM_58199,ORD_16110,PROD_SPK_02,1,3999,3999
ITEM_58200,ORD_16111,PROD_CHG_01,1,699,699
ITEM_58201,ORD_16111,PROD_SPK_03,1,1299,1299
ITEM_58202,ORD_16112,PROD_PWR_01,1,1299,1299
ITEM_58203,ORD_16112,PROD_SPK_01,1,2499,2499
ITEM_58204,ORD_16113,PROD_SPK_02,1,3999,3999
ITEM_58205,ORD_16113,PROD_PWR_01,1,1299,1299
ITEM_58206,ORD_16114,PROD_WATCH_04,1,3999,3999
ITEM_58207,ORD_16114,PROD_WATCH_02,1,5499,5499
ITEM_58208,ORD_16115,PROD_SPK_04,1,3299,3299
ITEM_58209,ORD_16115,PROD_WATCH_03,1,1899,1899
ITEM_58210,ORD_16116,PROD_WATCH_05,1,6999,6999
ITEM_58211,ORD_16116,PROD_CHG_01,1,699,699
ITEM_58212,ORD_16117,PROD_CHG_02,1,1899,1899
ITEM_58213,ORD_16117,PROD_SPK_04,1,3299,3299
ITEM_58214,ORD_16118,PROD_CHG_01,1,699,699
ITEM_58215,ORD_16118,PROD_CHG_02,1,1899,1899
ITEM_58216,ORD_16119,PROD_PWR_02,1,2199,2199
ITEM_58217,ORD_16119,PROD_WATCH_02,1,5499,5499
ITEM_58218,ORD_16120,PROD_SPK_01,1,2499,2499
ITEM_58219,ORD_16120,PROD_WATCH_02,1,5499,5499
ITEM_58220,ORD_16121,PROD_PWR_02,1,2199,2199
ITEM_58221,ORD_16121,PROD_SPK_01,1,2499,2499
ITEM_58222,ORD_16122,PROD_WATCH_03,1,1899,1899
ITEM_58223,ORD_16122,PROD_SPK_05,1,4999,4999
ITEM_58224,ORD_16123,PROD_SPK_01,1,2499,2499
ITEM_58225,ORD_16123,PROD_WATCH_04,1,3999,3999
ITEM_58226,ORD_16124,PROD_PWR_05,1,2799,2799
ITEM_58227,ORD_16124,PROD_SPK_05,1,4999,4999
ITEM_58228,ORD_16125,PROD_CHG_03,1,999,999
ITEM_58229,ORD_16125,PROD_PWR_01,1,1299,1299
ITEM_58230,ORD_16126,PROD_PWR_01,1,1299,1299
ITEM_58231,ORD_16126,PROD_PWR_03,1,3299,3299
ITEM_58232,ORD_16127,PROD_SPK_04,1,3299,3299
ITEM_58233,ORD_16127,PROD_CHG_03,1,999,999
ITEM_58234,ORD_16128,PROD_PWR_05,1,2799,2799
ITEM_58235,ORD_16128,PROD_PWR_01,1,1299,1299
ITEM_58236,ORD_16129,PROD_WATCH_02,1,5499,5499
ITEM_58237,ORD_16129,PROD_SPK_04,1,3299,3299
ITEM_58238,ORD_16130,PROD_CHG_02,1,1899,1899
ITEM_58239,ORD_16130,PROD_WATCH_04,1,3999,3999
ITEM_58240,ORD_16131,PROD_SPK_01,1,2499,2499
ITEM_58241,ORD_16131,PROD_WATCH_05,1,6999,6999
ITEM_58242,ORD_16132,PROD_WATCH_04,1,3999,3999
ITEM_58243,ORD_16132,PROD_WATCH_04,1,3999,3999
ITEM_58244,ORD_16133,PROD_CHG_02,1,1899,1899
ITEM_58245,ORD_16133,PROD_WATCH_03,1,1899,1899
ITEM_58246,ORD_16134,PROD_PWR_04,1,899,899
ITEM_58247,ORD_16134,PROD_PWR_04,1,899,899
ITEM_58248,ORD_16135,PROD_CHG_03,1,999,999
ITEM_58249,ORD_16135,PROD_SPK_05,1,4999,4999
ITEM_58250,ORD_16136,PROD_WATCH_02,1,5499,5499
ITEM_58251,ORD_16136,PROD_CHG_04,1,1499,1499
ITEM_58252,ORD_16137,PROD_SPK_01,1,2499,2499
ITEM_58253,ORD_16137,PROD_WATCH_05,1,6999,6999
ITEM_58254,ORD_16138,PROD_CHG_04,1,1499,1499
ITEM_58255,ORD_16138,PROD_WATCH_02,1,5499,5499
ITEM_58256,ORD_16139,PROD_PWR_02,1,2199,2199
ITEM_58257,ORD_16139,PROD_SPK_03,1,1299,1299
ITEM_58258,ORD_16140,PROD_SPK_03,1,1299,1299
ITEM_58259,ORD_16140,PROD_WATCH_03,1,1899,1899
ITEM_58260,ORD_16141,PROD_CHG_03,1,999,999
ITEM_58261,ORD_16141,PROD_CHG_03,1,999,999
ITEM_58262,ORD_16142,PROD_WATCH_05,1,6999,6999
ITEM_58263,ORD_16142,PROD_CHG_05,1,799,799
ITEM_58264,ORD_16143,PROD_PWR_03,1,3299,3299
ITEM_58265,ORD_16143,PROD_SPK_05,1,4999,4999
ITEM_58266,ORD_16144,PROD_PWR_03,1,3299,3299
ITEM_58267,ORD_16144,PROD_SPK_02,1,3999,3999
ITEM_58268,ORD_16145,PROD_CHG_03,1,999,999
ITEM_58269,ORD_16145,PROD_CHG_02,1,1899,1899
ITEM_58270,ORD_16146,PROD_SPK_01,1,2499,2499
ITEM_58271,ORD_16146,PROD_PWR_02,1,2199,2199
ITEM_58272,ORD_16147,PROD_WATCH_02,1,5499,5499
ITEM_58273,ORD_16147,PROD_SPK_04,1,3299,3299
ITEM_58274,ORD_16148,PROD_WATCH_03,1,1899,1899
ITEM_58275,ORD_16148,PROD_WATCH_04,1,3999,3999
ITEM_58276,ORD_16149,PROD_PWR_04,1,899,899
ITEM_58277,ORD_16149,PROD_PWR_05,1,2799,2799
ITEM_58278,ORD_16150,PROD_SPK_02,1,3999,3999
ITEM_58279,ORD_16150,PROD_CHG_03,1,999,999
ITEM_58280,ORD_16151,PROD_WATCH_02,1,5499,5499
ITEM_58281,ORD_16151,PROD_CHG_05,1,799,799
ITEM_58282,ORD_16152,PROD_CHG_05,1,799,799
ITEM_58283,ORD_16152,PROD_PWR_01,1,1299,1299
ITEM_58284,ORD_16153,PROD_PWR_04,1,899,899
ITEM_58285,ORD_16153,PROD_SPK_03,1,1299,1299
ITEM_58286,ORD_16154,PROD_WATCH_02,1,5499,5499
ITEM_58287,ORD_16154,PROD_PWR_01,1,1299,1299
ITEM_58288,ORD_16155,PROD_CHG_05,1,799,799
ITEM_58289,ORD_16155,PROD_SPK_05,1,4999,4999
ITEM_58290,ORD_16156,PROD_CHG_05,1,799,799
ITEM_58291,ORD_16156,PROD_WATCH_04,1,3999,3999
ITEM_58292,ORD_16157,PROD_WATCH_04,1,3999,3999
ITEM_58293,ORD_16157,PROD_CHG_02,1,1899,1899
ITEM_58294,ORD_16158,PROD_SPK_02,1,3999,3999
ITEM_58295,ORD_16158,PROD_PWR_02,1,2199,2199
ITEM_58296,ORD_16159,PROD_CHG_02,1,1899,1899
ITEM_58297,ORD_16159,PROD_SPK_05,1,4999,4999
ITEM_58298,ORD_16160,PROD_PWR_05,1,2799,2799
ITEM_58299,ORD_16160,PROD_CHG_05,1,799,799
ITEM_58300,ORD_16161,PROD_PWR_04,1,899,899
ITEM_58301,ORD_16161,PROD_WATCH_02,1,5499,5499
ITEM_58302,ORD_16162,PROD_WATCH_04,1,3999,3999
ITEM_58303,ORD_16162,PROD_SPK_03,1,1299,1299
ITEM_58304,ORD_16163,PROD_CHG_01,1,699,699
ITEM_58305,ORD_16163,PROD_SPK_03,1,1299,1299
ITEM_58306,ORD_16164,PROD_CHG_01,1,699,699
ITEM_58307,ORD_16164,PROD_PWR_05,1,2799,2799
ITEM_58308,ORD_16165,PROD_WATCH_04,1,3999,3999
ITEM_58309,ORD_16165,PROD_CHG_04,1,1499,1499
ITEM_58310,ORD_16166,PROD_PWR_05,1,2799,2799
ITEM_58311,ORD_16166,PROD_SPK_04,1,3299,3299
ITEM_58312,ORD_16167,PROD_WATCH_04,1,3999,3999
ITEM_58313,ORD_16167,PROD_PWR_04,1,899,899
ITEM_58314,ORD_16168,PROD_SPK_02,1,3999,3999
ITEM_58315,ORD_16168,PROD_CHG_03,1,999,999
ITEM_58316,ORD_16169,PROD_SPK_01,1,2499,2499
ITEM_58317,ORD_16169,PROD_WATCH_02,1,5499,5499
ITEM_58318,ORD_16170,PROD_PWR_04,1,899,899
ITEM_58319,ORD_16170,PROD_CHG_02,1,1899,1899
ITEM_58320,ORD_16171,PROD_CHG_01,1,699,699
ITEM_58321,ORD_16171,PROD_WATCH_05,1,6999,6999
ITEM_58322,ORD_16172,PROD_WATCH_03,1,1899,1899
ITEM_58323,ORD_16172,PROD_CHG_01,1,699,699
ITEM_58324,ORD_16173,PROD_CHG_03,1,999,999
ITEM_58325,ORD_16173,PROD_WATCH_04,1,3999,3999
ITEM_58326,ORD_16174,PROD_WATCH_02,1,5499,5499
ITEM_58327,ORD_16174,PROD_SPK_05,1,4999,4999
ITEM_58328,ORD_16175,PROD_PWR_04,1,899,899
ITEM_58329,ORD_16175,PROD_CHG_02,1,1899,1899
ITEM_58330,ORD_16176,PROD_SPK_05,1,4999,4999
ITEM_58331,ORD_16176,PROD_PWR_04,1,899,899
ITEM_58332,ORD_16177,PROD_PWR_05,1,2799,2799
ITEM_58333,ORD_16177,PROD_CHG_04,1,1499,1499
ITEM_58334,ORD_16178,PROD_SPK_01,1,2499,2499
ITEM_58335,ORD_16178,PROD_WATCH_03,1,1899,1899
ITEM_58336,ORD_16179,PROD_CHG_05,1,799,799
ITEM_58337,ORD_16179,PROD_PWR_05,1,2799,2799
ITEM_58338,ORD_16180,PROD_PWR_02,1,2199,2199
ITEM_58339,ORD_16180,PROD_SPK_03,1,1299,1299
ITEM_58340,ORD_16181,PROD_PWR_05,1,2799,2799
ITEM_58341,ORD_16181,PROD_WATCH_02,1,5499,5499
ITEM_58342,ORD_16182,PROD_WATCH_04,1,3999,3999
ITEM_58343,ORD_16182,PROD_CHG_04,1,1499,1499
ITEM_58344,ORD_16183,PROD_CHG_02,1,1899,1899
ITEM_58345,ORD_16183,PROD_SPK_01,1,2499,2499
ITEM_58346,ORD_16184,PROD_CHG_05,1,799,799
ITEM_58347,ORD_16184,PROD_SPK_02,1,3999,3999
ITEM_58348,ORD_16185,PROD_CHG_03,1,999,999
ITEM_58349,ORD_16185,PROD_PWR_05,1,2799,2799
ITEM_58350,ORD_16186,PROD_SPK_01,1,2499,2499
ITEM_58351,ORD_16186,PROD_SPK_02,1,3999,3999
ITEM_58352,ORD_16187,PROD_CHG_01,1,699,699
ITEM_58353,ORD_16187,PROD_CHG_03,1,999,999
ITEM_58354,ORD_16188,PROD_PWR_03,1,3299,3299
ITEM_58355,ORD_16188,PROD_CHG_03,1,999,999
ITEM_58356,ORD_16189,PROD_WATCH_05,1,6999,6999
ITEM_58357,ORD_16189,PROD_CHG_02,1,1899,1899
ITEM_58358,ORD_16190,PROD_WATCH_02,1,5499,5499
ITEM_58359,ORD_16190,PROD_PWR_01,1,1299,1299
ITEM_58360,ORD_16191,PROD_CHG_04,1,1499,1499
ITEM_58361,ORD_16191,PROD_SPK_03,1,1299,1299
ITEM_58362,ORD_16192,PROD_SPK_04,1,3299,3299
ITEM_58363,ORD_16192,PROD_PWR_02,1,2199,2199
ITEM_58364,ORD_16193,PROD_CHG_03,1,999,999
ITEM_58365,ORD_16193,PROD_PWR_02,1,2199,2199
ITEM_58366,ORD_16194,PROD_SPK_03,1,1299,1299
ITEM_58367,ORD_16194,PROD_CHG_04,1,1499,1499
ITEM_58368,ORD_16195,PROD_PWR_02,1,2199,2199
ITEM_58369,ORD_16195,PROD_WATCH_04,1,3999,3999
ITEM_58370,ORD_16196,PROD_WATCH_05,1,6999,6999
ITEM_58371,ORD_16196,PROD_PWR_01,1,1299,1299
ITEM_58372,ORD_16197,PROD_WATCH_03,1,1899,1899
ITEM_58373,ORD_16197,PROD_WATCH_05,1,6999,6999
ITEM_58374,ORD_16198,PROD_SPK_01,1,2499,2499
ITEM_58375,ORD_16198,PROD_CHG_03,1,999,999
ITEM_58376,ORD_16199,PROD_SPK_04,1,3299,3299
ITEM_58377,ORD_16199,PROD_PWR_05,1,2799,2799
ITEM_58378,ORD_16200,PROD_SPK_04,1,3299,3299
ITEM_58379,ORD_16200,PROD_SPK_03,1,1299,1299
ITEM_58380,ORD_16201,PROD_WATCH_04,1,3999,3999
ITEM_58381,ORD_16201,PROD_SPK_04,1,3299,3299
ITEM_58382,ORD_16202,PROD_WATCH_02,1,5499,5499
ITEM_58383,ORD_16202,PROD_PWR_03,1,3299,3299
ITEM_58384,ORD_16203,PROD_PWR_04,1,899,899
ITEM_58385,ORD_16203,PROD_WATCH_04,1,3999,3999
ITEM_58386,ORD_16204,PROD_PWR_02,1,2199,2199
ITEM_58387,ORD_16204,PROD_PWR_04,1,899,899
ITEM_58388,ORD_16205,PROD_PWR_05,1,2799,2799
ITEM_58389,ORD_16205,PROD_PWR_01,1,1299,1299
ITEM_58390,ORD_16206,PROD_SPK_04,1,3299,3299
ITEM_58391,ORD_16206,PROD_WATCH_02,1,5499,5499
ITEM_58392,ORD_16207,PROD_WATCH_02,1,5499,5499
ITEM_58393,ORD_16207,PROD_PWR_02,1,2199,2199
ITEM_58394,ORD_16208,PROD_PWR_03,1,3299,3299
ITEM_58395,ORD_16208,PROD_CHG_04,1,1499,1499
ITEM_58396,ORD_16209,PROD_CHG_05,1,799,799
ITEM_58397,ORD_16209,PROD_WATCH_04,1,3999,3999
ITEM_58398,ORD_16210,PROD_WATCH_04,1,3999,3999
ITEM_58399,ORD_16210,PROD_SPK_04,1,3299,3299
ITEM_58400,ORD_16211,PROD_PWR_03,1,3299,3299
ITEM_58401,ORD_16211,PROD_SPK_02,1,3999,3999
ITEM_58402,ORD_16212,PROD_PWR_01,1,1299,1299
ITEM_58403,ORD_16212,PROD_SPK_01,1,2499,2499
ITEM_58404,ORD_16213,PROD_CHG_01,1,699,699
ITEM_58405,ORD_16213,PROD_SPK_02,1,3999,3999
ITEM_58406,ORD_16214,PROD_PWR_02,1,2199,2199
ITEM_58407,ORD_16214,PROD_PWR_02,1,2199,2199
ITEM_58408,ORD_16215,PROD_PWR_03,1,3299,3299
ITEM_58409,ORD_16215,PROD_WATCH_05,1,6999,6999
ITEM_58410,ORD_16216,PROD_PWR_02,1,2199,2199
ITEM_58411,ORD_16216,PROD_SPK_02,1,3999,3999
ITEM_58412,ORD_16217,PROD_CHG_05,1,799,799
ITEM_58413,ORD_16217,PROD_WATCH_04,1,3999,3999
ITEM_58414,ORD_16218,PROD_PWR_01,1,1299,1299
ITEM_58415,ORD_16218,PROD_SPK_04,1,3299,3299
ITEM_58416,ORD_16219,PROD_WATCH_02,1,5499,5499
ITEM_58417,ORD_16219,PROD_WATCH_03,1,1899,1899
ITEM_58418,ORD_16220,PROD_CHG_03,1,999,999
ITEM_58419,ORD_16220,PROD_PWR_03,1,3299,3299
ITEM_58420,ORD_16221,PROD_PWR_03,1,3299,3299
ITEM_58421,ORD_16221,PROD_WATCH_05,1,6999,6999
ITEM_58422,ORD_16222,PROD_WATCH_05,1,6999,6999
ITEM_58423,ORD_16222,PROD_CHG_03,1,999,999
ITEM_58424,ORD_16223,PROD_PWR_05,1,2799,2799
ITEM_58425,ORD_16223,PROD_CHG_04,1,1499,1499
ITEM_58426,ORD_16224,PROD_PWR_04,1,899,899
ITEM_58427,ORD_16224,PROD_WATCH_02,1,5499,5499
ITEM_58428,ORD_16225,PROD_PWR_03,1,3299,3299
ITEM_58429,ORD_16225,PROD_WATCH_04,1,3999,3999
ITEM_58430,ORD_16226,PROD_PWR_04,1,899,899
ITEM_58431,ORD_16226,PROD_SPK_03,1,1299,1299
ITEM_58432,ORD_16227,PROD_PWR_05,1,2799,2799
ITEM_58433,ORD_16227,PROD_CHG_05,1,799,799
ITEM_58434,ORD_16228,PROD_CHG_04,1,1499,1499
ITEM_58435,ORD_16228,PROD_PWR_04,1,899,899
ITEM_58436,ORD_16229,PROD_CHG_04,1,1499,1499
ITEM_58437,ORD_16229,PROD_SPK_01,1,2499,2499
ITEM_58438,ORD_16230,PROD_CHG_03,1,999,999
ITEM_58439,ORD_16230,PROD_CHG_03,1,999,999
ITEM_58440,ORD_16231,PROD_PWR_04,1,899,899
ITEM_58441,ORD_16231,PROD_WATCH_03,1,1899,1899
ITEM_58442,ORD_16232,PROD_SPK_03,1,1299,1299
ITEM_58443,ORD_16232,PROD_SPK_02,1,3999,3999
ITEM_58444,ORD_16233,PROD_PWR_02,1,2199,2199
ITEM_58445,ORD_16233,PROD_WATCH_02,1,5499,5499
ITEM_58446,ORD_16234,PROD_CHG_01,1,699,699
ITEM_58447,ORD_16234,PROD_CHG_04,1,1499,1499
ITEM_58448,ORD_16235,PROD_CHG_04,1,1499,1499
ITEM_58449,ORD_16235,PROD_CHG_04,1,1499,1499
ITEM_58450,ORD_16236,PROD_WATCH_03,1,1899,1899
ITEM_58451,ORD_16236,PROD_WATCH_03,1,1899,1899
ITEM_58452,ORD_16237,PROD_PWR_04,1,899,899
ITEM_58453,ORD_16237,PROD_PWR_03,1,3299,3299
ITEM_58454,ORD_16238,PROD_PWR_04,1,899,899
ITEM_58455,ORD_16238,PROD_CHG_01,1,699,699
ITEM_58456,ORD_16239,PROD_PWR_04,1,899,899
ITEM_58457,ORD_16239,PROD_CHG_03,1,999,999
ITEM_58458,ORD_16240,PROD_WATCH_04,1,3999,3999
ITEM_58459,ORD_16240,PROD_PWR_04,1,899,899
ITEM_58460,ORD_16241,PROD_CHG_05,1,799,799
ITEM_58461,ORD_16241,PROD_WATCH_03,1,1899,1899
ITEM_58462,ORD_16242,PROD_PWR_01,1,1299,1299
ITEM_58463,ORD_16242,PROD_WATCH_05,1,6999,6999
ITEM_58464,ORD_16243,PROD_SPK_04,1,3299,3299
ITEM_58465,ORD_16243,PROD_SPK_05,1,4999,4999
ITEM_58466,ORD_16244,PROD_SPK_02,1,3999,3999
ITEM_58467,ORD_16244,PROD_PWR_01,1,1299,1299
ITEM_58468,ORD_16245,PROD_SPK_04,1,3299,3299
ITEM_58469,ORD_16245,PROD_WATCH_04,1,3999,3999
ITEM_58470,ORD_16246,PROD_SPK_04,1,3299,3299
ITEM_58471,ORD_16246,PROD_WATCH_04,1,3999,3999
ITEM_58472,ORD_16247,PROD_WATCH_04,1,3999,3999
ITEM_58473,ORD_16247,PROD_CHG_04,1,1499,1499
ITEM_58474,ORD_16248,PROD_PWR_03,1,3299,3299
ITEM_58475,ORD_16248,PROD_CHG_03,1,999,999
ITEM_58476,ORD_16249,PROD_PWR_05,1,2799,2799
ITEM_58477,ORD_16249,PROD_PWR_04,1,899,899
ITEM_58478,ORD_16250,PROD_SPK_02,1,3999,3999
ITEM_58479,ORD_16250,PROD_PWR_02,1,2199,2199
ITEM_58480,ORD_16251,PROD_WATCH_04,1,3999,3999
ITEM_58481,ORD_16251,PROD_WATCH_05,1,6999,6999
ITEM_58482,ORD_16252,PROD_WATCH_05,1,6999,6999
ITEM_58483,ORD_16252,PROD_PWR_02,1,2199,2199
ITEM_58484,ORD_16253,PROD_PWR_05,1,2799,2799
ITEM_58485,ORD_16253,PROD_SPK_05,1,4999,4999
ITEM_58486,ORD_16254,PROD_SPK_01,1,2499,2499
ITEM_58487,ORD_16254,PROD_WATCH_02,1,5499,5499
ITEM_58488,ORD_16255,PROD_WATCH_05,1,6999,6999
ITEM_58489,ORD_16255,PROD_SPK_02,1,3999,3999
ITEM_58490,ORD_16256,PROD_PWR_01,1,1299,1299
ITEM_58491,ORD_16256,PROD_PWR_03,1,3299,3299
ITEM_58492,ORD_16257,PROD_SPK_05,1,4999,4999
ITEM_58493,ORD_16257,PROD_CHG_04,1,1499,1499
ITEM_58494,ORD_16258,PROD_SPK_02,1,3999,3999
ITEM_58495,ORD_16258,PROD_CHG_02,1,1899,1899
ITEM_58496,ORD_16259,PROD_SPK_03,1,1299,1299
ITEM_58497,ORD_16259,PROD_WATCH_05,1,6999,6999
ITEM_58498,ORD_16260,PROD_CHG_01,1,699,699
ITEM_58499,ORD_16260,PROD_SPK_05,1,4999,4999
ITEM_58500,ORD_16261,PROD_PWR_02,1,2199,2199
ITEM_58501,ORD_16261,PROD_CHG_02,1,1899,1899
ITEM_58502,ORD_16262,PROD_SPK_02,1,3999,3999
ITEM_58503,ORD_16262,PROD_PWR_04,1,899,899
ITEM_58504,ORD_16263,PROD_CHG_05,1,799,799
ITEM_58505,ORD_16263,PROD_CHG_02,1,1899,1899
ITEM_58506,ORD_16264,PROD_PWR_04,1,899,899
ITEM_58507,ORD_16264,PROD_SPK_04,1,3299,3299
ITEM_58508,ORD_16265,PROD_PWR_04,1,899,899
ITEM_58509,ORD_16265,PROD_PWR_01,1,1299,1299
ITEM_58510,ORD_16266,PROD_WATCH_03,1,1899,1899
ITEM_58511,ORD_16266,PROD_CHG_02,1,1899,1899
ITEM_58512,ORD_16267,PROD_CHG_05,1,799,799
ITEM_58513,ORD_16267,PROD_WATCH_03,1,1899,1899
ITEM_58514,ORD_16268,PROD_SPK_01,1,2499,2499
ITEM_58515,ORD_16268,PROD_CHG_03,1,999,999
ITEM_58516,ORD_16269,PROD_WATCH_02,1,5499,5499
ITEM_58517,ORD_16269,PROD_CHG_05,1,799,799
ITEM_58518,ORD_16270,PROD_CHG_01,1,699,699
ITEM_58519,ORD_16270,PROD_CHG_05,1,799,799
ITEM_58520,ORD_16271,PROD_SPK_04,1,3299,3299
ITEM_58521,ORD_16271,PROD_SPK_03,1,1299,1299
ITEM_58522,ORD_16272,PROD_WATCH_03,1,1899,1899
ITEM_58523,ORD_16272,PROD_SPK_03,1,1299,1299
ITEM_58524,ORD_16273,PROD_SPK_05,1,4999,4999
ITEM_58525,ORD_16273,PROD_SPK_05,1,4999,4999
ITEM_58526,ORD_16274,PROD_WATCH_02,1,5499,5499
ITEM_58527,ORD_16274,PROD_PWR_02,1,2199,2199
ITEM_58528,ORD_16275,PROD_PWR_01,1,1299,1299
ITEM_58529,ORD_16275,PROD_SPK_02,1,3999,3999
ITEM_58530,ORD_16276,PROD_CHG_03,1,999,999
ITEM_58531,ORD_16276,PROD_WATCH_03,1,1899,1899
ITEM_58532,ORD_16277,PROD_PWR_04,1,899,899
ITEM_58533,ORD_16277,PROD_CHG_04,1,1499,1499
ITEM_58534,ORD_16278,PROD_WATCH_03,1,1899,1899
ITEM_58535,ORD_16278,PROD_CHG_05,1,799,799
ITEM_58536,ORD_16279,PROD_WATCH_04,1,3999,3999
ITEM_58537,ORD_16279,PROD_PWR_03,1,3299,3299
ITEM_58538,ORD_16280,PROD_SPK_03,1,1299,1299
ITEM_58539,ORD_16280,PROD_CHG_02,1,1899,1899
ITEM_58540,ORD_16281,PROD_PWR_02,1,2199,2199
ITEM_58541,ORD_16281,PROD_CHG_01,1,699,699
ITEM_58542,ORD_16282,PROD_PWR_02,1,2199,2199
ITEM_58543,ORD_16282,PROD_WATCH_04,1,3999,3999
ITEM_58544,ORD_16283,PROD_CHG_03,1,999,999
ITEM_58545,ORD_16283,PROD_CHG_01,1,699,699
ITEM_58546,ORD_16284,PROD_CHG_02,1,1899,1899
ITEM_58547,ORD_16284,PROD_SPK_03,1,1299,1299
ITEM_58548,ORD_16285,PROD_CHG_05,1,799,799
ITEM_58549,ORD_16285,PROD_WATCH_04,1,3999,3999
ITEM_58550,ORD_16286,PROD_SPK_05,1,4999,4999
ITEM_58551,ORD_16286,PROD_SPK_04,1,3299,3299
ITEM_58552,ORD_16287,PROD_WATCH_05,1,6999,6999
ITEM_58553,ORD_16287,PROD_WATCH_03,1,1899,1899
ITEM_58554,ORD_16288,PROD_PWR_05,1,2799,2799
ITEM_58555,ORD_16288,PROD_CHG_02,1,1899,1899
ITEM_58556,ORD_16289,PROD_WATCH_05,1,6999,6999
ITEM_58557,ORD_16289,PROD_PWR_03,1,3299,3299
ITEM_58558,ORD_16290,PROD_WATCH_02,1,5499,5499
ITEM_58559,ORD_16290,PROD_CHG_02,1,1899,1899
ITEM_58560,ORD_16291,PROD_WATCH_05,1,6999,6999
ITEM_58561,ORD_16291,PROD_SPK_02,1,3999,3999
ITEM_58562,ORD_16292,PROD_PWR_04,1,899,899
ITEM_58563,ORD_16292,PROD_WATCH_02,1,5499,5499
ITEM_58564,ORD_16293,PROD_PWR_02,1,2199,2199
ITEM_58565,ORD_16293,PROD_PWR_04,1,899,899
ITEM_58566,ORD_16294,PROD_WATCH_04,1,3999,3999
ITEM_58567,ORD_16294,PROD_SPK_05,1,4999,4999
ITEM_58568,ORD_16295,PROD_WATCH_05,1,6999,6999
ITEM_58569,ORD_16295,PROD_PWR_04,1,899,899
ITEM_58570,ORD_16296,PROD_SPK_04,1,3299,3299
ITEM_58571,ORD_16296,PROD_WATCH_05,1,6999,6999
ITEM_58572,ORD_16297,PROD_CHG_02,1,1899,1899
ITEM_58573,ORD_16297,PROD_CHG_04,1,1499,1499
ITEM_58574,ORD_16298,PROD_WATCH_04,1,3999,3999
ITEM_58575,ORD_16298,PROD_PWR_01,1,1299,1299
ITEM_58576,ORD_16299,PROD_SPK_03,1,1299,1299
ITEM_58577,ORD_16299,PROD_CHG_02,1,1899,1899
ITEM_58578,ORD_16300,PROD_SPK_05,1,4999,4999
ITEM_58579,ORD_16300,PROD_CHG_05,1,799,799
ITEM_58580,ORD_16301,PROD_CHG_03,1,999,999
ITEM_58581,ORD_16301,PROD_SPK_05,1,4999,4999
ITEM_58582,ORD_16302,PROD_WATCH_05,1,6999,6999
ITEM_58583,ORD_16302,PROD_PWR_02,1,2199,2199
ITEM_58584,ORD_16303,PROD_WATCH_02,1,5499,5499
ITEM_58585,ORD_16303,PROD_PWR_04,1,899,899
ITEM_58586,ORD_16304,PROD_WATCH_03,1,1899,1899
ITEM_58587,ORD_16304,PROD_CHG_02,1,1899,1899
ITEM_58588,ORD_16305,PROD_PWR_03,1,3299,3299
ITEM_58589,ORD_16305,PROD_CHG_05,1,799,799
ITEM_58590,ORD_16306,PROD_PWR_03,1,3299,3299
ITEM_58591,ORD_16306,PROD_WATCH_03,1,1899,1899
ITEM_58592,ORD_16307,PROD_WATCH_03,1,1899,1899
ITEM_58593,ORD_16307,PROD_CHG_05,1,799,799
ITEM_58594,ORD_16308,PROD_PWR_05,1,2799,2799
ITEM_58595,ORD_16308,PROD_PWR_04,1,899,899
ITEM_58596,ORD_16309,PROD_CHG_01,1,699,699
ITEM_58597,ORD_16309,PROD_PWR_01,1,1299,1299
ITEM_58598,ORD_16310,PROD_PWR_05,1,2799,2799
ITEM_58599,ORD_16310,PROD_WATCH_02,1,5499,5499
ITEM_58600,ORD_16311,PROD_WATCH_05,1,6999,6999
ITEM_58601,ORD_16311,PROD_PWR_04,1,899,899
ITEM_58602,ORD_16312,PROD_WATCH_04,1,3999,3999
ITEM_58603,ORD_16312,PROD_PWR_02,1,2199,2199
ITEM_58604,ORD_16313,PROD_WATCH_04,1,3999,3999
ITEM_58605,ORD_16313,PROD_WATCH_02,1,5499,5499
ITEM_58606,ORD_16314,PROD_CHG_02,1,1899,1899
ITEM_58607,ORD_16314,PROD_CHG_01,1,699,699
ITEM_58608,ORD_16315,PROD_SPK_04,1,3299,3299
ITEM_58609,ORD_16315,PROD_PWR_04,1,899,899
ITEM_58610,ORD_16316,PROD_CHG_01,1,699,699
ITEM_58611,ORD_16316,PROD_WATCH_05,1,6999,6999
ITEM_58612,ORD_16317,PROD_SPK_04,1,3299,3299
ITEM_58613,ORD_16317,PROD_WATCH_05,1,6999,6999
ITEM_58614,ORD_16318,PROD_PWR_01,1,1299,1299
ITEM_58615,ORD_16318,PROD_WATCH_02,1,5499,5499
ITEM_58616,ORD_16319,PROD_CHG_03,1,999,999
ITEM_58617,ORD_16319,PROD_PWR_01,1,1299,1299
ITEM_58618,ORD_16320,PROD_SPK_01,1,2499,2499
ITEM_58619,ORD_16320,PROD_CHG_05,1,799,799
ITEM_58620,ORD_16321,PROD_PWR_03,1,3299,3299
ITEM_58621,ORD_16321,PROD_PWR_04,1,899,899
ITEM_58622,ORD_16322,PROD_CHG_05,1,799,799
ITEM_58623,ORD_16322,PROD_PWR_03,1,3299,3299
ITEM_58624,ORD_16323,PROD_PWR_01,1,1299,1299
ITEM_58625,ORD_16323,PROD_SPK_05,1,4999,4999
ITEM_58626,ORD_16324,PROD_SPK_02,1,3999,3999
ITEM_58627,ORD_16324,PROD_CHG_03,1,999,999
ITEM_58628,ORD_16325,PROD_PWR_03,1,3299,3299
ITEM_58629,ORD_16325,PROD_WATCH_03,1,1899,1899
ITEM_58630,ORD_16326,PROD_CHG_01,1,699,699
ITEM_58631,ORD_16326,PROD_PWR_05,1,2799,2799
ITEM_58632,ORD_16327,PROD_PWR_03,1,3299,3299
ITEM_58633,ORD_16327,PROD_PWR_02,1,2199,2199
ITEM_58634,ORD_16328,PROD_CHG_04,1,1499,1499
ITEM_58635,ORD_16328,PROD_PWR_03,1,3299,3299
ITEM_58636,ORD_16329,PROD_PWR_03,1,3299,3299
ITEM_58637,ORD_16329,PROD_PWR_01,1,1299,1299
ITEM_58638,ORD_16330,PROD_CHG_04,1,1499,1499
ITEM_58639,ORD_16330,PROD_CHG_02,1,1899,1899
ITEM_58640,ORD_16331,PROD_SPK_05,1,4999,4999
ITEM_58641,ORD_16331,PROD_SPK_05,1,4999,4999
ITEM_58642,ORD_16332,PROD_WATCH_02,1,5499,5499
ITEM_58643,ORD_16332,PROD_WATCH_04,1,3999,3999
ITEM_58644,ORD_16333,PROD_CHG_04,1,1499,1499
ITEM_58645,ORD_16333,PROD_CHG_05,1,799,799
ITEM_58646,ORD_16334,PROD_WATCH_02,1,5499,5499
ITEM_58647,ORD_16334,PROD_WATCH_02,1,5499,5499
ITEM_58648,ORD_16335,PROD_WATCH_04,1,3999,3999
ITEM_58649,ORD_16335,PROD_SPK_04,1,3299,3299
ITEM_58650,ORD_16336,PROD_WATCH_05,1,6999,6999
ITEM_58651,ORD_16336,PROD_PWR_03,1,3299,3299
ITEM_58652,ORD_16337,PROD_SPK_04,1,3299,3299
ITEM_58653,ORD_16337,PROD_WATCH_03,1,1899,1899
ITEM_58654,ORD_16338,PROD_WATCH_04,1,3999,3999
ITEM_58655,ORD_16338,PROD_CHG_01,1,699,699
ITEM_58656,ORD_16339,PROD_PWR_05,1,2799,2799
ITEM_58657,ORD_16339,PROD_CHG_01,1,699,699
ITEM_58658,ORD_16340,PROD_WATCH_02,1,5499,5499
ITEM_58659,ORD_16340,PROD_SPK_03,1,1299,1299
ITEM_58660,ORD_16341,PROD_CHG_05,1,799,799
ITEM_58661,ORD_16341,PROD_WATCH_03,1,1899,1899
ITEM_58662,ORD_16342,PROD_SPK_03,1,1299,1299
ITEM_58663,ORD_16342,PROD_SPK_04,1,3299,3299
ITEM_58664,ORD_16343,PROD_WATCH_05,1,6999,6999
ITEM_58665,ORD_16343,PROD_WATCH_03,1,1899,1899
ITEM_58666,ORD_16344,PROD_SPK_03,1,1299,1299
ITEM_58667,ORD_16344,PROD_CHG_04,1,1499,1499
ITEM_58668,ORD_16345,PROD_PWR_02,1,2199,2199
ITEM_58669,ORD_16345,PROD_SPK_03,1,1299,1299
ITEM_58670,ORD_16346,PROD_CHG_03,1,999,999
ITEM_58671,ORD_16346,PROD_CHG_01,1,699,699
ITEM_58672,ORD_16347,PROD_SPK_04,1,3299,3299
ITEM_58673,ORD_16347,PROD_WATCH_02,1,5499,5499
ITEM_58674,ORD_16348,PROD_SPK_04,1,3299,3299
ITEM_58675,ORD_16348,PROD_CHG_02,1,1899,1899
ITEM_58676,ORD_16349,PROD_WATCH_05,1,6999,6999
ITEM_58677,ORD_16349,PROD_WATCH_03,1,1899,1899
ITEM_58678,ORD_16350,PROD_PWR_01,1,1299,1299
ITEM_58679,ORD_16350,PROD_SPK_05,1,4999,4999
ITEM_58680,ORD_16351,PROD_SPK_04,1,3299,3299
ITEM_58681,ORD_16351,PROD_SPK_03,1,1299,1299
ITEM_58682,ORD_16352,PROD_WATCH_05,1,6999,6999
ITEM_58683,ORD_16352,PROD_SPK_02,1,3999,3999
ITEM_58684,ORD_16353,PROD_SPK_05,1,4999,4999
ITEM_58685,ORD_16353,PROD_CHG_05,1,799,799
ITEM_58686,ORD_16354,PROD_CHG_02,1,1899,1899
ITEM_58687,ORD_16354,PROD_WATCH_03,1,1899,1899
ITEM_58688,ORD_16355,PROD_SPK_02,1,3999,3999
ITEM_58689,ORD_16355,PROD_CHG_04,1,1499,1499
ITEM_58690,ORD_16356,PROD_SPK_01,1,2499,2499
ITEM_58691,ORD_16356,PROD_PWR_04,1,899,899
ITEM_58692,ORD_16357,PROD_PWR_01,1,1299,1299
ITEM_58693,ORD_16357,PROD_PWR_02,1,2199,2199
ITEM_58694,ORD_16358,PROD_CHG_02,1,1899,1899
ITEM_58695,ORD_16358,PROD_WATCH_05,1,6999,6999
ITEM_58696,ORD_16359,PROD_SPK_01,1,2499,2499
ITEM_58697,ORD_16359,PROD_WATCH_03,1,1899,1899
ITEM_58698,ORD_16360,PROD_CHG_04,1,1499,1499
ITEM_58699,ORD_16360,PROD_CHG_04,1,1499,1499
ITEM_58700,ORD_16361,PROD_SPK_01,1,2499,2499
ITEM_58701,ORD_16361,PROD_SPK_05,1,4999,4999
ITEM_58702,ORD_16362,PROD_WATCH_05,1,6999,6999
ITEM_58703,ORD_16362,PROD_SPK_01,1,2499,2499
ITEM_58704,ORD_16363,PROD_PWR_04,1,899,899
ITEM_58705,ORD_16363,PROD_SPK_01,1,2499,2499
ITEM_58706,ORD_16364,PROD_CHG_05,1,799,799
ITEM_58707,ORD_16364,PROD_SPK_05,1,4999,4999
ITEM_58708,ORD_16365,PROD_WATCH_05,1,6999,6999
ITEM_58709,ORD_16365,PROD_SPK_01,1,2499,2499
ITEM_58710,ORD_16366,PROD_WATCH_03,1,1899,1899
ITEM_58711,ORD_16366,PROD_SPK_03,1,1299,1299
ITEM_58712,ORD_16367,PROD_SPK_01,1,2499,2499
ITEM_58713,ORD_16367,PROD_PWR_04,1,899,899
ITEM_58714,ORD_16368,PROD_CHG_03,1,999,999
ITEM_58715,ORD_16368,PROD_CHG_05,1,799,799
ITEM_58716,ORD_16369,PROD_PWR_01,1,1299,1299
ITEM_58717,ORD_16369,PROD_CHG_02,1,1899,1899
ITEM_58718,ORD_16370,PROD_SPK_03,1,1299,1299
ITEM_58719,ORD_16370,PROD_CHG_05,1,799,799
ITEM_58720,ORD_16371,PROD_CHG_04,1,1499,1499
ITEM_58721,ORD_16371,PROD_SPK_02,1,3999,3999
ITEM_58722,ORD_16372,PROD_SPK_05,1,4999,4999
ITEM_58723,ORD_16372,PROD_WATCH_02,1,5499,5499
ITEM_58724,ORD_16373,PROD_WATCH_03,1,1899,1899
ITEM_58725,ORD_16373,PROD_CHG_03,1,999,999
ITEM_58726,ORD_16374,PROD_SPK_05,1,4999,4999
ITEM_58727,ORD_16374,PROD_SPK_03,1,1299,1299
ITEM_58728,ORD_16375,PROD_WATCH_05,1,6999,6999
ITEM_58729,ORD_16375,PROD_CHG_02,1,1899,1899
ITEM_58730,ORD_16376,PROD_CHG_05,1,799,799
ITEM_58731,ORD_16376,PROD_CHG_05,1,799,799
ITEM_58732,ORD_16377,PROD_WATCH_04,1,3999,3999
ITEM_58733,ORD_16377,PROD_SPK_02,1,3999,3999
ITEM_58734,ORD_16378,PROD_PWR_05,1,2799,2799
ITEM_58735,ORD_16378,PROD_WATCH_05,1,6999,6999
ITEM_58736,ORD_16379,PROD_CHG_05,1,799,799
ITEM_58737,ORD_16379,PROD_PWR_03,1,3299,3299
ITEM_58738,ORD_16380,PROD_SPK_04,1,3299,3299
ITEM_58739,ORD_16380,PROD_SPK_05,1,4999,4999
ITEM_58740,ORD_16381,PROD_SPK_01,1,2499,2499
ITEM_58741,ORD_16381,PROD_PWR_04,1,899,899
ITEM_58742,ORD_16382,PROD_PWR_05,1,2799,2799
ITEM_58743,ORD_16382,PROD_CHG_02,1,1899,1899
ITEM_58744,ORD_16383,PROD_WATCH_04,1,3999,3999
ITEM_58745,ORD_16383,PROD_SPK_04,1,3299,3299
ITEM_58746,ORD_16384,PROD_CHG_05,1,799,799
ITEM_58747,ORD_16384,PROD_WATCH_02,1,5499,5499
ITEM_58748,ORD_16385,PROD_SPK_03,1,1299,1299
ITEM_58749,ORD_16385,PROD_PWR_03,1,3299,3299
ITEM_58750,ORD_16386,PROD_WATCH_04,1,3999,3999
ITEM_58751,ORD_16386,PROD_SPK_03,1,1299,1299
ITEM_58752,ORD_16387,PROD_WATCH_04,1,3999,3999
ITEM_58753,ORD_16387,PROD_CHG_05,1,799,799
ITEM_58754,ORD_16388,PROD_CHG_04,1,1499,1499
ITEM_58755,ORD_16388,PROD_WATCH_03,1,1899,1899
ITEM_58756,ORD_16389,PROD_WATCH_04,1,3999,3999
ITEM_58757,ORD_16389,PROD_PWR_01,1,1299,1299
ITEM_58758,ORD_16390,PROD_PWR_01,1,1299,1299
ITEM_58759,ORD_16390,PROD_PWR_03,1,3299,3299
ITEM_58760,ORD_16391,PROD_SPK_05,1,4999,4999
ITEM_58761,ORD_16391,PROD_CHG_04,1,1499,1499
ITEM_58762,ORD_16392,PROD_WATCH_03,1,1899,1899
ITEM_58763,ORD_16392,PROD_PWR_01,1,1299,1299
ITEM_58764,ORD_16393,PROD_SPK_03,1,1299,1299
ITEM_58765,ORD_16393,PROD_CHG_03,1,999,999
ITEM_58766,ORD_16394,PROD_SPK_01,1,2499,2499
ITEM_58767,ORD_16394,PROD_CHG_03,1,999,999
ITEM_58768,ORD_16395,PROD_SPK_02,1,3999,3999
ITEM_58769,ORD_16395,PROD_PWR_02,1,2199,2199
ITEM_58770,ORD_16396,PROD_CHG_05,1,799,799
ITEM_58771,ORD_16396,PROD_PWR_05,1,2799,2799
ITEM_58772,ORD_16397,PROD_CHG_05,1,799,799
ITEM_58773,ORD_16397,PROD_WATCH_03,1,1899,1899
ITEM_58774,ORD_16398,PROD_CHG_01,1,699,699
ITEM_58775,ORD_16398,PROD_WATCH_03,1,1899,1899
ITEM_58776,ORD_16399,PROD_CHG_04,1,1499,1499
ITEM_58777,ORD_16399,PROD_SPK_03,1,1299,1299
ITEM_58778,ORD_16400,PROD_WATCH_04,1,3999,3999
ITEM_58779,ORD_16400,PROD_WATCH_04,1,3999,3999
ITEM_58780,ORD_16401,PROD_PWR_05,1,2799,2799
ITEM_58781,ORD_16401,PROD_WATCH_03,1,1899,1899
ITEM_58782,ORD_16402,PROD_CHG_05,1,799,799
ITEM_58783,ORD_16402,PROD_PWR_03,1,3299,3299
ITEM_58784,ORD_16403,PROD_PWR_02,1,2199,2199
ITEM_58785,ORD_16403,PROD_SPK_01,1,2499,2499
ITEM_58786,ORD_16404,PROD_SPK_01,1,2499,2499
ITEM_58787,ORD_16404,PROD_CHG_01,1,699,699
ITEM_58788,ORD_16405,PROD_SPK_01,1,2499,2499
ITEM_58789,ORD_16405,PROD_CHG_05,1,799,799
ITEM_58790,ORD_16406,PROD_PWR_05,1,2799,2799
ITEM_58791,ORD_16406,PROD_CHG_04,1,1499,1499
ITEM_58792,ORD_16407,PROD_SPK_04,1,3299,3299
ITEM_58793,ORD_16407,PROD_CHG_02,1,1899,1899
ITEM_58794,ORD_16408,PROD_SPK_04,1,3299,3299
ITEM_58795,ORD_16408,PROD_SPK_02,1,3999,3999
ITEM_58796,ORD_16409,PROD_SPK_02,1,3999,3999
ITEM_58797,ORD_16409,PROD_CHG_03,1,999,999
ITEM_58798,ORD_16410,PROD_CHG_01,1,699,699
ITEM_58799,ORD_16410,PROD_WATCH_04,1,3999,3999
ITEM_58800,ORD_16411,PROD_CHG_02,1,1899,1899
ITEM_58801,ORD_16411,PROD_PWR_05,1,2799,2799
ITEM_58802,ORD_16412,PROD_WATCH_03,1,1899,1899
ITEM_58803,ORD_16412,PROD_SPK_01,1,2499,2499
ITEM_58804,ORD_16413,PROD_WATCH_05,1,6999,6999
ITEM_58805,ORD_16413,PROD_PWR_01,1,1299,1299
ITEM_58806,ORD_16414,PROD_SPK_01,1,2499,2499
ITEM_58807,ORD_16414,PROD_CHG_05,1,799,799
ITEM_58808,ORD_16415,PROD_PWR_01,1,1299,1299
ITEM_58809,ORD_16415,PROD_WATCH_05,1,6999,6999
ITEM_58810,ORD_16416,PROD_SPK_02,1,3999,3999
ITEM_58811,ORD_16416,PROD_CHG_05,1,799,799
ITEM_58812,ORD_16417,PROD_CHG_01,1,699,699
ITEM_58813,ORD_16417,PROD_SPK_01,1,2499,2499
ITEM_58814,ORD_16418,PROD_PWR_03,1,3299,3299
ITEM_58815,ORD_16418,PROD_PWR_03,1,3299,3299
ITEM_58816,ORD_16419,PROD_WATCH_03,1,1899,1899
ITEM_58817,ORD_16419,PROD_WATCH_03,1,1899,1899
ITEM_58818,ORD_16420,PROD_PWR_02,1,2199,2199
ITEM_58819,ORD_16420,PROD_PWR_02,1,2199,2199
ITEM_58820,ORD_16421,PROD_SPK_05,1,4999,4999
ITEM_58821,ORD_16421,PROD_WATCH_05,1,6999,6999
ITEM_58822,ORD_16422,PROD_CHG_05,1,799,799
ITEM_58823,ORD_16422,PROD_CHG_03,1,999,999
ITEM_58824,ORD_16423,PROD_SPK_03,1,1299,1299
ITEM_58825,ORD_16423,PROD_PWR_05,1,2799,2799
ITEM_58826,ORD_16424,PROD_WATCH_05,1,6999,6999
ITEM_58827,ORD_16424,PROD_CHG_02,1,1899,1899
ITEM_58828,ORD_16425,PROD_CHG_02,1,1899,1899
ITEM_58829,ORD_16425,PROD_CHG_05,1,799,799
ITEM_58830,ORD_16426,PROD_WATCH_02,1,5499,5499
ITEM_58831,ORD_16426,PROD_WATCH_03,1,1899,1899
ITEM_58832,ORD_16427,PROD_CHG_05,1,799,799
ITEM_58833,ORD_16427,PROD_PWR_02,1,2199,2199
ITEM_58834,ORD_16428,PROD_PWR_01,1,1299,1299
ITEM_58835,ORD_16428,PROD_PWR_02,1,2199,2199
ITEM_58836,ORD_16429,PROD_SPK_05,1,4999,4999
ITEM_58837,ORD_16429,PROD_PWR_03,1,3299,3299
ITEM_58838,ORD_16430,PROD_WATCH_04,1,3999,3999
ITEM_58839,ORD_16430,PROD_CHG_01,1,699,699
ITEM_58840,ORD_16431,PROD_CHG_03,1,999,999
ITEM_58841,ORD_16431,PROD_CHG_05,1,799,799
ITEM_58842,ORD_16432,PROD_SPK_03,1,1299,1299
ITEM_58843,ORD_16432,PROD_SPK_05,1,4999,4999
ITEM_58844,ORD_16433,PROD_CHG_02,1,1899,1899
ITEM_58845,ORD_16433,PROD_PWR_03,1,3299,3299
ITEM_58846,ORD_16434,PROD_CHG_02,1,1899,1899
ITEM_58847,ORD_16434,PROD_SPK_03,1,1299,1299
ITEM_58848,ORD_16435,PROD_WATCH_05,1,6999,6999
ITEM_58849,ORD_16435,PROD_CHG_04,1,1499,1499
ITEM_58850,ORD_16436,PROD_CHG_01,1,699,699
ITEM_58851,ORD_16436,PROD_SPK_02,1,3999,3999
ITEM_58852,ORD_16437,PROD_PWR_03,1,3299,3299
ITEM_58853,ORD_16437,PROD_SPK_03,1,1299,1299
ITEM_58854,ORD_16438,PROD_CHG_05,1,799,799
ITEM_58855,ORD_16438,PROD_SPK_03,1,1299,1299
ITEM_58856,ORD_16439,PROD_WATCH_05,1,6999,6999
ITEM_58857,ORD_16439,PROD_SPK_01,1,2499,2499
ITEM_58858,ORD_16440,PROD_CHG_04,1,1499,1499
ITEM_58859,ORD_16440,PROD_CHG_04,1,1499,1499
ITEM_58860,ORD_16441,PROD_PWR_01,1,1299,1299
ITEM_58861,ORD_16441,PROD_CHG_03,1,999,999
ITEM_58862,ORD_16442,PROD_CHG_04,1,1499,1499
ITEM_58863,ORD_16442,PROD_CHG_02,1,1899,1899
ITEM_58864,ORD_16443,PROD_PWR_01,1,1299,1299
ITEM_58865,ORD_16443,PROD_SPK_03,1,1299,1299
ITEM_58866,ORD_16444,PROD_WATCH_05,1,6999,6999
ITEM_58867,ORD_16444,PROD_WATCH_02,1,5499,5499
ITEM_58868,ORD_16445,PROD_WATCH_04,1,3999,3999
ITEM_58869,ORD_16445,PROD_PWR_01,1,1299,1299
ITEM_58870,ORD_16446,PROD_WATCH_02,1,5499,5499
ITEM_58871,ORD_16446,PROD_SPK_02,1,3999,3999
ITEM_58872,ORD_16447,PROD_PWR_01,1,1299,1299
ITEM_58873,ORD_16447,PROD_CHG_02,1,1899,1899
ITEM_58874,ORD_16448,PROD_WATCH_04,1,3999,3999
ITEM_58875,ORD_16448,PROD_SPK_04,1,3299,3299
ITEM_58876,ORD_16449,PROD_PWR_05,1,2799,2799
ITEM_58877,ORD_16449,PROD_PWR_03,1,3299,3299
ITEM_58878,ORD_16450,PROD_PWR_03,1,3299,3299
ITEM_58879,ORD_16450,PROD_WATCH_03,1,1899,1899
ITEM_58880,ORD_16451,PROD_CHG_04,1,1499,1499
ITEM_58881,ORD_16451,PROD_PWR_02,1,2199,2199
ITEM_58882,ORD_16452,PROD_SPK_01,1,2499,2499
ITEM_58883,ORD_16452,PROD_WATCH_04,1,3999,3999
ITEM_58884,ORD_16453,PROD_PWR_03,1,3299,3299
ITEM_58885,ORD_16453,PROD_WATCH_05,1,6999,6999
ITEM_58886,ORD_16454,PROD_SPK_03,1,1299,1299
ITEM_58887,ORD_16454,PROD_CHG_02,1,1899,1899
ITEM_58888,ORD_16455,PROD_CHG_01,1,699,699
ITEM_58889,ORD_16455,PROD_CHG_01,1,699,699
ITEM_58890,ORD_16456,PROD_CHG_02,1,1899,1899
ITEM_58891,ORD_16456,PROD_WATCH_05,1,6999,6999
ITEM_58892,ORD_16457,PROD_WATCH_02,1,5499,5499
ITEM_58893,ORD_16457,PROD_WATCH_04,1,3999,3999
ITEM_58894,ORD_16458,PROD_WATCH_04,1,3999,3999
ITEM_58895,ORD_16458,PROD_CHG_03,1,999,999
ITEM_58896,ORD_16459,PROD_CHG_05,1,799,799
ITEM_58897,ORD_16459,PROD_CHG_05,1,799,799
ITEM_58898,ORD_16460,PROD_CHG_01,1,699,699
ITEM_58899,ORD_16460,PROD_PWR_04,1,899,899
ITEM_58900,ORD_16461,PROD_CHG_03,1,999,999
ITEM_58901,ORD_16461,PROD_PWR_03,1,3299,3299
ITEM_58902,ORD_16462,PROD_PWR_01,1,1299,1299
ITEM_58903,ORD_16462,PROD_PWR_05,1,2799,2799
ITEM_58904,ORD_16463,PROD_WATCH_03,1,1899,1899
ITEM_58905,ORD_16463,PROD_WATCH_05,1,6999,6999
ITEM_58906,ORD_16464,PROD_SPK_04,1,3299,3299
ITEM_58907,ORD_16464,PROD_PWR_03,1,3299,3299
ITEM_58908,ORD_16465,PROD_SPK_03,1,1299,1299
ITEM_58909,ORD_16465,PROD_SPK_04,1,3299,3299
ITEM_58910,ORD_16466,PROD_PWR_04,1,899,899
ITEM_58911,ORD_16466,PROD_SPK_02,1,3999,3999
ITEM_58912,ORD_16467,PROD_CHG_02,1,1899,1899
ITEM_58913,ORD_16467,PROD_PWR_02,1,2199,2199
ITEM_58914,ORD_16468,PROD_PWR_03,1,3299,3299
ITEM_58915,ORD_16468,PROD_WATCH_02,1,5499,5499
ITEM_58916,ORD_16469,PROD_CHG_03,1,999,999
ITEM_58917,ORD_16469,PROD_SPK_03,1,1299,1299
ITEM_58918,ORD_16470,PROD_CHG_03,1,999,999
ITEM_58919,ORD_16470,PROD_WATCH_02,1,5499,5499
ITEM_58920,ORD_16471,PROD_PWR_04,1,899,899
ITEM_58921,ORD_16471,PROD_SPK_05,1,4999,4999
ITEM_58922,ORD_16472,PROD_SPK_05,1,4999,4999
ITEM_58923,ORD_16472,PROD_PWR_03,1,3299,3299
ITEM_58924,ORD_16473,PROD_PWR_02,1,2199,2199
ITEM_58925,ORD_16473,PROD_PWR_02,1,2199,2199
ITEM_58926,ORD_16474,PROD_WATCH_05,1,6999,6999
ITEM_58927,ORD_16474,PROD_CHG_04,1,1499,1499
ITEM_58928,ORD_16475,PROD_WATCH_02,1,5499,5499
ITEM_58929,ORD_16475,PROD_CHG_01,1,699,699
ITEM_58930,ORD_16476,PROD_CHG_03,1,999,999
ITEM_58931,ORD_16476,PROD_SPK_05,1,4999,4999
ITEM_58932,ORD_16477,PROD_WATCH_04,1,3999,3999
ITEM_58933,ORD_16477,PROD_PWR_02,1,2199,2199
ITEM_58934,ORD_16478,PROD_PWR_04,1,899,899
ITEM_58935,ORD_16478,PROD_WATCH_02,1,5499,5499
ITEM_58936,ORD_16479,PROD_PWR_05,1,2799,2799
ITEM_58937,ORD_16479,PROD_SPK_02,1,3999,3999
ITEM_58938,ORD_16480,PROD_PWR_03,1,3299,3299
ITEM_58939,ORD_16480,PROD_CHG_01,1,699,699
ITEM_58940,ORD_16481,PROD_WATCH_03,1,1899,1899
ITEM_58941,ORD_16481,PROD_WATCH_04,1,3999,3999
ITEM_58942,ORD_16482,PROD_CHG_03,1,999,999
ITEM_58943,ORD_16482,PROD_CHG_03,1,999,999
ITEM_58944,ORD_16483,PROD_CHG_02,1,1899,1899
ITEM_58945,ORD_16483,PROD_WATCH_04,1,3999,3999
ITEM_58946,ORD_16484,PROD_CHG_01,1,699,699
ITEM_58947,ORD_16484,PROD_CHG_01,1,699,699
ITEM_58948,ORD_16485,PROD_SPK_04,1,3299,3299
ITEM_58949,ORD_16485,PROD_PWR_03,1,3299,3299
ITEM_58950,ORD_16486,PROD_PWR_02,1,2199,2199
ITEM_58951,ORD_16486,PROD_CHG_05,1,799,799
ITEM_58952,ORD_16487,PROD_CHG_01,1,699,699
ITEM_58953,ORD_16487,PROD_CHG_02,1,1899,1899
ITEM_58954,ORD_16488,PROD_CHG_05,1,799,799
ITEM_58955,ORD_16488,PROD_WATCH_04,1,3999,3999
ITEM_58956,ORD_16489,PROD_CHG_02,1,1899,1899
ITEM_58957,ORD_16489,PROD_CHG_01,1,699,699
ITEM_58958,ORD_16490,PROD_WATCH_02,1,5499,5499
ITEM_58959,ORD_16490,PROD_SPK_05,1,4999,4999
ITEM_58960,ORD_16491,PROD_WATCH_05,1,6999,6999
ITEM_58961,ORD_16491,PROD_CHG_02,1,1899,1899
ITEM_58962,ORD_16492,PROD_CHG_01,1,699,699
ITEM_58963,ORD_16492,PROD_PWR_03,1,3299,3299
ITEM_58964,ORD_16493,PROD_PWR_04,1,899,899
ITEM_58965,ORD_16493,PROD_PWR_01,1,1299,1299
ITEM_58966,ORD_16494,PROD_CHG_04,1,1499,1499
ITEM_58967,ORD_16494,PROD_CHG_04,1,1499,1499
ITEM_58968,ORD_16495,PROD_PWR_01,1,1299,1299
ITEM_58969,ORD_16495,PROD_PWR_02,1,2199,2199
ITEM_58970,ORD_16496,PROD_PWR_05,1,2799,2799
ITEM_58971,ORD_16496,PROD_WATCH_02,1,5499,5499
ITEM_58972,ORD_16497,PROD_PWR_04,1,899,899
ITEM_58973,ORD_16497,PROD_CHG_04,1,1499,1499
ITEM_58974,ORD_16498,PROD_SPK_03,1,1299,1299
ITEM_58975,ORD_16498,PROD_PWR_05,1,2799,2799
ITEM_58976,ORD_16499,PROD_SPK_02,1,3999,3999
ITEM_58977,ORD_16499,PROD_CHG_03,1,999,999
ITEM_58978,ORD_16500,PROD_CHG_04,1,1499,1499
ITEM_58979,ORD_16500,PROD_SPK_05,1,4999,4999
ITEM_58980,ORD_16501,PROD_SPK_03,1,1299,1299
ITEM_58981,ORD_16501,PROD_WATCH_03,1,1899,1899
ITEM_58982,ORD_16502,PROD_SPK_05,1,4999,4999
ITEM_58983,ORD_16502,PROD_PWR_03,1,3299,3299
ITEM_58984,ORD_16503,PROD_CHG_03,1,999,999
ITEM_58985,ORD_16503,PROD_SPK_05,1,4999,4999
ITEM_58986,ORD_16504,PROD_CHG_03,1,999,999
ITEM_58987,ORD_16504,PROD_SPK_02,1,3999,3999
ITEM_58988,ORD_16505,PROD_SPK_04,1,3299,3299
ITEM_58989,ORD_16505,PROD_SPK_01,1,2499,2499
ITEM_58990,ORD_16506,PROD_WATCH_02,1,5499,5499
ITEM_58991,ORD_16506,PROD_PWR_05,1,2799,2799
ITEM_58992,ORD_16507,PROD_SPK_01,1,2499,2499
ITEM_58993,ORD_16507,PROD_WATCH_05,1,6999,6999
ITEM_58994,ORD_16508,PROD_SPK_02,1,3999,3999
ITEM_58995,ORD_16508,PROD_PWR_05,1,2799,2799
ITEM_58996,ORD_16509,PROD_SPK_04,1,3299,3299
ITEM_58997,ORD_16509,PROD_SPK_01,1,2499,2499
ITEM_58998,ORD_16510,PROD_CHG_03,1,999,999
ITEM_58999,ORD_16510,PROD_PWR_03,1,3299,3299
ITEM_59000,ORD_16511,PROD_PWR_02,1,2199,2199
ITEM_59001,ORD_16511,PROD_CHG_02,1,1899,1899
ITEM_59002,ORD_16512,PROD_PWR_01,1,1299,1299
ITEM_59003,ORD_16512,PROD_PWR_05,1,2799,2799
ITEM_59004,ORD_16513,PROD_PWR_01,1,1299,1299
ITEM_59005,ORD_16513,PROD_CHG_04,1,1499,1499
ITEM_59006,ORD_16514,PROD_PWR_01,1,1299,1299
ITEM_59007,ORD_16514,PROD_WATCH_02,1,5499,5499
ITEM_59008,ORD_16515,PROD_CHG_05,1,799,799
ITEM_59009,ORD_16515,PROD_CHG_03,1,999,999
ITEM_59010,ORD_16516,PROD_SPK_01,1,2499,2499
ITEM_59011,ORD_16516,PROD_CHG_04,1,1499,1499
ITEM_59012,ORD_16517,PROD_PWR_02,1,2199,2199
ITEM_59013,ORD_16517,PROD_SPK_05,1,4999,4999
ITEM_59014,ORD_16518,PROD_PWR_03,1,3299,3299
ITEM_59015,ORD_16518,PROD_SPK_03,1,1299,1299
ITEM_59016,ORD_16519,PROD_CHG_02,1,1899,1899
ITEM_59017,ORD_16519,PROD_CHG_05,1,799,799
ITEM_59018,ORD_16520,PROD_WATCH_03,1,1899,1899
ITEM_59019,ORD_16520,PROD_PWR_02,1,2199,2199
ITEM_59020,ORD_16521,PROD_CHG_03,1,999,999
ITEM_59021,ORD_16521,PROD_CHG_05,1,799,799
ITEM_59022,ORD_16522,PROD_SPK_04,1,3299,3299
ITEM_59023,ORD_16522,PROD_SPK_02,1,3999,3999
ITEM_59024,ORD_16523,PROD_SPK_05,1,4999,4999
ITEM_59025,ORD_16524,PROD_WATCH_03,1,1899,1899
ITEM_59026,ORD_16525,PROD_SCR_04,1,699,699
ITEM_59027,ORD_16526,PROD_EAR_03,1,3499,3499
ITEM_59028,ORD_16527,PROD_CASE_04,1,599,599
ITEM_59029,ORD_16528,PROD_WATCH_05,1,6999,6999
ITEM_59030,ORD_16529,PROD_EAR_02,1,2499,2499
ITEM_59031,ORD_16530,PROD_PWR_04,1,899,899
ITEM_59032,ORD_16531,PROD_CHG_03,1,999,999
ITEM_59033,ORD_16532,PROD_CHG_01,1,699,699
ITEM_59034,ORD_16533,PROD_PWR_04,1,899,899
ITEM_59035,ORD_16534,PROD_SCR_01,1,299,299
ITEM_59036,ORD_16535,PROD_WATCH_03,1,1899,1899
ITEM_59037,ORD_16536,PROD_SPK_03,1,1299,1299
ITEM_59038,ORD_16537,PROD_CHG_04,1,1499,1499
ITEM_59039,ORD_16538,PROD_SCR_03,1,349,349
ITEM_59040,ORD_16539,PROD_SPK_05,1,4999,4999
ITEM_59041,ORD_16540,PROD_SCR_04,1,699,699
ITEM_59042,ORD_16541,PROD_CASE_01,1,499,499
ITEM_59043,ORD_16542,PROD_CASE_03,1,999,999
ITEM_59044,ORD_16543,PROD_CASE_02,1,799,799
ITEM_59045,ORD_16544,PROD_PWR_04,1,899,899
ITEM_59046,ORD_16545,PROD_CASE_05,1,899,899
ITEM_59047,ORD_16546,PROD_SCR_05,1,249,249
ITEM_59048,ORD_16547,PROD_SCR_05,1,249,249
ITEM_59049,ORD_16548,PROD_SPK_05,1,4999,4999
ITEM_59050,ORD_16549,PROD_WATCH_02,1,5499,5499
ITEM_59051,ORD_16550,PROD_CHG_03,1,999,999
ITEM_59052,ORD_16551,PROD_PWR_02,1,2199,2199
ITEM_59053,ORD_16552,PROD_SPK_03,1,1299,1299
ITEM_59054,ORD_16553,PROD_CHG_04,1,1499,1499
ITEM_59055,ORD_16554,PROD_SPK_04,1,3299,3299
ITEM_59056,ORD_16555,PROD_PWR_02,1,2199,2199
ITEM_59057,ORD_16556,PROD_CHG_01,1,699,699
ITEM_59058,ORD_16557,PROD_CASE_02,1,799,799
ITEM_59059,ORD_16558,PROD_PWR_04,1,899,899
ITEM_59060,ORD_16559,PROD_WATCH_04,1,3999,3999
ITEM_59061,ORD_16560,PROD_CHG_05,1,799,799
ITEM_59062,ORD_16561,PROD_SCR_05,1,249,249
ITEM_59063,ORD_16562,PROD_SPK_01,1,2499,2499
ITEM_59064,ORD_16563,PROD_EAR_02,1,2499,2499
ITEM_59065,ORD_16564,PROD_CHG_05,1,799,799
ITEM_59066,ORD_16565,PROD_PWR_04,1,899,899
ITEM_59067,ORD_16566,PROD_PWR_02,1,2199,2199
ITEM_59068,ORD_16567,PROD_CASE_01,1,499,499
ITEM_59069,ORD_16568,PROD_WATCH_05,1,6999,6999
ITEM_59070,ORD_16569,PROD_CASE_02,1,799,799
ITEM_59071,ORD_16570,PROD_WATCH_04,1,3999,3999
ITEM_59072,ORD_16571,PROD_SPK_05,1,4999,4999
ITEM_59073,ORD_16572,PROD_CASE_05,1,899,899
ITEM_59074,ORD_16573,PROD_PWR_01,1,1299,1299
ITEM_59075,ORD_16574,PROD_WATCH_03,1,1899,1899
ITEM_59076,ORD_16575,PROD_SPK_04,1,3299,3299
ITEM_59077,ORD_16576,PROD_WATCH_05,1,6999,6999
ITEM_59078,ORD_16577,PROD_CASE_01,1,499,499
ITEM_59079,ORD_16578,PROD_SCR_05,1,249,249
ITEM_59080,ORD_16579,PROD_SCR_03,1,349,349
ITEM_59081,ORD_16580,PROD_EAR_05,1,1999,1999
ITEM_59082,ORD_16581,PROD_CHG_02,1,1899,1899
ITEM_59083,ORD_16582,PROD_CASE_01,1,499,499
ITEM_59084,ORD_16583,PROD_CASE_01,1,499,499
ITEM_59085,ORD_16584,PROD_CASE_02,1,799,799
ITEM_59086,ORD_16585,PROD_CASE_05,1,899,899
ITEM_59087,ORD_16586,PROD_SPK_02,1,3999,3999
ITEM_59088,ORD_16587,PROD_PWR_02,1,2199,2199
ITEM_59089,ORD_16588,PROD_WATCH_04,1,3999,3999
ITEM_59090,ORD_16589,PROD_SPK_03,1,1299,1299
ITEM_59091,ORD_16590,PROD_SCR_03,1,349,349
ITEM_59092,ORD_16591,PROD_EAR_03,1,3499,3499
ITEM_59093,ORD_16592,PROD_PWR_03,1,3299,3299
ITEM_59094,ORD_16593,PROD_SCR_01,1,299,299
ITEM_59095,ORD_16594,PROD_WATCH_05,1,6999,6999
ITEM_59096,ORD_16595,PROD_CASE_02,1,799,799
ITEM_59097,ORD_16596,PROD_WATCH_05,1,6999,6999
ITEM_59098,ORD_16597,PROD_WATCH_03,1,1899,1899
ITEM_59099,ORD_16598,PROD_SPK_03,1,1299,1299
ITEM_59100,ORD_16599,PROD_SCR_02,1,499,499
ITEM_59101,ORD_16600,PROD_EAR_03,1,3499,3499
ITEM_59102,ORD_16601,PROD_WATCH_04,1,3999,3999
ITEM_59103,ORD_16602,PROD_CHG_02,1,1899,1899
ITEM_59104,ORD_16603,PROD_SPK_04,1,3299,3299
ITEM_59105,ORD_16604,PROD_CASE_03,1,999,999
ITEM_59106,ORD_16605,PROD_WATCH_05,1,6999,6999
ITEM_59107,ORD_16606,PROD_WATCH_03,1,1899,1899
ITEM_59108,ORD_16607,PROD_SCR_01,1,299,299
ITEM_59109,ORD_16608,PROD_EAR_05,1,1999,1999
ITEM_59110,ORD_16609,PROD_SPK_02,1,3999,3999
ITEM_59111,ORD_16610,PROD_WATCH_04,1,3999,3999
ITEM_59112,ORD_16611,PROD_WATCH_04,1,3999,3999
ITEM_59113,ORD_16612,PROD_CHG_05,1,799,799
ITEM_59114,ORD_16613,PROD_SCR_03,1,349,349
ITEM_59115,ORD_16614,PROD_SPK_04,1,3299,3299
ITEM_59116,ORD_16615,PROD_SCR_01,1,299,299
ITEM_59117,ORD_16616,PROD_CASE_01,1,499,499
ITEM_59118,ORD_16617,PROD_SCR_01,1,299,299
ITEM_59119,ORD_16618,PROD_CHG_05,1,799,799
ITEM_59120,ORD_16619,PROD_SPK_04,1,3299,3299
ITEM_59121,ORD_16620,PROD_SCR_04,1,699,699
ITEM_59122,ORD_16621,PROD_WATCH_04,1,3999,3999
ITEM_59123,ORD_16622,PROD_SCR_04,1,699,699
ITEM_59124,ORD_16623,PROD_CHG_02,1,1899,1899
ITEM_59125,ORD_16624,PROD_PWR_03,1,3299,3299
ITEM_59126,ORD_16625,PROD_PWR_03,1,3299,3299
ITEM_59127,ORD_16626,PROD_SPK_04,1,3299,3299
ITEM_59128,ORD_16627,PROD_PWR_04,1,899,899
ITEM_59129,ORD_16628,PROD_CHG_04,1,1499,1499
ITEM_59130,ORD_16629,PROD_SPK_04,1,3299,3299
ITEM_59131,ORD_16630,PROD_SCR_03,1,349,349
ITEM_59132,ORD_16631,PROD_SCR_02,1,499,499
ITEM_59133,ORD_16632,PROD_EAR_03,1,3499,3499
ITEM_59134,ORD_16633,PROD_SPK_01,1,2499,2499
ITEM_59135,ORD_16634,PROD_WATCH_05,1,6999,6999
ITEM_59136,ORD_16635,PROD_CASE_03,1,999,999
ITEM_59137,ORD_16636,PROD_PWR_03,1,3299,3299
ITEM_59138,ORD_16637,PROD_SCR_01,1,299,299
ITEM_59139,ORD_16638,PROD_SCR_05,1,249,249
ITEM_59140,ORD_16639,PROD_CASE_04,1,599,599
ITEM_59141,ORD_16640,PROD_CHG_05,1,799,799
ITEM_59142,ORD_16641,PROD_SPK_04,1,3299,3299
ITEM_59143,ORD_16642,PROD_CASE_05,1,899,899
ITEM_59144,ORD_16643,PROD_CHG_05,1,799,799
ITEM_59145,ORD_16644,PROD_PWR_01,1,1299,1299
ITEM_59146,ORD_16645,PROD_CHG_02,1,1899,1899
ITEM_59147,ORD_16646,PROD_WATCH_02,1,5499,5499
ITEM_59148,ORD_16647,PROD_SPK_03,1,1299,1299
ITEM_59149,ORD_16648,PROD_SPK_01,1,2499,2499
ITEM_59150,ORD_16649,PROD_EAR_03,1,3499,3499
ITEM_59151,ORD_16650,PROD_EAR_05,1,1999,1999
ITEM_59152,ORD_16651,PROD_SCR_01,1,299,299
ITEM_59153,ORD_16652,PROD_CASE_01,1,499,499
ITEM_59154,ORD_16653,PROD_CHG_04,1,1499,1499
ITEM_59155,ORD_16654,PROD_SPK_03,1,1299,1299
ITEM_59156,ORD_16655,PROD_PWR_01,1,1299,1299
ITEM_59157,ORD_16656,PROD_SCR_02,1,499,499
ITEM_59158,ORD_16657,PROD_PWR_05,1,2799,2799
ITEM_59159,ORD_16658,PROD_CASE_02,1,799,799
ITEM_59160,ORD_16659,PROD_CHG_03,1,999,999
ITEM_59161,ORD_16660,PROD_PWR_03,1,3299,3299
ITEM_59162,ORD_16661,PROD_CASE_01,1,499,499
ITEM_59163,ORD_16662,PROD_CHG_03,1,999,999
ITEM_59164,ORD_16663,PROD_WATCH_05,1,6999,6999
ITEM_59165,ORD_16664,PROD_CASE_03,1,999,999
ITEM_59166,ORD_16665,PROD_PWR_01,1,1299,1299
ITEM_59167,ORD_16666,PROD_CHG_04,1,1499,1499
ITEM_59168,ORD_16667,PROD_SPK_05,1,4999,4999
ITEM_59169,ORD_16668,PROD_EAR_05,1,1999,1999
ITEM_59170,ORD_16669,PROD_PWR_03,1,3299,3299
ITEM_59171,ORD_16670,PROD_SCR_05,1,249,249
ITEM_59172,ORD_16671,PROD_WATCH_05,1,6999,6999
ITEM_59173,ORD_16672,PROD_PWR_05,1,2799,2799
ITEM_59174,ORD_16673,PROD_WATCH_03,1,1899,1899
ITEM_59175,ORD_16674,PROD_PWR_03,1,3299,3299
ITEM_59176,ORD_16675,PROD_CASE_05,1,899,899
ITEM_59177,ORD_16676,PROD_SPK_05,1,4999,4999
ITEM_59178,ORD_16677,PROD_SPK_03,1,1299,1299
ITEM_59179,ORD_16678,PROD_SPK_03,1,1299,1299
ITEM_59180,ORD_16679,PROD_SPK_02,1,3999,3999
ITEM_59181,ORD_16680,PROD_EAR_02,1,2499,2499
ITEM_59182,ORD_16681,PROD_PWR_01,1,1299,1299
ITEM_59183,ORD_16682,PROD_CASE_01,1,499,499
ITEM_59184,ORD_16683,PROD_SCR_03,1,349,349
ITEM_59185,ORD_16684,PROD_SPK_05,1,4999,4999
ITEM_59186,ORD_16685,PROD_WATCH_02,1,5499,5499
ITEM_59187,ORD_16686,PROD_CHG_02,1,1899,1899
ITEM_59188,ORD_16687,PROD_SCR_05,1,249,249
ITEM_59189,ORD_16688,PROD_PWR_02,1,2199,2199
ITEM_59190,ORD_16689,PROD_WATCH_02,1,5499,5499
ITEM_59191,ORD_16690,PROD_WATCH_04,1,3999,3999
ITEM_59192,ORD_16691,PROD_SPK_04,1,3299,3299
ITEM_59193,ORD_16692,PROD_CHG_04,1,1499,1499
ITEM_59194,ORD_16693,PROD_SPK_01,1,2499,2499
ITEM_59195,ORD_16694,PROD_SCR_01,1,299,299
ITEM_59196,ORD_16695,PROD_CASE_01,1,499,499
ITEM_59197,ORD_16696,PROD_WATCH_05,1,6999,6999
ITEM_59198,ORD_16697,PROD_WATCH_03,1,1899,1899
ITEM_59199,ORD_16698,PROD_CHG_04,1,1499,1499
ITEM_59200,ORD_16699,PROD_PWR_05,1,2799,2799
ITEM_59201,ORD_16700,PROD_EAR_03,1,3499,3499
ITEM_59202,ORD_16701,PROD_WATCH_05,1,6999,6999
ITEM_59203,ORD_16702,PROD_WATCH_02,1,5499,5499
ITEM_59204,ORD_16703,PROD_SPK_05,1,4999,4999
ITEM_59205,ORD_16704,PROD_PWR_02,1,2199,2199
ITEM_59206,ORD_16705,PROD_CHG_03,1,999,999
ITEM_59207,ORD_16706,PROD_WATCH_04,1,3999,3999
ITEM_59208,ORD_16707,PROD_CHG_05,1,799,799
ITEM_59209,ORD_16708,PROD_CHG_02,1,1899,1899
ITEM_59210,ORD_16709,PROD_WATCH_03,1,1899,1899
ITEM_59211,ORD_16710,PROD_SPK_05,1,4999,4999
ITEM_59212,ORD_16711,PROD_EAR_02,1,2499,2499
ITEM_59213,ORD_16712,PROD_SPK_02,1,3999,3999
ITEM_59214,ORD_16713,PROD_SPK_04,1,3299,3299
ITEM_59215,ORD_16714,PROD_SCR_04,1,699,699
ITEM_59216,ORD_16715,PROD_PWR_01,1,1299,1299
ITEM_59217,ORD_16716,PROD_CHG_04,1,1499,1499
ITEM_59218,ORD_16717,PROD_WATCH_02,1,5499,5499
ITEM_59219,ORD_16718,PROD_CHG_03,1,999,999
ITEM_59220,ORD_16719,PROD_WATCH_04,1,3999,3999
ITEM_59221,ORD_16720,PROD_SCR_03,1,349,349
ITEM_59222,ORD_16721,PROD_EAR_05,1,1999,1999
ITEM_59223,ORD_16722,PROD_CHG_03,1,999,999
ITEM_59224,ORD_16723,PROD_SPK_02,1,3999,3999
ITEM_59225,ORD_16724,PROD_PWR_02,1,2199,2199
ITEM_59226,ORD_16725,PROD_EAR_04,1,4299,4299
ITEM_59227,ORD_16726,PROD_SCR_04,1,699,699
ITEM_59228,ORD_16727,PROD_CHG_04,1,1499,1499
ITEM_59229,ORD_16728,PROD_CHG_04,1,1499,1499
ITEM_59230,ORD_16729,PROD_WATCH_05,1,6999,6999
ITEM_59231,ORD_16730,PROD_SPK_01,1,2499,2499
ITEM_59232,ORD_16731,PROD_PWR_02,1,2199,2199
ITEM_59233,ORD_16732,PROD_CHG_04,1,1499,1499
ITEM_59234,ORD_16733,PROD_SPK_02,1,3999,3999
ITEM_59235,ORD_16734,PROD_CHG_02,1,1899,1899
ITEM_59236,ORD_16735,PROD_PWR_03,1,3299,3299
ITEM_59237,ORD_16736,PROD_SCR_03,1,349,349
ITEM_59238,ORD_16737,PROD_CHG_05,1,799,799
ITEM_59239,ORD_16738,PROD_SPK_02,1,3999,3999
ITEM_59240,ORD_16739,PROD_CASE_05,1,899,899
ITEM_59241,ORD_16740,PROD_EAR_03,1,3499,3499
ITEM_59242,ORD_16741,PROD_SPK_05,1,4999,4999
ITEM_59243,ORD_16742,PROD_CHG_05,1,799,799
ITEM_59244,ORD_16743,PROD_SCR_02,1,499,499
ITEM_59245,ORD_16744,PROD_SCR_04,1,699,699
ITEM_59246,ORD_16745,PROD_SPK_03,1,1299,1299
ITEM_59247,ORD_16746,PROD_SPK_02,1,3999,3999
ITEM_59248,ORD_16747,PROD_CASE_05,1,899,899
ITEM_59249,ORD_16748,PROD_WATCH_02,1,5499,5499
ITEM_59250,ORD_16749,PROD_SPK_01,1,2499,2499
ITEM_59251,ORD_16750,PROD_WATCH_03,1,1899,1899
ITEM_59252,ORD_16751,PROD_SCR_04,1,699,699
ITEM_59253,ORD_16752,PROD_SCR_04,1,699,699
ITEM_59254,ORD_16753,PROD_CASE_04,1,599,599
ITEM_59255,ORD_16754,PROD_WATCH_03,1,1899,1899
ITEM_59256,ORD_16755,PROD_WATCH_02,1,5499,5499
ITEM_59257,ORD_16756,PROD_SCR_03,1,349,349
ITEM_59258,ORD_16757,PROD_SCR_02,1,499,499
ITEM_59259,ORD_16758,PROD_EAR_02,1,2499,2499
ITEM_59260,ORD_16759,PROD_CASE_04,1,599,599
ITEM_59261,ORD_16760,PROD_PWR_05,1,2799,2799
ITEM_59262,ORD_16761,PROD_CHG_04,1,1499,1499
ITEM_59263,ORD_16762,PROD_EAR_04,1,4299,4299
ITEM_59264,ORD_16763,PROD_CHG_04,1,1499,1499
ITEM_59265,ORD_16764,PROD_WATCH_03,1,1899,1899
ITEM_59266,ORD_16765,PROD_EAR_02,1,2499,2499
ITEM_59267,ORD_16766,PROD_CASE_01,1,499,499
ITEM_59268,ORD_16767,PROD_SPK_01,1,2499,2499
ITEM_59269,ORD_16768,PROD_CHG_04,1,1499,1499
ITEM_59270,ORD_16769,PROD_SCR_05,1,249,249
ITEM_59271,ORD_16770,PROD_SCR_03,1,349,349
ITEM_59272,ORD_16771,PROD_PWR_05,1,2799,2799
ITEM_59273,ORD_16772,PROD_SPK_03,1,1299,1299
ITEM_59274,ORD_16773,PROD_CHG_03,1,999,999
ITEM_59275,ORD_16774,PROD_PWR_05,1,2799,2799
ITEM_59276,ORD_16775,PROD_SPK_03,1,1299,1299
ITEM_59277,ORD_16776,PROD_PWR_01,1,1299,1299
ITEM_59278,ORD_16777,PROD_SCR_01,1,299,299
ITEM_59279,ORD_16778,PROD_PWR_04,1,899,899
ITEM_59280,ORD_16779,PROD_CHG_02,1,1899,1899
ITEM_59281,ORD_16780,PROD_CASE_04,1,599,599
ITEM_59282,ORD_16781,PROD_EAR_02,1,2499,2499
ITEM_59283,ORD_16782,PROD_EAR_04,1,4299,4299
ITEM_59284,ORD_16783,PROD_PWR_02,1,2199,2199
ITEM_59285,ORD_16784,PROD_CASE_02,1,799,799
ITEM_59286,ORD_16785,PROD_PWR_02,1,2199,2199
ITEM_59287,ORD_16786,PROD_SCR_01,1,299,299
ITEM_59288,ORD_16787,PROD_SPK_04,1,3299,3299
ITEM_59289,ORD_16788,PROD_EAR_05,1,1999,1999
ITEM_59290,ORD_16789,PROD_PWR_05,1,2799,2799
ITEM_59291,ORD_16790,PROD_EAR_03,1,3499,3499
ITEM_59292,ORD_16791,PROD_SPK_01,1,2499,2499
ITEM_59293,ORD_16792,PROD_WATCH_02,1,5499,5499
ITEM_59294,ORD_16793,PROD_CHG_04,1,1499,1499
ITEM_59295,ORD_16794,PROD_CASE_04,1,599,599
ITEM_59296,ORD_16795,PROD_CASE_01,1,499,499
ITEM_59297,ORD_16796,PROD_SCR_03,1,349,349
ITEM_59298,ORD_16797,PROD_EAR_05,1,1999,1999
ITEM_59299,ORD_16798,PROD_CASE_01,1,499,499
ITEM_59300,ORD_16799,PROD_WATCH_05,1,6999,6999
ITEM_59301,ORD_16800,PROD_PWR_03,1,3299,3299
ITEM_59302,ORD_16801,PROD_SCR_01,1,299,299
ITEM_59303,ORD_16802,PROD_SPK_04,1,3299,3299
ITEM_59304,ORD_16803,PROD_EAR_03,1,3499,3499
ITEM_59305,ORD_16804,PROD_PWR_05,1,2799,2799
ITEM_59306,ORD_16805,PROD_CHG_05,1,799,799
ITEM_59307,ORD_16806,PROD_SPK_01,1,2499,2499
ITEM_59308,ORD_16807,PROD_CASE_04,1,599,599
ITEM_59309,ORD_16808,PROD_CASE_02,1,799,799
ITEM_59310,ORD_16809,PROD_SCR_01,1,299,299
ITEM_59311,ORD_16810,PROD_CASE_05,1,899,899
ITEM_59312,ORD_16811,PROD_CHG_01,1,699,699
ITEM_59313,ORD_16812,PROD_CHG_04,1,1499,1499
ITEM_59314,ORD_16813,PROD_PWR_04,1,899,899
ITEM_59315,ORD_16814,PROD_SPK_02,1,3999,3999
ITEM_59316,ORD_16815,PROD_SCR_02,1,499,499
ITEM_59317,ORD_16816,PROD_WATCH_03,1,1899,1899
ITEM_59318,ORD_16817,PROD_SPK_03,1,1299,1299
ITEM_59319,ORD_16818,PROD_SCR_05,1,249,249
ITEM_59320,ORD_16819,PROD_WATCH_04,1,3999,3999
ITEM_59321,ORD_16820,PROD_CHG_04,1,1499,1499
ITEM_59322,ORD_16821,PROD_SPK_04,1,3299,3299
ITEM_59323,ORD_16822,PROD_PWR_04,1,899,899
ITEM_59324,ORD_16823,PROD_CHG_02,1,1899,1899
ITEM_59325,ORD_16824,PROD_EAR_04,1,4299,4299
ITEM_59326,ORD_16825,PROD_WATCH_02,1,5499,5499
ITEM_59327,ORD_16826,PROD_CHG_01,1,699,699
ITEM_59328,ORD_16827,PROD_SCR_04,1,699,699
ITEM_59329,ORD_16828,PROD_EAR_05,1,1999,1999
ITEM_59330,ORD_16829,PROD_SCR_04,1,699,699
ITEM_59331,ORD_16830,PROD_SCR_04,1,699,699
ITEM_59332,ORD_16831,PROD_PWR_05,1,2799,2799
ITEM_59333,ORD_16832,PROD_EAR_04,1,4299,4299
ITEM_59334,ORD_16833,PROD_PWR_02,1,2199,2199
ITEM_59335,ORD_16834,PROD_EAR_05,1,1999,1999
ITEM_59336,ORD_16835,PROD_SPK_02,1,3999,3999
ITEM_59337,ORD_16836,PROD_SPK_02,1,3999,3999
ITEM_59338,ORD_16837,PROD_PWR_01,1,1299,1299
ITEM_59339,ORD_16838,PROD_EAR_02,1,2499,2499
ITEM_59340,ORD_16839,PROD_WATCH_05,1,6999,6999
ITEM_59341,ORD_16840,PROD_CASE_05,1,899,899
ITEM_59342,ORD_16841,PROD_WATCH_05,1,6999,6999
ITEM_59343,ORD_16842,PROD_WATCH_03,1,1899,1899
ITEM_59344,ORD_16843,PROD_SCR_04,1,699,699
ITEM_59345,ORD_16844,PROD_SPK_03,1,1299,1299
ITEM_59346,ORD_16845,PROD_EAR_03,1,3499,3499
ITEM_59347,ORD_16846,PROD_CASE_02,1,799,799
ITEM_59348,ORD_16847,PROD_WATCH_03,1,1899,1899
ITEM_59349,ORD_16848,PROD_CASE_04,1,599,599
ITEM_59350,ORD_16849,PROD_EAR_04,1,4299,4299
ITEM_59351,ORD_16850,PROD_CHG_02,1,1899,1899
ITEM_59352,ORD_16851,PROD_CHG_02,1,1899,1899
ITEM_59353,ORD_16852,PROD_WATCH_03,1,1899,1899
ITEM_59354,ORD_16853,PROD_WATCH_04,1,3999,3999
ITEM_59355,ORD_16854,PROD_CHG_01,1,699,699
ITEM_59356,ORD_16855,PROD_SPK_04,1,3299,3299
ITEM_59357,ORD_16856,PROD_EAR_05,1,1999,1999
ITEM_59358,ORD_16857,PROD_WATCH_05,1,6999,6999
ITEM_59359,ORD_16858,PROD_CHG_02,1,1899,1899
ITEM_59360,ORD_16859,PROD_EAR_03,1,3499,3499
ITEM_59361,ORD_16860,PROD_CASE_03,1,999,999
ITEM_59362,ORD_16861,PROD_SPK_05,1,4999,4999
ITEM_59363,ORD_16862,PROD_SPK_02,1,3999,3999
ITEM_59364,ORD_16863,PROD_WATCH_02,1,5499,5499
ITEM_59365,ORD_16864,PROD_CHG_04,1,1499,1499
ITEM_59366,ORD_16865,PROD_CASE_03,1,999,999
ITEM_59367,ORD_16866,PROD_CASE_03,1,999,999
ITEM_59368,ORD_16867,PROD_SCR_01,1,299,299
ITEM_59369,ORD_16868,PROD_WATCH_03,1,1899,1899
ITEM_59370,ORD_16869,PROD_PWR_01,1,1299,1299
ITEM_59371,ORD_16870,PROD_PWR_05,1,2799,2799
ITEM_59372,ORD_16871,PROD_PWR_02,1,2199,2199
ITEM_59373,ORD_16872,PROD_SPK_04,1,3299,3299
ITEM_59374,ORD_16873,PROD_EAR_05,1,1999,1999
ITEM_59375,ORD_16874,PROD_CHG_02,1,1899,1899
ITEM_59376,ORD_16875,PROD_PWR_02,1,2199,2199
ITEM_59377,ORD_16876,PROD_SCR_01,1,299,299
ITEM_59378,ORD_16877,PROD_SPK_05,1,4999,4999
ITEM_59379,ORD_16878,PROD_PWR_01,1,1299,1299
ITEM_59380,ORD_16879,PROD_CHG_05,1,799,799
ITEM_59381,ORD_16880,PROD_WATCH_02,1,5499,5499
ITEM_59382,ORD_16881,PROD_PWR_01,1,1299,1299
ITEM_59383,ORD_16882,PROD_SPK_04,1,3299,3299
ITEM_59384,ORD_16883,PROD_PWR_04,1,899,899
ITEM_59385,ORD_16884,PROD_WATCH_02,1,5499,5499
ITEM_59386,ORD_16885,PROD_PWR_05,1,2799,2799
ITEM_59387,ORD_16886,PROD_SCR_05,1,249,249
ITEM_59388,ORD_16887,PROD_PWR_01,1,1299,1299
ITEM_59389,ORD_16888,PROD_SCR_05,1,249,249
ITEM_59390,ORD_16889,PROD_EAR_02,1,2499,2499
ITEM_59391,ORD_16890,PROD_CHG_01,1,699,699
ITEM_59392,ORD_16891,PROD_SCR_02,1,499,499
ITEM_59393,ORD_16892,PROD_SCR_04,1,699,699
ITEM_59394,ORD_16893,PROD_CASE_04,1,599,599
ITEM_59395,ORD_16894,PROD_SPK_05,1,4999,4999
ITEM_59396,ORD_16895,PROD_EAR_04,1,4299,4299
ITEM_59397,ORD_16896,PROD_SCR_04,1,699,699
ITEM_59398,ORD_16897,PROD_CASE_01,1,499,499
ITEM_59399,ORD_16898,PROD_PWR_03,1,3299,3299
ITEM_59400,ORD_16899,PROD_SCR_03,1,349,349
ITEM_59401,ORD_16900,PROD_PWR_04,1,899,899
ITEM_59402,ORD_16901,PROD_CHG_05,1,799,799
ITEM_59403,ORD_16902,PROD_EAR_04,1,4299,4299
ITEM_59404,ORD_16903,PROD_SCR_02,1,499,499
ITEM_59405,ORD_16904,PROD_CASE_02,1,799,799
ITEM_59406,ORD_16905,PROD_EAR_02,1,2499,2499
ITEM_59407,ORD_16906,PROD_CASE_02,1,799,799
ITEM_59408,ORD_16907,PROD_PWR_04,1,899,899
ITEM_59409,ORD_16908,PROD_CASE_04,1,599,599
ITEM_59410,ORD_16909,PROD_EAR_03,1,3499,3499
ITEM_59411,ORD_16910,PROD_EAR_03,1,3499,3499
ITEM_59412,ORD_16911,PROD_SCR_03,1,349,349
ITEM_59413,ORD_16912,PROD_SCR_01,1,299,299
ITEM_59414,ORD_16913,PROD_CASE_05,1,899,899
ITEM_59415,ORD_16914,PROD_SPK_03,1,1299,1299
ITEM_59416,ORD_16915,PROD_SPK_05,1,4999,4999
ITEM_59417,ORD_16916,PROD_CHG_04,1,1499,1499
ITEM_59418,ORD_16917,PROD_CHG_02,1,1899,1899
ITEM_59419,ORD_16918,PROD_SCR_01,1,299,299
ITEM_59420,ORD_16919,PROD_PWR_02,1,2199,2199
ITEM_59421,ORD_16920,PROD_CASE_05,1,899,899
ITEM_59422,ORD_16921,PROD_EAR_04,1,4299,4299
ITEM_59423,ORD_16922,PROD_SCR_05,1,249,249
ITEM_59424,ORD_16923,PROD_SPK_03,1,1299,1299
ITEM_59425,ORD_16924,PROD_EAR_03,1,3499,3499
ITEM_59426,ORD_16925,PROD_SPK_03,1,1299,1299
ITEM_59427,ORD_16926,PROD_PWR_03,1,3299,3299
ITEM_59428,ORD_16927,PROD_CASE_01,1,499,499
ITEM_59429,ORD_16928,PROD_EAR_05,1,1999,1999
ITEM_59430,ORD_16929,PROD_CHG_04,1,1499,1499
ITEM_59431,ORD_16930,PROD_CHG_01,1,699,699
ITEM_59432,ORD_16931,PROD_EAR_04,1,4299,4299
ITEM_59433,ORD_16932,PROD_CASE_05,1,899,899
ITEM_59434,ORD_16933,PROD_SPK_02,1,3999,3999
ITEM_59435,ORD_16934,PROD_CHG_02,1,1899,1899
ITEM_59436,ORD_16935,PROD_CASE_04,1,599,599
ITEM_59437,ORD_16936,PROD_WATCH_02,1,5499,5499
ITEM_59438,ORD_16937,PROD_PWR_02,1,2199,2199
ITEM_59439,ORD_16938,PROD_CHG_02,1,1899,1899
ITEM_59440,ORD_16939,PROD_WATCH_05,1,6999,6999
ITEM_59441,ORD_16940,PROD_SCR_04,1,699,699
ITEM_59442,ORD_16941,PROD_SCR_02,1,499,499
ITEM_59443,ORD_16942,PROD_CASE_04,1,599,599
ITEM_59444,ORD_16943,PROD_SCR_02,1,499,499
ITEM_59445,ORD_16944,PROD_CHG_03,1,999,999
ITEM_59446,ORD_16945,PROD_PWR_05,1,2799,2799
ITEM_59447,ORD_16946,PROD_CHG_01,1,699,699
ITEM_59448,ORD_16947,PROD_SPK_01,1,2499,2499
ITEM_59449,ORD_16948,PROD_PWR_02,1,2199,2199
ITEM_59450,ORD_16949,PROD_EAR_04,1,4299,4299
ITEM_59451,ORD_16950,PROD_CASE_02,1,799,799
ITEM_59452,ORD_16951,PROD_PWR_01,1,1299,1299
ITEM_59453,ORD_16952,PROD_PWR_04,1,899,899
ITEM_59454,ORD_16953,PROD_SPK_04,1,3299,3299
ITEM_59455,ORD_16954,PROD_SPK_04,1,3299,3299
ITEM_59456,ORD_16955,PROD_SCR_02,1,499,499
ITEM_59457,ORD_16956,PROD_PWR_05,1,2799,2799
ITEM_59458,ORD_16957,PROD_CHG_01,1,699,699
ITEM_59459,ORD_16958,PROD_CASE_02,1,799,799
ITEM_59460,ORD_16959,PROD_CASE_01,1,499,499
ITEM_59461,ORD_16960,PROD_CASE_04,1,599,599
ITEM_59462,ORD_16961,PROD_SPK_02,1,3999,3999
ITEM_59463,ORD_16962,PROD_PWR_01,1,1299,1299
ITEM_59464,ORD_16963,PROD_CASE_01,1,499,499
ITEM_59465,ORD_16964,PROD_PWR_04,1,899,899
ITEM_59466,ORD_16965,PROD_WATCH_03,1,1899,1899
ITEM_59467,ORD_16966,PROD_PWR_02,1,2199,2199
ITEM_59468,ORD_16967,PROD_PWR_02,1,2199,2199
ITEM_59469,ORD_16968,PROD_PWR_04,1,899,899
ITEM_59470,ORD_16969,PROD_PWR_05,1,2799,2799
ITEM_59471,ORD_16970,PROD_CASE_01,1,499,499
ITEM_59472,ORD_16971,PROD_CASE_05,1,899,899
ITEM_59473,ORD_16972,PROD_PWR_02,1,2199,2199
ITEM_59474,ORD_16973,PROD_PWR_03,1,3299,3299
ITEM_59475,ORD_16974,PROD_CHG_02,1,1899,1899
ITEM_59476,ORD_16975,PROD_WATCH_02,1,5499,5499
ITEM_59477,ORD_16976,PROD_EAR_02,1,2499,2499
ITEM_59478,ORD_16977,PROD_SCR_01,1,299,299
ITEM_59479,ORD_16978,PROD_EAR_05,1,1999,1999
ITEM_59480,ORD_16979,PROD_CHG_01,1,699,699
ITEM_59481,ORD_16980,PROD_CASE_05,1,899,899
ITEM_59482,ORD_16981,PROD_CHG_05,1,799,799
ITEM_59483,ORD_16982,PROD_SPK_03,1,1299,1299
ITEM_59484,ORD_16983,PROD_SPK_03,1,1299,1299
ITEM_59485,ORD_16984,PROD_WATCH_05,1,6999,6999
ITEM_59486,ORD_16985,PROD_WATCH_04,1,3999,3999
ITEM_59487,ORD_16986,PROD_SPK_01,1,2499,2499
ITEM_59488,ORD_16987,PROD_PWR_03,1,3299,3299
ITEM_59489,ORD_16988,PROD_CHG_01,1,699,699
ITEM_59490,ORD_16989,PROD_PWR_01,1,1299,1299
ITEM_59491,ORD_16990,PROD_CASE_02,1,799,799
ITEM_59492,ORD_16991,PROD_PWR_01,1,1299,1299
ITEM_59493,ORD_16992,PROD_SPK_04,1,3299,3299
ITEM_59494,ORD_16993,PROD_EAR_04,1,4299,4299
ITEM_59495,ORD_16994,PROD_CHG_04,1,1499,1499
ITEM_59496,ORD_16995,PROD_WATCH_02,1,5499,5499
ITEM_59497,ORD_16996,PROD_EAR_05,1,1999,1999
ITEM_59498,ORD_16997,PROD_SPK_02,1,3999,3999
ITEM_59499,ORD_16998,PROD_WATCH_05,1,6999,6999
ITEM_59500,ORD_16999,PROD_EAR_02,1,2499,2499
ITEM_59501,ORD_17000,PROD_PWR_03,1,3299,3299
ITEM_59502,ORD_17001,PROD_SPK_02,1,3999,3999
ITEM_59503,ORD_17002,PROD_WATCH_02,1,5499,5499
ITEM_59504,ORD_17003,PROD_CHG_02,1,1899,1899
ITEM_59505,ORD_17004,PROD_SPK_01,1,2499,2499
ITEM_59506,ORD_17005,PROD_PWR_03,1,3299,3299
ITEM_59507,ORD_17006,PROD_EAR_04,1,4299,4299
ITEM_59508,ORD_17007,PROD_PWR_02,1,2199,2199
ITEM_59509,ORD_17008,PROD_CHG_05,1,799,799
ITEM_59510,ORD_17009,PROD_WATCH_05,1,6999,6999
ITEM_59511,ORD_17010,PROD_CHG_02,1,1899,1899
ITEM_59512,ORD_17011,PROD_CHG_04,1,1499,1499
ITEM_59513,ORD_17012,PROD_PWR_03,1,3299,3299
ITEM_59514,ORD_17013,PROD_CASE_05,1,899,899
ITEM_59515,ORD_17014,PROD_EAR_02,1,2499,2499
ITEM_59516,ORD_17015,PROD_CASE_03,1,999,999
ITEM_59517,ORD_17016,PROD_SCR_02,1,499,499
ITEM_59518,ORD_17017,PROD_SPK_02,1,3999,3999
ITEM_59519,ORD_17018,PROD_CHG_02,1,1899,1899
ITEM_59520,ORD_17019,PROD_SPK_05,1,4999,4999
ITEM_59521,ORD_17020,PROD_CASE_04,1,599,599
ITEM_59522,ORD_17021,PROD_SCR_02,1,499,499
ITEM_59523,ORD_17022,PROD_CASE_01,1,499,499
ITEM_59524,ORD_17023,PROD_SPK_02,1,3999,3999
ITEM_59525,ORD_17024,PROD_WATCH_03,1,1899,1899
ITEM_59526,ORD_17025,PROD_SPK_03,1,1299,1299
ITEM_59527,ORD_17026,PROD_SCR_05,1,249,249
ITEM_59528,ORD_17027,PROD_PWR_03,1,3299,3299
ITEM_59529,ORD_17028,PROD_SPK_02,1,3999,3999
ITEM_59530,ORD_17029,PROD_SCR_02,1,499,499
ITEM_59531,ORD_17030,PROD_CASE_04,1,599,599
ITEM_59532,ORD_17031,PROD_SCR_03,1,349,349
ITEM_59533,ORD_17032,PROD_SPK_01,1,2499,2499
ITEM_59534,ORD_17033,PROD_CHG_03,1,999,999
ITEM_59535,ORD_17034,PROD_WATCH_02,1,5499,5499
ITEM_59536,ORD_17035,PROD_PWR_05,1,2799,2799
ITEM_59537,ORD_17036,PROD_SCR_03,1,349,349
ITEM_59538,ORD_17037,PROD_SCR_01,1,299,299
ITEM_59539,ORD_17038,PROD_EAR_05,1,1999,1999
ITEM_59540,ORD_17039,PROD_EAR_05,1,1999,1999
ITEM_59541,ORD_17040,PROD_PWR_04,1,899,899
ITEM_59542,ORD_17041,PROD_CHG_03,1,999,999
ITEM_59543,ORD_17042,PROD_SPK_02,1,3999,3999
ITEM_59544,ORD_17043,PROD_SPK_05,1,4999,4999
ITEM_59545,ORD_17044,PROD_EAR_05,1,1999,1999
ITEM_59546,ORD_17045,PROD_CASE_04,1,599,599
ITEM_59547,ORD_17046,PROD_EAR_05,1,1999,1999
ITEM_59548,ORD_17047,PROD_SCR_03,1,349,349
ITEM_59549,ORD_17048,PROD_PWR_01,1,1299,1299
ITEM_59550,ORD_17049,PROD_PWR_04,1,899,899
ITEM_59551,ORD_17050,PROD_SCR_04,1,699,699
ITEM_59552,ORD_17051,PROD_SCR_04,1,699,699
ITEM_59553,ORD_17052,PROD_PWR_05,1,2799,2799
ITEM_59554,ORD_17053,PROD_PWR_02,1,2199,2199
ITEM_59555,ORD_17054,PROD_PWR_04,1,899,899
ITEM_59556,ORD_17055,PROD_WATCH_02,1,5499,5499
ITEM_59557,ORD_17056,PROD_WATCH_04,1,3999,3999
ITEM_59558,ORD_17057,PROD_WATCH_03,1,1899,1899
ITEM_59559,ORD_17058,PROD_PWR_01,1,1299,1299
ITEM_59560,ORD_17059,PROD_EAR_02,1,2499,2499
ITEM_59561,ORD_17060,PROD_PWR_01,1,1299,1299
ITEM_59562,ORD_17061,PROD_CASE_03,1,999,999
ITEM_59563,ORD_17062,PROD_CASE_01,1,499,499
ITEM_59564,ORD_17063,PROD_SPK_02,1,3999,3999
ITEM_59565,ORD_17064,PROD_WATCH_03,1,1899,1899
ITEM_59566,ORD_17065,PROD_CHG_03,1,999,999
ITEM_59567,ORD_17066,PROD_CASE_03,1,999,999
ITEM_59568,ORD_17067,PROD_WATCH_04,1,3999,3999
ITEM_59569,ORD_17068,PROD_WATCH_03,1,1899,1899
ITEM_59570,ORD_17069,PROD_SCR_05,1,249,249
ITEM_59571,ORD_17070,PROD_WATCH_02,1,5499,5499
ITEM_59572,ORD_17071,PROD_EAR_03,1,3499,3499
ITEM_59573,ORD_17072,PROD_CHG_04,1,1499,1499
ITEM_59574,ORD_17073,PROD_EAR_05,1,1999,1999
ITEM_59575,ORD_17074,PROD_CASE_02,1,799,799
ITEM_59576,ORD_17075,PROD_EAR_05,1,1999,1999
ITEM_59577,ORD_17076,PROD_CASE_01,1,499,499
ITEM_59578,ORD_17077,PROD_WATCH_03,1,1899,1899
ITEM_59579,ORD_17078,PROD_SCR_03,1,349,349
ITEM_59580,ORD_17079,PROD_CASE_04,1,599,599
ITEM_59581,ORD_17080,PROD_EAR_02,1,2499,2499
ITEM_59582,ORD_17081,PROD_SPK_04,1,3299,3299
ITEM_59583,ORD_17082,PROD_CASE_04,1,599,599
ITEM_59584,ORD_17083,PROD_CHG_03,1,999,999
ITEM_59585,ORD_17084,PROD_CASE_01,1,499,499
ITEM_59586,ORD_17085,PROD_PWR_02,1,2199,2199
ITEM_59587,ORD_17086,PROD_SCR_03,1,349,349
ITEM_59588,ORD_17087,PROD_SCR_05,1,249,249
ITEM_59589,ORD_17088,PROD_SPK_02,1,3999,3999
ITEM_59590,ORD_17089,PROD_SCR_01,1,299,299
ITEM_59591,ORD_17090,PROD_CASE_02,1,799,799
ITEM_59592,ORD_17091,PROD_EAR_04,1,4299,4299
ITEM_59593,ORD_17092,PROD_SPK_05,1,4999,4999
ITEM_59594,ORD_17093,PROD_WATCH_04,1,3999,3999
ITEM_59595,ORD_17094,PROD_SPK_02,1,3999,3999
ITEM_59596,ORD_17095,PROD_EAR_04,1,4299,4299
ITEM_59597,ORD_17096,PROD_CASE_04,1,599,599
ITEM_59598,ORD_17097,PROD_SCR_05,1,249,249
ITEM_59599,ORD_17098,PROD_CASE_01,1,499,499
ITEM_59600,ORD_17099,PROD_PWR_01,1,1299,1299
ITEM_59601,ORD_17100,PROD_PWR_05,1,2799,2799
ITEM_59602,ORD_17101,PROD_PWR_01,1,1299,1299
ITEM_59603,ORD_17102,PROD_SCR_05,1,249,249
ITEM_59604,ORD_17103,PROD_CHG_03,1,999,999
ITEM_59605,ORD_17104,PROD_CHG_03,1,999,999
ITEM_59606,ORD_17105,PROD_EAR_03,1,3499,3499
ITEM_59607,ORD_17106,PROD_SPK_05,1,4999,4999
ITEM_59608,ORD_17107,PROD_WATCH_04,1,3999,3999
ITEM_59609,ORD_17108,PROD_CASE_03,1,999,999
ITEM_59610,ORD_17109,PROD_SCR_04,1,699,699
ITEM_59611,ORD_17110,PROD_WATCH_03,1,1899,1899
ITEM_59612,ORD_17111,PROD_WATCH_02,1,5499,5499
ITEM_59613,ORD_17112,PROD_CASE_01,1,499,499
ITEM_59614,ORD_17113,PROD_SPK_02,1,3999,3999
ITEM_59615,ORD_17114,PROD_SCR_05,1,249,249
ITEM_59616,ORD_17115,PROD_PWR_04,1,899,899
ITEM_59617,ORD_17116,PROD_PWR_04,1,899,899
ITEM_59618,ORD_17117,PROD_SPK_03,1,1299,1299
ITEM_59619,ORD_17118,PROD_CASE_05,1,899,899
ITEM_59620,ORD_17119,PROD_WATCH_04,1,3999,3999
ITEM_59621,ORD_17120,PROD_SCR_05,1,249,249
ITEM_59622,ORD_17121,PROD_EAR_03,1,3499,3499
ITEM_59623,ORD_17122,PROD_CHG_04,1,1499,1499
ITEM_59624,ORD_17123,PROD_PWR_03,1,3299,3299
ITEM_59625,ORD_17124,PROD_SCR_04,1,699,699
ITEM_59626,ORD_17125,PROD_PWR_05,1,2799,2799
ITEM_59627,ORD_17126,PROD_CHG_03,1,999,999
ITEM_59628,ORD_17127,PROD_SCR_04,1,699,699
ITEM_59629,ORD_17128,PROD_CASE_04,1,599,599
ITEM_59630,ORD_17129,PROD_SCR_01,1,299,299
ITEM_59631,ORD_17130,PROD_PWR_05,1,2799,2799
ITEM_59632,ORD_17131,PROD_SPK_05,1,4999,4999
ITEM_59633,ORD_17132,PROD_SPK_01,1,2499,2499
ITEM_59634,ORD_17133,PROD_WATCH_05,1,6999,6999
ITEM_59635,ORD_17134,PROD_SPK_04,1,3299,3299
ITEM_59636,ORD_17135,PROD_CASE_04,1,599,599
ITEM_59637,ORD_17136,PROD_PWR_02,1,2199,2199
ITEM_59638,ORD_17137,PROD_CHG_03,1,999,999
ITEM_59639,ORD_17138,PROD_CASE_03,1,999,999
ITEM_59640,ORD_17139,PROD_CASE_03,1,999,999
ITEM_59641,ORD_17140,PROD_WATCH_05,1,6999,6999
ITEM_59642,ORD_17141,PROD_WATCH_04,1,3999,3999
ITEM_59643,ORD_17142,PROD_SPK_05,1,4999,4999
ITEM_59644,ORD_17143,PROD_SCR_05,1,249,249
ITEM_59645,ORD_17144,PROD_PWR_05,1,2799,2799
ITEM_59646,ORD_17145,PROD_CHG_04,1,1499,1499
ITEM_59647,ORD_17146,PROD_SCR_01,1,299,299
ITEM_59648,ORD_17147,PROD_CHG_05,1,799,799
ITEM_59649,ORD_17148,PROD_SPK_04,1,3299,3299
ITEM_59650,ORD_17149,PROD_CASE_04,1,599,599
ITEM_59651,ORD_17150,PROD_WATCH_02,1,5499,5499
ITEM_59652,ORD_17151,PROD_SPK_02,1,3999,3999
ITEM_59653,ORD_17152,PROD_WATCH_04,1,3999,3999
ITEM_59654,ORD_17153,PROD_SCR_02,1,499,499
ITEM_59655,ORD_17154,PROD_SPK_02,1,3999,3999
ITEM_59656,ORD_17155,PROD_PWR_03,1,3299,3299
ITEM_59657,ORD_17156,PROD_PWR_04,1,899,899
ITEM_59658,ORD_17157,PROD_SCR_02,1,499,499
ITEM_59659,ORD_17158,PROD_SPK_02,1,3999,3999
ITEM_59660,ORD_17159,PROD_SPK_05,1,4999,4999
ITEM_59661,ORD_17160,PROD_WATCH_02,1,5499,5499
ITEM_59662,ORD_17161,PROD_PWR_03,1,3299,3299
ITEM_59663,ORD_17162,PROD_SPK_03,1,1299,1299
ITEM_59664,ORD_17163,PROD_PWR_03,1,3299,3299
ITEM_59665,ORD_17164,PROD_EAR_05,1,1999,1999
ITEM_59666,ORD_17165,PROD_SPK_04,1,3299,3299
ITEM_59667,ORD_17166,PROD_CASE_01,1,499,499
ITEM_59668,ORD_17167,PROD_SPK_05,1,4999,4999
ITEM_59669,ORD_17168,PROD_WATCH_04,1,3999,3999
ITEM_59670,ORD_17169,PROD_WATCH_03,1,1899,1899
ITEM_59671,ORD_17170,PROD_EAR_02,1,2499,2499
ITEM_59672,ORD_17171,PROD_CHG_02,1,1899,1899
ITEM_59673,ORD_17172,PROD_WATCH_04,1,3999,3999
ITEM_59674,ORD_17173,PROD_EAR_04,1,4299,4299
ITEM_59675,ORD_17174,PROD_SCR_05,1,249,249
ITEM_59676,ORD_17175,PROD_CHG_04,1,1499,1499
ITEM_59677,ORD_17176,PROD_SPK_01,1,2499,2499
ITEM_59678,ORD_17177,PROD_SCR_03,1,349,349
ITEM_59679,ORD_17178,PROD_CHG_04,1,1499,1499
ITEM_59680,ORD_17179,PROD_CHG_04,1,1499,1499
ITEM_59681,ORD_17180,PROD_EAR_05,1,1999,1999
ITEM_59682,ORD_17181,PROD_SCR_05,1,249,249
ITEM_59683,ORD_17182,PROD_WATCH_02,1,5499,5499
ITEM_59684,ORD_17183,PROD_PWR_01,1,1299,1299
ITEM_59685,ORD_17184,PROD_CASE_05,1,899,899
ITEM_59686,ORD_17185,PROD_CASE_05,1,899,899
ITEM_59687,ORD_17186,PROD_PWR_03,1,3299,3299
ITEM_59688,ORD_17187,PROD_PWR_03,1,3299,3299
ITEM_59689,ORD_17188,PROD_CASE_04,1,599,599
ITEM_59690,ORD_17189,PROD_EAR_02,1,2499,2499
ITEM_59691,ORD_17190,PROD_CASE_02,1,799,799
ITEM_59692,ORD_17191,PROD_SPK_05,1,4999,4999
ITEM_59693,ORD_17192,PROD_CASE_04,1,599,599
ITEM_59694,ORD_17193,PROD_PWR_05,1,2799,2799
ITEM_59695,ORD_17194,PROD_EAR_04,1,4299,4299
ITEM_59696,ORD_17195,PROD_PWR_05,1,2799,2799
ITEM_59697,ORD_17196,PROD_CHG_03,1,999,999
ITEM_59698,ORD_17197,PROD_CHG_04,1,1499,1499
ITEM_59699,ORD_17198,PROD_CASE_01,1,499,499
ITEM_59700,ORD_17199,PROD_PWR_05,1,2799,2799
ITEM_59701,ORD_17200,PROD_SPK_04,1,3299,3299
ITEM_59702,ORD_17201,PROD_CHG_04,1,1499,1499
ITEM_59703,ORD_17202,PROD_CHG_05,1,799,799
ITEM_59704,ORD_17203,PROD_EAR_04,1,4299,4299
ITEM_59705,ORD_17204,PROD_SCR_04,1,699,699
ITEM_59706,ORD_17205,PROD_SCR_04,1,699,699
ITEM_59707,ORD_17206,PROD_WATCH_05,1,6999,6999
ITEM_59708,ORD_17207,PROD_CASE_02,1,799,799
ITEM_59709,ORD_17208,PROD_PWR_02,1,2199,2199
ITEM_59710,ORD_17209,PROD_EAR_02,1,2499,2499
ITEM_59711,ORD_17210,PROD_SCR_03,1,349,349
ITEM_59712,ORD_17211,PROD_CASE_01,1,499,499
ITEM_59713,ORD_17212,PROD_EAR_03,1,3499,3499
ITEM_59714,ORD_17213,PROD_CHG_05,1,799,799
ITEM_59715,ORD_17214,PROD_SCR_01,1,299,299
ITEM_59716,ORD_17215,PROD_EAR_05,1,1999,1999
ITEM_59717,ORD_17216,PROD_CHG_04,1,1499,1499
ITEM_59718,ORD_17217,PROD_CHG_02,1,1899,1899
ITEM_59719,ORD_17218,PROD_PWR_05,1,2799,2799
ITEM_59720,ORD_17219,PROD_EAR_05,1,1999,1999
ITEM_59721,ORD_17220,PROD_CASE_03,1,999,999
ITEM_59722,ORD_17221,PROD_SCR_02,1,499,499
ITEM_59723,ORD_17222,PROD_EAR_03,1,3499,3499
ITEM_59724,ORD_17223,PROD_EAR_05,1,1999,1999
ITEM_59725,ORD_17224,PROD_EAR_03,1,3499,3499
ITEM_59726,ORD_17225,PROD_EAR_04,1,4299,4299
ITEM_59727,ORD_17226,PROD_PWR_01,1,1299,1299
ITEM_59728,ORD_17227,PROD_EAR_04,1,4299,4299
ITEM_59729,ORD_17228,PROD_CHG_02,1,1899,1899
ITEM_59730,ORD_17229,PROD_SPK_03,1,1299,1299
ITEM_59731,ORD_17230,PROD_PWR_01,1,1299,1299
ITEM_59732,ORD_17231,PROD_WATCH_02,1,5499,5499
ITEM_59733,ORD_17232,PROD_CASE_02,1,799,799
ITEM_59734,ORD_17233,PROD_CASE_01,1,499,499
ITEM_59735,ORD_17234,PROD_SPK_03,1,1299,1299
ITEM_59736,ORD_17235,PROD_EAR_05,1,1999,1999
ITEM_59737,ORD_17236,PROD_WATCH_02,1,5499,5499
ITEM_59738,ORD_17237,PROD_CASE_03,1,999,999
ITEM_59739,ORD_17238,PROD_CHG_03,1,999,999
ITEM_59740,ORD_17239,PROD_SPK_01,1,2499,2499
ITEM_59741,ORD_17240,PROD_SCR_03,1,349,349
ITEM_59742,ORD_17241,PROD_EAR_03,1,3499,3499
ITEM_59743,ORD_17242,PROD_EAR_05,1,1999,1999
ITEM_59744,ORD_17243,PROD_SCR_04,1,699,699
ITEM_59745,ORD_17244,PROD_WATCH_05,1,6999,6999
ITEM_59746,ORD_17245,PROD_SCR_04,1,699,699
ITEM_59747,ORD_17246,PROD_WATCH_04,1,3999,3999
ITEM_59748,ORD_17247,PROD_CHG_04,1,1499,1499
ITEM_59749,ORD_17248,PROD_SPK_02,1,3999,3999
ITEM_59750,ORD_17249,PROD_WATCH_04,1,3999,3999
ITEM_59751,ORD_17250,PROD_WATCH_05,1,6999,6999
ITEM_59752,ORD_17251,PROD_EAR_05,1,1999,1999
ITEM_59753,ORD_17252,PROD_SPK_05,1,4999,4999
ITEM_59754,ORD_17253,PROD_CHG_02,1,1899,1899
ITEM_59755,ORD_17254,PROD_PWR_05,1,2799,2799
ITEM_59756,ORD_17255,PROD_PWR_01,1,1299,1299
ITEM_59757,ORD_17256,PROD_SPK_01,1,2499,2499
ITEM_59758,ORD_17257,PROD_SPK_04,1,3299,3299
ITEM_59759,ORD_17258,PROD_CHG_04,1,1499,1499
ITEM_59760,ORD_17259,PROD_SPK_05,1,4999,4999
ITEM_59761,ORD_17260,PROD_SCR_03,1,349,349
ITEM_59762,ORD_17261,PROD_SCR_01,1,299,299
ITEM_59763,ORD_17262,PROD_CASE_04,1,599,599
ITEM_59764,ORD_17263,PROD_WATCH_04,1,3999,3999
ITEM_59765,ORD_17264,PROD_SCR_01,1,299,299
ITEM_59766,ORD_17265,PROD_SCR_03,1,349,349
ITEM_59767,ORD_17266,PROD_PWR_02,1,2199,2199
ITEM_59768,ORD_17267,PROD_EAR_03,1,3499,3499
ITEM_59769,ORD_17268,PROD_SPK_03,1,1299,1299
ITEM_59770,ORD_17269,PROD_SCR_03,1,349,349
ITEM_59771,ORD_17270,PROD_EAR_04,1,4299,4299
ITEM_59772,ORD_17271,PROD_EAR_05,1,1999,1999
ITEM_59773,ORD_17272,PROD_WATCH_02,1,5499,5499
ITEM_59774,ORD_17273,PROD_SPK_01,1,2499,2499
ITEM_59775,ORD_17274,PROD_CHG_01,1,699,699
ITEM_59776,ORD_17275,PROD_PWR_01,1,1299,1299
ITEM_59777,ORD_17276,PROD_SPK_03,1,1299,1299
ITEM_59778,ORD_17277,PROD_SCR_01,1,299,299
ITEM_59779,ORD_17278,PROD_EAR_05,1,1999,1999
ITEM_59780,ORD_17279,PROD_SPK_03,1,1299,1299
ITEM_59781,ORD_17280,PROD_CASE_03,1,999,999
ITEM_59782,ORD_17281,PROD_SPK_03,1,1299,1299
ITEM_59783,ORD_17282,PROD_SPK_03,1,1299,1299
ITEM_59784,ORD_17283,PROD_CHG_04,1,1499,1499
ITEM_59785,ORD_17284,PROD_SPK_01,1,2499,2499
ITEM_59786,ORD_17285,PROD_CASE_02,1,799,799
ITEM_59787,ORD_17286,PROD_WATCH_04,1,3999,3999
ITEM_59788,ORD_17287,PROD_PWR_02,1,2199,2199
ITEM_59789,ORD_17288,PROD_CASE_05,1,899,899
ITEM_59790,ORD_17289,PROD_SCR_01,1,299,299
ITEM_59791,ORD_17290,PROD_WATCH_02,1,5499,5499
ITEM_59792,ORD_17291,PROD_SCR_03,1,349,349
ITEM_59793,ORD_17292,PROD_SCR_02,1,499,499
ITEM_59794,ORD_17293,PROD_SCR_02,1,499,499
ITEM_59795,ORD_17294,PROD_CHG_03,1,999,999
ITEM_59796,ORD_17295,PROD_SPK_02,1,3999,3999
ITEM_59797,ORD_17296,PROD_SCR_01,1,299,299
ITEM_59798,ORD_17297,PROD_SPK_05,1,4999,4999
ITEM_59799,ORD_17298,PROD_EAR_04,1,4299,4299
ITEM_59800,ORD_17299,PROD_CHG_04,1,1499,1499
ITEM_59801,ORD_17300,PROD_EAR_04,1,4299,4299
ITEM_59802,ORD_17301,PROD_CHG_04,1,1499,1499
ITEM_59803,ORD_17302,PROD_SCR_05,1,249,249
ITEM_59804,ORD_17303,PROD_WATCH_03,1,1899,1899
ITEM_59805,ORD_17304,PROD_PWR_03,1,3299,3299
ITEM_59806,ORD_17305,PROD_EAR_05,1,1999,1999
ITEM_59807,ORD_17306,PROD_PWR_01,1,1299,1299
ITEM_59808,ORD_17307,PROD_SCR_05,1,249,249
ITEM_59809,ORD_17308,PROD_CHG_03,1,999,999
ITEM_59810,ORD_17309,PROD_CHG_05,1,799,799
ITEM_59811,ORD_17310,PROD_CASE_05,1,899,899
ITEM_59812,ORD_17311,PROD_CASE_04,1,599,599
ITEM_59813,ORD_17312,PROD_EAR_04,1,4299,4299
ITEM_59814,ORD_17313,PROD_SCR_04,1,699,699
ITEM_59815,ORD_17314,PROD_PWR_05,1,2799,2799
ITEM_59816,ORD_17315,PROD_CASE_02,1,799,799
ITEM_59817,ORD_17316,PROD_PWR_03,1,3299,3299
ITEM_59818,ORD_17317,PROD_CHG_01,1,699,699
ITEM_59819,ORD_17318,PROD_WATCH_05,1,6999,6999
ITEM_59820,ORD_17319,PROD_CASE_03,1,999,999
ITEM_59821,ORD_17320,PROD_WATCH_04,1,3999,3999
ITEM_59822,ORD_17321,PROD_SCR_05,1,249,249
ITEM_59823,ORD_17322,PROD_EAR_05,1,1999,1999
ITEM_59824,ORD_17323,PROD_CASE_03,1,999,999
ITEM_59825,ORD_17324,PROD_SPK_05,1,4999,4999
ITEM_59826,ORD_17325,PROD_SPK_02,1,3999,3999
ITEM_59827,ORD_17326,PROD_CHG_04,1,1499,1499
ITEM_59828,ORD_17327,PROD_PWR_01,1,1299,1299
ITEM_59829,ORD_17328,PROD_PWR_05,1,2799,2799
ITEM_59830,ORD_17329,PROD_SCR_04,1,699,699
ITEM_59831,ORD_17330,PROD_SCR_05,1,249,249
ITEM_59832,ORD_17331,PROD_PWR_01,1,1299,1299
ITEM_59833,ORD_17332,PROD_SCR_02,1,499,499
ITEM_59834,ORD_17333,PROD_PWR_04,1,899,899
ITEM_59835,ORD_17334,PROD_CHG_01,1,699,699
ITEM_59836,ORD_17335,PROD_SCR_05,1,249,249
ITEM_59837,ORD_17336,PROD_PWR_04,1,899,899
ITEM_59838,ORD_17337,PROD_SCR_03,1,349,349
ITEM_59839,ORD_17338,PROD_WATCH_03,1,1899,1899
ITEM_59840,ORD_17339,PROD_EAR_03,1,3499,3499
ITEM_59841,ORD_17340,PROD_EAR_03,1,3499,3499
ITEM_59842,ORD_17341,PROD_EAR_04,1,4299,4299
ITEM_59843,ORD_17342,PROD_CHG_02,1,1899,1899
ITEM_59844,ORD_17343,PROD_SPK_01,1,2499,2499
ITEM_59845,ORD_17344,PROD_SPK_04,1,3299,3299
ITEM_59846,ORD_17345,PROD_CASE_02,1,799,799
ITEM_59847,ORD_17346,PROD_CASE_04,1,599,599
ITEM_59848,ORD_17347,PROD_PWR_01,1,1299,1299
ITEM_59849,ORD_17348,PROD_CASE_03,1,999,999
ITEM_59850,ORD_17349,PROD_EAR_05,1,1999,1999
ITEM_59851,ORD_17350,PROD_CHG_02,1,1899,1899
ITEM_59852,ORD_17351,PROD_SCR_03,1,349,349
ITEM_59853,ORD_17352,PROD_CHG_01,1,699,699
ITEM_59854,ORD_17353,PROD_CASE_03,1,999,999
ITEM_59855,ORD_17354,PROD_SCR_02,1,499,499
ITEM_59856,ORD_17355,PROD_WATCH_05,1,6999,6999
ITEM_59857,ORD_17356,PROD_CHG_02,1,1899,1899
ITEM_59858,ORD_17357,PROD_CHG_01,1,699,699
ITEM_59859,ORD_17358,PROD_EAR_04,1,4299,4299
ITEM_59860,ORD_17359,PROD_CASE_02,1,799,799
ITEM_59861,ORD_17360,PROD_SPK_02,1,3999,3999
ITEM_59862,ORD_17361,PROD_CASE_02,1,799,799
ITEM_59863,ORD_17362,PROD_SCR_05,1,249,249
ITEM_59864,ORD_17363,PROD_PWR_05,1,2799,2799
ITEM_59865,ORD_17364,PROD_SCR_02,1,499,499
ITEM_59866,ORD_17365,PROD_CHG_04,1,1499,1499
ITEM_59867,ORD_17366,PROD_SCR_02,1,499,499
ITEM_59868,ORD_17367,PROD_EAR_02,1,2499,2499
ITEM_59869,ORD_17368,PROD_WATCH_02,1,5499,5499
ITEM_59870,ORD_17369,PROD_EAR_02,1,2499,2499
ITEM_59871,ORD_17370,PROD_WATCH_02,1,5499,5499
ITEM_59872,ORD_17371,PROD_SCR_01,1,299,299
ITEM_59873,ORD_17372,PROD_CASE_04,1,599,599
ITEM_59874,ORD_17373,PROD_SPK_01,1,2499,2499
ITEM_59875,ORD_17374,PROD_EAR_05,1,1999,1999
ITEM_59876,ORD_17375,PROD_CHG_05,1,799,799
ITEM_59877,ORD_17376,PROD_PWR_05,1,2799,2799
ITEM_59878,ORD_17377,PROD_PWR_05,1,2799,2799
ITEM_59879,ORD_17378,PROD_SPK_01,1,2499,2499
ITEM_59880,ORD_17379,PROD_CASE_02,1,799,799
ITEM_59881,ORD_17380,PROD_CASE_01,1,499,499
ITEM_59882,ORD_17381,PROD_SCR_04,1,699,699
ITEM_59883,ORD_17382,PROD_WATCH_02,1,5499,5499
ITEM_59884,ORD_17383,PROD_EAR_04,1,4299,4299
ITEM_59885,ORD_17384,PROD_PWR_01,1,1299,1299
ITEM_59886,ORD_17385,PROD_CHG_01,1,699,699
ITEM_59887,ORD_17386,PROD_SCR_03,1,349,349
ITEM_59888,ORD_17387,PROD_EAR_02,1,2499,2499
ITEM_59889,ORD_17388,PROD_WATCH_04,1,3999,3999
ITEM_59890,ORD_17389,PROD_WATCH_02,1,5499,5499
ITEM_59891,ORD_17390,PROD_PWR_01,1,1299,1299
ITEM_59892,ORD_17391,PROD_CHG_04,1,1499,1499
ITEM_59893,ORD_17392,PROD_EAR_03,1,3499,3499
ITEM_59894,ORD_17393,PROD_WATCH_04,1,3999,3999
ITEM_59895,ORD_17394,PROD_WATCH_05,1,6999,6999
ITEM_59896,ORD_17395,PROD_SPK_04,1,3299,3299
ITEM_59897,ORD_17396,PROD_CHG_03,1,999,999
ITEM_59898,ORD_17397,PROD_EAR_05,1,1999,1999
ITEM_59899,ORD_17398,PROD_EAR_03,1,3499,3499
ITEM_59900,ORD_17399,PROD_SPK_04,1,3299,3299
ITEM_59901,ORD_17400,PROD_WATCH_02,1,5499,5499
ITEM_59902,ORD_17401,PROD_EAR_05,1,1999,1999
ITEM_59903,ORD_17402,PROD_EAR_04,1,4299,4299
ITEM_59904,ORD_17403,PROD_CASE_05,1,899,899
ITEM_59905,ORD_17404,PROD_CASE_04,1,599,599
ITEM_59906,ORD_17405,PROD_SPK_01,1,2499,2499
ITEM_59907,ORD_17406,PROD_PWR_01,1,1299,1299
ITEM_59908,ORD_17407,PROD_SCR_05,1,249,249
ITEM_59909,ORD_17408,PROD_CHG_01,1,699,699
ITEM_59910,ORD_17409,PROD_CHG_04,1,1499,1499
ITEM_59911,ORD_17410,PROD_CHG_04,1,1499,1499
ITEM_59912,ORD_17411,PROD_SCR_02,1,499,499
ITEM_59913,ORD_17412,PROD_SPK_01,1,2499,2499
ITEM_59914,ORD_17413,PROD_CHG_01,1,699,699
ITEM_59915,ORD_17414,PROD_CHG_05,1,799,799
ITEM_59916,ORD_17415,PROD_SCR_01,1,299,299
ITEM_59917,ORD_17416,PROD_SPK_05,1,4999,4999
ITEM_59918,ORD_17417,PROD_CHG_03,1,999,999
ITEM_59919,ORD_17418,PROD_CASE_03,1,999,999
ITEM_59920,ORD_17419,PROD_CHG_01,1,699,699
ITEM_59921,ORD_17420,PROD_EAR_04,1,4299,4299
ITEM_59922,ORD_17421,PROD_SCR_02,1,499,499
ITEM_59923,ORD_17422,PROD_EAR_03,1,3499,3499
ITEM_59924,ORD_17423,PROD_EAR_05,1,1999,1999
ITEM_59925,ORD_17424,PROD_WATCH_03,1,1899,1899
ITEM_59926,ORD_17425,PROD_CHG_01,1,699,699
ITEM_59927,ORD_17426,PROD_CASE_03,1,999,999
ITEM_59928,ORD_17427,PROD_EAR_03,1,3499,3499
ITEM_59929,ORD_17428,PROD_PWR_02,1,2199,2199
ITEM_59930,ORD_17429,PROD_CASE_02,1,799,799
ITEM_59931,ORD_17430,PROD_EAR_05,1,1999,1999
ITEM_59932,ORD_17431,PROD_WATCH_04,1,3999,3999
ITEM_59933,ORD_17432,PROD_CASE_01,1,499,499
ITEM_59934,ORD_17433,PROD_PWR_02,1,2199,2199
ITEM_59935,ORD_17434,PROD_CHG_02,1,1899,1899
ITEM_59936,ORD_17435,PROD_SPK_05,1,4999,4999
ITEM_59937,ORD_17436,PROD_CASE_05,1,899,899
ITEM_59938,ORD_17437,PROD_CASE_03,1,999,999
ITEM_59939,ORD_17438,PROD_PWR_02,1,2199,2199
ITEM_59940,ORD_17439,PROD_PWR_05,1,2799,2799
ITEM_59941,ORD_17440,PROD_CASE_02,1,799,799
ITEM_59942,ORD_17441,PROD_SPK_05,1,4999,4999
ITEM_59943,ORD_17442,PROD_CHG_01,1,699,699
ITEM_59944,ORD_17443,PROD_CASE_02,1,799,799
ITEM_59945,ORD_17444,PROD_PWR_01,1,1299,1299
ITEM_59946,ORD_17445,PROD_SCR_01,1,299,299
ITEM_59947,ORD_17446,PROD_PWR_03,1,3299,3299
ITEM_59948,ORD_17447,PROD_CASE_01,1,499,499
ITEM_59949,ORD_17448,PROD_SCR_03,1,349,349
ITEM_59950,ORD_17449,PROD_CASE_05,1,899,899
ITEM_59951,ORD_17450,PROD_SCR_05,1,249,249
ITEM_59952,ORD_17451,PROD_EAR_05,1,1999,1999
ITEM_59953,ORD_17452,PROD_SPK_03,1,1299,1299
ITEM_59954,ORD_17453,PROD_PWR_02,1,2199,2199
ITEM_59955,ORD_17454,PROD_SPK_03,1,1299,1299
ITEM_59956,ORD_17455,PROD_EAR_03,1,3499,3499
ITEM_59957,ORD_17456,PROD_CASE_02,1,799,799
ITEM_59958,ORD_17457,PROD_WATCH_04,1,3999,3999
ITEM_59959,ORD_17458,PROD_PWR_01,1,1299,1299
ITEM_59960,ORD_17459,PROD_SCR_03,1,349,349
ITEM_59961,ORD_17460,PROD_CHG_05,1,799,799
ITEM_59962,ORD_17461,PROD_SPK_02,1,3999,3999
ITEM_59963,ORD_17462,PROD_CASE_05,1,899,899
ITEM_59964,ORD_17463,PROD_SPK_04,1,3299,3299
ITEM_59965,ORD_17464,PROD_PWR_02,1,2199,2199
ITEM_59966,ORD_17465,PROD_EAR_05,1,1999,1999
ITEM_59967,ORD_17466,PROD_EAR_03,1,3499,3499
ITEM_59968,ORD_17467,PROD_CASE_05,1,899,899
ITEM_59969,ORD_17468,PROD_EAR_02,1,2499,2499
ITEM_59970,ORD_17469,PROD_SCR_03,1,349,349
ITEM_59971,ORD_17470,PROD_PWR_05,1,2799,2799
ITEM_59972,ORD_17471,PROD_SPK_02,1,3999,3999
ITEM_59973,ORD_17472,PROD_CHG_03,1,999,999
ITEM_59974,ORD_17473,PROD_SPK_04,1,3299,3299
ITEM_59975,ORD_17474,PROD_EAR_05,1,1999,1999
ITEM_59976,ORD_17475,PROD_CASE_05,1,899,899
ITEM_59977,ORD_17476,PROD_SCR_03,1,349,349
ITEM_59978,ORD_17477,PROD_CHG_01,1,699,699
ITEM_59979,ORD_17478,PROD_CASE_04,1,599,599
ITEM_59980,ORD_17479,PROD_SPK_02,1,3999,3999
ITEM_59981,ORD_17480,PROD_SPK_04,1,3299,3299
ITEM_59982,ORD_17481,PROD_CASE_01,1,499,499
ITEM_59983,ORD_17482,PROD_WATCH_05,1,6999,6999
ITEM_59984,ORD_17483,PROD_PWR_04,1,899,899
ITEM_59985,ORD_17484,PROD_CASE_05,1,899,899
ITEM_59986,ORD_17485,PROD_WATCH_03,1,1899,1899
ITEM_59987,ORD_17486,PROD_CASE_05,1,899,899
ITEM_59988,ORD_17487,PROD_CASE_04,1,599,599
ITEM_59989,ORD_17488,PROD_EAR_04,1,4299,4299
ITEM_59990,ORD_17489,PROD_SPK_01,1,2499,2499
ITEM_59991,ORD_17490,PROD_WATCH_05,1,6999,6999
ITEM_59992,ORD_17491,PROD_WATCH_05,1,6999,6999
ITEM_59993,ORD_17492,PROD_PWR_02,1,2199,2199
ITEM_59994,ORD_17493,PROD_SPK_02,1,3999,3999
ITEM_59995,ORD_17494,PROD_SPK_03,1,1299,1299
ITEM_59996,ORD_17495,PROD_SPK_05,1,4999,4999
ITEM_59997,ORD_17496,PROD_WATCH_05,1,6999,6999
ITEM_59998,ORD_17497,PROD_CASE_03,1,999,999
ITEM_59999,ORD_17498,PROD_CASE_05,1,899,899
ITEM_60000,ORD_17499,PROD_SCR_02,1,499,499
ITEM_60001,ORD_17500,PROD_EAR_03,1,3499,3499
ITEM_60002,ORD_17501,PROD_CASE_02,1,799,799
ITEM_60003,ORD_17502,PROD_CHG_04,1,1499,1499
ITEM_60004,ORD_17503,PROD_SCR_02,1,499,499
ITEM_60005,ORD_17504,PROD_SCR_03,1,349,349
ITEM_60006,ORD_17505,PROD_WATCH_04,1,3999,3999
ITEM_60007,ORD_17506,PROD_PWR_02,1,2199,2199
ITEM_60008,ORD_17507,PROD_WATCH_05,1,6999,6999
ITEM_60009,ORD_17508,PROD_CHG_05,1,799,799
ITEM_60010,ORD_17509,PROD_WATCH_02,1,5499,5499
ITEM_60011,ORD_17510,PROD_SCR_04,1,699,699
ITEM_60012,ORD_17511,PROD_CASE_01,1,499,499
ITEM_60013,ORD_17512,PROD_SPK_03,1,1299,1299
ITEM_60014,ORD_17513,PROD_PWR_03,1,3299,3299
ITEM_60015,ORD_17514,PROD_CASE_05,1,899,899
ITEM_60016,ORD_17515,PROD_SCR_01,1,299,299
ITEM_60017,ORD_17516,PROD_SPK_01,1,2499,2499
ITEM_60018,ORD_17517,PROD_EAR_03,1,3499,3499
ITEM_60019,ORD_17518,PROD_SCR_04,1,699,699
ITEM_60020,ORD_17519,PROD_PWR_04,1,899,899
ITEM_60021,ORD_17520,PROD_WATCH_04,1,3999,3999
ITEM_60022,ORD_17521,PROD_WATCH_04,1,3999,3999
ITEM_60023,ORD_17522,PROD_SPK_02,1,3999,3999
ITEM_60024,ORD_17523,PROD_SPK_04,1,3299,3299
ITEM_60025,ORD_17524,PROD_CHG_04,1,1499,1499
ITEM_60026,ORD_17525,PROD_CASE_03,1,999,999
ITEM_60027,ORD_17526,PROD_SCR_02,1,499,499
ITEM_60028,ORD_17527,PROD_PWR_02,1,2199,2199
ITEM_60029,ORD_17528,PROD_CHG_05,1,799,799
ITEM_60030,ORD_17529,PROD_CASE_02,1,799,799
ITEM_60031,ORD_17530,PROD_PWR_01,1,1299,1299
ITEM_60032,ORD_17531,PROD_CHG_02,1,1899,1899
ITEM_60033,ORD_17532,PROD_CHG_03,1,999,999
ITEM_60034,ORD_17533,PROD_PWR_04,1,899,899
ITEM_60035,ORD_17534,PROD_WATCH_02,1,5499,5499
ITEM_60036,ORD_17535,PROD_SPK_05,1,4999,4999
ITEM_60037,ORD_17536,PROD_EAR_04,1,4299,4299
ITEM_60038,ORD_17537,PROD_PWR_03,1,3299,3299
ITEM_60039,ORD_17538,PROD_CHG_04,1,1499,1499
ITEM_60040,ORD_17539,PROD_WATCH_03,1,1899,1899
ITEM_60041,ORD_17540,PROD_CHG_02,1,1899,1899
ITEM_60042,ORD_17541,PROD_CHG_01,1,699,699
ITEM_60043,ORD_17542,PROD_WATCH_03,1,1899,1899
ITEM_60044,ORD_17543,PROD_CASE_04,1,599,599
ITEM_60045,ORD_17544,PROD_SPK_03,1,1299,1299
ITEM_60046,ORD_17545,PROD_PWR_04,1,899,899
ITEM_60047,ORD_17546,PROD_CHG_03,1,999,999
ITEM_60048,ORD_17547,PROD_SPK_03,1,1299,1299
ITEM_60049,ORD_17548,PROD_PWR_05,1,2799,2799
ITEM_60050,ORD_17549,PROD_SPK_02,1,3999,3999
ITEM_60051,ORD_17550,PROD_WATCH_05,1,6999,6999
ITEM_60052,ORD_17551,PROD_PWR_04,1,899,899
ITEM_60053,ORD_17552,PROD_CHG_02,1,1899,1899
ITEM_60054,ORD_17553,PROD_PWR_02,1,2199,2199
ITEM_60055,ORD_17554,PROD_EAR_05,1,1999,1999
ITEM_60056,ORD_17555,PROD_CHG_02,1,1899,1899
ITEM_60057,ORD_17556,PROD_CHG_04,1,1499,1499
ITEM_60058,ORD_17557,PROD_SPK_03,1,1299,1299
ITEM_60059,ORD_17558,PROD_SPK_04,1,3299,3299
ITEM_60060,ORD_17559,PROD_PWR_04,1,899,899
ITEM_60061,ORD_17560,PROD_CHG_04,1,1499,1499
ITEM_60062,ORD_17561,PROD_EAR_03,1,3499,3499
ITEM_60063,ORD_17562,PROD_SCR_03,1,349,349
ITEM_60064,ORD_17563,PROD_SCR_04,1,699,699
ITEM_60065,ORD_17564,PROD_CASE_01,1,499,499
ITEM_60066,ORD_17565,PROD_CASE_05,1,899,899
ITEM_60067,ORD_17566,PROD_SCR_01,1,299,299
ITEM_60068,ORD_17567,PROD_PWR_05,1,2799,2799
ITEM_60069,ORD_17568,PROD_EAR_02,1,2499,2499
ITEM_60070,ORD_17569,PROD_EAR_03,1,3499,3499
ITEM_60071,ORD_17570,PROD_EAR_05,1,1999,1999
ITEM_60072,ORD_17571,PROD_SCR_04,1,699,699
ITEM_60073,ORD_17572,PROD_WATCH_02,1,5499,5499
ITEM_60074,ORD_17573,PROD_EAR_04,1,4299,4299
ITEM_60075,ORD_17574,PROD_SPK_05,1,4999,4999
ITEM_60076,ORD_17575,PROD_SCR_05,1,249,249
ITEM_60077,ORD_17576,PROD_SCR_04,1,699,699
ITEM_60078,ORD_17577,PROD_CHG_05,1,799,799
ITEM_60079,ORD_17578,PROD_WATCH_05,1,6999,6999
ITEM_60080,ORD_17579,PROD_PWR_05,1,2799,2799
ITEM_60081,ORD_17580,PROD_WATCH_05,1,6999,6999
ITEM_60082,ORD_17581,PROD_SPK_05,1,4999,4999
ITEM_60083,ORD_17582,PROD_SPK_03,1,1299,1299
ITEM_60084,ORD_17583,PROD_CASE_04,1,599,599
ITEM_60085,ORD_17584,PROD_EAR_05,1,1999,1999
ITEM_60086,ORD_17585,PROD_WATCH_02,1,5499,5499
ITEM_60087,ORD_17586,PROD_SCR_02,1,499,499
ITEM_60088,ORD_17587,PROD_SCR_01,1,299,299
ITEM_60089,ORD_17588,PROD_EAR_04,1,4299,4299
ITEM_60090,ORD_17589,PROD_WATCH_04,1,3999,3999
ITEM_60091,ORD_17590,PROD_WATCH_02,1,5499,5499
ITEM_60092,ORD_17591,PROD_CASE_01,1,499,499
ITEM_60093,ORD_17592,PROD_SPK_03,1,1299,1299
ITEM_60094,ORD_17593,PROD_CASE_04,1,599,599
ITEM_60095,ORD_17594,PROD_EAR_03,1,3499,3499
ITEM_60096,ORD_17595,PROD_CASE_05,1,899,899
ITEM_60097,ORD_17596,PROD_CASE_04,1,599,599
ITEM_60098,ORD_17597,PROD_WATCH_04,1,3999,3999
ITEM_60099,ORD_17598,PROD_SCR_03,1,349,349
ITEM_60100,ORD_17599,PROD_PWR_05,1,2799,2799
ITEM_60101,ORD_17600,PROD_CASE_03,1,999,999
ITEM_60102,ORD_17601,PROD_EAR_04,1,4299,4299
ITEM_60103,ORD_17602,PROD_EAR_05,1,1999,1999
ITEM_60104,ORD_17603,PROD_CASE_01,1,499,499
ITEM_60105,ORD_17604,PROD_SPK_01,1,2499,2499
ITEM_60106,ORD_17605,PROD_CASE_04,1,599,599
ITEM_60107,ORD_17606,PROD_SPK_05,1,4999,4999
ITEM_60108,ORD_17607,PROD_PWR_02,1,2199,2199
ITEM_60109,ORD_17608,PROD_EAR_02,1,2499,2499
ITEM_60110,ORD_17609,PROD_SCR_01,1,299,299
ITEM_60111,ORD_17610,PROD_SPK_03,1,1299,1299
ITEM_60112,ORD_17611,PROD_EAR_03,1,3499,3499
ITEM_60113,ORD_17612,PROD_CHG_01,1,699,699
ITEM_60114,ORD_17613,PROD_CHG_02,1,1899,1899
ITEM_60115,ORD_17614,PROD_SCR_01,1,299,299
ITEM_60116,ORD_17615,PROD_WATCH_02,1,5499,5499
ITEM_60117,ORD_17616,PROD_CHG_01,1,699,699
ITEM_60118,ORD_17617,PROD_SPK_01,1,2499,2499
ITEM_60119,ORD_17618,PROD_SCR_01,1,299,299
ITEM_60120,ORD_17619,PROD_CASE_05,1,899,899
ITEM_60121,ORD_17620,PROD_SPK_02,1,3999,3999
ITEM_60122,ORD_17621,PROD_CASE_05,1,899,899
ITEM_60123,ORD_17622,PROD_EAR_03,1,3499,3499
ITEM_60124,ORD_17623,PROD_SCR_01,1,299,299
ITEM_60125,ORD_17624,PROD_SCR_01,1,299,299
ITEM_60126,ORD_17625,PROD_EAR_03,1,3499,3499
ITEM_60127,ORD_17626,PROD_SCR_05,1,249,249
ITEM_60128,ORD_17627,PROD_SCR_03,1,349,349
ITEM_60129,ORD_17628,PROD_SPK_02,1,3999,3999
ITEM_60130,ORD_17629,PROD_SPK_03,1,1299,1299
ITEM_60131,ORD_17630,PROD_SCR_05,1,249,249
ITEM_60132,ORD_17631,PROD_PWR_02,1,2199,2199
ITEM_60133,ORD_17632,PROD_CHG_04,1,1499,1499
ITEM_60134,ORD_17633,PROD_CASE_02,1,799,799
ITEM_60135,ORD_17634,PROD_SCR_03,1,349,349
ITEM_60136,ORD_17635,PROD_CASE_05,1,899,899
ITEM_60137,ORD_17636,PROD_WATCH_04,1,3999,3999
ITEM_60138,ORD_17637,PROD_CASE_04,1,599,599
ITEM_60139,ORD_17638,PROD_CHG_01,1,699,699
ITEM_60140,ORD_17639,PROD_SCR_01,1,299,299
ITEM_60141,ORD_17640,PROD_SPK_04,1,3299,3299
ITEM_60142,ORD_17641,PROD_PWR_02,1,2199,2199
ITEM_60143,ORD_17642,PROD_SPK_02,1,3999,3999
ITEM_60144,ORD_17643,PROD_WATCH_02,1,5499,5499
ITEM_60145,ORD_17644,PROD_SCR_02,1,499,499
ITEM_60146,ORD_17645,PROD_CASE_03,1,999,999
ITEM_60147,ORD_17646,PROD_SPK_05,1,4999,4999
ITEM_60148,ORD_17647,PROD_PWR_01,1,1299,1299
ITEM_60149,ORD_17648,PROD_PWR_03,1,3299,3299
ITEM_60150,ORD_17649,PROD_CHG_02,1,1899,1899
ITEM_60151,ORD_17650,PROD_EAR_03,1,3499,3499
ITEM_60152,ORD_17651,PROD_SCR_04,1,699,699
ITEM_60153,ORD_17652,PROD_CASE_04,1,599,599
ITEM_60154,ORD_17653,PROD_SCR_01,1,299,299
ITEM_60155,ORD_17654,PROD_SCR_05,1,249,249
ITEM_60156,ORD_17655,PROD_CASE_04,1,599,599
ITEM_60157,ORD_17656,PROD_SCR_01,1,299,299
ITEM_60158,ORD_17657,PROD_CHG_01,1,699,699
ITEM_60159,ORD_17658,PROD_WATCH_05,1,6999,6999
ITEM_60160,ORD_17659,PROD_WATCH_04,1,3999,3999
ITEM_60161,ORD_17660,PROD_SPK_01,1,2499,2499
ITEM_60162,ORD_17661,PROD_CHG_03,1,999,999
ITEM_60163,ORD_17662,PROD_CHG_04,1,1499,1499
ITEM_60164,ORD_17663,PROD_CASE_04,1,599,599
ITEM_60165,ORD_17664,PROD_SPK_01,1,2499,2499
ITEM_60166,ORD_17665,PROD_SPK_05,1,4999,4999
ITEM_60167,ORD_17666,PROD_WATCH_04,1,3999,3999
ITEM_60168,ORD_17667,PROD_SPK_05,1,4999,4999
ITEM_60169,ORD_17668,PROD_SCR_03,1,349,349
ITEM_60170,ORD_17669,PROD_WATCH_03,1,1899,1899
ITEM_60171,ORD_17670,PROD_SCR_02,1,499,499
ITEM_60172,ORD_17671,PROD_WATCH_04,1,3999,3999
ITEM_60173,ORD_17672,PROD_WATCH_02,1,5499,5499
ITEM_60174,ORD_17673,PROD_CHG_04,1,1499,1499
ITEM_60175,ORD_17674,PROD_PWR_03,1,3299,3299
ITEM_60176,ORD_17675,PROD_WATCH_03,1,1899,1899
ITEM_60177,ORD_17676,PROD_EAR_04,1,4299,4299
ITEM_60178,ORD_17677,PROD_CHG_01,1,699,699
ITEM_60179,ORD_17678,PROD_EAR_05,1,1999,1999
ITEM_60180,ORD_17679,PROD_WATCH_05,1,6999,6999
ITEM_60181,ORD_17680,PROD_PWR_02,1,2199,2199
ITEM_60182,ORD_17681,PROD_CHG_04,1,1499,1499
ITEM_60183,ORD_17682,PROD_SCR_03,1,349,349
ITEM_60184,ORD_17683,PROD_SCR_04,1,699,699
ITEM_60185,ORD_17684,PROD_EAR_04,1,4299,4299
ITEM_60186,ORD_17685,PROD_WATCH_02,1,5499,5499
ITEM_60187,ORD_17686,PROD_SCR_04,1,699,699
ITEM_60188,ORD_17687,PROD_PWR_03,1,3299,3299
ITEM_60189,ORD_17688,PROD_EAR_02,1,2499,2499
ITEM_60190,ORD_17689,PROD_CHG_04,1,1499,1499
ITEM_60191,ORD_17690,PROD_EAR_02,1,2499,2499
ITEM_60192,ORD_17691,PROD_CHG_01,1,699,699
ITEM_60193,ORD_17692,PROD_PWR_02,1,2199,2199
ITEM_60194,ORD_17693,PROD_PWR_02,1,2199,2199
ITEM_60195,ORD_17694,PROD_PWR_04,1,899,899
ITEM_60196,ORD_17695,PROD_SCR_01,1,299,299
ITEM_60197,ORD_17696,PROD_PWR_03,1,3299,3299
ITEM_60198,ORD_17697,PROD_WATCH_02,1,5499,5499
ITEM_60199,ORD_17698,PROD_SPK_01,1,2499,2499
ITEM_60200,ORD_17699,PROD_SPK_04,1,3299,3299
ITEM_60201,ORD_17700,PROD_CHG_02,1,1899,1899
ITEM_60202,ORD_17701,PROD_CASE_05,1,899,899
ITEM_60203,ORD_17702,PROD_SCR_01,1,299,299
ITEM_60204,ORD_17703,PROD_SCR_05,1,249,249
ITEM_60205,ORD_17704,PROD_PWR_05,1,2799,2799
ITEM_60206,ORD_17705,PROD_CHG_05,1,799,799
ITEM_60207,ORD_17706,PROD_WATCH_04,1,3999,3999
ITEM_60208,ORD_17707,PROD_SPK_03,1,1299,1299
ITEM_60209,ORD_17708,PROD_SCR_01,1,299,299
ITEM_60210,ORD_17709,PROD_SPK_01,1,2499,2499
ITEM_60211,ORD_17710,PROD_PWR_03,1,3299,3299
ITEM_60212,ORD_17711,PROD_PWR_05,1,2799,2799
ITEM_60213,ORD_17712,PROD_EAR_05,1,1999,1999
ITEM_60214,ORD_17713,PROD_PWR_01,1,1299,1299
ITEM_60215,ORD_17714,PROD_CASE_02,1,799,799
ITEM_60216,ORD_17715,PROD_PWR_01,1,1299,1299
ITEM_60217,ORD_17716,PROD_PWR_05,1,2799,2799
ITEM_60218,ORD_17717,PROD_WATCH_02,1,5499,5499
ITEM_60219,ORD_17718,PROD_WATCH_02,1,5499,5499
ITEM_60220,ORD_17719,PROD_SPK_05,1,4999,4999
ITEM_60221,ORD_17720,PROD_PWR_05,1,2799,2799
ITEM_60222,ORD_17721,PROD_CHG_01,1,699,699
ITEM_60223,ORD_17722,PROD_SPK_05,1,4999,4999
ITEM_60224,ORD_17723,PROD_SCR_02,1,499,499
ITEM_60225,ORD_17724,PROD_EAR_05,1,1999,1999
ITEM_60226,ORD_17725,PROD_CASE_02,1,799,799
ITEM_60227,ORD_17726,PROD_CASE_05,1,899,899
ITEM_60228,ORD_17727,PROD_SCR_03,1,349,349
ITEM_60229,ORD_17728,PROD_EAR_02,1,2499,2499
ITEM_60230,ORD_17729,PROD_SCR_04,1,699,699
ITEM_60231,ORD_17730,PROD_SPK_04,1,3299,3299
ITEM_60232,ORD_17731,PROD_WATCH_03,1,1899,1899
ITEM_60233,ORD_17732,PROD_WATCH_05,1,6999,6999
ITEM_60234,ORD_17733,PROD_SCR_03,1,349,349
ITEM_60235,ORD_17734,PROD_CHG_04,1,1499,1499
ITEM_60236,ORD_17735,PROD_PWR_05,1,2799,2799
ITEM_60237,ORD_17736,PROD_SCR_03,1,349,349
ITEM_60238,ORD_17737,PROD_CHG_05,1,799,799
ITEM_60239,ORD_17738,PROD_CASE_01,1,499,499
ITEM_60240,ORD_17739,PROD_CASE_01,1,499,499
ITEM_60241,ORD_17740,PROD_CHG_05,1,799,799
ITEM_60242,ORD_17741,PROD_SCR_05,1,249,249
ITEM_60243,ORD_17742,PROD_CHG_01,1,699,699
ITEM_60244,ORD_17743,PROD_CHG_05,1,799,799
ITEM_60245,ORD_17744,PROD_CHG_01,1,699,699
ITEM_60246,ORD_17745,PROD_PWR_04,1,899,899
ITEM_60247,ORD_17746,PROD_SCR_02,1,499,499
ITEM_60248,ORD_17747,PROD_EAR_02,1,2499,2499
ITEM_60249,ORD_17748,PROD_SPK_01,1,2499,2499
ITEM_60250,ORD_17749,PROD_SCR_02,1,499,499
ITEM_60251,ORD_17750,PROD_SCR_05,1,249,249
ITEM_60252,ORD_17751,PROD_PWR_05,1,2799,2799
ITEM_60253,ORD_17752,PROD_SCR_04,1,699,699
ITEM_60254,ORD_17753,PROD_SCR_01,1,299,299
ITEM_60255,ORD_17754,PROD_CHG_01,1,699,699
ITEM_60256,ORD_17755,PROD_SPK_04,1,3299,3299
ITEM_60257,ORD_17756,PROD_CASE_01,1,499,499
ITEM_60258,ORD_17757,PROD_CHG_04,1,1499,1499
ITEM_60259,ORD_17758,PROD_EAR_04,1,4299,4299
ITEM_60260,ORD_17759,PROD_CHG_02,1,1899,1899
ITEM_60261,ORD_17760,PROD_PWR_03,1,3299,3299
ITEM_60262,ORD_17761,PROD_CASE_01,1,499,499
ITEM_60263,ORD_17762,PROD_WATCH_02,1,5499,5499
ITEM_60264,ORD_17763,PROD_PWR_04,1,899,899
ITEM_60265,ORD_17764,PROD_CHG_04,1,1499,1499
ITEM_60266,ORD_17765,PROD_CASE_01,1,499,499
ITEM_60267,ORD_17766,PROD_PWR_04,1,899,899
ITEM_60268,ORD_17767,PROD_WATCH_05,1,6999,6999
ITEM_60269,ORD_17768,PROD_PWR_03,1,3299,3299
ITEM_60270,ORD_17769,PROD_PWR_01,1,1299,1299
ITEM_60271,ORD_17770,PROD_SPK_04,1,3299,3299
ITEM_60272,ORD_17771,PROD_CASE_04,1,599,599
ITEM_60273,ORD_17772,PROD_SPK_03,1,1299,1299
ITEM_60274,ORD_17773,PROD_CHG_02,1,1899,1899
ITEM_60275,ORD_17774,PROD_SCR_05,1,249,249
ITEM_60276,ORD_17775,PROD_CASE_05,1,899,899
ITEM_60277,ORD_17776,PROD_PWR_02,1,2199,2199
ITEM_60278,ORD_17777,PROD_SCR_02,1,499,499
ITEM_60279,ORD_17778,PROD_CHG_05,1,799,799
ITEM_60280,ORD_17779,PROD_SCR_05,1,249,249
ITEM_60281,ORD_17780,PROD_SPK_05,1,4999,4999
ITEM_60282,ORD_17781,PROD_CHG_05,1,799,799
ITEM_60283,ORD_17782,PROD_CHG_02,1,1899,1899
ITEM_60284,ORD_17783,PROD_SPK_04,1,3299,3299
ITEM_60285,ORD_17784,PROD_CHG_01,1,699,699
ITEM_60286,ORD_17785,PROD_CASE_04,1,599,599
ITEM_60287,ORD_17786,PROD_CASE_03,1,999,999
ITEM_60288,ORD_17787,PROD_WATCH_04,1,3999,3999
ITEM_60289,ORD_17788,PROD_CASE_03,1,999,999
ITEM_60290,ORD_17789,PROD_WATCH_04,1,3999,3999
ITEM_60291,ORD_17790,PROD_SCR_02,1,499,499
ITEM_60292,ORD_17791,PROD_SPK_04,1,3299,3299
ITEM_60293,ORD_17792,PROD_SPK_05,1,4999,4999
ITEM_60294,ORD_17793,PROD_EAR_05,1,1999,1999
ITEM_60295,ORD_17794,PROD_CASE_05,1,899,899
ITEM_60296,ORD_17795,PROD_CASE_04,1,599,599
ITEM_60297,ORD_17796,PROD_PWR_05,1,2799,2799
ITEM_60298,ORD_17797,PROD_CHG_01,1,699,699
ITEM_60299,ORD_17798,PROD_WATCH_04,1,3999,3999
ITEM_60300,ORD_17799,PROD_EAR_02,1,2499,2499
ITEM_60301,ORD_17800,PROD_CHG_01,1,699,699
ITEM_60302,ORD_17801,PROD_SCR_02,1,499,499
ITEM_60303,ORD_17802,PROD_CHG_02,1,1899,1899
ITEM_60304,ORD_17803,PROD_SPK_03,1,1299,1299
ITEM_60305,ORD_17804,PROD_SCR_01,1,299,299
ITEM_60306,ORD_17805,PROD_SPK_01,1,2499,2499
ITEM_60307,ORD_17806,PROD_SPK_02,1,3999,3999
ITEM_60308,ORD_17807,PROD_CASE_05,1,899,899
ITEM_60309,ORD_17808,PROD_CHG_02,1,1899,1899
ITEM_60310,ORD_17809,PROD_CHG_05,1,799,799
ITEM_60311,ORD_17810,PROD_PWR_01,1,1299,1299
ITEM_60312,ORD_17811,PROD_SPK_03,1,1299,1299
ITEM_60313,ORD_17812,PROD_PWR_05,1,2799,2799
ITEM_60314,ORD_17813,PROD_SPK_04,1,3299,3299
ITEM_60315,ORD_17814,PROD_WATCH_02,1,5499,5499
ITEM_60316,ORD_17815,PROD_EAR_04,1,4299,4299
ITEM_60317,ORD_17816,PROD_CASE_02,1,799,799
ITEM_60318,ORD_17817,PROD_WATCH_04,1,3999,3999
ITEM_60319,ORD_17818,PROD_SPK_01,1,2499,2499
ITEM_60320,ORD_17819,PROD_CASE_05,1,899,899
ITEM_60321,ORD_17820,PROD_SPK_02,1,3999,3999
ITEM_60322,ORD_17821,PROD_SPK_02,1,3999,3999
ITEM_60323,ORD_17822,PROD_CHG_05,1,799,799
ITEM_60324,ORD_17823,PROD_SCR_02,1,499,499
ITEM_60325,ORD_17824,PROD_CASE_01,1,499,499
ITEM_60326,ORD_17825,PROD_PWR_05,1,2799,2799
ITEM_60327,ORD_17826,PROD_CASE_02,1,799,799
ITEM_60328,ORD_17827,PROD_PWR_05,1,2799,2799
ITEM_60329,ORD_17828,PROD_CASE_05,1,899,899
ITEM_60330,ORD_17829,PROD_SCR_01,1,299,299
ITEM_60331,ORD_17830,PROD_EAR_04,1,4299,4299
ITEM_60332,ORD_17831,PROD_EAR_04,1,4299,4299
ITEM_60333,ORD_17832,PROD_PWR_03,1,3299,3299
ITEM_60334,ORD_17833,PROD_WATCH_04,1,3999,3999
ITEM_60335,ORD_17834,PROD_WATCH_05,1,6999,6999
ITEM_60336,ORD_17835,PROD_CHG_02,1,1899,1899
ITEM_60337,ORD_17836,PROD_CASE_01,1,499,499
ITEM_60338,ORD_17837,PROD_SCR_02,1,499,499
ITEM_60339,ORD_17838,PROD_PWR_02,1,2199,2199
ITEM_60340,ORD_17839,PROD_WATCH_02,1,5499,5499
ITEM_60341,ORD_17840,PROD_PWR_03,1,3299,3299
ITEM_60342,ORD_17841,PROD_CHG_05,1,799,799
ITEM_60343,ORD_17842,PROD_SCR_01,1,299,299
ITEM_60344,ORD_17843,PROD_WATCH_03,1,1899,1899
ITEM_60345,ORD_17844,PROD_SCR_04,1,699,699
ITEM_60346,ORD_17845,PROD_SPK_04,1,3299,3299
ITEM_60347,ORD_17846,PROD_SPK_04,1,3299,3299
ITEM_60348,ORD_17847,PROD_SCR_01,1,299,299
ITEM_60349,ORD_17848,PROD_CHG_02,1,1899,1899
ITEM_60350,ORD_17849,PROD_CHG_05,1,799,799
ITEM_60351,ORD_17850,PROD_CHG_02,1,1899,1899
ITEM_60352,ORD_17851,PROD_CASE_04,1,599,599
ITEM_60353,ORD_17852,PROD_SPK_04,1,3299,3299
ITEM_60354,ORD_17853,PROD_EAR_03,1,3499,3499
ITEM_60355,ORD_17854,PROD_PWR_03,1,3299,3299
ITEM_60356,ORD_17855,PROD_CHG_01,1,699,699
ITEM_60357,ORD_17856,PROD_SPK_04,1,3299,3299
ITEM_60358,ORD_17857,PROD_EAR_02,1,2499,2499
ITEM_60359,ORD_17858,PROD_PWR_03,1,3299,3299
ITEM_60360,ORD_17859,PROD_WATCH_04,1,3999,3999
ITEM_60361,ORD_17860,PROD_CHG_02,1,1899,1899
ITEM_60362,ORD_17861,PROD_PWR_02,1,2199,2199
ITEM_60363,ORD_17862,PROD_EAR_03,1,3499,3499
ITEM_60364,ORD_17863,PROD_SPK_02,1,3999,3999
ITEM_60365,ORD_17864,PROD_EAR_04,1,4299,4299
ITEM_60366,ORD_17865,PROD_CASE_03,1,999,999
ITEM_60367,ORD_17866,PROD_CHG_02,1,1899,1899
ITEM_60368,ORD_17867,PROD_SPK_05,1,4999,4999
ITEM_60369,ORD_17868,PROD_CASE_02,1,799,799
ITEM_60370,ORD_17869,PROD_PWR_03,1,3299,3299
ITEM_60371,ORD_17870,PROD_SPK_01,1,2499,2499
ITEM_60372,ORD_17871,PROD_SPK_04,1,3299,3299
ITEM_60373,ORD_17872,PROD_CHG_04,1,1499,1499
ITEM_60374,ORD_17873,PROD_SPK_02,1,3999,3999
ITEM_60375,ORD_17874,PROD_CASE_03,1,999,999
ITEM_60376,ORD_17875,PROD_SCR_05,1,249,249
ITEM_60377,ORD_17876,PROD_SCR_04,1,699,699
ITEM_60378,ORD_17877,PROD_CHG_04,1,1499,1499
ITEM_60379,ORD_17878,PROD_SPK_05,1,4999,4999
ITEM_60380,ORD_17879,PROD_CHG_01,1,699,699
ITEM_60381,ORD_17880,PROD_SCR_04,1,699,699
ITEM_60382,ORD_17881,PROD_SCR_02,1,499,499
ITEM_60383,ORD_17882,PROD_SPK_04,1,3299,3299
ITEM_60384,ORD_17883,PROD_WATCH_04,1,3999,3999
ITEM_60385,ORD_17884,PROD_SCR_02,1,499,499
ITEM_60386,ORD_17885,PROD_WATCH_04,1,3999,3999
ITEM_60387,ORD_17886,PROD_CHG_05,1,799,799
ITEM_60388,ORD_17887,PROD_SPK_01,1,2499,2499
ITEM_60389,ORD_17888,PROD_PWR_05,1,2799,2799
ITEM_60390,ORD_17889,PROD_SPK_04,1,3299,3299
ITEM_60391,ORD_17890,PROD_WATCH_05,1,6999,6999
ITEM_60392,ORD_17891,PROD_SCR_03,1,349,349
ITEM_60393,ORD_17892,PROD_WATCH_04,1,3999,3999
ITEM_60394,ORD_17893,PROD_CHG_05,1,799,799
ITEM_60395,ORD_17894,PROD_EAR_02,1,2499,2499
ITEM_60396,ORD_17895,PROD_SCR_01,1,299,299
ITEM_60397,ORD_17896,PROD_PWR_04,1,899,899
ITEM_60398,ORD_17897,PROD_EAR_04,1,4299,4299
ITEM_60399,ORD_17898,PROD_EAR_03,1,3499,3499
ITEM_60400,ORD_17899,PROD_WATCH_05,1,6999,6999
ITEM_60401,ORD_17900,PROD_SCR_02,1,499,499
ITEM_60402,ORD_17901,PROD_EAR_03,1,3499,3499
ITEM_60403,ORD_17902,PROD_CASE_01,1,499,499
ITEM_60404,ORD_17903,PROD_SPK_01,1,2499,2499
ITEM_60405,ORD_17904,PROD_CHG_01,1,699,699
ITEM_60406,ORD_17905,PROD_SCR_05,1,249,249
ITEM_60407,ORD_17906,PROD_EAR_04,1,4299,4299
ITEM_60408,ORD_17907,PROD_SPK_03,1,1299,1299
ITEM_60409,ORD_17908,PROD_EAR_05,1,1999,1999
ITEM_60410,ORD_17909,PROD_PWR_01,1,1299,1299
ITEM_60411,ORD_17910,PROD_SPK_04,1,3299,3299
ITEM_60412,ORD_17911,PROD_PWR_04,1,899,899
ITEM_60413,ORD_17912,PROD_SCR_03,1,349,349
ITEM_60414,ORD_17913,PROD_SPK_02,1,3999,3999
ITEM_60415,ORD_17914,PROD_CASE_04,1,599,599
ITEM_60416,ORD_17915,PROD_WATCH_04,1,3999,3999
ITEM_60417,ORD_17916,PROD_SCR_01,1,299,299
ITEM_60418,ORD_17917,PROD_CASE_05,1,899,899
ITEM_60419,ORD_17918,PROD_CHG_05,1,799,799
ITEM_60420,ORD_17919,PROD_SCR_04,1,699,699
ITEM_60421,ORD_17920,PROD_SCR_03,1,349,349
ITEM_60422,ORD_17921,PROD_SPK_03,1,1299,1299
ITEM_60423,ORD_17922,PROD_PWR_04,1,899,899
ITEM_60424,ORD_17923,PROD_SCR_03,1,349,349
ITEM_60425,ORD_17924,PROD_PWR_05,1,2799,2799
ITEM_60426,ORD_17925,PROD_CHG_02,1,1899,1899
ITEM_60427,ORD_17926,PROD_CASE_05,1,899,899
ITEM_60428,ORD_17927,PROD_SPK_05,1,4999,4999
ITEM_60429,ORD_17928,PROD_EAR_02,1,2499,2499
ITEM_60430,ORD_17929,PROD_SCR_03,1,349,349
ITEM_60431,ORD_17930,PROD_EAR_03,1,3499,3499
ITEM_60432,ORD_17931,PROD_EAR_04,1,4299,4299
ITEM_60433,ORD_17932,PROD_CHG_02,1,1899,1899
ITEM_60434,ORD_17933,PROD_CASE_04,1,599,599
ITEM_60435,ORD_17934,PROD_CHG_05,1,799,799
ITEM_60436,ORD_17935,PROD_CHG_01,1,699,699
ITEM_60437,ORD_17936,PROD_WATCH_04,1,3999,3999
ITEM_60438,ORD_17937,PROD_EAR_05,1,1999,1999
ITEM_60439,ORD_17938,PROD_SPK_01,1,2499,2499
ITEM_60440,ORD_17939,PROD_SCR_02,1,499,499
ITEM_60441,ORD_17940,PROD_PWR_02,1,2199,2199
ITEM_60442,ORD_17941,PROD_SPK_05,1,4999,4999
ITEM_60443,ORD_17942,PROD_EAR_04,1,4299,4299
ITEM_60444,ORD_17943,PROD_CHG_03,1,999,999
ITEM_60445,ORD_17944,PROD_CASE_04,1,599,599
ITEM_60446,ORD_17945,PROD_SCR_01,1,299,299
ITEM_60447,ORD_17946,PROD_CASE_01,1,499,499
ITEM_60448,ORD_17947,PROD_PWR_04,1,899,899
ITEM_60449,ORD_17948,PROD_EAR_04,1,4299,4299
ITEM_60450,ORD_17949,PROD_SCR_03,1,349,349
ITEM_60451,ORD_17950,PROD_CASE_02,1,799,799
ITEM_60452,ORD_17951,PROD_WATCH_04,1,3999,3999
ITEM_60453,ORD_17952,PROD_PWR_04,1,899,899
ITEM_60454,ORD_17953,PROD_EAR_05,1,1999,1999
ITEM_60455,ORD_17954,PROD_CASE_02,1,799,799
ITEM_60456,ORD_17955,PROD_CHG_05,1,799,799
ITEM_60457,ORD_17956,PROD_EAR_03,1,3499,3499
ITEM_60458,ORD_17957,PROD_PWR_05,1,2799,2799
ITEM_60459,ORD_17958,PROD_PWR_05,1,2799,2799
ITEM_60460,ORD_17959,PROD_PWR_04,1,899,899
ITEM_60461,ORD_17960,PROD_EAR_05,1,1999,1999
ITEM_60462,ORD_17961,PROD_CHG_01,1,699,699
ITEM_60463,ORD_17962,PROD_SPK_01,1,2499,2499
ITEM_60464,ORD_17963,PROD_CASE_05,1,899,899
ITEM_60465,ORD_17964,PROD_WATCH_05,1,6999,6999
ITEM_60466,ORD_17965,PROD_CHG_03,1,999,999
ITEM_60467,ORD_17966,PROD_PWR_02,1,2199,2199
ITEM_60468,ORD_17967,PROD_CASE_04,1,599,599
ITEM_60469,ORD_17968,PROD_PWR_05,1,2799,2799
ITEM_60470,ORD_17969,PROD_CASE_03,1,999,999
ITEM_60471,ORD_17970,PROD_SCR_04,1,699,699
ITEM_60472,ORD_17971,PROD_PWR_02,1,2199,2199
ITEM_60473,ORD_17972,PROD_WATCH_03,1,1899,1899
ITEM_60474,ORD_17973,PROD_SCR_05,1,249,249
ITEM_60475,ORD_17974,PROD_CHG_02,1,1899,1899
ITEM_60476,ORD_17975,PROD_PWR_03,1,3299,3299
ITEM_60477,ORD_17976,PROD_CHG_01,1,699,699
ITEM_60478,ORD_17977,PROD_PWR_04,1,899,899
ITEM_60479,ORD_17978,PROD_SPK_05,1,4999,4999
ITEM_60480,ORD_17979,PROD_SCR_04,1,699,699
ITEM_60481,ORD_17980,PROD_CHG_04,1,1499,1499
ITEM_60482,ORD_17981,PROD_CHG_05,1,799,799
ITEM_60483,ORD_17982,PROD_CASE_05,1,899,899
ITEM_60484,ORD_17983,PROD_PWR_01,1,1299,1299
ITEM_60485,ORD_17984,PROD_PWR_05,1,2799,2799
ITEM_60486,ORD_17985,PROD_CHG_04,1,1499,1499
ITEM_60487,ORD_17986,PROD_SPK_04,1,3299,3299
ITEM_60488,ORD_17987,PROD_CHG_01,1,699,699
ITEM_60489,ORD_17988,PROD_SPK_05,1,4999,4999
ITEM_60490,ORD_17989,PROD_WATCH_03,1,1899,1899
ITEM_60491,ORD_17990,PROD_EAR_03,1,3499,3499
ITEM_60492,ORD_17991,PROD_CHG_04,1,1499,1499
ITEM_60493,ORD_17992,PROD_CHG_02,1,1899,1899
ITEM_60494,ORD_17993,PROD_WATCH_04,1,3999,3999
ITEM_60495,ORD_17994,PROD_PWR_05,1,2799,2799
ITEM_60496,ORD_17995,PROD_SCR_04,1,699,699
ITEM_60497,ORD_17996,PROD_CHG_04,1,1499,1499
ITEM_60498,ORD_17997,PROD_EAR_03,1,3499,3499
ITEM_60499,ORD_17998,PROD_WATCH_04,1,3999,3999
ITEM_60500,ORD_17999,PROD_PWR_04,1,899,899
ITEM_60501,ORD_18000,PROD_SPK_03,1,1299,1299
ITEM_60502,ORD_18001,PROD_CHG_01,1,699,699
ITEM_60503,ORD_18002,PROD_CASE_04,1,599,599
ITEM_60504,ORD_18003,PROD_EAR_05,1,1999,1999
ITEM_60505,ORD_18004,PROD_WATCH_03,1,1899,1899
ITEM_60506,ORD_18005,PROD_CHG_04,1,1499,1499
ITEM_60507,ORD_18006,PROD_CASE_03,1,999,999
ITEM_60508,ORD_18007,PROD_CASE_05,1,899,899
ITEM_60509,ORD_18008,PROD_SCR_04,1,699,699
ITEM_60510,ORD_18009,PROD_CHG_05,1,799,799
ITEM_60511,ORD_18010,PROD_PWR_02,1,2199,2199
ITEM_60512,ORD_18011,PROD_EAR_05,1,1999,1999
ITEM_60513,ORD_18012,PROD_SCR_01,1,299,299
ITEM_60514,ORD_18013,PROD_CHG_03,1,999,999
ITEM_60515,ORD_18014,PROD_SPK_02,1,3999,3999
ITEM_60516,ORD_18015,PROD_SCR_02,1,499,499
ITEM_60517,ORD_18016,PROD_PWR_01,1,1299,1299
ITEM_60518,ORD_18017,PROD_SPK_05,1,4999,4999
ITEM_60519,ORD_18018,PROD_PWR_02,1,2199,2199
ITEM_60520,ORD_18019,PROD_CASE_04,1,599,599
ITEM_60521,ORD_18020,PROD_CASE_05,1,899,899
ITEM_60522,ORD_18021,PROD_EAR_05,1,1999,1999
ITEM_60523,ORD_18022,PROD_WATCH_03,1,1899,1899
ITEM_60524,ORD_18023,PROD_SPK_04,1,3299,3299
ITEM_60525,ORD_18024,PROD_WATCH_03,1,1899,1899
ITEM_60526,ORD_18025,PROD_CASE_02,1,799,799
ITEM_60527,ORD_18026,PROD_CASE_05,1,899,899
ITEM_60528,ORD_18027,PROD_PWR_03,1,3299,3299
ITEM_60529,ORD_18028,PROD_SCR_05,1,249,249
ITEM_60530,ORD_18029,PROD_PWR_05,1,2799,2799
ITEM_60531,ORD_18030,PROD_SPK_05,1,4999,4999
ITEM_60532,ORD_18031,PROD_SCR_03,1,349,349
ITEM_60533,ORD_18032,PROD_SCR_04,1,699,699
ITEM_60534,ORD_18033,PROD_CASE_04,1,599,599
ITEM_60535,ORD_18034,PROD_SCR_05,1,249,249
ITEM_60536,ORD_18035,PROD_CHG_03,1,999,999
ITEM_60537,ORD_18036,PROD_SPK_03,1,1299,1299
ITEM_60538,ORD_18037,PROD_CASE_02,1,799,799
ITEM_60539,ORD_18038,PROD_PWR_02,1,2199,2199
ITEM_60540,ORD_18039,PROD_CASE_05,1,899,899
ITEM_60541,ORD_18040,PROD_CHG_04,1,1499,1499
ITEM_60542,ORD_18041,PROD_SCR_05,1,249,249
ITEM_60543,ORD_18042,PROD_WATCH_05,1,6999,6999
ITEM_60544,ORD_18043,PROD_EAR_02,1,2499,2499
ITEM_60545,ORD_18044,PROD_WATCH_05,1,6999,6999
ITEM_60546,ORD_18045,PROD_SCR_04,1,699,699
ITEM_60547,ORD_18046,PROD_PWR_04,1,899,899
ITEM_60548,ORD_18047,PROD_PWR_05,1,2799,2799
ITEM_60549,ORD_18048,PROD_PWR_05,1,2799,2799
ITEM_60550,ORD_18049,PROD_CASE_03,1,999,999
ITEM_60551,ORD_18050,PROD_WATCH_02,1,5499,5499
ITEM_60552,ORD_18051,PROD_EAR_05,1,1999,1999
ITEM_60553,ORD_18052,PROD_CASE_05,1,899,899
ITEM_60554,ORD_18053,PROD_CHG_03,1,999,999
ITEM_60555,ORD_18054,PROD_CHG_04,1,1499,1499
ITEM_60556,ORD_18055,PROD_CHG_03,1,999,999
ITEM_60557,ORD_18056,PROD_SCR_01,1,299,299
ITEM_60558,ORD_18057,PROD_EAR_02,1,2499,2499
ITEM_60559,ORD_18058,PROD_PWR_05,1,2799,2799
ITEM_60560,ORD_18059,PROD_SCR_05,1,249,249
ITEM_60561,ORD_18060,PROD_CASE_05,1,899,899
ITEM_60562,ORD_18061,PROD_EAR_04,1,4299,4299
ITEM_60563,ORD_18062,PROD_CHG_05,1,799,799
ITEM_60564,ORD_18063,PROD_CASE_03,1,999,999
ITEM_60565,ORD_18064,PROD_SPK_05,1,4999,4999
ITEM_60566,ORD_18065,PROD_PWR_03,1,3299,3299
ITEM_60567,ORD_18066,PROD_CHG_03,1,999,999
ITEM_60568,ORD_18067,PROD_CHG_05,1,799,799
ITEM_60569,ORD_18068,PROD_CHG_04,1,1499,1499
ITEM_60570,ORD_18069,PROD_WATCH_02,1,5499,5499
ITEM_60571,ORD_18070,PROD_PWR_02,1,2199,2199
ITEM_60572,ORD_18071,PROD_CASE_03,1,999,999
ITEM_60573,ORD_18072,PROD_SCR_05,1,249,249
ITEM_60574,ORD_18073,PROD_SPK_04,1,3299,3299
ITEM_60575,ORD_18074,PROD_WATCH_05,1,6999,6999
ITEM_60576,ORD_18075,PROD_EAR_02,1,2499,2499
ITEM_60577,ORD_18076,PROD_PWR_01,1,1299,1299
ITEM_60578,ORD_18077,PROD_SCR_01,1,299,299
ITEM_60579,ORD_18078,PROD_WATCH_05,1,6999,6999
ITEM_60580,ORD_18079,PROD_CHG_01,1,699,699
ITEM_60581,ORD_18080,PROD_EAR_03,1,3499,3499
ITEM_60582,ORD_18081,PROD_CASE_03,1,999,999
ITEM_60583,ORD_18082,PROD_PWR_04,1,899,899
ITEM_60584,ORD_18083,PROD_SPK_05,1,4999,4999
ITEM_60585,ORD_18084,PROD_EAR_02,1,2499,2499
ITEM_60586,ORD_18085,PROD_SCR_01,1,299,299
ITEM_60587,ORD_18086,PROD_EAR_02,1,2499,2499
ITEM_60588,ORD_18087,PROD_SCR_03,1,349,349
ITEM_60589,ORD_18088,PROD_CASE_04,1,599,599
ITEM_60590,ORD_18089,PROD_WATCH_03,1,1899,1899
ITEM_60591,ORD_18090,PROD_WATCH_03,1,1899,1899
ITEM_60592,ORD_18091,PROD_WATCH_03,1,1899,1899
ITEM_60593,ORD_18092,PROD_SCR_04,1,699,699
ITEM_60594,ORD_18093,PROD_CASE_04,1,599,599
ITEM_60595,ORD_18094,PROD_SPK_05,1,4999,4999
ITEM_60596,ORD_18095,PROD_CHG_03,1,999,999
ITEM_60597,ORD_18096,PROD_PWR_05,1,2799,2799
ITEM_60598,ORD_18097,PROD_SPK_03,1,1299,1299
ITEM_60599,ORD_18098,PROD_CHG_03,1,999,999
ITEM_60600,ORD_18099,PROD_SCR_05,1,249,249
ITEM_60601,ORD_18100,PROD_EAR_02,1,2499,2499
ITEM_60602,ORD_18101,PROD_CASE_03,1,999,999
ITEM_60603,ORD_18102,PROD_SCR_02,1,499,499
ITEM_60604,ORD_18103,PROD_CASE_03,1,999,999
ITEM_60605,ORD_18104,PROD_CASE_04,1,599,599
ITEM_60606,ORD_18105,PROD_WATCH_02,1,5499,5499
ITEM_60607,ORD_18106,PROD_CHG_01,1,699,699
ITEM_60608,ORD_18107,PROD_SCR_04,1,699,699
ITEM_60609,ORD_18108,PROD_CHG_01,1,699,699
ITEM_60610,ORD_18109,PROD_WATCH_02,1,5499,5499
ITEM_60611,ORD_18110,PROD_WATCH_04,1,3999,3999
ITEM_60612,ORD_18111,PROD_CHG_04,1,1499,1499
ITEM_60613,ORD_18112,PROD_EAR_04,1,4299,4299
ITEM_60614,ORD_18113,PROD_CHG_02,1,1899,1899
ITEM_60615,ORD_18114,PROD_PWR_03,1,3299,3299
ITEM_60616,ORD_18115,PROD_SCR_03,1,349,349
ITEM_60617,ORD_18116,PROD_SCR_04,1,699,699
ITEM_60618,ORD_18117,PROD_SPK_03,1,1299,1299
ITEM_60619,ORD_18118,PROD_CASE_04,1,599,599
ITEM_60620,ORD_18119,PROD_CHG_01,1,699,699
ITEM_60621,ORD_18120,PROD_SPK_01,1,2499,2499
ITEM_60622,ORD_18121,PROD_SPK_02,1,3999,3999
ITEM_60623,ORD_18122,PROD_EAR_05,1,1999,1999
ITEM_60624,ORD_18123,PROD_CASE_02,1,799,799
ITEM_60625,ORD_18124,PROD_WATCH_02,1,5499,5499
ITEM_60626,ORD_18125,PROD_SPK_03,1,1299,1299
ITEM_60627,ORD_18126,PROD_SCR_01,1,299,299
ITEM_60628,ORD_18127,PROD_SPK_01,1,2499,2499
ITEM_60629,ORD_18128,PROD_SPK_04,1,3299,3299
ITEM_60630,ORD_18129,PROD_WATCH_03,1,1899,1899
ITEM_60631,ORD_18130,PROD_CHG_05,1,799,799
ITEM_60632,ORD_18131,PROD_SCR_02,1,499,499
ITEM_60633,ORD_18132,PROD_PWR_01,1,1299,1299
ITEM_60634,ORD_18133,PROD_SPK_04,1,3299,3299
ITEM_60635,ORD_18134,PROD_WATCH_04,1,3999,3999
ITEM_60636,ORD_18135,PROD_CHG_01,1,699,699
ITEM_60637,ORD_18136,PROD_CHG_04,1,1499,1499
ITEM_60638,ORD_18137,PROD_SPK_04,1,3299,3299
ITEM_60639,ORD_18138,PROD_WATCH_04,1,3999,3999
ITEM_60640,ORD_18139,PROD_CHG_03,1,999,999
ITEM_60641,ORD_18140,PROD_SPK_01,1,2499,2499
ITEM_60642,ORD_18141,PROD_SCR_04,1,699,699
ITEM_60643,ORD_18142,PROD_SCR_02,1,499,499
ITEM_60644,ORD_18143,PROD_SCR_05,1,249,249
ITEM_60645,ORD_18144,PROD_EAR_03,1,3499,3499
ITEM_60646,ORD_18145,PROD_EAR_02,1,2499,2499
ITEM_60647,ORD_18146,PROD_EAR_02,1,2499,2499
ITEM_60648,ORD_18147,PROD_EAR_05,1,1999,1999
ITEM_60649,ORD_18148,PROD_SCR_03,1,349,349
ITEM_60650,ORD_18149,PROD_SPK_02,1,3999,3999
ITEM_60651,ORD_18150,PROD_EAR_05,1,1999,1999
ITEM_60652,ORD_18151,PROD_PWR_05,1,2799,2799
ITEM_60653,ORD_18152,PROD_PWR_03,1,3299,3299
ITEM_60654,ORD_18153,PROD_SCR_03,1,349,349
ITEM_60655,ORD_18154,PROD_CASE_04,1,599,599
ITEM_60656,ORD_18155,PROD_PWR_04,1,899,899
ITEM_60657,ORD_18156,PROD_CHG_05,1,799,799
ITEM_60658,ORD_18157,PROD_SCR_03,1,349,349
ITEM_60659,ORD_18158,PROD_SPK_02,1,3999,3999
ITEM_60660,ORD_18159,PROD_CASE_03,1,999,999
ITEM_60661,ORD_18160,PROD_PWR_03,1,3299,3299
ITEM_60662,ORD_18161,PROD_SCR_04,1,699,699
ITEM_60663,ORD_18162,PROD_PWR_04,1,899,899
ITEM_60664,ORD_18163,PROD_SPK_04,1,3299,3299
ITEM_60665,ORD_18164,PROD_SPK_01,1,2499,2499
ITEM_60666,ORD_18165,PROD_CHG_04,1,1499,1499
ITEM_60667,ORD_18166,PROD_WATCH_03,1,1899,1899
ITEM_60668,ORD_18167,PROD_SPK_03,1,1299,1299
ITEM_60669,ORD_18168,PROD_EAR_04,1,4299,4299
ITEM_60670,ORD_18169,PROD_SCR_02,1,499,499
ITEM_60671,ORD_18170,PROD_PWR_04,1,899,899
ITEM_60672,ORD_18171,PROD_PWR_02,1,2199,2199
ITEM_60673,ORD_18172,PROD_CASE_05,1,899,899
ITEM_60674,ORD_18173,PROD_PWR_01,1,1299,1299
ITEM_60675,ORD_18174,PROD_CASE_05,1,899,899
ITEM_60676,ORD_18175,PROD_PWR_05,1,2799,2799
ITEM_60677,ORD_18176,PROD_SPK_03,1,1299,1299
ITEM_60678,ORD_18177,PROD_CHG_04,1,1499,1499
ITEM_60679,ORD_18178,PROD_PWR_05,1,2799,2799
ITEM_60680,ORD_18179,PROD_SPK_04,1,3299,3299
ITEM_60681,ORD_18180,PROD_CASE_03,1,999,999
ITEM_60682,ORD_18181,PROD_CASE_04,1,599,599
ITEM_60683,ORD_18182,PROD_WATCH_02,1,5499,5499
ITEM_60684,ORD_18183,PROD_PWR_05,1,2799,2799
ITEM_60685,ORD_18184,PROD_SPK_02,1,3999,3999
ITEM_60686,ORD_18185,PROD_WATCH_03,1,1899,1899
ITEM_60687,ORD_18186,PROD_SPK_01,1,2499,2499
ITEM_60688,ORD_18187,PROD_CHG_03,1,999,999
ITEM_60689,ORD_18188,PROD_SPK_04,1,3299,3299
ITEM_60690,ORD_18189,PROD_CHG_02,1,1899,1899
ITEM_60691,ORD_18190,PROD_CASE_05,1,899,899
ITEM_60692,ORD_18191,PROD_WATCH_03,1,1899,1899
ITEM_60693,ORD_18192,PROD_CHG_04,1,1499,1499
ITEM_60694,ORD_18193,PROD_SPK_02,1,3999,3999
ITEM_60695,ORD_18194,PROD_EAR_04,1,4299,4299
ITEM_60696,ORD_18195,PROD_SCR_01,1,299,299
ITEM_60697,ORD_18196,PROD_WATCH_04,1,3999,3999
ITEM_60698,ORD_18197,PROD_SCR_02,1,499,499
ITEM_60699,ORD_18198,PROD_CHG_03,1,999,999
ITEM_60700,ORD_18199,PROD_WATCH_05,1,6999,6999
ITEM_60701,ORD_18200,PROD_WATCH_05,1,6999,6999
ITEM_60702,ORD_18201,PROD_PWR_01,1,1299,1299
ITEM_60703,ORD_18202,PROD_SPK_03,1,1299,1299
ITEM_60704,ORD_18203,PROD_CASE_01,1,499,499
ITEM_60705,ORD_18204,PROD_PWR_01,1,1299,1299
ITEM_60706,ORD_18205,PROD_PWR_04,1,899,899
ITEM_60707,ORD_18206,PROD_WATCH_03,1,1899,1899
ITEM_60708,ORD_18207,PROD_CHG_02,1,1899,1899
ITEM_60709,ORD_18208,PROD_PWR_02,1,2199,2199
ITEM_60710,ORD_18209,PROD_CASE_04,1,599,599
ITEM_60711,ORD_18210,PROD_PWR_02,1,2199,2199
ITEM_60712,ORD_18211,PROD_CASE_02,1,799,799
ITEM_60713,ORD_18212,PROD_CHG_03,1,999,999
ITEM_60714,ORD_18213,PROD_CASE_03,1,999,999
ITEM_60715,ORD_18214,PROD_WATCH_04,1,3999,3999
ITEM_60716,ORD_18215,PROD_CASE_02,1,799,799
ITEM_60717,ORD_18216,PROD_EAR_02,1,2499,2499
ITEM_60718,ORD_18217,PROD_WATCH_03,1,1899,1899
ITEM_60719,ORD_18218,PROD_SCR_02,1,499,499
ITEM_60720,ORD_18219,PROD_WATCH_04,1,3999,3999
ITEM_60721,ORD_18220,PROD_EAR_05,1,1999,1999
ITEM_60722,ORD_18221,PROD_PWR_01,1,1299,1299
ITEM_60723,ORD_18222,PROD_PWR_03,1,3299,3299
ITEM_60724,ORD_18223,PROD_WATCH_04,1,3999,3999
ITEM_60725,ORD_18224,PROD_CASE_03,1,999,999
ITEM_60726,ORD_18225,PROD_PWR_03,1,3299,3299
ITEM_60727,ORD_18226,PROD_SPK_05,1,4999,4999
ITEM_60728,ORD_18227,PROD_WATCH_04,1,3999,3999
ITEM_60729,ORD_18228,PROD_CHG_04,1,1499,1499
ITEM_60730,ORD_18229,PROD_CASE_04,1,599,599
ITEM_60731,ORD_18230,PROD_EAR_02,1,2499,2499
ITEM_60732,ORD_18231,PROD_PWR_01,1,1299,1299
ITEM_60733,ORD_18232,PROD_CHG_03,1,999,999
ITEM_60734,ORD_18233,PROD_PWR_03,1,3299,3299
ITEM_60735,ORD_18234,PROD_CASE_02,1,799,799
ITEM_60736,ORD_18235,PROD_CHG_02,1,1899,1899
ITEM_60737,ORD_18236,PROD_PWR_04,1,899,899
ITEM_60738,ORD_18237,PROD_CASE_02,1,799,799
ITEM_60739,ORD_18238,PROD_PWR_04,1,899,899
ITEM_60740,ORD_18239,PROD_PWR_02,1,2199,2199
ITEM_60741,ORD_18240,PROD_SCR_03,1,349,349
ITEM_60742,ORD_18241,PROD_PWR_04,1,899,899
ITEM_60743,ORD_18242,PROD_CASE_01,1,499,499
ITEM_60744,ORD_18243,PROD_EAR_03,1,3499,3499
ITEM_60745,ORD_18244,PROD_EAR_05,1,1999,1999
ITEM_60746,ORD_18245,PROD_CHG_02,1,1899,1899
ITEM_60747,ORD_18246,PROD_SCR_03,1,349,349
ITEM_60748,ORD_18247,PROD_PWR_01,1,1299,1299
ITEM_60749,ORD_18248,PROD_PWR_04,1,899,899
ITEM_60750,ORD_18249,PROD_CHG_03,1,999,999
ITEM_60751,ORD_18250,PROD_WATCH_05,1,6999,6999
ITEM_60752,ORD_18251,PROD_CHG_03,1,999,999
ITEM_60753,ORD_18252,PROD_EAR_03,1,3499,3499
ITEM_60754,ORD_18253,PROD_CHG_03,1,999,999
ITEM_60755,ORD_18254,PROD_SCR_03,1,349,349
ITEM_60756,ORD_18255,PROD_WATCH_03,1,1899,1899
ITEM_60757,ORD_18256,PROD_EAR_02,1,2499,2499
ITEM_60758,ORD_18257,PROD_WATCH_04,1,3999,3999
ITEM_60759,ORD_18258,PROD_PWR_02,1,2199,2199
ITEM_60760,ORD_18259,PROD_CHG_03,1,999,999
ITEM_60761,ORD_18260,PROD_SCR_05,1,249,249
ITEM_60762,ORD_18261,PROD_SPK_03,1,1299,1299
ITEM_60763,ORD_18262,PROD_CASE_04,1,599,599
ITEM_60764,ORD_18263,PROD_SPK_04,1,3299,3299
ITEM_60765,ORD_18264,PROD_SPK_03,1,1299,1299
ITEM_60766,ORD_18265,PROD_SPK_04,1,3299,3299
ITEM_60767,ORD_18266,PROD_SPK_01,1,2499,2499
ITEM_60768,ORD_18267,PROD_EAR_05,1,1999,1999
ITEM_60769,ORD_18268,PROD_SCR_01,1,299,299
ITEM_60770,ORD_18269,PROD_SPK_04,1,3299,3299
ITEM_60771,ORD_18270,PROD_SPK_02,1,3999,3999
ITEM_60772,ORD_18271,PROD_CASE_03,1,999,999
ITEM_60773,ORD_18272,PROD_CASE_05,1,899,899
ITEM_60774,ORD_18273,PROD_WATCH_02,1,5499,5499
ITEM_60775,ORD_18274,PROD_WATCH_02,1,5499,5499
ITEM_60776,ORD_18275,PROD_CASE_02,1,799,799
ITEM_60777,ORD_18276,PROD_SCR_02,1,499,499
ITEM_60778,ORD_18277,PROD_SPK_02,1,3999,3999
ITEM_60779,ORD_18278,PROD_SPK_03,1,1299,1299
ITEM_60780,ORD_18279,PROD_CASE_03,1,999,999
ITEM_60781,ORD_18280,PROD_SPK_02,1,3999,3999
ITEM_60782,ORD_18281,PROD_SCR_01,1,299,299
ITEM_60783,ORD_18282,PROD_SCR_05,1,249,249
ITEM_60784,ORD_18283,PROD_PWR_02,1,2199,2199
ITEM_60785,ORD_18284,PROD_SPK_02,1,3999,3999
ITEM_60786,ORD_18285,PROD_SPK_03,1,1299,1299
ITEM_60787,ORD_18286,PROD_SPK_03,1,1299,1299
ITEM_60788,ORD_18287,PROD_CHG_02,1,1899,1899
ITEM_60789,ORD_18288,PROD_SCR_03,1,349,349
ITEM_60790,ORD_18289,PROD_SPK_05,1,4999,4999
ITEM_60791,ORD_18290,PROD_PWR_01,1,1299,1299
ITEM_60792,ORD_18291,PROD_CHG_05,1,799,799
ITEM_60793,ORD_18292,PROD_CHG_05,1,799,799
ITEM_60794,ORD_18293,PROD_SCR_01,1,299,299
ITEM_60795,ORD_18294,PROD_CASE_04,1,599,599
ITEM_60796,ORD_18295,PROD_PWR_01,1,1299,1299
ITEM_60797,ORD_18296,PROD_CASE_05,1,899,899
ITEM_60798,ORD_18297,PROD_PWR_03,1,3299,3299
ITEM_60799,ORD_18298,PROD_CHG_04,1,1499,1499
ITEM_60800,ORD_18299,PROD_WATCH_02,1,5499,5499
ITEM_60801,ORD_18300,PROD_EAR_02,1,2499,2499
ITEM_60802,ORD_18301,PROD_WATCH_04,1,3999,3999
ITEM_60803,ORD_18302,PROD_CASE_01,1,499,499
ITEM_60804,ORD_18303,PROD_SPK_04,1,3299,3299
ITEM_60805,ORD_18304,PROD_CASE_04,1,599,599
ITEM_60806,ORD_18305,PROD_PWR_04,1,899,899
ITEM_60807,ORD_18306,PROD_WATCH_02,1,5499,5499
ITEM_60808,ORD_18307,PROD_CHG_03,1,999,999
ITEM_60809,ORD_18308,PROD_CASE_02,1,799,799
ITEM_60810,ORD_18309,PROD_WATCH_03,1,1899,1899
ITEM_60811,ORD_18310,PROD_PWR_01,1,1299,1299
ITEM_60812,ORD_18311,PROD_WATCH_03,1,1899,1899
ITEM_60813,ORD_18312,PROD_SPK_05,1,4999,4999
ITEM_60814,ORD_18313,PROD_SCR_05,1,249,249
ITEM_60815,ORD_18314,PROD_WATCH_04,1,3999,3999
ITEM_60816,ORD_18315,PROD_PWR_03,1,3299,3299
ITEM_60817,ORD_18316,PROD_SCR_04,1,699,699
ITEM_60818,ORD_18317,PROD_EAR_04,1,4299,4299
ITEM_60819,ORD_18318,PROD_CASE_01,1,499,499
ITEM_60820,ORD_18319,PROD_PWR_02,1,2199,2199
ITEM_60821,ORD_18320,PROD_SCR_05,1,249,249
ITEM_60822,ORD_18321,PROD_SPK_01,1,2499,2499
ITEM_60823,ORD_18322,PROD_PWR_01,1,1299,1299
ITEM_60824,ORD_18323,PROD_EAR_02,1,2499,2499
ITEM_60825,ORD_18324,PROD_CASE_04,1,599,599
ITEM_60826,ORD_18325,PROD_CASE_05,1,899,899
ITEM_60827,ORD_18326,PROD_PWR_03,1,3299,3299
ITEM_60828,ORD_18327,PROD_EAR_04,1,4299,4299
ITEM_60829,ORD_18328,PROD_EAR_02,1,2499,2499
ITEM_60830,ORD_18329,PROD_CASE_04,1,599,599
ITEM_60831,ORD_18330,PROD_SPK_02,1,3999,3999
ITEM_60832,ORD_18331,PROD_SPK_03,1,1299,1299
ITEM_60833,ORD_18332,PROD_PWR_05,1,2799,2799
ITEM_60834,ORD_18333,PROD_SPK_02,1,3999,3999
ITEM_60835,ORD_18334,PROD_PWR_01,1,1299,1299
ITEM_60836,ORD_18335,PROD_SPK_04,1,3299,3299
ITEM_60837,ORD_18336,PROD_SPK_03,1,1299,1299
ITEM_60838,ORD_18337,PROD_SPK_05,1,4999,4999
ITEM_60839,ORD_18338,PROD_CASE_05,1,899,899
ITEM_60840,ORD_18339,PROD_WATCH_02,1,5499,5499
ITEM_60841,ORD_18340,PROD_CASE_02,1,799,799
ITEM_60842,ORD_18341,PROD_EAR_04,1,4299,4299
ITEM_60843,ORD_18342,PROD_CHG_03,1,999,999
ITEM_60844,ORD_18343,PROD_PWR_02,1,2199,2199
ITEM_60845,ORD_18344,PROD_WATCH_02,1,5499,5499
ITEM_60846,ORD_18345,PROD_EAR_03,1,3499,3499
ITEM_60847,ORD_18346,PROD_CHG_02,1,1899,1899
ITEM_60848,ORD_18347,PROD_PWR_03,1,3299,3299
ITEM_60849,ORD_18348,PROD_SPK_05,1,4999,4999
ITEM_60850,ORD_18349,PROD_CHG_03,1,999,999
ITEM_60851,ORD_18350,PROD_EAR_04,1,4299,4299
ITEM_60852,ORD_18351,PROD_CASE_04,1,599,599
ITEM_60853,ORD_18352,PROD_PWR_02,1,2199,2199
ITEM_60854,ORD_18353,PROD_SCR_04,1,699,699
ITEM_60855,ORD_18354,PROD_SPK_02,1,3999,3999
ITEM_60856,ORD_18355,PROD_PWR_01,1,1299,1299
ITEM_60857,ORD_18356,PROD_WATCH_05,1,6999,6999
ITEM_60858,ORD_18357,PROD_CHG_05,1,799,799
ITEM_60859,ORD_18358,PROD_WATCH_05,1,6999,6999
ITEM_60860,ORD_18359,PROD_SCR_04,1,699,699
ITEM_60861,ORD_18360,PROD_CASE_02,1,799,799
ITEM_60862,ORD_18361,PROD_PWR_03,1,3299,3299
ITEM_60863,ORD_18362,PROD_SPK_02,1,3999,3999
ITEM_60864,ORD_18363,PROD_WATCH_05,1,6999,6999
ITEM_60865,ORD_18364,PROD_PWR_01,1,1299,1299
ITEM_60866,ORD_18365,PROD_PWR_03,1,3299,3299
ITEM_60867,ORD_18366,PROD_EAR_02,1,2499,2499
ITEM_60868,ORD_18367,PROD_EAR_03,1,3499,3499
ITEM_60869,ORD_18368,PROD_SCR_04,1,699,699
ITEM_60870,ORD_18369,PROD_WATCH_05,1,6999,6999
ITEM_60871,ORD_18370,PROD_CHG_01,1,699,699
ITEM_60872,ORD_18371,PROD_WATCH_04,1,3999,3999
ITEM_60873,ORD_18372,PROD_PWR_04,1,899,899
ITEM_60874,ORD_18373,PROD_SPK_02,1,3999,3999
ITEM_60875,ORD_18374,PROD_CHG_03,1,999,999
ITEM_60876,ORD_18375,PROD_CHG_01,1,699,699
ITEM_60877,ORD_18376,PROD_PWR_05,1,2799,2799
ITEM_60878,ORD_18377,PROD_SPK_03,1,1299,1299
ITEM_60879,ORD_18378,PROD_EAR_05,1,1999,1999
ITEM_60880,ORD_18379,PROD_WATCH_04,1,3999,3999
ITEM_60881,ORD_18380,PROD_SPK_02,1,3999,3999
ITEM_60882,ORD_18381,PROD_CASE_01,1,499,499
ITEM_60883,ORD_18382,PROD_SPK_02,1,3999,3999
ITEM_60884,ORD_18383,PROD_CASE_04,1,599,599
ITEM_60885,ORD_18384,PROD_CHG_01,1,699,699
ITEM_60886,ORD_18385,PROD_WATCH_04,1,3999,3999
ITEM_60887,ORD_18386,PROD_SCR_01,1,299,299
ITEM_60888,ORD_18387,PROD_SCR_01,1,299,299
ITEM_60889,ORD_18388,PROD_WATCH_03,1,1899,1899
ITEM_60890,ORD_18389,PROD_CASE_01,1,499,499
ITEM_60891,ORD_18390,PROD_SPK_03,1,1299,1299
ITEM_60892,ORD_18391,PROD_SCR_02,1,499,499
ITEM_60893,ORD_18392,PROD_CASE_01,1,499,499
ITEM_60894,ORD_18393,PROD_WATCH_04,1,3999,3999
ITEM_60895,ORD_18394,PROD_EAR_03,1,3499,3499
ITEM_60896,ORD_18395,PROD_SPK_04,1,3299,3299
ITEM_60897,ORD_18396,PROD_CASE_05,1,899,899
ITEM_60898,ORD_18397,PROD_PWR_05,1,2799,2799
ITEM_60899,ORD_18398,PROD_CASE_02,1,799,799
ITEM_60900,ORD_18399,PROD_WATCH_03,1,1899,1899
ITEM_60901,ORD_18400,PROD_WATCH_04,1,3999,3999
ITEM_60902,ORD_18401,PROD_PWR_04,1,899,899
ITEM_60903,ORD_18402,PROD_CHG_03,1,999,999
ITEM_60904,ORD_18403,PROD_CHG_02,1,1899,1899
ITEM_60905,ORD_18404,PROD_PWR_02,1,2199,2199
ITEM_60906,ORD_18405,PROD_SPK_01,1,2499,2499
ITEM_60907,ORD_18406,PROD_SCR_03,1,349,349
ITEM_60908,ORD_18407,PROD_SCR_01,1,299,299
ITEM_60909,ORD_18408,PROD_CHG_02,1,1899,1899
ITEM_60910,ORD_18409,PROD_PWR_05,1,2799,2799
ITEM_60911,ORD_18410,PROD_WATCH_02,1,5499,5499
ITEM_60912,ORD_18411,PROD_CASE_05,1,899,899
ITEM_60913,ORD_18412,PROD_CASE_02,1,799,799
ITEM_60914,ORD_18413,PROD_SPK_04,1,3299,3299
ITEM_60915,ORD_18414,PROD_SPK_05,1,4999,4999
ITEM_60916,ORD_18415,PROD_SPK_01,1,2499,2499
ITEM_60917,ORD_18416,PROD_CHG_01,1,699,699
ITEM_60918,ORD_18417,PROD_SPK_03,1,1299,1299
ITEM_60919,ORD_18418,PROD_WATCH_05,1,6999,6999
ITEM_60920,ORD_18419,PROD_WATCH_03,1,1899,1899
ITEM_60921,ORD_18420,PROD_EAR_05,1,1999,1999
ITEM_60922,ORD_18421,PROD_SPK_05,1,4999,4999
ITEM_60923,ORD_18422,PROD_SCR_05,1,249,249
ITEM_60924,ORD_18423,PROD_SCR_01,1,299,299
ITEM_60925,ORD_18424,PROD_WATCH_02,1,5499,5499
ITEM_60926,ORD_18425,PROD_CHG_01,1,699,699
ITEM_60927,ORD_18426,PROD_PWR_03,1,3299,3299
ITEM_60928,ORD_18427,PROD_EAR_03,1,3499,3499
ITEM_60929,ORD_18428,PROD_CHG_05,1,799,799
ITEM_60930,ORD_18429,PROD_PWR_02,1,2199,2199
ITEM_60931,ORD_18430,PROD_WATCH_02,1,5499,5499
ITEM_60932,ORD_18431,PROD_SPK_02,1,3999,3999
ITEM_60933,ORD_18432,PROD_PWR_05,1,2799,2799
ITEM_60934,ORD_18433,PROD_CHG_01,1,699,699
ITEM_60935,ORD_18434,PROD_EAR_05,1,1999,1999
ITEM_60936,ORD_18435,PROD_WATCH_02,1,5499,5499
ITEM_60937,ORD_18436,PROD_CHG_02,1,1899,1899
ITEM_60938,ORD_18437,PROD_WATCH_04,1,3999,3999
ITEM_60939,ORD_18438,PROD_CHG_05,1,799,799
ITEM_60940,ORD_18439,PROD_SPK_04,1,3299,3299
ITEM_60941,ORD_18440,PROD_WATCH_04,1,3999,3999
ITEM_60942,ORD_18441,PROD_CHG_05,1,799,799
ITEM_60943,ORD_18442,PROD_SPK_05,1,4999,4999
ITEM_60944,ORD_18443,PROD_CASE_04,1,599,599
ITEM_60945,ORD_18444,PROD_CHG_01,1,699,699
ITEM_60946,ORD_18445,PROD_SPK_01,1,2499,2499
ITEM_60947,ORD_18446,PROD_CASE_01,1,499,499
ITEM_60948,ORD_18447,PROD_CASE_05,1,899,899
ITEM_60949,ORD_18448,PROD_PWR_05,1,2799,2799
ITEM_60950,ORD_18449,PROD_WATCH_05,1,6999,6999
ITEM_60951,ORD_18450,PROD_WATCH_05,1,6999,6999
ITEM_60952,ORD_18451,PROD_SCR_01,1,299,299
ITEM_60953,ORD_18452,PROD_WATCH_02,1,5499,5499
ITEM_60954,ORD_18453,PROD_EAR_02,1,2499,2499
ITEM_60955,ORD_18454,PROD_CASE_02,1,799,799
ITEM_60956,ORD_18455,PROD_CHG_04,1,1499,1499
ITEM_60957,ORD_18456,PROD_PWR_05,1,2799,2799
ITEM_60958,ORD_18457,PROD_WATCH_05,1,6999,6999
ITEM_60959,ORD_18458,PROD_WATCH_04,1,3999,3999
ITEM_60960,ORD_18459,PROD_SPK_02,1,3999,3999
ITEM_60961,ORD_18460,PROD_CASE_05,1,899,899
ITEM_60962,ORD_18461,PROD_PWR_02,1,2199,2199
ITEM_60963,ORD_18462,PROD_EAR_02,1,2499,2499
ITEM_60964,ORD_18463,PROD_CASE_02,1,799,799
ITEM_60965,ORD_18464,PROD_WATCH_04,1,3999,3999
ITEM_60966,ORD_18465,PROD_SCR_02,1,499,499
ITEM_60967,ORD_18466,PROD_SPK_04,1,3299,3299
ITEM_60968,ORD_18467,PROD_PWR_04,1,899,899
ITEM_60969,ORD_18468,PROD_CASE_04,1,599,599
ITEM_60970,ORD_18469,PROD_SCR_01,1,299,299
ITEM_60971,ORD_18470,PROD_WATCH_02,1,5499,5499
ITEM_60972,ORD_18471,PROD_SPK_03,1,1299,1299
ITEM_60973,ORD_18472,PROD_CHG_02,1,1899,1899
ITEM_60974,ORD_18473,PROD_SPK_02,1,3999,3999
ITEM_60975,ORD_18474,PROD_EAR_03,1,3499,3499
ITEM_60976,ORD_18475,PROD_EAR_03,1,3499,3499
ITEM_60977,ORD_18476,PROD_CASE_03,1,999,999
ITEM_60978,ORD_18477,PROD_PWR_02,1,2199,2199
ITEM_60979,ORD_18478,PROD_WATCH_05,1,6999,6999
ITEM_60980,ORD_18479,PROD_CHG_03,1,999,999
ITEM_60981,ORD_18480,PROD_CASE_05,1,899,899
ITEM_60982,ORD_18481,PROD_SPK_02,1,3999,3999
ITEM_60983,ORD_18482,PROD_SPK_01,1,2499,2499
ITEM_60984,ORD_18483,PROD_CASE_04,1,599,599
ITEM_60985,ORD_18484,PROD_EAR_05,1,1999,1999
ITEM_60986,ORD_18485,PROD_PWR_01,1,1299,1299
ITEM_60987,ORD_18486,PROD_WATCH_05,1,6999,6999
ITEM_60988,ORD_18487,PROD_SPK_01,1,2499,2499
ITEM_60989,ORD_18488,PROD_CHG_05,1,799,799
ITEM_60990,ORD_18489,PROD_CHG_04,1,1499,1499
ITEM_60991,ORD_18490,PROD_PWR_03,1,3299,3299
ITEM_60992,ORD_18491,PROD_SPK_01,1,2499,2499
ITEM_60993,ORD_18492,PROD_CHG_01,1,699,699
ITEM_60994,ORD_18493,PROD_SPK_05,1,4999,4999
ITEM_60995,ORD_18494,PROD_PWR_04,1,899,899
ITEM_60996,ORD_18495,PROD_CHG_02,1,1899,1899
ITEM_60997,ORD_18496,PROD_WATCH_05,1,6999,6999
ITEM_60998,ORD_18497,PROD_WATCH_04,1,3999,3999
ITEM_60999,ORD_18498,PROD_SCR_02,1,499,499
ITEM_61000,ORD_18499,PROD_CASE_04,1,599,599
ITEM_61001,ORD_18500,PROD_SCR_02,1,499,499
ITEM_61002,ORD_18501,PROD_SCR_04,1,699,699
ITEM_61003,ORD_18502,PROD_SCR_01,1,299,299
ITEM_61004,ORD_18503,PROD_PWR_01,1,1299,1299
ITEM_61005,ORD_18504,PROD_SCR_05,1,249,249
ITEM_61006,ORD_18505,PROD_PWR_02,1,2199,2199
ITEM_61007,ORD_18506,PROD_SPK_01,1,2499,2499
ITEM_61008,ORD_18507,PROD_SPK_03,1,1299,1299
ITEM_61009,ORD_18508,PROD_CASE_05,1,899,899
ITEM_61010,ORD_18509,PROD_WATCH_05,1,6999,6999
ITEM_61011,ORD_18510,PROD_CASE_01,1,499,499
ITEM_61012,ORD_18511,PROD_EAR_02,1,2499,2499
ITEM_61013,ORD_18512,PROD_SPK_03,1,1299,1299
ITEM_61014,ORD_18513,PROD_PWR_01,1,1299,1299
ITEM_61015,ORD_18514,PROD_CASE_03,1,999,999
ITEM_61016,ORD_18515,PROD_EAR_05,1,1999,1999
ITEM_61017,ORD_18516,PROD_CASE_02,1,799,799
ITEM_61018,ORD_18517,PROD_SPK_04,1,3299,3299
ITEM_61019,ORD_18518,PROD_SPK_03,1,1299,1299
ITEM_61020,ORD_18519,PROD_WATCH_03,1,1899,1899
ITEM_61021,ORD_18520,PROD_SPK_02,1,3999,3999
ITEM_61022,ORD_18521,PROD_PWR_04,1,899,899
ITEM_61023,ORD_18522,PROD_CASE_03,1,999,999
ITEM_61024,ORD_18523,PROD_EAR_02,1,2499,2499
ITEM_61025,ORD_18524,PROD_CHG_04,1,1499,1499
ITEM_61026,ORD_18525,PROD_EAR_04,1,4299,4299
ITEM_61027,ORD_18526,PROD_WATCH_05,1,6999,6999
ITEM_61028,ORD_18527,PROD_SCR_03,1,349,349
ITEM_61029,ORD_18528,PROD_SPK_05,1,4999,4999
ITEM_61030,ORD_18529,PROD_SPK_01,1,2499,2499
ITEM_61031,ORD_18530,PROD_SPK_04,1,3299,3299
ITEM_61032,ORD_18531,PROD_SPK_04,1,3299,3299
ITEM_61033,ORD_18532,PROD_WATCH_05,1,6999,6999
ITEM_61034,ORD_18533,PROD_EAR_05,1,1999,1999
ITEM_61035,ORD_18534,PROD_SPK_04,1,3299,3299
ITEM_61036,ORD_18535,PROD_SPK_01,1,2499,2499
ITEM_61037,ORD_18536,PROD_SCR_02,1,499,499
ITEM_61038,ORD_18537,PROD_CASE_03,1,999,999
ITEM_61039,ORD_18538,PROD_SPK_04,1,3299,3299
ITEM_61040,ORD_18539,PROD_WATCH_04,1,3999,3999
ITEM_61041,ORD_18540,PROD_PWR_04,1,899,899
ITEM_61042,ORD_18541,PROD_SPK_04,1,3299,3299
ITEM_61043,ORD_18542,PROD_SPK_05,1,4999,4999
ITEM_61044,ORD_18543,PROD_WATCH_04,1,3999,3999
ITEM_61045,ORD_18544,PROD_SPK_05,1,4999,4999
ITEM_61046,ORD_18545,PROD_WATCH_04,1,3999,3999
ITEM_61047,ORD_18546,PROD_CASE_02,1,799,799
ITEM_61048,ORD_18547,PROD_CASE_02,1,799,799
ITEM_61049,ORD_18548,PROD_EAR_02,1,2499,2499
ITEM_61050,ORD_18549,PROD_PWR_05,1,2799,2799
ITEM_61051,ORD_18550,PROD_WATCH_05,1,6999,6999
ITEM_61052,ORD_18551,PROD_SCR_04,1,699,699
ITEM_61053,ORD_18552,PROD_WATCH_05,1,6999,6999
ITEM_61054,ORD_18553,PROD_SCR_02,1,499,499
ITEM_61055,ORD_18554,PROD_WATCH_02,1,5499,5499
ITEM_61056,ORD_18555,PROD_CHG_02,1,1899,1899
ITEM_61057,ORD_18556,PROD_SPK_01,1,2499,2499
ITEM_61058,ORD_18557,PROD_SPK_03,1,1299,1299
ITEM_61059,ORD_18558,PROD_WATCH_04,1,3999,3999
ITEM_61060,ORD_18559,PROD_CHG_05,1,799,799
ITEM_61061,ORD_18560,PROD_CHG_04,1,1499,1499
ITEM_61062,ORD_18561,PROD_CHG_02,1,1899,1899
ITEM_61063,ORD_18562,PROD_SPK_04,1,3299,3299
ITEM_61064,ORD_18563,PROD_SPK_04,1,3299,3299
ITEM_61065,ORD_18564,PROD_SPK_04,1,3299,3299
ITEM_61066,ORD_18565,PROD_WATCH_05,1,6999,6999
ITEM_61067,ORD_18566,PROD_SCR_01,1,299,299
ITEM_61068,ORD_18567,PROD_SPK_02,1,3999,3999
ITEM_61069,ORD_18568,PROD_SCR_05,1,249,249
ITEM_61070,ORD_18569,PROD_SCR_02,1,499,499
ITEM_61071,ORD_18570,PROD_SCR_05,1,249,249
ITEM_61072,ORD_18571,PROD_PWR_02,1,2199,2199
ITEM_61073,ORD_18572,PROD_CASE_04,1,599,599
ITEM_61074,ORD_18573,PROD_EAR_03,1,3499,3499
ITEM_61075,ORD_18574,PROD_SPK_05,1,4999,4999
ITEM_61076,ORD_18575,PROD_WATCH_04,1,3999,3999
ITEM_61077,ORD_18576,PROD_SPK_04,1,3299,3299
ITEM_61078,ORD_18577,PROD_CHG_05,1,799,799
ITEM_61079,ORD_18578,PROD_PWR_01,1,1299,1299
ITEM_61080,ORD_18579,PROD_WATCH_04,1,3999,3999
ITEM_61081,ORD_18580,PROD_CHG_03,1,999,999
ITEM_61082,ORD_18581,PROD_CASE_04,1,599,599
ITEM_61083,ORD_18582,PROD_PWR_02,1,2199,2199
ITEM_61084,ORD_18583,PROD_SCR_05,1,249,249
ITEM_61085,ORD_18584,PROD_CASE_05,1,899,899
ITEM_61086,ORD_18585,PROD_CHG_05,1,799,799
ITEM_61087,ORD_18586,PROD_WATCH_04,1,3999,3999
ITEM_61088,ORD_18587,PROD_CASE_01,1,499,499
ITEM_61089,ORD_18588,PROD_EAR_04,1,4299,4299
ITEM_61090,ORD_18589,PROD_PWR_04,1,899,899
ITEM_61091,ORD_18590,PROD_WATCH_04,1,3999,3999
ITEM_61092,ORD_18591,PROD_SPK_03,1,1299,1299
ITEM_61093,ORD_18592,PROD_SCR_03,1,349,349
ITEM_61094,ORD_18593,PROD_PWR_05,1,2799,2799
ITEM_61095,ORD_18594,PROD_SPK_04,1,3299,3299
ITEM_61096,ORD_18595,PROD_SPK_03,1,1299,1299
ITEM_61097,ORD_18596,PROD_EAR_02,1,2499,2499
ITEM_61098,ORD_18597,PROD_EAR_05,1,1999,1999
ITEM_61099,ORD_18598,PROD_PWR_05,1,2799,2799
ITEM_61100,ORD_18599,PROD_SPK_02,1,3999,3999
ITEM_61101,ORD_18600,PROD_SCR_01,1,299,299
ITEM_61102,ORD_18601,PROD_WATCH_05,1,6999,6999
ITEM_61103,ORD_18602,PROD_CASE_02,1,799,799
ITEM_61104,ORD_18603,PROD_CASE_03,1,999,999
ITEM_61105,ORD_18604,PROD_SCR_05,1,249,249
ITEM_61106,ORD_18605,PROD_CASE_05,1,899,899
ITEM_61107,ORD_18606,PROD_CASE_01,1,499,499
ITEM_61108,ORD_18607,PROD_PWR_05,1,2799,2799
ITEM_61109,ORD_18608,PROD_WATCH_05,1,6999,6999
ITEM_61110,ORD_18609,PROD_CHG_03,1,999,999
ITEM_61111,ORD_18610,PROD_CHG_01,1,699,699
ITEM_61112,ORD_18611,PROD_CASE_01,1,499,499
ITEM_61113,ORD_18612,PROD_CHG_05,1,799,799
ITEM_61114,ORD_18613,PROD_CASE_05,1,899,899
ITEM_61115,ORD_18614,PROD_EAR_05,1,1999,1999
ITEM_61116,ORD_18615,PROD_SPK_02,1,3999,3999
ITEM_61117,ORD_18616,PROD_CHG_02,1,1899,1899
ITEM_61118,ORD_18617,PROD_EAR_02,1,2499,2499
ITEM_61119,ORD_18618,PROD_CASE_03,1,999,999
ITEM_61120,ORD_18619,PROD_WATCH_03,1,1899,1899
ITEM_61121,ORD_18620,PROD_SPK_04,1,3299,3299
ITEM_61122,ORD_18621,PROD_SCR_05,1,249,249
ITEM_61123,ORD_18622,PROD_PWR_01,1,1299,1299
ITEM_61124,ORD_18623,PROD_WATCH_02,1,5499,5499
ITEM_61125,ORD_18624,PROD_PWR_03,1,3299,3299
ITEM_61126,ORD_18625,PROD_SCR_02,1,499,499
ITEM_61127,ORD_18626,PROD_WATCH_03,1,1899,1899
ITEM_61128,ORD_18627,PROD_PWR_05,1,2799,2799
ITEM_61129,ORD_18628,PROD_EAR_05,1,1999,1999
ITEM_61130,ORD_18629,PROD_PWR_03,1,3299,3299
ITEM_61131,ORD_18630,PROD_WATCH_02,1,5499,5499
ITEM_61132,ORD_18631,PROD_CASE_02,1,799,799
ITEM_61133,ORD_18632,PROD_CHG_04,1,1499,1499
ITEM_61134,ORD_18633,PROD_SPK_03,1,1299,1299
ITEM_61135,ORD_18634,PROD_PWR_01,1,1299,1299
ITEM_61136,ORD_18635,PROD_EAR_04,1,4299,4299
ITEM_61137,ORD_18636,PROD_PWR_04,1,899,899
ITEM_61138,ORD_18637,PROD_WATCH_03,1,1899,1899
ITEM_61139,ORD_18638,PROD_PWR_02,1,2199,2199
ITEM_61140,ORD_18639,PROD_PWR_02,1,2199,2199
ITEM_61141,ORD_18640,PROD_EAR_04,1,4299,4299
ITEM_61142,ORD_18641,PROD_CHG_03,1,999,999
ITEM_61143,ORD_18642,PROD_WATCH_05,1,6999,6999
ITEM_61144,ORD_18643,PROD_CASE_05,1,899,899
ITEM_61145,ORD_18644,PROD_CASE_02,1,799,799
ITEM_61146,ORD_18645,PROD_SCR_04,1,699,699
ITEM_61147,ORD_18646,PROD_EAR_02,1,2499,2499
ITEM_61148,ORD_18647,PROD_CASE_02,1,799,799
ITEM_61149,ORD_18648,PROD_SPK_05,1,4999,4999
ITEM_61150,ORD_18649,PROD_EAR_05,1,1999,1999
ITEM_61151,ORD_18650,PROD_CHG_03,1,999,999
ITEM_61152,ORD_18651,PROD_CASE_05,1,899,899
ITEM_61153,ORD_18652,PROD_EAR_02,1,2499,2499
ITEM_61154,ORD_18653,PROD_SCR_05,1,249,249
ITEM_61155,ORD_18654,PROD_SCR_05,1,249,249
ITEM_61156,ORD_18655,PROD_CHG_04,1,1499,1499
ITEM_61157,ORD_18656,PROD_PWR_04,1,899,899
ITEM_61158,ORD_18657,PROD_SPK_02,1,3999,3999
ITEM_61159,ORD_18658,PROD_SCR_04,1,699,699
ITEM_61160,ORD_18659,PROD_CHG_01,1,699,699
ITEM_61161,ORD_18660,PROD_SCR_04,1,699,699
ITEM_61162,ORD_18661,PROD_PWR_01,1,1299,1299
ITEM_61163,ORD_18662,PROD_CASE_04,1,599,599
ITEM_61164,ORD_18663,PROD_CASE_05,1,899,899
ITEM_61165,ORD_18664,PROD_SCR_01,1,299,299
ITEM_61166,ORD_18665,PROD_SCR_03,1,349,349
ITEM_61167,ORD_18666,PROD_SCR_01,1,299,299
ITEM_61168,ORD_18667,PROD_SCR_04,1,699,699
ITEM_61169,ORD_18668,PROD_WATCH_02,1,5499,5499
ITEM_61170,ORD_18669,PROD_CASE_01,1,499,499
ITEM_61171,ORD_18670,PROD_WATCH_04,1,3999,3999
ITEM_61172,ORD_18671,PROD_CASE_02,1,799,799
ITEM_61173,ORD_18672,PROD_WATCH_04,1,3999,3999
ITEM_61174,ORD_18673,PROD_SCR_01,1,299,299
ITEM_61175,ORD_18674,PROD_PWR_05,1,2799,2799
ITEM_61176,ORD_18675,PROD_WATCH_05,1,6999,6999
ITEM_61177,ORD_18676,PROD_CASE_05,1,899,899
ITEM_61178,ORD_18677,PROD_EAR_04,1,4299,4299
ITEM_61179,ORD_18678,PROD_CASE_01,1,499,499
ITEM_61180,ORD_18679,PROD_EAR_03,1,3499,3499
ITEM_61181,ORD_18680,PROD_CASE_01,1,499,499
ITEM_61182,ORD_18681,PROD_CASE_01,1,499,499
ITEM_61183,ORD_18682,PROD_PWR_02,1,2199,2199
ITEM_61184,ORD_18683,PROD_SCR_03,1,349,349
ITEM_61185,ORD_18684,PROD_SPK_02,1,3999,3999
ITEM_61186,ORD_18685,PROD_CHG_04,1,1499,1499
ITEM_61187,ORD_18686,PROD_CASE_05,1,899,899
ITEM_61188,ORD_18687,PROD_SPK_04,1,3299,3299
ITEM_61189,ORD_18688,PROD_EAR_05,1,1999,1999
ITEM_61190,ORD_18689,PROD_CHG_02,1,1899,1899
ITEM_61191,ORD_18690,PROD_CHG_02,1,1899,1899
ITEM_61192,ORD_18691,PROD_EAR_02,1,2499,2499
ITEM_61193,ORD_18692,PROD_CASE_05,1,899,899
ITEM_61194,ORD_18693,PROD_CHG_05,1,799,799
ITEM_61195,ORD_18694,PROD_CHG_04,1,1499,1499
ITEM_61196,ORD_18695,PROD_SCR_05,1,249,249
ITEM_61197,ORD_18696,PROD_SCR_02,1,499,499
ITEM_61198,ORD_18697,PROD_CASE_01,1,499,499
ITEM_61199,ORD_18698,PROD_SPK_04,1,3299,3299
ITEM_61200,ORD_18699,PROD_SCR_04,1,699,699
ITEM_61201,ORD_18700,PROD_CASE_02,1,799,799
ITEM_61202,ORD_18701,PROD_WATCH_05,1,6999,6999
ITEM_61203,ORD_18702,PROD_WATCH_03,1,1899,1899
ITEM_61204,ORD_18703,PROD_SCR_03,1,349,349
ITEM_61205,ORD_18704,PROD_SCR_02,1,499,499
ITEM_61206,ORD_18705,PROD_SPK_05,1,4999,4999
ITEM_61207,ORD_18706,PROD_SCR_02,1,499,499
ITEM_61208,ORD_18707,PROD_SPK_03,1,1299,1299
ITEM_61209,ORD_18708,PROD_WATCH_04,1,3999,3999
ITEM_61210,ORD_18709,PROD_WATCH_03,1,1899,1899
ITEM_61211,ORD_18710,PROD_SCR_01,1,299,299
ITEM_61212,ORD_18711,PROD_CHG_03,1,999,999
ITEM_61213,ORD_18712,PROD_CHG_02,1,1899,1899
ITEM_61214,ORD_18713,PROD_WATCH_03,1,1899,1899
ITEM_61215,ORD_18714,PROD_EAR_03,1,3499,3499
ITEM_61216,ORD_18715,PROD_WATCH_05,1,6999,6999
ITEM_61217,ORD_18716,PROD_PWR_05,1,2799,2799
ITEM_61218,ORD_18717,PROD_WATCH_03,1,1899,1899
ITEM_61219,ORD_18718,PROD_EAR_02,1,2499,2499
ITEM_61220,ORD_18719,PROD_EAR_03,1,3499,3499
ITEM_61221,ORD_18720,PROD_SCR_01,1,299,299
ITEM_61222,ORD_18721,PROD_WATCH_03,1,1899,1899
ITEM_61223,ORD_18722,PROD_PWR_01,1,1299,1299
ITEM_61224,ORD_18723,PROD_SCR_03,1,349,349
ITEM_61225,ORD_18724,PROD_PWR_01,1,1299,1299
ITEM_61226,ORD_18725,PROD_CASE_03,1,999,999
ITEM_61227,ORD_18726,PROD_WATCH_03,1,1899,1899
ITEM_61228,ORD_18727,PROD_CASE_03,1,999,999
ITEM_61229,ORD_18728,PROD_CHG_05,1,799,799
ITEM_61230,ORD_18729,PROD_SPK_02,1,3999,3999
ITEM_61231,ORD_18730,PROD_EAR_02,1,2499,2499
ITEM_61232,ORD_18731,PROD_PWR_02,1,2199,2199
ITEM_61233,ORD_18732,PROD_CASE_05,1,899,899
ITEM_61234,ORD_18733,PROD_CHG_02,1,1899,1899
ITEM_61235,ORD_18734,PROD_SPK_05,1,4999,4999
ITEM_61236,ORD_18735,PROD_PWR_01,1,1299,1299
ITEM_61237,ORD_18736,PROD_SCR_05,1,249,249
ITEM_61238,ORD_18737,PROD_EAR_05,1,1999,1999
ITEM_61239,ORD_18738,PROD_EAR_02,1,2499,2499
ITEM_61240,ORD_18739,PROD_EAR_04,1,4299,4299
ITEM_61241,ORD_18740,PROD_WATCH_03,1,1899,1899
ITEM_61242,ORD_18741,PROD_EAR_02,1,2499,2499
ITEM_61243,ORD_18742,PROD_CHG_01,1,699,699
ITEM_61244,ORD_18743,PROD_CASE_03,1,999,999
ITEM_61245,ORD_18744,PROD_EAR_02,1,2499,2499
ITEM_61246,ORD_18745,PROD_CASE_03,1,999,999
ITEM_61247,ORD_18746,PROD_PWR_05,1,2799,2799
ITEM_61248,ORD_18747,PROD_SPK_01,1,2499,2499
ITEM_61249,ORD_18748,PROD_EAR_04,1,4299,4299
ITEM_61250,ORD_18749,PROD_PWR_03,1,3299,3299
ITEM_61251,ORD_18750,PROD_CHG_01,1,699,699
ITEM_61252,ORD_18751,PROD_SCR_02,1,499,499
ITEM_61253,ORD_18752,PROD_PWR_02,1,2199,2199
ITEM_61254,ORD_18753,PROD_SCR_05,1,249,249
ITEM_61255,ORD_18754,PROD_SCR_04,1,699,699
ITEM_61256,ORD_18755,PROD_CHG_03,1,999,999
ITEM_61257,ORD_18756,PROD_WATCH_04,1,3999,3999
ITEM_61258,ORD_18757,PROD_EAR_03,1,3499,3499
ITEM_61259,ORD_18758,PROD_CHG_02,1,1899,1899
ITEM_61260,ORD_18759,PROD_CASE_05,1,899,899
ITEM_61261,ORD_18760,PROD_EAR_02,1,2499,2499
ITEM_61262,ORD_18761,PROD_WATCH_05,1,6999,6999
ITEM_61263,ORD_18762,PROD_EAR_03,1,3499,3499
ITEM_61264,ORD_18763,PROD_WATCH_04,1,3999,3999
ITEM_61265,ORD_18764,PROD_SCR_04,1,699,699
ITEM_61266,ORD_18765,PROD_SPK_04,1,3299,3299
ITEM_61267,ORD_18766,PROD_SPK_04,1,3299,3299
ITEM_61268,ORD_18767,PROD_WATCH_02,1,5499,5499
ITEM_61269,ORD_18768,PROD_WATCH_05,1,6999,6999
ITEM_61270,ORD_18769,PROD_WATCH_02,1,5499,5499
ITEM_61271,ORD_18770,PROD_SPK_04,1,3299,3299
ITEM_61272,ORD_18771,PROD_SPK_01,1,2499,2499
ITEM_61273,ORD_18772,PROD_CASE_03,1,999,999
ITEM_61274,ORD_18773,PROD_WATCH_03,1,1899,1899
ITEM_61275,ORD_18774,PROD_CASE_02,1,799,799
ITEM_61276,ORD_18775,PROD_SCR_05,1,249,249
ITEM_61277,ORD_18776,PROD_PWR_01,1,1299,1299
ITEM_61278,ORD_18777,PROD_EAR_03,1,3499,3499
ITEM_61279,ORD_18778,PROD_PWR_01,1,1299,1299
ITEM_61280,ORD_18779,PROD_WATCH_05,1,6999,6999
ITEM_61281,ORD_18780,PROD_PWR_02,1,2199,2199
ITEM_61282,ORD_18781,PROD_CHG_05,1,799,799
ITEM_61283,ORD_18782,PROD_SPK_05,1,4999,4999
ITEM_61284,ORD_18783,PROD_PWR_02,1,2199,2199
ITEM_61285,ORD_18784,PROD_SPK_01,1,2499,2499
ITEM_61286,ORD_18785,PROD_CHG_02,1,1899,1899
ITEM_61287,ORD_18786,PROD_PWR_04,1,899,899
ITEM_61288,ORD_18787,PROD_WATCH_05,1,6999,6999
ITEM_61289,ORD_18788,PROD_SPK_04,1,3299,3299
ITEM_61290,ORD_18789,PROD_SCR_04,1,699,699
ITEM_61291,ORD_18790,PROD_WATCH_05,1,6999,6999
ITEM_61292,ORD_18791,PROD_SPK_03,1,1299,1299
ITEM_61293,ORD_18792,PROD_SPK_01,1,2499,2499
ITEM_61294,ORD_18793,PROD_SPK_03,1,1299,1299
ITEM_61295,ORD_18794,PROD_EAR_04,1,4299,4299
ITEM_61296,ORD_18795,PROD_EAR_02,1,2499,2499
ITEM_61297,ORD_18796,PROD_SPK_01,1,2499,2499
ITEM_61298,ORD_18797,PROD_PWR_05,1,2799,2799
ITEM_61299,ORD_18798,PROD_EAR_05,1,1999,1999
ITEM_61300,ORD_18799,PROD_CASE_03,1,999,999
ITEM_61301,ORD_18800,PROD_SPK_03,1,1299,1299
ITEM_61302,ORD_18801,PROD_SPK_04,1,3299,3299
ITEM_61303,ORD_18802,PROD_CASE_04,1,599,599
ITEM_61304,ORD_18803,PROD_SPK_03,1,1299,1299
ITEM_61305,ORD_18804,PROD_WATCH_04,1,3999,3999
ITEM_61306,ORD_18805,PROD_SPK_05,1,4999,4999
ITEM_61307,ORD_18806,PROD_CHG_02,1,1899,1899
ITEM_61308,ORD_18807,PROD_WATCH_05,1,6999,6999
ITEM_61309,ORD_18808,PROD_WATCH_02,1,5499,5499
ITEM_61310,ORD_18809,PROD_CHG_05,1,799,799
ITEM_61311,ORD_18810,PROD_SCR_04,1,699,699
ITEM_61312,ORD_18811,PROD_CASE_01,1,499,499
ITEM_61313,ORD_18812,PROD_WATCH_03,1,1899,1899
ITEM_61314,ORD_18813,PROD_CASE_02,1,799,799
ITEM_61315,ORD_18814,PROD_CASE_04,1,599,599
ITEM_61316,ORD_18815,PROD_PWR_05,1,2799,2799
ITEM_61317,ORD_18816,PROD_WATCH_04,1,3999,3999
ITEM_61318,ORD_18817,PROD_SCR_04,1,699,699
ITEM_61319,ORD_18818,PROD_SCR_04,1,699,699
ITEM_61320,ORD_18819,PROD_SPK_02,1,3999,3999
ITEM_61321,ORD_18820,PROD_SCR_01,1,299,299
ITEM_61322,ORD_18821,PROD_CHG_02,1,1899,1899
ITEM_61323,ORD_18822,PROD_PWR_01,1,1299,1299
ITEM_61324,ORD_18823,PROD_WATCH_04,1,3999,3999
ITEM_61325,ORD_18824,PROD_CHG_01,1,699,699
ITEM_61326,ORD_18825,PROD_CHG_02,1,1899,1899
ITEM_61327,ORD_18826,PROD_SCR_02,1,499,499
ITEM_61328,ORD_18827,PROD_CASE_02,1,799,799
ITEM_61329,ORD_18828,PROD_SPK_04,1,3299,3299
ITEM_61330,ORD_18829,PROD_SCR_02,1,499,499
ITEM_61331,ORD_18830,PROD_SPK_05,1,4999,4999
ITEM_61332,ORD_18831,PROD_CASE_05,1,899,899
ITEM_61333,ORD_18832,PROD_SPK_04,1,3299,3299
ITEM_61334,ORD_18833,PROD_PWR_04,1,899,899
ITEM_61335,ORD_18834,PROD_CHG_03,1,999,999
ITEM_61336,ORD_18835,PROD_PWR_01,1,1299,1299
ITEM_61337,ORD_18836,PROD_CASE_03,1,999,999
ITEM_61338,ORD_18837,PROD_SPK_02,1,3999,3999
ITEM_61339,ORD_18838,PROD_CHG_03,1,999,999
ITEM_61340,ORD_18839,PROD_SPK_05,1,4999,4999
ITEM_61341,ORD_18840,PROD_WATCH_03,1,1899,1899
ITEM_61342,ORD_18841,PROD_SCR_02,1,499,499
ITEM_61343,ORD_18842,PROD_EAR_05,1,1999,1999
ITEM_61344,ORD_18843,PROD_WATCH_05,1,6999,6999
ITEM_61345,ORD_18844,PROD_SCR_02,1,499,499
ITEM_61346,ORD_18845,PROD_SCR_04,1,699,699
ITEM_61347,ORD_18846,PROD_PWR_03,1,3299,3299
ITEM_61348,ORD_18847,PROD_PWR_01,1,1299,1299
ITEM_61349,ORD_18848,PROD_EAR_04,1,4299,4299
ITEM_61350,ORD_18849,PROD_WATCH_05,1,6999,6999
ITEM_61351,ORD_18850,PROD_PWR_03,1,3299,3299
ITEM_61352,ORD_18851,PROD_PWR_05,1,2799,2799
ITEM_61353,ORD_18852,PROD_EAR_04,1,4299,4299
ITEM_61354,ORD_18853,PROD_CASE_03,1,999,999
ITEM_61355,ORD_18854,PROD_SCR_04,1,699,699
ITEM_61356,ORD_18855,PROD_PWR_05,1,2799,2799
ITEM_61357,ORD_18856,PROD_SCR_03,1,349,349
ITEM_61358,ORD_18857,PROD_CHG_01,1,699,699
ITEM_61359,ORD_18858,PROD_SCR_03,1,349,349
ITEM_61360,ORD_18859,PROD_SPK_01,1,2499,2499
ITEM_61361,ORD_18860,PROD_EAR_05,1,1999,1999
ITEM_61362,ORD_18861,PROD_WATCH_05,1,6999,6999
ITEM_61363,ORD_18862,PROD_SPK_03,1,1299,1299
ITEM_61364,ORD_18863,PROD_SCR_05,1,249,249
ITEM_61365,ORD_18864,PROD_CASE_02,1,799,799
ITEM_61366,ORD_18865,PROD_WATCH_05,1,6999,6999
ITEM_61367,ORD_18866,PROD_SCR_05,1,249,249
ITEM_61368,ORD_18867,PROD_SPK_05,1,4999,4999
ITEM_61369,ORD_18868,PROD_CHG_03,1,999,999
ITEM_61370,ORD_18869,PROD_CASE_05,1,899,899
ITEM_61371,ORD_18870,PROD_CHG_02,1,1899,1899
ITEM_61372,ORD_18871,PROD_CASE_05,1,899,899
ITEM_61373,ORD_18872,PROD_PWR_03,1,3299,3299
ITEM_61374,ORD_18873,PROD_WATCH_02,1,5499,5499
ITEM_61375,ORD_18874,PROD_SCR_05,1,249,249
ITEM_61376,ORD_18875,PROD_SCR_04,1,699,699
ITEM_61377,ORD_18876,PROD_EAR_02,1,2499,2499
ITEM_61378,ORD_18877,PROD_CHG_02,1,1899,1899
ITEM_61379,ORD_18878,PROD_SPK_04,1,3299,3299
ITEM_61380,ORD_18879,PROD_PWR_02,1,2199,2199
ITEM_61381,ORD_18880,PROD_SCR_02,1,499,499
ITEM_61382,ORD_18881,PROD_CHG_01,1,699,699
ITEM_61383,ORD_18882,PROD_PWR_05,1,2799,2799
ITEM_61384,ORD_18883,PROD_EAR_05,1,1999,1999
ITEM_61385,ORD_18884,PROD_CHG_03,1,999,999
ITEM_61386,ORD_18885,PROD_WATCH_05,1,6999,6999
ITEM_61387,ORD_18886,PROD_CHG_04,1,1499,1499
ITEM_61388,ORD_18887,PROD_SCR_04,1,699,699
ITEM_61389,ORD_18888,PROD_CHG_03,1,999,999
ITEM_61390,ORD_18889,PROD_WATCH_04,1,3999,3999
ITEM_61391,ORD_18890,PROD_CHG_05,1,799,799
ITEM_61392,ORD_18891,PROD_PWR_01,1,1299,1299
ITEM_61393,ORD_18892,PROD_CHG_01,1,699,699
ITEM_61394,ORD_18893,PROD_EAR_05,1,1999,1999
ITEM_61395,ORD_18894,PROD_CASE_02,1,799,799
ITEM_61396,ORD_18895,PROD_CASE_03,1,999,999
ITEM_61397,ORD_18896,PROD_SCR_05,1,249,249
ITEM_61398,ORD_18897,PROD_SCR_03,1,349,349
ITEM_61399,ORD_18898,PROD_EAR_05,1,1999,1999
ITEM_61400,ORD_18899,PROD_CHG_04,1,1499,1499
ITEM_61401,ORD_18900,PROD_WATCH_04,1,3999,3999
ITEM_61402,ORD_18901,PROD_PWR_02,1,2199,2199
ITEM_61403,ORD_18902,PROD_CHG_03,1,999,999
ITEM_61404,ORD_18903,PROD_CHG_04,1,1499,1499
ITEM_61405,ORD_18904,PROD_SPK_03,1,1299,1299
ITEM_61406,ORD_18905,PROD_CHG_01,1,699,699
ITEM_61407,ORD_18906,PROD_SCR_05,1,249,249
ITEM_61408,ORD_18907,PROD_SPK_05,1,4999,4999
ITEM_61409,ORD_18908,PROD_WATCH_03,1,1899,1899
ITEM_61410,ORD_18909,PROD_SPK_04,1,3299,3299
ITEM_61411,ORD_18910,PROD_CASE_03,1,999,999
ITEM_61412,ORD_18911,PROD_CASE_04,1,599,599
ITEM_61413,ORD_18912,PROD_CHG_01,1,699,699
ITEM_61414,ORD_18913,PROD_PWR_02,1,2199,2199
ITEM_61415,ORD_18914,PROD_CASE_04,1,599,599
ITEM_61416,ORD_18915,PROD_WATCH_02,1,5499,5499
ITEM_61417,ORD_18916,PROD_PWR_02,1,2199,2199
ITEM_61418,ORD_18917,PROD_SCR_05,1,249,249
ITEM_61419,ORD_18918,PROD_CASE_04,1,599,599
ITEM_61420,ORD_18919,PROD_EAR_05,1,1999,1999
ITEM_61421,ORD_18920,PROD_WATCH_03,1,1899,1899
ITEM_61422,ORD_18921,PROD_SCR_04,1,699,699
ITEM_61423,ORD_18922,PROD_SPK_02,1,3999,3999
ITEM_61424,ORD_18923,PROD_SPK_02,1,3999,3999
ITEM_61425,ORD_18924,PROD_CHG_04,1,1499,1499
ITEM_61426,ORD_18925,PROD_SPK_05,1,4999,4999
ITEM_61427,ORD_18926,PROD_WATCH_04,1,3999,3999
ITEM_61428,ORD_18927,PROD_PWR_03,1,3299,3299
ITEM_61429,ORD_18928,PROD_CASE_05,1,899,899
ITEM_61430,ORD_18929,PROD_EAR_05,1,1999,1999
ITEM_61431,ORD_18930,PROD_CASE_04,1,599,599
ITEM_61432,ORD_18931,PROD_PWR_02,1,2199,2199
ITEM_61433,ORD_18932,PROD_CHG_02,1,1899,1899
ITEM_61434,ORD_18933,PROD_EAR_03,1,3499,3499
ITEM_61435,ORD_18934,PROD_EAR_03,1,3499,3499
ITEM_61436,ORD_18935,PROD_SPK_01,1,2499,2499
ITEM_61437,ORD_18936,PROD_PWR_04,1,899,899
ITEM_61438,ORD_18937,PROD_SPK_05,1,4999,4999
ITEM_61439,ORD_18938,PROD_SCR_04,1,699,699
ITEM_61440,ORD_18939,PROD_WATCH_04,1,3999,3999
ITEM_61441,ORD_18940,PROD_SPK_02,1,3999,3999
ITEM_61442,ORD_18941,PROD_EAR_05,1,1999,1999
ITEM_61443,ORD_18942,PROD_CASE_02,1,799,799
ITEM_61444,ORD_18943,PROD_WATCH_02,1,5499,5499
ITEM_61445,ORD_18944,PROD_CASE_05,1,899,899
ITEM_61446,ORD_18945,PROD_CASE_03,1,999,999
ITEM_61447,ORD_18946,PROD_PWR_02,1,2199,2199
ITEM_61448,ORD_18947,PROD_CHG_05,1,799,799
ITEM_61449,ORD_18948,PROD_CHG_04,1,1499,1499
ITEM_61450,ORD_18949,PROD_WATCH_05,1,6999,6999
ITEM_61451,ORD_18950,PROD_CHG_02,1,1899,1899
ITEM_61452,ORD_18951,PROD_EAR_02,1,2499,2499
ITEM_61453,ORD_18952,PROD_CHG_02,1,1899,1899
ITEM_61454,ORD_18953,PROD_SPK_04,1,3299,3299
ITEM_61455,ORD_18954,PROD_EAR_02,1,2499,2499
ITEM_61456,ORD_18955,PROD_SPK_04,1,3299,3299
ITEM_61457,ORD_18956,PROD_PWR_04,1,899,899
ITEM_61458,ORD_18957,PROD_EAR_04,1,4299,4299
ITEM_61459,ORD_18958,PROD_WATCH_02,1,5499,5499
ITEM_61460,ORD_18959,PROD_CHG_04,1,1499,1499
ITEM_61461,ORD_18960,PROD_SPK_05,1,4999,4999
ITEM_61462,ORD_18961,PROD_CHG_02,1,1899,1899
ITEM_61463,ORD_18962,PROD_EAR_04,1,4299,4299
ITEM_61464,ORD_18963,PROD_SCR_05,1,249,249
ITEM_61465,ORD_18964,PROD_PWR_03,1,3299,3299
ITEM_61466,ORD_18965,PROD_SPK_04,1,3299,3299
ITEM_61467,ORD_18966,PROD_PWR_02,1,2199,2199
ITEM_61468,ORD_18967,PROD_CHG_03,1,999,999
ITEM_61469,ORD_18968,PROD_CASE_03,1,999,999
ITEM_61470,ORD_18969,PROD_CASE_04,1,599,599
ITEM_61471,ORD_18970,PROD_SPK_04,1,3299,3299
ITEM_61472,ORD_18971,PROD_PWR_02,1,2199,2199
ITEM_61473,ORD_18972,PROD_SCR_03,1,349,349
ITEM_61474,ORD_18973,PROD_CHG_05,1,799,799
ITEM_61475,ORD_18974,PROD_SCR_01,1,299,299
ITEM_61476,ORD_18975,PROD_SCR_04,1,699,699
ITEM_61477,ORD_18976,PROD_WATCH_03,1,1899,1899
ITEM_61478,ORD_18977,PROD_WATCH_04,1,3999,3999
ITEM_61479,ORD_18978,PROD_SCR_01,1,299,299
ITEM_61480,ORD_18979,PROD_PWR_01,1,1299,1299
ITEM_61481,ORD_18980,PROD_CASE_04,1,599,599
ITEM_61482,ORD_18981,PROD_SPK_05,1,4999,4999
ITEM_61483,ORD_18982,PROD_PWR_01,1,1299,1299
ITEM_61484,ORD_18983,PROD_SCR_05,1,249,249
ITEM_61485,ORD_18984,PROD_CHG_02,1,1899,1899
ITEM_61486,ORD_18985,PROD_SPK_04,1,3299,3299
ITEM_61487,ORD_18986,PROD_SPK_05,1,4999,4999
ITEM_61488,ORD_18987,PROD_PWR_02,1,2199,2199
ITEM_61489,ORD_18988,PROD_CASE_02,1,799,799
ITEM_61490,ORD_18989,PROD_CASE_05,1,899,899
ITEM_61491,ORD_18990,PROD_CHG_05,1,799,799
ITEM_61492,ORD_18991,PROD_WATCH_04,1,3999,3999
ITEM_61493,ORD_18992,PROD_SPK_03,1,1299,1299
ITEM_61494,ORD_18993,PROD_EAR_02,1,2499,2499
ITEM_61495,ORD_18994,PROD_PWR_02,1,2199,2199
ITEM_61496,ORD_18995,PROD_SPK_02,1,3999,3999
ITEM_61497,ORD_18996,PROD_SCR_01,1,299,299
ITEM_61498,ORD_18997,PROD_EAR_02,1,2499,2499
ITEM_61499,ORD_18998,PROD_EAR_02,1,2499,2499
ITEM_61500,ORD_18999,PROD_CASE_05,1,899,899
ITEM_61501,ORD_19000,PROD_SCR_01,1,299,299
ITEM_61502,ORD_19001,PROD_CHG_02,1,1899,1899
ITEM_61503,ORD_19002,PROD_EAR_02,1,2499,2499
ITEM_61504,ORD_19003,PROD_CASE_02,1,799,799
ITEM_61505,ORD_19004,PROD_PWR_05,1,2799,2799
ITEM_61506,ORD_19005,PROD_SPK_01,1,2499,2499
ITEM_61507,ORD_19006,PROD_CHG_03,1,999,999
ITEM_61508,ORD_19007,PROD_CHG_04,1,1499,1499
ITEM_61509,ORD_19008,PROD_SPK_05,1,4999,4999
ITEM_61510,ORD_19009,PROD_EAR_02,1,2499,2499
ITEM_61511,ORD_19010,PROD_CHG_04,1,1499,1499
ITEM_61512,ORD_19011,PROD_PWR_01,1,1299,1299
ITEM_61513,ORD_19012,PROD_PWR_01,1,1299,1299
ITEM_61514,ORD_19013,PROD_SPK_05,1,4999,4999
ITEM_61515,ORD_19014,PROD_EAR_03,1,3499,3499
ITEM_61516,ORD_19015,PROD_SCR_05,1,249,249
ITEM_61517,ORD_19016,PROD_CHG_02,1,1899,1899
ITEM_61518,ORD_19017,PROD_WATCH_03,1,1899,1899
ITEM_61519,ORD_19018,PROD_WATCH_05,1,6999,6999
ITEM_61520,ORD_19019,PROD_SPK_04,1,3299,3299
ITEM_61521,ORD_19020,PROD_WATCH_05,1,6999,6999
ITEM_61522,ORD_19021,PROD_SPK_04,1,3299,3299
ITEM_61523,ORD_19022,PROD_CASE_04,1,599,599
ITEM_61524,ORD_19023,PROD_CASE_01,1,499,499
ITEM_61525,ORD_19024,PROD_SPK_01,1,2499,2499
ITEM_61526,ORD_19025,PROD_PWR_03,1,3299,3299
ITEM_61527,ORD_19026,PROD_WATCH_03,1,1899,1899
ITEM_61528,ORD_19027,PROD_EAR_05,1,1999,1999
ITEM_61529,ORD_19028,PROD_SCR_03,1,349,349
ITEM_61530,ORD_19029,PROD_PWR_01,1,1299,1299
ITEM_61531,ORD_19030,PROD_SPK_05,1,4999,4999
ITEM_61532,ORD_19031,PROD_EAR_02,1,2499,2499
ITEM_61533,ORD_19032,PROD_WATCH_05,1,6999,6999
ITEM_61534,ORD_19033,PROD_WATCH_05,1,6999,6999
ITEM_61535,ORD_19034,PROD_PWR_02,1,2199,2199
ITEM_61536,ORD_19035,PROD_CHG_05,1,799,799
ITEM_61537,ORD_19036,PROD_SCR_02,1,499,499
ITEM_61538,ORD_19037,PROD_WATCH_05,1,6999,6999
ITEM_61539,ORD_19038,PROD_EAR_03,1,3499,3499
ITEM_61540,ORD_19039,PROD_WATCH_04,1,3999,3999
ITEM_61541,ORD_19040,PROD_WATCH_04,1,3999,3999
ITEM_61542,ORD_19041,PROD_SCR_04,1,699,699
ITEM_61543,ORD_19042,PROD_WATCH_03,1,1899,1899
ITEM_61544,ORD_19043,PROD_CHG_04,1,1499,1499
ITEM_61545,ORD_19044,PROD_EAR_04,1,4299,4299
ITEM_61546,ORD_19045,PROD_SCR_01,1,299,299
ITEM_61547,ORD_19046,PROD_SPK_01,1,2499,2499
ITEM_61548,ORD_19047,PROD_SCR_01,1,299,299
ITEM_61549,ORD_19048,PROD_SCR_02,1,499,499
ITEM_61550,ORD_19049,PROD_CHG_01,1,699,699
ITEM_61551,ORD_19050,PROD_SCR_04,1,699,699
ITEM_61552,ORD_19051,PROD_WATCH_02,1,5499,5499
ITEM_61553,ORD_19052,PROD_EAR_04,1,4299,4299
ITEM_61554,ORD_19053,PROD_PWR_05,1,2799,2799
ITEM_61555,ORD_19054,PROD_CASE_05,1,899,899
ITEM_61556,ORD_19055,PROD_CASE_02,1,799,799
ITEM_61557,ORD_19056,PROD_SCR_03,1,349,349
ITEM_61558,ORD_19057,PROD_CASE_02,1,799,799
ITEM_61559,ORD_19058,PROD_WATCH_02,1,5499,5499
ITEM_61560,ORD_19059,PROD_SCR_02,1,499,499
ITEM_61561,ORD_19060,PROD_PWR_03,1,3299,3299
ITEM_61562,ORD_19061,PROD_SCR_03,1,349,349
ITEM_61563,ORD_19062,PROD_CHG_01,1,699,699
ITEM_61564,ORD_19063,PROD_SPK_04,1,3299,3299
ITEM_61565,ORD_19064,PROD_SPK_01,1,2499,2499
ITEM_61566,ORD_19065,PROD_WATCH_04,1,3999,3999
ITEM_61567,ORD_19066,PROD_CHG_04,1,1499,1499
ITEM_61568,ORD_19067,PROD_SPK_04,1,3299,3299
ITEM_61569,ORD_19068,PROD_EAR_05,1,1999,1999
ITEM_61570,ORD_19069,PROD_PWR_04,1,899,899
ITEM_61571,ORD_19070,PROD_PWR_03,1,3299,3299
ITEM_61572,ORD_19071,PROD_SCR_05,1,249,249
ITEM_61573,ORD_19072,PROD_WATCH_05,1,6999,6999
ITEM_61574,ORD_19073,PROD_EAR_04,1,4299,4299
ITEM_61575,ORD_19074,PROD_EAR_02,1,2499,2499
ITEM_61576,ORD_19075,PROD_CHG_03,1,999,999
ITEM_61577,ORD_19076,PROD_EAR_02,1,2499,2499
ITEM_61578,ORD_19077,PROD_EAR_05,1,1999,1999
ITEM_61579,ORD_19078,PROD_SPK_05,1,4999,4999
ITEM_61580,ORD_19079,PROD_WATCH_02,1,5499,5499
ITEM_61581,ORD_19080,PROD_WATCH_03,1,1899,1899
ITEM_61582,ORD_19081,PROD_EAR_04,1,4299,4299
ITEM_61583,ORD_19082,PROD_PWR_03,1,3299,3299
ITEM_61584,ORD_19083,PROD_SPK_04,1,3299,3299
ITEM_61585,ORD_19084,PROD_CASE_04,1,599,599
ITEM_61586,ORD_19085,PROD_WATCH_04,1,3999,3999
ITEM_61587,ORD_19086,PROD_PWR_01,1,1299,1299
ITEM_61588,ORD_19087,PROD_CASE_04,1,599,599
ITEM_61589,ORD_19088,PROD_EAR_02,1,2499,2499
ITEM_61590,ORD_19089,PROD_CHG_01,1,699,699
ITEM_61591,ORD_19090,PROD_SPK_01,1,2499,2499
ITEM_61592,ORD_19091,PROD_EAR_04,1,4299,4299
ITEM_61593,ORD_19092,PROD_PWR_05,1,2799,2799
ITEM_61594,ORD_19093,PROD_SCR_04,1,699,699
ITEM_61595,ORD_19094,PROD_SCR_02,1,499,499
ITEM_61596,ORD_19095,PROD_CHG_03,1,999,999
ITEM_61597,ORD_19096,PROD_CHG_02,1,1899,1899
ITEM_61598,ORD_19097,PROD_SPK_03,1,1299,1299
ITEM_61599,ORD_19098,PROD_CHG_01,1,699,699
ITEM_61600,ORD_19099,PROD_PWR_03,1,3299,3299
ITEM_61601,ORD_19100,PROD_CASE_05,1,899,899
ITEM_61602,ORD_19101,PROD_EAR_02,1,2499,2499
ITEM_61603,ORD_19102,PROD_CASE_02,1,799,799
ITEM_61604,ORD_19103,PROD_CHG_02,1,1899,1899
ITEM_61605,ORD_19104,PROD_WATCH_02,1,5499,5499
ITEM_61606,ORD_19105,PROD_SPK_03,1,1299,1299
ITEM_61607,ORD_19106,PROD_SPK_01,1,2499,2499
ITEM_61608,ORD_19107,PROD_PWR_05,1,2799,2799
ITEM_61609,ORD_19108,PROD_PWR_05,1,2799,2799
ITEM_61610,ORD_19109,PROD_CASE_01,1,499,499
ITEM_61611,ORD_19110,PROD_SPK_01,1,2499,2499
ITEM_61612,ORD_19111,PROD_CASE_03,1,999,999
ITEM_61613,ORD_19112,PROD_EAR_02,1,2499,2499
ITEM_61614,ORD_19113,PROD_PWR_04,1,899,899
ITEM_61615,ORD_19114,PROD_SPK_03,1,1299,1299
ITEM_61616,ORD_19115,PROD_CHG_04,1,1499,1499
ITEM_61617,ORD_19116,PROD_SCR_03,1,349,349
ITEM_61618,ORD_19117,PROD_SCR_01,1,299,299
ITEM_61619,ORD_19118,PROD_WATCH_02,1,5499,5499
ITEM_61620,ORD_19119,PROD_CHG_02,1,1899,1899
ITEM_61621,ORD_19120,PROD_CASE_01,1,499,499
ITEM_61622,ORD_19121,PROD_SCR_04,1,699,699
ITEM_61623,ORD_19122,PROD_PWR_04,1,899,899
ITEM_61624,ORD_19123,PROD_PWR_03,1,3299,3299
ITEM_61625,ORD_19124,PROD_SPK_03,1,1299,1299
ITEM_61626,ORD_19125,PROD_CHG_05,1,799,799
ITEM_61627,ORD_19126,PROD_SCR_04,1,699,699
ITEM_61628,ORD_19127,PROD_EAR_05,1,1999,1999
ITEM_61629,ORD_19128,PROD_CASE_04,1,599,599
ITEM_61630,ORD_19129,PROD_WATCH_02,1,5499,5499
ITEM_61631,ORD_19130,PROD_CASE_03,1,999,999
ITEM_61632,ORD_19131,PROD_EAR_05,1,1999,1999
ITEM_61633,ORD_19132,PROD_CHG_05,1,799,799
ITEM_61634,ORD_19133,PROD_CASE_05,1,899,899
ITEM_61635,ORD_19134,PROD_CHG_02,1,1899,1899
ITEM_61636,ORD_19135,PROD_CHG_03,1,999,999
ITEM_61637,ORD_19136,PROD_CHG_04,1,1499,1499
ITEM_61638,ORD_19137,PROD_SCR_03,1,349,349
ITEM_61639,ORD_19138,PROD_CASE_04,1,599,599
ITEM_61640,ORD_19139,PROD_CASE_01,1,499,499
ITEM_61641,ORD_19140,PROD_SCR_02,1,499,499
ITEM_61642,ORD_19141,PROD_SCR_02,1,499,499
ITEM_61643,ORD_19142,PROD_SPK_03,1,1299,1299
ITEM_61644,ORD_19143,PROD_SPK_03,1,1299,1299
ITEM_61645,ORD_19144,PROD_WATCH_05,1,6999,6999
ITEM_61646,ORD_19145,PROD_CASE_03,1,999,999
ITEM_61647,ORD_19146,PROD_CASE_04,1,599,599
ITEM_61648,ORD_19147,PROD_WATCH_05,1,6999,6999
ITEM_61649,ORD_19148,PROD_WATCH_02,1,5499,5499
ITEM_61650,ORD_19149,PROD_SCR_03,1,349,349
ITEM_61651,ORD_19150,PROD_WATCH_04,1,3999,3999
ITEM_61652,ORD_19151,PROD_WATCH_05,1,6999,6999
ITEM_61653,ORD_19152,PROD_CASE_02,1,799,799
ITEM_61654,ORD_19153,PROD_WATCH_04,1,3999,3999
ITEM_61655,ORD_19154,PROD_SCR_03,1,349,349
ITEM_61656,ORD_19155,PROD_CASE_01,1,499,499
ITEM_61657,ORD_19156,PROD_CHG_02,1,1899,1899
ITEM_61658,ORD_19157,PROD_SCR_02,1,499,499
ITEM_61659,ORD_19158,PROD_SPK_05,1,4999,4999
ITEM_61660,ORD_19159,PROD_PWR_02,1,2199,2199
ITEM_61661,ORD_19160,PROD_EAR_05,1,1999,1999
ITEM_61662,ORD_19161,PROD_CHG_03,1,999,999
ITEM_61663,ORD_19162,PROD_SPK_01,1,2499,2499
ITEM_61664,ORD_19163,PROD_CASE_03,1,999,999
ITEM_61665,ORD_19164,PROD_SCR_01,1,299,299
ITEM_61666,ORD_19165,PROD_CHG_01,1,699,699
ITEM_61667,ORD_19166,PROD_CASE_05,1,899,899
ITEM_61668,ORD_19167,PROD_CHG_01,1,699,699
ITEM_61669,ORD_19168,PROD_SCR_03,1,349,349
ITEM_61670,ORD_19169,PROD_EAR_02,1,2499,2499
ITEM_61671,ORD_19170,PROD_SCR_03,1,349,349
ITEM_61672,ORD_19171,PROD_CHG_01,1,699,699
ITEM_61673,ORD_19172,PROD_PWR_02,1,2199,2199
ITEM_61674,ORD_19173,PROD_WATCH_04,1,3999,3999
ITEM_61675,ORD_19174,PROD_EAR_04,1,4299,4299
ITEM_61676,ORD_19175,PROD_PWR_03,1,3299,3299
ITEM_61677,ORD_19176,PROD_SCR_05,1,249,249
ITEM_61678,ORD_19177,PROD_SCR_01,1,299,299
ITEM_61679,ORD_19178,PROD_EAR_02,1,2499,2499
ITEM_61680,ORD_19179,PROD_SCR_02,1,499,499
ITEM_61681,ORD_19180,PROD_PWR_03,1,3299,3299
ITEM_61682,ORD_19181,PROD_SCR_05,1,249,249
ITEM_61683,ORD_19182,PROD_SCR_04,1,699,699
ITEM_61684,ORD_19183,PROD_EAR_05,1,1999,1999
ITEM_61685,ORD_19184,PROD_SCR_04,1,699,699
ITEM_61686,ORD_19185,PROD_WATCH_04,1,3999,3999
ITEM_61687,ORD_19186,PROD_PWR_03,1,3299,3299
ITEM_61688,ORD_19187,PROD_PWR_05,1,2799,2799
ITEM_61689,ORD_19188,PROD_SCR_04,1,699,699
ITEM_61690,ORD_19189,PROD_CHG_01,1,699,699
ITEM_61691,ORD_19190,PROD_CASE_01,1,499,499
ITEM_61692,ORD_19191,PROD_CASE_03,1,999,999
ITEM_61693,ORD_19192,PROD_CASE_05,1,899,899
ITEM_61694,ORD_19193,PROD_WATCH_05,1,6999,6999
ITEM_61695,ORD_19194,PROD_PWR_01,1,1299,1299
ITEM_61696,ORD_19195,PROD_CASE_02,1,799,799
ITEM_61697,ORD_19196,PROD_WATCH_03,1,1899,1899
ITEM_61698,ORD_19197,PROD_EAR_03,1,3499,3499
ITEM_61699,ORD_19198,PROD_WATCH_04,1,3999,3999
ITEM_61700,ORD_19199,PROD_CASE_04,1,599,599
ITEM_61701,ORD_19200,PROD_WATCH_04,1,3999,3999
ITEM_61702,ORD_19201,PROD_PWR_01,1,1299,1299
ITEM_61703,ORD_19202,PROD_CHG_01,1,699,699
ITEM_61704,ORD_19203,PROD_EAR_02,1,2499,2499
ITEM_61705,ORD_19204,PROD_PWR_01,1,1299,1299
ITEM_61706,ORD_19205,PROD_SPK_05,1,4999,4999
ITEM_61707,ORD_19206,PROD_PWR_04,1,899,899
ITEM_61708,ORD_19207,PROD_PWR_04,1,899,899
ITEM_61709,ORD_19208,PROD_SCR_05,1,249,249
ITEM_61710,ORD_19209,PROD_EAR_05,1,1999,1999
ITEM_61711,ORD_19210,PROD_WATCH_05,1,6999,6999
ITEM_61712,ORD_19211,PROD_CHG_01,1,699,699
ITEM_61713,ORD_19212,PROD_CASE_02,1,799,799
ITEM_61714,ORD_19213,PROD_SPK_04,1,3299,3299
ITEM_61715,ORD_19214,PROD_WATCH_03,1,1899,1899
ITEM_61716,ORD_19215,PROD_EAR_05,1,1999,1999
ITEM_61717,ORD_19216,PROD_SPK_03,1,1299,1299
ITEM_61718,ORD_19217,PROD_WATCH_05,1,6999,6999
ITEM_61719,ORD_19218,PROD_CHG_05,1,799,799
ITEM_61720,ORD_19219,PROD_EAR_03,1,3499,3499
ITEM_61721,ORD_19220,PROD_PWR_03,1,3299,3299
ITEM_61722,ORD_19221,PROD_PWR_05,1,2799,2799
ITEM_61723,ORD_19222,PROD_EAR_03,1,3499,3499
ITEM_61724,ORD_19223,PROD_WATCH_05,1,6999,6999
ITEM_61725,ORD_19224,PROD_PWR_03,1,3299,3299
ITEM_61726,ORD_19225,PROD_PWR_04,1,899,899
ITEM_61727,ORD_19226,PROD_CASE_02,1,799,799
ITEM_61728,ORD_19227,PROD_WATCH_04,1,3999,3999
ITEM_61729,ORD_19228,PROD_WATCH_02,1,5499,5499
ITEM_61730,ORD_19229,PROD_PWR_04,1,899,899
ITEM_61731,ORD_19230,PROD_EAR_03,1,3499,3499
ITEM_61732,ORD_19231,PROD_SPK_05,1,4999,4999
ITEM_61733,ORD_19232,PROD_SPK_04,1,3299,3299
ITEM_61734,ORD_19233,PROD_WATCH_05,1,6999,6999
ITEM_61735,ORD_19234,PROD_SPK_01,1,2499,2499
ITEM_61736,ORD_19235,PROD_EAR_05,1,1999,1999
ITEM_61737,ORD_19236,PROD_CASE_01,1,499,499
ITEM_61738,ORD_19237,PROD_CASE_04,1,599,599
ITEM_61739,ORD_19238,PROD_CASE_01,1,499,499
ITEM_61740,ORD_19239,PROD_CHG_01,1,699,699
ITEM_61741,ORD_19240,PROD_SCR_01,1,299,299
ITEM_61742,ORD_19241,PROD_CHG_04,1,1499,1499
ITEM_61743,ORD_19242,PROD_SCR_05,1,249,249
ITEM_61744,ORD_19243,PROD_CASE_05,1,899,899
ITEM_61745,ORD_19244,PROD_SCR_03,1,349,349
ITEM_61746,ORD_19245,PROD_CASE_01,1,499,499
ITEM_61747,ORD_19246,PROD_WATCH_03,1,1899,1899
ITEM_61748,ORD_19247,PROD_WATCH_05,1,6999,6999
ITEM_61749,ORD_19248,PROD_WATCH_02,1,5499,5499
ITEM_61750,ORD_19249,PROD_WATCH_03,1,1899,1899
ITEM_61751,ORD_19250,PROD_SCR_03,1,349,349
ITEM_61752,ORD_19251,PROD_CASE_04,1,599,599
ITEM_61753,ORD_19252,PROD_WATCH_03,1,1899,1899
ITEM_61754,ORD_19253,PROD_WATCH_04,1,3999,3999
ITEM_61755,ORD_19254,PROD_CHG_02,1,1899,1899
ITEM_61756,ORD_19255,PROD_SPK_04,1,3299,3299
ITEM_61757,ORD_19256,PROD_SPK_02,1,3999,3999
ITEM_61758,ORD_19257,PROD_SCR_04,1,699,699
ITEM_61759,ORD_19258,PROD_SCR_01,1,299,299
ITEM_61760,ORD_19259,PROD_SPK_03,1,1299,1299
ITEM_61761,ORD_19260,PROD_PWR_03,1,3299,3299
ITEM_61762,ORD_19261,PROD_WATCH_04,1,3999,3999
ITEM_61763,ORD_19262,PROD_SCR_03,1,349,349
ITEM_61764,ORD_19263,PROD_EAR_05,1,1999,1999
ITEM_61765,ORD_19264,PROD_PWR_04,1,899,899
ITEM_61766,ORD_19265,PROD_WATCH_05,1,6999,6999
ITEM_61767,ORD_19266,PROD_CASE_02,1,799,799
ITEM_61768,ORD_19267,PROD_SPK_05,1,4999,4999
ITEM_61769,ORD_19268,PROD_SCR_05,1,249,249
ITEM_61770,ORD_19269,PROD_SCR_02,1,499,499
ITEM_61771,ORD_19270,PROD_SCR_04,1,699,699
ITEM_61772,ORD_19271,PROD_WATCH_04,1,3999,3999
ITEM_61773,ORD_19272,PROD_SCR_04,1,699,699
ITEM_61774,ORD_19273,PROD_CHG_03,1,999,999
ITEM_61775,ORD_19274,PROD_PWR_01,1,1299,1299
ITEM_61776,ORD_19275,PROD_PWR_04,1,899,899
ITEM_61777,ORD_19276,PROD_SPK_05,1,4999,4999
ITEM_61778,ORD_19277,PROD_PWR_01,1,1299,1299
ITEM_61779,ORD_19278,PROD_CHG_01,1,699,699
ITEM_61780,ORD_19279,PROD_CHG_04,1,1499,1499
ITEM_61781,ORD_19280,PROD_WATCH_02,1,5499,5499
ITEM_61782,ORD_19281,PROD_SCR_04,1,699,699
ITEM_61783,ORD_19282,PROD_SCR_03,1,349,349
ITEM_61784,ORD_19283,PROD_PWR_04,1,899,899
ITEM_61785,ORD_19284,PROD_WATCH_04,1,3999,3999
ITEM_61786,ORD_19285,PROD_CHG_02,1,1899,1899
ITEM_61787,ORD_19286,PROD_WATCH_05,1,6999,6999
ITEM_61788,ORD_19287,PROD_EAR_04,1,4299,4299
ITEM_61789,ORD_19288,PROD_SCR_05,1,249,249
ITEM_61790,ORD_19289,PROD_SPK_04,1,3299,3299
ITEM_61791,ORD_19290,PROD_CASE_02,1,799,799
ITEM_61792,ORD_19291,PROD_CHG_04,1,1499,1499
ITEM_61793,ORD_19292,PROD_CASE_05,1,899,899
ITEM_61794,ORD_19293,PROD_SPK_04,1,3299,3299
ITEM_61795,ORD_19294,PROD_SCR_01,1,299,299
ITEM_61796,ORD_19295,PROD_CASE_04,1,599,599
ITEM_61797,ORD_19296,PROD_CHG_03,1,999,999
ITEM_61798,ORD_19297,PROD_SPK_05,1,4999,4999
ITEM_61799,ORD_19298,PROD_WATCH_03,1,1899,1899
ITEM_61800,ORD_19299,PROD_EAR_05,1,1999,1999
ITEM_61801,ORD_19300,PROD_CASE_01,1,499,499
ITEM_61802,ORD_19301,PROD_SCR_05,1,249,249
ITEM_61803,ORD_19302,PROD_CHG_03,1,999,999
ITEM_61804,ORD_19303,PROD_PWR_03,1,3299,3299
ITEM_61805,ORD_19304,PROD_WATCH_04,1,3999,3999
ITEM_61806,ORD_19305,PROD_EAR_05,1,1999,1999
ITEM_61807,ORD_19306,PROD_PWR_03,1,3299,3299
ITEM_61808,ORD_19307,PROD_SPK_02,1,3999,3999
ITEM_61809,ORD_19308,PROD_SPK_01,1,2499,2499
ITEM_61810,ORD_19309,PROD_SPK_02,1,3999,3999
ITEM_61811,ORD_19310,PROD_CHG_03,1,999,999
ITEM_61812,ORD_19311,PROD_SPK_02,1,3999,3999
ITEM_61813,ORD_19312,PROD_EAR_03,1,3499,3499
ITEM_61814,ORD_19313,PROD_PWR_03,1,3299,3299
ITEM_61815,ORD_19314,PROD_SCR_03,1,349,349
ITEM_61816,ORD_19315,PROD_CASE_01,1,499,499
ITEM_61817,ORD_19316,PROD_SCR_03,1,349,349
ITEM_61818,ORD_19317,PROD_CHG_03,1,999,999
ITEM_61819,ORD_19318,PROD_SPK_03,1,1299,1299
ITEM_61820,ORD_19319,PROD_CHG_01,1,699,699
ITEM_61821,ORD_19320,PROD_EAR_04,1,4299,4299
ITEM_61822,ORD_19321,PROD_SCR_03,1,349,349
ITEM_61823,ORD_19322,PROD_CHG_05,1,799,799
ITEM_61824,ORD_19323,PROD_PWR_01,1,1299,1299
ITEM_61825,ORD_19324,PROD_SPK_03,1,1299,1299
ITEM_61826,ORD_19325,PROD_EAR_05,1,1999,1999
ITEM_61827,ORD_19326,PROD_SPK_01,1,2499,2499
ITEM_61828,ORD_19327,PROD_EAR_02,1,2499,2499
ITEM_61829,ORD_19328,PROD_WATCH_05,1,6999,6999
ITEM_61830,ORD_19329,PROD_SCR_04,1,699,699
ITEM_61831,ORD_19330,PROD_WATCH_02,1,5499,5499
ITEM_61832,ORD_19331,PROD_PWR_01,1,1299,1299
ITEM_61833,ORD_19332,PROD_PWR_01,1,1299,1299
ITEM_61834,ORD_19333,PROD_SPK_01,1,2499,2499
ITEM_61835,ORD_19334,PROD_SPK_01,1,2499,2499
ITEM_61836,ORD_19335,PROD_CHG_01,1,699,699
ITEM_61837,ORD_19336,PROD_PWR_04,1,899,899
ITEM_61838,ORD_19337,PROD_CHG_05,1,799,799
ITEM_61839,ORD_19338,PROD_CASE_02,1,799,799
ITEM_61840,ORD_19339,PROD_SCR_03,1,349,349
ITEM_61841,ORD_19340,PROD_PWR_05,1,2799,2799
ITEM_61842,ORD_19341,PROD_SCR_05,1,249,249
ITEM_61843,ORD_19342,PROD_CASE_01,1,499,499
ITEM_61844,ORD_19343,PROD_EAR_03,1,3499,3499
ITEM_61845,ORD_19344,PROD_CHG_05,1,799,799
ITEM_61846,ORD_19345,PROD_SPK_01,1,2499,2499
ITEM_61847,ORD_19346,PROD_CASE_04,1,599,599
ITEM_61848,ORD_19347,PROD_CHG_04,1,1499,1499
ITEM_61849,ORD_19348,PROD_CASE_04,1,599,599
ITEM_61850,ORD_19349,PROD_CHG_04,1,1499,1499
ITEM_61851,ORD_19350,PROD_SPK_04,1,3299,3299
ITEM_61852,ORD_19351,PROD_WATCH_05,1,6999,6999
ITEM_61853,ORD_19352,PROD_SCR_02,1,499,499
ITEM_61854,ORD_19353,PROD_SCR_05,1,249,249
ITEM_61855,ORD_19354,PROD_CASE_01,1,499,499
ITEM_61856,ORD_19355,PROD_SPK_01,1,2499,2499
ITEM_61857,ORD_19356,PROD_EAR_02,1,2499,2499
ITEM_61858,ORD_19357,PROD_CASE_02,1,799,799
ITEM_61859,ORD_19358,PROD_WATCH_05,1,6999,6999
ITEM_61860,ORD_19359,PROD_WATCH_04,1,3999,3999
ITEM_61861,ORD_19360,PROD_PWR_04,1,899,899
ITEM_61862,ORD_19361,PROD_SPK_04,1,3299,3299
ITEM_61863,ORD_19362,PROD_EAR_02,1,2499,2499
ITEM_61864,ORD_19363,PROD_EAR_02,1,2499,2499
ITEM_61865,ORD_19364,PROD_PWR_04,1,899,899
ITEM_61866,ORD_19365,PROD_EAR_03,1,3499,3499
ITEM_61867,ORD_19366,PROD_PWR_04,1,899,899
ITEM_61868,ORD_19367,PROD_WATCH_02,1,5499,5499
ITEM_61869,ORD_19368,PROD_SCR_05,1,249,249
ITEM_61870,ORD_19369,PROD_CASE_03,1,999,999
ITEM_61871,ORD_19370,PROD_SCR_04,1,699,699
ITEM_61872,ORD_19371,PROD_EAR_03,1,3499,3499
ITEM_61873,ORD_19372,PROD_CHG_01,1,699,699
ITEM_61874,ORD_19373,PROD_WATCH_04,1,3999,3999
ITEM_61875,ORD_19374,PROD_CHG_05,1,799,799
ITEM_61876,ORD_19375,PROD_CASE_02,1,799,799
ITEM_61877,ORD_19376,PROD_WATCH_04,1,3999,3999
ITEM_61878,ORD_19377,PROD_PWR_01,1,1299,1299
ITEM_61879,ORD_19378,PROD_CASE_01,1,499,499
ITEM_61880,ORD_19379,PROD_WATCH_04,1,3999,3999
ITEM_61881,ORD_19380,PROD_CHG_05,1,799,799
ITEM_61882,ORD_19381,PROD_SCR_03,1,349,349
ITEM_61883,ORD_19382,PROD_CASE_05,1,899,899
ITEM_61884,ORD_19383,PROD_EAR_05,1,1999,1999
ITEM_61885,ORD_19384,PROD_SCR_03,1,349,349
ITEM_61886,ORD_19385,PROD_CHG_05,1,799,799
ITEM_61887,ORD_19386,PROD_CHG_03,1,999,999
ITEM_61888,ORD_19387,PROD_WATCH_02,1,5499,5499
ITEM_61889,ORD_19388,PROD_SPK_04,1,3299,3299
ITEM_61890,ORD_19389,PROD_PWR_03,1,3299,3299
ITEM_61891,ORD_19390,PROD_SCR_01,1,299,299
ITEM_61892,ORD_19391,PROD_PWR_04,1,899,899
ITEM_61893,ORD_19392,PROD_SPK_05,1,4999,4999
ITEM_61894,ORD_19393,PROD_EAR_04,1,4299,4299
ITEM_61895,ORD_19394,PROD_WATCH_05,1,6999,6999
ITEM_61896,ORD_19395,PROD_SPK_05,1,4999,4999
ITEM_61897,ORD_19396,PROD_PWR_04,1,899,899
ITEM_61898,ORD_19397,PROD_SCR_02,1,499,499
ITEM_61899,ORD_19398,PROD_SCR_01,1,299,299
ITEM_61900,ORD_19399,PROD_CASE_01,1,499,499
ITEM_61901,ORD_19400,PROD_PWR_05,1,2799,2799
ITEM_61902,ORD_19401,PROD_CASE_03,1,999,999
ITEM_61903,ORD_19402,PROD_CASE_05,1,899,899
ITEM_61904,ORD_19403,PROD_CHG_05,1,799,799
ITEM_61905,ORD_19404,PROD_EAR_04,1,4299,4299
ITEM_61906,ORD_19405,PROD_PWR_02,1,2199,2199
ITEM_61907,ORD_19406,PROD_EAR_03,1,3499,3499
ITEM_61908,ORD_19407,PROD_EAR_03,1,3499,3499
ITEM_61909,ORD_19408,PROD_CHG_01,1,699,699
ITEM_61910,ORD_19409,PROD_CASE_05,1,899,899
ITEM_61911,ORD_19410,PROD_WATCH_03,1,1899,1899
ITEM_61912,ORD_19411,PROD_CASE_03,1,999,999
ITEM_61913,ORD_19412,PROD_SCR_05,1,249,249
ITEM_61914,ORD_19413,PROD_EAR_05,1,1999,1999
ITEM_61915,ORD_19414,PROD_WATCH_04,1,3999,3999
ITEM_61916,ORD_19415,PROD_EAR_05,1,1999,1999
ITEM_61917,ORD_19416,PROD_EAR_05,1,1999,1999
ITEM_61918,ORD_19417,PROD_WATCH_04,1,3999,3999
ITEM_61919,ORD_19418,PROD_CASE_03,1,999,999
ITEM_61920,ORD_19419,PROD_SPK_01,1,2499,2499
ITEM_61921,ORD_19420,PROD_CHG_05,1,799,799
ITEM_61922,ORD_19421,PROD_CASE_01,1,499,499
ITEM_61923,ORD_19422,PROD_PWR_05,1,2799,2799
ITEM_61924,ORD_19423,PROD_SPK_04,1,3299,3299
ITEM_61925,ORD_19424,PROD_WATCH_04,1,3999,3999
ITEM_61926,ORD_19425,PROD_CASE_02,1,799,799
ITEM_61927,ORD_19426,PROD_CHG_05,1,799,799
ITEM_61928,ORD_19427,PROD_CHG_02,1,1899,1899
ITEM_61929,ORD_19428,PROD_SCR_02,1,499,499
ITEM_61930,ORD_19429,PROD_SCR_03,1,349,349
ITEM_61931,ORD_19430,PROD_SPK_05,1,4999,4999
ITEM_61932,ORD_19431,PROD_EAR_03,1,3499,3499
ITEM_61933,ORD_19432,PROD_CHG_04,1,1499,1499
ITEM_61934,ORD_19433,PROD_WATCH_03,1,1899,1899
ITEM_61935,ORD_19434,PROD_CHG_02,1,1899,1899
ITEM_61936,ORD_19435,PROD_SCR_02,1,499,499
ITEM_61937,ORD_19436,PROD_CASE_03,1,999,999
ITEM_61938,ORD_19437,PROD_EAR_05,1,1999,1999
ITEM_61939,ORD_19438,PROD_PWR_02,1,2199,2199
ITEM_61940,ORD_19439,PROD_SPK_03,1,1299,1299
ITEM_61941,ORD_19440,PROD_SPK_01,1,2499,2499
ITEM_61942,ORD_19441,PROD_PWR_01,1,1299,1299
ITEM_61943,ORD_19442,PROD_SCR_05,1,249,249
ITEM_61944,ORD_19443,PROD_PWR_02,1,2199,2199
ITEM_61945,ORD_19444,PROD_CHG_01,1,699,699
ITEM_61946,ORD_19445,PROD_PWR_05,1,2799,2799
ITEM_61947,ORD_19446,PROD_CHG_04,1,1499,1499
ITEM_61948,ORD_19447,PROD_CHG_04,1,1499,1499
ITEM_61949,ORD_19448,PROD_WATCH_05,1,6999,6999
ITEM_61950,ORD_19449,PROD_SCR_05,1,249,249
ITEM_61951,ORD_19450,PROD_SCR_02,1,499,499
ITEM_61952,ORD_19451,PROD_SPK_04,1,3299,3299
ITEM_61953,ORD_19452,PROD_SPK_03,1,1299,1299
ITEM_61954,ORD_19453,PROD_PWR_05,1,2799,2799
ITEM_61955,ORD_19454,PROD_PWR_04,1,899,899
ITEM_61956,ORD_19455,PROD_WATCH_04,1,3999,3999
ITEM_61957,ORD_19456,PROD_EAR_05,1,1999,1999
ITEM_61958,ORD_19457,PROD_SPK_04,1,3299,3299
ITEM_61959,ORD_19458,PROD_EAR_04,1,4299,4299
ITEM_61960,ORD_19459,PROD_EAR_02,1,2499,2499
ITEM_61961,ORD_19460,PROD_WATCH_04,1,3999,3999
ITEM_61962,ORD_19461,PROD_SPK_03,1,1299,1299
ITEM_61963,ORD_19462,PROD_CASE_03,1,999,999
ITEM_61964,ORD_19463,PROD_SCR_03,1,349,349
ITEM_61965,ORD_19464,PROD_CHG_02,1,1899,1899
ITEM_61966,ORD_19465,PROD_PWR_04,1,899,899
ITEM_61967,ORD_19466,PROD_CHG_04,1,1499,1499
ITEM_61968,ORD_19467,PROD_WATCH_04,1,3999,3999
ITEM_61969,ORD_19468,PROD_SCR_05,1,249,249
ITEM_61970,ORD_19469,PROD_SPK_03,1,1299,1299
ITEM_61971,ORD_19470,PROD_PWR_05,1,2799,2799
ITEM_61972,ORD_19471,PROD_SPK_03,1,1299,1299
ITEM_61973,ORD_19472,PROD_EAR_02,1,2499,2499
ITEM_61974,ORD_19473,PROD_PWR_02,1,2199,2199
ITEM_61975,ORD_19474,PROD_CASE_03,1,999,999
ITEM_61976,ORD_19475,PROD_PWR_02,1,2199,2199
ITEM_61977,ORD_19476,PROD_SPK_03,1,1299,1299
ITEM_61978,ORD_19477,PROD_SCR_04,1,699,699
ITEM_61979,ORD_19478,PROD_WATCH_05,1,6999,6999
ITEM_61980,ORD_19479,PROD_PWR_04,1,899,899
ITEM_61981,ORD_19480,PROD_WATCH_02,1,5499,5499
ITEM_61982,ORD_19481,PROD_WATCH_03,1,1899,1899
ITEM_61983,ORD_19482,PROD_CASE_01,1,499,499
ITEM_61984,ORD_19483,PROD_SCR_01,1,299,299
ITEM_61985,ORD_19484,PROD_SPK_01,1,2499,2499
ITEM_61986,ORD_19485,PROD_CHG_03,1,999,999
ITEM_61987,ORD_19486,PROD_PWR_02,1,2199,2199
ITEM_61988,ORD_19487,PROD_WATCH_02,1,5499,5499
ITEM_61989,ORD_19488,PROD_SCR_02,1,499,499
ITEM_61990,ORD_19489,PROD_PWR_01,1,1299,1299
ITEM_61991,ORD_19490,PROD_CASE_05,1,899,899
ITEM_61992,ORD_19491,PROD_SCR_03,1,349,349
ITEM_61993,ORD_19492,PROD_CHG_02,1,1899,1899
ITEM_61994,ORD_19493,PROD_CHG_03,1,999,999
ITEM_61995,ORD_19494,PROD_SCR_03,1,349,349
ITEM_61996,ORD_19495,PROD_EAR_05,1,1999,1999
ITEM_61997,ORD_19496,PROD_PWR_04,1,899,899
ITEM_61998,ORD_19497,PROD_PWR_01,1,1299,1299
ITEM_61999,ORD_19498,PROD_SPK_02,1,3999,3999
ITEM_62000,ORD_19499,PROD_EAR_05,1,1999,1999
ITEM_62001,ORD_19500,PROD_CASE_05,1,899,899
ITEM_62002,ORD_19501,PROD_CASE_04,1,599,599
ITEM_62003,ORD_19502,PROD_WATCH_03,1,1899,1899
ITEM_62004,ORD_19503,PROD_CASE_02,1,799,799
ITEM_62005,ORD_19504,PROD_SCR_03,1,349,349
ITEM_62006,ORD_19505,PROD_CHG_04,1,1499,1499
ITEM_62007,ORD_19506,PROD_EAR_04,1,4299,4299
ITEM_62008,ORD_19507,PROD_SCR_02,1,499,499
ITEM_62009,ORD_19508,PROD_CHG_01,1,699,699
ITEM_62010,ORD_19509,PROD_EAR_02,1,2499,2499
ITEM_62011,ORD_19510,PROD_CASE_05,1,899,899
ITEM_62012,ORD_19511,PROD_SCR_03,1,349,349
ITEM_62013,ORD_19512,PROD_WATCH_04,1,3999,3999
ITEM_62014,ORD_19513,PROD_SCR_05,1,249,249
ITEM_62015,ORD_19514,PROD_SCR_01,1,299,299
ITEM_62016,ORD_19515,PROD_PWR_01,1,1299,1299
ITEM_62017,ORD_19516,PROD_SCR_01,1,299,299
ITEM_62018,ORD_19517,PROD_SCR_04,1,699,699
ITEM_62019,ORD_19518,PROD_SCR_01,1,299,299
ITEM_62020,ORD_19519,PROD_WATCH_02,1,5499,5499
ITEM_62021,ORD_19520,PROD_CHG_03,1,999,999
ITEM_62022,ORD_19521,PROD_SCR_05,1,249,249
ITEM_62023,ORD_19522,PROD_CASE_01,1,499,499
ITEM_62024,ORD_19523,PROD_WATCH_02,1,5499,5499
ITEM_62025,ORD_19524,PROD_SPK_01,1,2499,2499
ITEM_62026,ORD_19525,PROD_CASE_04,1,599,599
ITEM_62027,ORD_19526,PROD_CHG_02,1,1899,1899
ITEM_62028,ORD_19527,PROD_CHG_02,1,1899,1899
ITEM_62029,ORD_19528,PROD_WATCH_05,1,6999,6999
ITEM_62030,ORD_19529,PROD_CASE_01,1,499,499
ITEM_62031,ORD_19530,PROD_EAR_02,1,2499,2499
ITEM_62032,ORD_19531,PROD_EAR_05,1,1999,1999
ITEM_62033,ORD_19532,PROD_CHG_03,1,999,999
ITEM_62034,ORD_19533,PROD_EAR_03,1,3499,3499
ITEM_62035,ORD_19534,PROD_EAR_02,1,2499,2499
ITEM_62036,ORD_19535,PROD_SCR_04,1,699,699
ITEM_62037,ORD_19536,PROD_WATCH_04,1,3999,3999
ITEM_62038,ORD_19537,PROD_SPK_01,1,2499,2499
ITEM_62039,ORD_19538,PROD_SCR_02,1,499,499
ITEM_62040,ORD_19539,PROD_CHG_01,1,699,699
ITEM_62041,ORD_19540,PROD_WATCH_02,1,5499,5499
ITEM_62042,ORD_19541,PROD_SCR_04,1,699,699
ITEM_62043,ORD_19542,PROD_CASE_01,1,499,499
ITEM_62044,ORD_19543,PROD_CASE_02,1,799,799
ITEM_62045,ORD_19544,PROD_EAR_02,1,2499,2499
ITEM_62046,ORD_19545,PROD_SPK_04,1,3299,3299
ITEM_62047,ORD_19546,PROD_CASE_02,1,799,799
ITEM_62048,ORD_19547,PROD_EAR_02,1,2499,2499
ITEM_62049,ORD_19548,PROD_EAR_03,1,3499,3499
ITEM_62050,ORD_19549,PROD_CASE_02,1,799,799
ITEM_62051,ORD_19550,PROD_SPK_04,1,3299,3299
ITEM_62052,ORD_19551,PROD_CHG_03,1,999,999
ITEM_62053,ORD_19552,PROD_SPK_01,1,2499,2499
ITEM_62054,ORD_19553,PROD_SCR_02,1,499,499
ITEM_62055,ORD_19554,PROD_CHG_05,1,799,799
ITEM_62056,ORD_19555,PROD_CHG_05,1,799,799
ITEM_62057,ORD_19556,PROD_WATCH_03,1,1899,1899
ITEM_62058,ORD_19557,PROD_WATCH_04,1,3999,3999
ITEM_62059,ORD_19558,PROD_SCR_02,1,499,499
ITEM_62060,ORD_19559,PROD_CHG_03,1,999,999
ITEM_62061,ORD_19560,PROD_SPK_03,1,1299,1299
ITEM_62062,ORD_19561,PROD_CASE_02,1,799,799
ITEM_62063,ORD_19562,PROD_SPK_05,1,4999,4999
ITEM_62064,ORD_19563,PROD_PWR_01,1,1299,1299
ITEM_62065,ORD_19564,PROD_SPK_03,1,1299,1299
ITEM_62066,ORD_19565,PROD_WATCH_02,1,5499,5499
ITEM_62067,ORD_19566,PROD_EAR_04,1,4299,4299
ITEM_62068,ORD_19567,PROD_EAR_02,1,2499,2499
ITEM_62069,ORD_19568,PROD_SPK_01,1,2499,2499
ITEM_62070,ORD_19569,PROD_CHG_01,1,699,699
ITEM_62071,ORD_19570,PROD_WATCH_02,1,5499,5499
ITEM_62072,ORD_19571,PROD_PWR_05,1,2799,2799
ITEM_62073,ORD_19572,PROD_PWR_05,1,2799,2799
ITEM_62074,ORD_19573,PROD_EAR_05,1,1999,1999
ITEM_62075,ORD_19574,PROD_CASE_04,1,599,599
ITEM_62076,ORD_19575,PROD_SPK_03,1,1299,1299
ITEM_62077,ORD_19576,PROD_EAR_03,1,3499,3499
ITEM_62078,ORD_19577,PROD_PWR_04,1,899,899
ITEM_62079,ORD_19578,PROD_SPK_04,1,3299,3299
ITEM_62080,ORD_19579,PROD_SPK_05,1,4999,4999
ITEM_62081,ORD_19580,PROD_SPK_03,1,1299,1299
ITEM_62082,ORD_19581,PROD_EAR_05,1,1999,1999
ITEM_62083,ORD_19582,PROD_SPK_05,1,4999,4999
ITEM_62084,ORD_19583,PROD_SCR_04,1,699,699
ITEM_62085,ORD_19584,PROD_SPK_04,1,3299,3299
ITEM_62086,ORD_19585,PROD_EAR_05,1,1999,1999
ITEM_62087,ORD_19586,PROD_EAR_04,1,4299,4299
ITEM_62088,ORD_19587,PROD_CASE_02,1,799,799
ITEM_62089,ORD_19588,PROD_EAR_03,1,3499,3499
ITEM_62090,ORD_19589,PROD_WATCH_02,1,5499,5499
ITEM_62091,ORD_19590,PROD_CHG_05,1,799,799
ITEM_62092,ORD_19591,PROD_CHG_01,1,699,699
ITEM_62093,ORD_19592,PROD_CHG_02,1,1899,1899
ITEM_62094,ORD_19593,PROD_SPK_04,1,3299,3299
ITEM_62095,ORD_19594,PROD_CASE_05,1,899,899
ITEM_62096,ORD_19595,PROD_CASE_02,1,799,799
ITEM_62097,ORD_19596,PROD_PWR_02,1,2199,2199
ITEM_62098,ORD_19597,PROD_SPK_02,1,3999,3999
ITEM_62099,ORD_19598,PROD_CHG_02,1,1899,1899
ITEM_62100,ORD_19599,PROD_CASE_04,1,599,599
ITEM_62101,ORD_19600,PROD_SCR_03,1,349,349
ITEM_62102,ORD_19601,PROD_SCR_05,1,249,249
ITEM_62103,ORD_19602,PROD_SPK_02,1,3999,3999
ITEM_62104,ORD_19603,PROD_CASE_04,1,599,599
ITEM_62105,ORD_19604,PROD_SPK_01,1,2499,2499
ITEM_62106,ORD_19605,PROD_CHG_03,1,999,999
ITEM_62107,ORD_19606,PROD_EAR_03,1,3499,3499
ITEM_62108,ORD_19607,PROD_CHG_04,1,1499,1499
ITEM_62109,ORD_19608,PROD_CASE_01,1,499,499
ITEM_62110,ORD_19609,PROD_CHG_02,1,1899,1899
ITEM_62111,ORD_19610,PROD_WATCH_03,1,1899,1899
ITEM_62112,ORD_19611,PROD_EAR_04,1,4299,4299
ITEM_62113,ORD_19612,PROD_CASE_05,1,899,899
ITEM_62114,ORD_19613,PROD_SPK_05,1,4999,4999
ITEM_62115,ORD_19614,PROD_PWR_04,1,899,899
ITEM_62116,ORD_19615,PROD_SCR_03,1,349,349
ITEM_62117,ORD_19616,PROD_SCR_03,1,349,349
ITEM_62118,ORD_19617,PROD_CHG_05,1,799,799
ITEM_62119,ORD_19618,PROD_CHG_03,1,999,999
ITEM_62120,ORD_19619,PROD_SPK_01,1,2499,2499
ITEM_62121,ORD_19620,PROD_EAR_02,1,2499,2499
ITEM_62122,ORD_19621,PROD_SPK_05,1,4999,4999
ITEM_62123,ORD_19622,PROD_CHG_03,1,999,999
ITEM_62124,ORD_19623,PROD_CASE_05,1,899,899
ITEM_62125,ORD_19624,PROD_SCR_01,1,299,299
ITEM_62126,ORD_19625,PROD_EAR_03,1,3499,3499
ITEM_62127,ORD_19626,PROD_CHG_01,1,699,699
ITEM_62128,ORD_19627,PROD_CHG_02,1,1899,1899
ITEM_62129,ORD_19628,PROD_EAR_02,1,2499,2499
ITEM_62130,ORD_19629,PROD_PWR_04,1,899,899
ITEM_62131,ORD_19630,PROD_SCR_02,1,499,499
ITEM_62132,ORD_19631,PROD_CHG_01,1,699,699
ITEM_62133,ORD_19632,PROD_CHG_05,1,799,799
ITEM_62134,ORD_19633,PROD_CHG_04,1,1499,1499
ITEM_62135,ORD_19634,PROD_PWR_05,1,2799,2799
ITEM_62136,ORD_19635,PROD_EAR_04,1,4299,4299
ITEM_62137,ORD_19636,PROD_CHG_02,1,1899,1899
ITEM_62138,ORD_19637,PROD_CHG_05,1,799,799
ITEM_62139,ORD_19638,PROD_EAR_04,1,4299,4299
ITEM_62140,ORD_19639,PROD_SCR_03,1,349,349
ITEM_62141,ORD_19640,PROD_SPK_04,1,3299,3299
ITEM_62142,ORD_19641,PROD_CHG_03,1,999,999
ITEM_62143,ORD_19642,PROD_EAR_04,1,4299,4299
ITEM_62144,ORD_19643,PROD_PWR_01,1,1299,1299
ITEM_62145,ORD_19644,PROD_CASE_03,1,999,999
ITEM_62146,ORD_19645,PROD_SCR_04,1,699,699
ITEM_62147,ORD_19646,PROD_EAR_04,1,4299,4299
ITEM_62148,ORD_19647,PROD_CHG_05,1,799,799
ITEM_62149,ORD_19648,PROD_WATCH_05,1,6999,6999
ITEM_62150,ORD_19649,PROD_SCR_04,1,699,699
ITEM_62151,ORD_19650,PROD_PWR_03,1,3299,3299
ITEM_62152,ORD_19651,PROD_PWR_04,1,899,899
ITEM_62153,ORD_19652,PROD_SPK_05,1,4999,4999
ITEM_62154,ORD_19653,PROD_EAR_02,1,2499,2499
ITEM_62155,ORD_19654,PROD_SCR_03,1,349,349
ITEM_62156,ORD_19655,PROD_WATCH_02,1,5499,5499
ITEM_62157,ORD_19656,PROD_CHG_01,1,699,699
ITEM_62158,ORD_19657,PROD_PWR_03,1,3299,3299
ITEM_62159,ORD_19658,PROD_CHG_03,1,999,999
ITEM_62160,ORD_19659,PROD_SCR_01,1,299,299
ITEM_62161,ORD_19660,PROD_CHG_05,1,799,799
ITEM_62162,ORD_19661,PROD_SCR_03,1,349,349
ITEM_62163,ORD_19662,PROD_CASE_02,1,799,799
ITEM_62164,ORD_19663,PROD_CHG_02,1,1899,1899
ITEM_62165,ORD_19664,PROD_EAR_05,1,1999,1999
ITEM_62166,ORD_19665,PROD_SPK_01,1,2499,2499
ITEM_62167,ORD_19666,PROD_PWR_02,1,2199,2199
ITEM_62168,ORD_19667,PROD_EAR_04,1,4299,4299
ITEM_62169,ORD_19668,PROD_PWR_02,1,2199,2199
ITEM_62170,ORD_19669,PROD_SCR_04,1,699,699
ITEM_62171,ORD_19670,PROD_PWR_03,1,3299,3299
ITEM_62172,ORD_19671,PROD_CHG_05,1,799,799
ITEM_62173,ORD_19672,PROD_CASE_01,1,499,499
ITEM_62174,ORD_19673,PROD_CHG_01,1,699,699
ITEM_62175,ORD_19674,PROD_PWR_04,1,899,899
ITEM_62176,ORD_19675,PROD_EAR_04,1,4299,4299
ITEM_62177,ORD_19676,PROD_SCR_05,1,249,249
ITEM_62178,ORD_19677,PROD_CASE_04,1,599,599
ITEM_62179,ORD_19678,PROD_CASE_02,1,799,799
ITEM_62180,ORD_19679,PROD_SCR_04,1,699,699
ITEM_62181,ORD_19680,PROD_PWR_04,1,899,899
ITEM_62182,ORD_19681,PROD_WATCH_05,1,6999,6999
ITEM_62183,ORD_19682,PROD_PWR_04,1,899,899
ITEM_62184,ORD_19683,PROD_CHG_03,1,999,999
ITEM_62185,ORD_19684,PROD_CASE_04,1,599,599
ITEM_62186,ORD_19685,PROD_PWR_02,1,2199,2199
ITEM_62187,ORD_19686,PROD_SCR_01,1,299,299
ITEM_62188,ORD_19687,PROD_CHG_05,1,799,799
ITEM_62189,ORD_19688,PROD_CASE_01,1,499,499
ITEM_62190,ORD_19689,PROD_SCR_03,1,349,349
ITEM_62191,ORD_19690,PROD_SPK_05,1,4999,4999
ITEM_62192,ORD_19691,PROD_CASE_03,1,999,999
ITEM_62193,ORD_19692,PROD_PWR_01,1,1299,1299
ITEM_62194,ORD_19693,PROD_EAR_04,1,4299,4299
ITEM_62195,ORD_19694,PROD_CASE_05,1,899,899
ITEM_62196,ORD_19695,PROD_WATCH_03,1,1899,1899
ITEM_62197,ORD_19696,PROD_WATCH_03,1,1899,1899
ITEM_62198,ORD_19697,PROD_SPK_01,1,2499,2499
ITEM_62199,ORD_19698,PROD_SCR_05,1,249,249
ITEM_62200,ORD_19699,PROD_SPK_05,1,4999,4999
ITEM_62201,ORD_19700,PROD_CHG_01,1,699,699
ITEM_62202,ORD_19701,PROD_SPK_02,1,3999,3999
ITEM_62203,ORD_19702,PROD_CHG_01,1,699,699
ITEM_62204,ORD_19703,PROD_PWR_01,1,1299,1299
ITEM_62205,ORD_19704,PROD_SPK_04,1,3299,3299
ITEM_62206,ORD_19705,PROD_SCR_03,1,349,349
ITEM_62207,ORD_19706,PROD_EAR_02,1,2499,2499
ITEM_62208,ORD_19707,PROD_SCR_05,1,249,249
ITEM_62209,ORD_19708,PROD_CASE_03,1,999,999
ITEM_62210,ORD_19709,PROD_CASE_05,1,899,899
ITEM_62211,ORD_19710,PROD_EAR_02,1,2499,2499
ITEM_62212,ORD_19711,PROD_CASE_05,1,899,899
ITEM_62213,ORD_19712,PROD_CASE_04,1,599,599
ITEM_62214,ORD_19713,PROD_PWR_03,1,3299,3299
ITEM_62215,ORD_19714,PROD_WATCH_05,1,6999,6999
ITEM_62216,ORD_19715,PROD_SCR_05,1,249,249
ITEM_62217,ORD_19716,PROD_WATCH_02,1,5499,5499
ITEM_62218,ORD_19717,PROD_SCR_01,1,299,299
ITEM_62219,ORD_19718,PROD_WATCH_05,1,6999,6999
ITEM_62220,ORD_19719,PROD_SPK_03,1,1299,1299
ITEM_62221,ORD_19720,PROD_WATCH_03,1,1899,1899
ITEM_62222,ORD_19721,PROD_PWR_02,1,2199,2199
ITEM_62223,ORD_19722,PROD_EAR_02,1,2499,2499
ITEM_62224,ORD_19723,PROD_SCR_02,1,499,499
ITEM_62225,ORD_19724,PROD_CASE_01,1,499,499
ITEM_62226,ORD_19725,PROD_CASE_01,1,499,499
ITEM_62227,ORD_19726,PROD_PWR_05,1,2799,2799
ITEM_62228,ORD_19727,PROD_CASE_01,1,499,499
ITEM_62229,ORD_19728,PROD_WATCH_03,1,1899,1899
ITEM_62230,ORD_19729,PROD_EAR_05,1,1999,1999
ITEM_62231,ORD_19730,PROD_SPK_03,1,1299,1299
ITEM_62232,ORD_19731,PROD_EAR_03,1,3499,3499
ITEM_62233,ORD_19732,PROD_PWR_01,1,1299,1299
ITEM_62234,ORD_19733,PROD_CHG_05,1,799,799
ITEM_62235,ORD_19734,PROD_SCR_04,1,699,699
ITEM_62236,ORD_19735,PROD_SCR_04,1,699,699
ITEM_62237,ORD_19736,PROD_CASE_02,1,799,799
ITEM_62238,ORD_19737,PROD_SPK_03,1,1299,1299
ITEM_62239,ORD_19738,PROD_SPK_02,1,3999,3999
ITEM_62240,ORD_19739,PROD_EAR_03,1,3499,3499
ITEM_62241,ORD_19740,PROD_CASE_01,1,499,499
ITEM_62242,ORD_19741,PROD_SCR_03,1,349,349
ITEM_62243,ORD_19742,PROD_CASE_03,1,999,999
ITEM_62244,ORD_19743,PROD_SPK_05,1,4999,4999
ITEM_62245,ORD_19744,PROD_CASE_02,1,799,799
ITEM_62246,ORD_19745,PROD_PWR_04,1,899,899
ITEM_62247,ORD_19746,PROD_CASE_05,1,899,899
ITEM_62248,ORD_19747,PROD_CASE_03,1,999,999
ITEM_62249,ORD_19748,PROD_PWR_04,1,899,899
ITEM_62250,ORD_19749,PROD_CHG_01,1,699,699
ITEM_62251,ORD_19750,PROD_PWR_02,1,2199,2199
ITEM_62252,ORD_19751,PROD_SCR_01,1,299,299
ITEM_62253,ORD_19752,PROD_EAR_05,1,1999,1999
ITEM_62254,ORD_19753,PROD_CASE_03,1,999,999
ITEM_62255,ORD_19754,PROD_CASE_05,1,899,899
ITEM_62256,ORD_19755,PROD_WATCH_03,1,1899,1899
ITEM_62257,ORD_19756,PROD_SCR_01,1,299,299
ITEM_62258,ORD_19757,PROD_CHG_04,1,1499,1499
ITEM_62259,ORD_19758,PROD_EAR_04,1,4299,4299
ITEM_62260,ORD_19759,PROD_SPK_02,1,3999,3999
ITEM_62261,ORD_19760,PROD_CASE_04,1,599,599
ITEM_62262,ORD_19761,PROD_PWR_01,1,1299,1299
ITEM_62263,ORD_19762,PROD_SPK_05,1,4999,4999
ITEM_62264,ORD_19763,PROD_PWR_04,1,899,899
ITEM_62265,ORD_19764,PROD_SCR_04,1,699,699
ITEM_62266,ORD_19765,PROD_CHG_02,1,1899,1899
ITEM_62267,ORD_19766,PROD_CASE_04,1,599,599
ITEM_62268,ORD_19767,PROD_EAR_02,1,2499,2499
ITEM_62269,ORD_19768,PROD_SCR_02,1,499,499
ITEM_62270,ORD_19769,PROD_SCR_02,1,499,499
ITEM_62271,ORD_19770,PROD_SCR_03,1,349,349
ITEM_62272,ORD_19771,PROD_SCR_02,1,499,499
ITEM_62273,ORD_19772,PROD_CASE_04,1,599,599
ITEM_62274,ORD_19773,PROD_SPK_01,1,2499,2499
ITEM_62275,ORD_19774,PROD_SPK_02,1,3999,3999
ITEM_62276,ORD_19775,PROD_PWR_04,1,899,899
ITEM_62277,ORD_19776,PROD_EAR_03,1,3499,3499
ITEM_62278,ORD_19777,PROD_EAR_02,1,2499,2499
ITEM_62279,ORD_19778,PROD_SPK_01,1,2499,2499
ITEM_62280,ORD_19779,PROD_CASE_02,1,799,799
ITEM_62281,ORD_19780,PROD_SCR_01,1,299,299
ITEM_62282,ORD_19781,PROD_CASE_03,1,999,999
ITEM_62283,ORD_19782,PROD_CASE_01,1,499,499
ITEM_62284,ORD_19783,PROD_SCR_02,1,499,499
ITEM_62285,ORD_19784,PROD_SCR_04,1,699,699
ITEM_62286,ORD_19785,PROD_CHG_01,1,699,699
ITEM_62287,ORD_19786,PROD_SPK_01,1,2499,2499
ITEM_62288,ORD_19787,PROD_CHG_02,1,1899,1899
ITEM_62289,ORD_19788,PROD_SPK_04,1,3299,3299
ITEM_62290,ORD_19789,PROD_SPK_04,1,3299,3299
ITEM_62291,ORD_19790,PROD_SPK_04,1,3299,3299
ITEM_62292,ORD_19791,PROD_CASE_02,1,799,799
ITEM_62293,ORD_19792,PROD_SPK_02,1,3999,3999
ITEM_62294,ORD_19793,PROD_PWR_04,1,899,899
ITEM_62295,ORD_19794,PROD_WATCH_03,1,1899,1899
ITEM_62296,ORD_19795,PROD_PWR_04,1,899,899
ITEM_62297,ORD_19796,PROD_WATCH_04,1,3999,3999
ITEM_62298,ORD_19797,PROD_SPK_05,1,4999,4999
ITEM_62299,ORD_19798,PROD_SPK_01,1,2499,2499
ITEM_62300,ORD_19799,PROD_PWR_01,1,1299,1299
ITEM_62301,ORD_19800,PROD_WATCH_04,1,3999,3999
ITEM_62302,ORD_19801,PROD_SCR_03,1,349,349
ITEM_62303,ORD_19802,PROD_EAR_05,1,1999,1999
ITEM_62304,ORD_19803,PROD_EAR_02,1,2499,2499
ITEM_62305,ORD_19804,PROD_PWR_02,1,2199,2199
ITEM_62306,ORD_19805,PROD_EAR_03,1,3499,3499
ITEM_62307,ORD_19806,PROD_EAR_04,1,4299,4299
ITEM_62308,ORD_19807,PROD_CASE_05,1,899,899
ITEM_62309,ORD_19808,PROD_PWR_02,1,2199,2199
ITEM_62310,ORD_19809,PROD_SPK_03,1,1299,1299
ITEM_62311,ORD_19810,PROD_WATCH_04,1,3999,3999
ITEM_62312,ORD_19811,PROD_CHG_03,1,999,999
ITEM_62313,ORD_19812,PROD_EAR_05,1,1999,1999
ITEM_62314,ORD_19813,PROD_CASE_01,1,499,499
ITEM_62315,ORD_19814,PROD_WATCH_05,1,6999,6999
ITEM_62316,ORD_19815,PROD_PWR_01,1,1299,1299
ITEM_62317,ORD_19816,PROD_CHG_01,1,699,699
ITEM_62318,ORD_19817,PROD_CASE_01,1,499,499
ITEM_62319,ORD_19818,PROD_CHG_01,1,699,699
ITEM_62320,ORD_19819,PROD_SCR_05,1,249,249
ITEM_62321,ORD_19820,PROD_WATCH_02,1,5499,5499
ITEM_62322,ORD_19821,PROD_PWR_03,1,3299,3299
ITEM_62323,ORD_19822,PROD_WATCH_03,1,1899,1899
ITEM_62324,ORD_19823,PROD_CHG_03,1,999,999
ITEM_62325,ORD_19824,PROD_WATCH_04,1,3999,3999
ITEM_62326,ORD_19825,PROD_WATCH_05,1,6999,6999
ITEM_62327,ORD_19826,PROD_EAR_04,1,4299,4299
ITEM_62328,ORD_19827,PROD_PWR_03,1,3299,3299
ITEM_62329,ORD_19828,PROD_PWR_03,1,3299,3299
ITEM_62330,ORD_19829,PROD_SCR_05,1,249,249
ITEM_62331,ORD_19830,PROD_EAR_02,1,2499,2499
ITEM_62332,ORD_19831,PROD_EAR_04,1,4299,4299
ITEM_62333,ORD_19832,PROD_CHG_03,1,999,999
ITEM_62334,ORD_19833,PROD_WATCH_02,1,5499,5499
ITEM_62335,ORD_19834,PROD_CHG_03,1,999,999
ITEM_62336,ORD_19835,PROD_SPK_04,1,3299,3299
ITEM_62337,ORD_19836,PROD_WATCH_05,1,6999,6999
ITEM_62338,ORD_19837,PROD_SPK_03,1,1299,1299
ITEM_62339,ORD_19838,PROD_PWR_03,1,3299,3299
ITEM_62340,ORD_19839,PROD_CASE_01,1,499,499
ITEM_62341,ORD_19840,PROD_PWR_01,1,1299,1299
ITEM_62342,ORD_19841,PROD_CHG_03,1,999,999
ITEM_62343,ORD_19842,PROD_CASE_05,1,899,899
ITEM_62344,ORD_19843,PROD_CHG_03,1,999,999
ITEM_62345,ORD_19844,PROD_SPK_01,1,2499,2499
ITEM_62346,ORD_19845,PROD_CHG_05,1,799,799
ITEM_62347,ORD_19846,PROD_CHG_05,1,799,799
ITEM_62348,ORD_19847,PROD_CASE_01,1,499,499
ITEM_62349,ORD_19848,PROD_CASE_01,1,499,499
ITEM_62350,ORD_19849,PROD_CASE_05,1,899,899
ITEM_62351,ORD_19850,PROD_CASE_03,1,999,999
ITEM_62352,ORD_19851,PROD_PWR_02,1,2199,2199
ITEM_62353,ORD_19852,PROD_SCR_02,1,499,499
ITEM_62354,ORD_19853,PROD_EAR_03,1,3499,3499
ITEM_62355,ORD_19854,PROD_EAR_05,1,1999,1999
ITEM_62356,ORD_19855,PROD_PWR_04,1,899,899
ITEM_62357,ORD_19856,PROD_SPK_02,1,3999,3999
ITEM_62358,ORD_19857,PROD_CASE_01,1,499,499
ITEM_62359,ORD_19858,PROD_PWR_02,1,2199,2199
ITEM_62360,ORD_19859,PROD_PWR_05,1,2799,2799
ITEM_62361,ORD_19860,PROD_CASE_05,1,899,899
ITEM_62362,ORD_19861,PROD_SCR_05,1,249,249
ITEM_62363,ORD_19862,PROD_PWR_04,1,899,899
ITEM_62364,ORD_19863,PROD_WATCH_05,1,6999,6999
ITEM_62365,ORD_19864,PROD_SPK_04,1,3299,3299
ITEM_62366,ORD_19865,PROD_SPK_04,1,3299,3299
ITEM_62367,ORD_19866,PROD_PWR_03,1,3299,3299
ITEM_62368,ORD_19867,PROD_EAR_02,1,2499,2499
ITEM_62369,ORD_19868,PROD_WATCH_03,1,1899,1899
ITEM_62370,ORD_19869,PROD_SPK_05,1,4999,4999
ITEM_62371,ORD_19870,PROD_CHG_01,1,699,699
ITEM_62372,ORD_19871,PROD_PWR_05,1,2799,2799
ITEM_62373,ORD_19872,PROD_EAR_02,1,2499,2499
ITEM_62374,ORD_19873,PROD_SPK_04,1,3299,3299
ITEM_62375,ORD_19874,PROD_SCR_03,1,349,349
ITEM_62376,ORD_19875,PROD_SPK_02,1,3999,3999
ITEM_62377,ORD_19876,PROD_PWR_03,1,3299,3299
ITEM_62378,ORD_19877,PROD_PWR_01,1,1299,1299
ITEM_62379,ORD_19878,PROD_CHG_03,1,999,999
ITEM_62380,ORD_19879,PROD_WATCH_03,1,1899,1899
ITEM_62381,ORD_19880,PROD_SPK_03,1,1299,1299
ITEM_62382,ORD_19881,PROD_EAR_04,1,4299,4299
ITEM_62383,ORD_19882,PROD_WATCH_05,1,6999,6999
ITEM_62384,ORD_19883,PROD_PWR_03,1,3299,3299
ITEM_62385,ORD_19884,PROD_PWR_05,1,2799,2799
ITEM_62386,ORD_19885,PROD_SPK_03,1,1299,1299
ITEM_62387,ORD_19886,PROD_SPK_03,1,1299,1299
ITEM_62388,ORD_19887,PROD_CASE_05,1,899,899
ITEM_62389,ORD_19888,PROD_EAR_02,1,2499,2499
ITEM_62390,ORD_19889,PROD_SPK_01,1,2499,2499
ITEM_62391,ORD_19890,PROD_CASE_02,1,799,799
ITEM_62392,ORD_19891,PROD_CASE_03,1,999,999
ITEM_62393,ORD_19892,PROD_EAR_02,1,2499,2499
ITEM_62394,ORD_19893,PROD_PWR_01,1,1299,1299
ITEM_62395,ORD_19894,PROD_SPK_01,1,2499,2499
ITEM_62396,ORD_19895,PROD_WATCH_03,1,1899,1899
ITEM_62397,ORD_19896,PROD_WATCH_05,1,6999,6999
ITEM_62398,ORD_19897,PROD_WATCH_02,1,5499,5499
ITEM_62399,ORD_19898,PROD_CASE_05,1,899,899
ITEM_62400,ORD_19899,PROD_WATCH_05,1,6999,6999
ITEM_62401,ORD_19900,PROD_CHG_03,1,999,999
ITEM_62402,ORD_19901,PROD_EAR_02,1,2499,2499
ITEM_62403,ORD_19902,PROD_SPK_05,1,4999,4999
ITEM_62404,ORD_19903,PROD_PWR_03,1,3299,3299
ITEM_62405,ORD_19904,PROD_CASE_03,1,999,999
ITEM_62406,ORD_19905,PROD_CHG_03,1,999,999
ITEM_62407,ORD_19906,PROD_WATCH_05,1,6999,6999
ITEM_62408,ORD_19907,PROD_CASE_02,1,799,799
ITEM_62409,ORD_19908,PROD_CHG_05,1,799,799
ITEM_62410,ORD_19909,PROD_CHG_01,1,699,699
ITEM_62411,ORD_19910,PROD_EAR_04,1,4299,4299
ITEM_62412,ORD_19911,PROD_SCR_04,1,699,699
ITEM_62413,ORD_19912,PROD_SCR_03,1,349,349
ITEM_62414,ORD_19913,PROD_PWR_01,1,1299,1299
ITEM_62415,ORD_19914,PROD_CHG_04,1,1499,1499
ITEM_62416,ORD_19915,PROD_WATCH_03,1,1899,1899
ITEM_62417,ORD_19916,PROD_CASE_04,1,599,599
ITEM_62418,ORD_19917,PROD_SPK_04,1,3299,3299
ITEM_62419,ORD_19918,PROD_CASE_05,1,899,899
ITEM_62420,ORD_19919,PROD_EAR_03,1,3499,3499
ITEM_62421,ORD_19920,PROD_EAR_05,1,1999,1999
ITEM_62422,ORD_19921,PROD_PWR_05,1,2799,2799
ITEM_62423,ORD_19922,PROD_SCR_03,1,349,349
ITEM_62424,ORD_19923,PROD_CHG_02,1,1899,1899
ITEM_62425,ORD_19924,PROD_SPK_03,1,1299,1299
ITEM_62426,ORD_19925,PROD_CHG_03,1,999,999
ITEM_62427,ORD_19926,PROD_PWR_05,1,2799,2799
ITEM_62428,ORD_19927,PROD_WATCH_02,1,5499,5499
ITEM_62429,ORD_19928,PROD_PWR_04,1,899,899
ITEM_62430,ORD_19929,PROD_EAR_04,1,4299,4299
ITEM_62431,ORD_19930,PROD_EAR_03,1,3499,3499
ITEM_62432,ORD_19931,PROD_CHG_03,1,999,999
ITEM_62433,ORD_19932,PROD_SCR_04,1,699,699
ITEM_62434,ORD_19933,PROD_CHG_03,1,999,999
ITEM_62435,ORD_19934,PROD_PWR_02,1,2199,2199
ITEM_62436,ORD_19935,PROD_CASE_03,1,999,999
ITEM_62437,ORD_19936,PROD_SCR_01,1,299,299
ITEM_62438,ORD_19937,PROD_CHG_03,1,999,999
ITEM_62439,ORD_19938,PROD_CASE_03,1,999,999
ITEM_62440,ORD_19939,PROD_SPK_04,1,3299,3299
ITEM_62441,ORD_19940,PROD_WATCH_03,1,1899,1899
ITEM_62442,ORD_19941,PROD_WATCH_04,1,3999,3999
ITEM_62443,ORD_19942,PROD_EAR_04,1,4299,4299
ITEM_62444,ORD_19943,PROD_SCR_02,1,499,499
ITEM_62445,ORD_19944,PROD_WATCH_04,1,3999,3999
ITEM_62446,ORD_19945,PROD_CHG_02,1,1899,1899
ITEM_62447,ORD_19946,PROD_EAR_04,1,4299,4299
ITEM_62448,ORD_19947,PROD_SCR_04,1,699,699
ITEM_62449,ORD_19948,PROD_SPK_02,1,3999,3999
ITEM_62450,ORD_19949,PROD_SPK_01,1,2499,2499
ITEM_62451,ORD_19950,PROD_CHG_01,1,699,699
ITEM_62452,ORD_19951,PROD_CASE_01,1,499,499
ITEM_62453,ORD_19952,PROD_CHG_03,1,999,999
ITEM_62454,ORD_19953,PROD_EAR_04,1,4299,4299
ITEM_62455,ORD_19954,PROD_PWR_02,1,2199,2199
ITEM_62456,ORD_19955,PROD_PWR_03,1,3299,3299
ITEM_62457,ORD_19956,PROD_SCR_01,1,299,299
ITEM_62458,ORD_19957,PROD_CHG_04,1,1499,1499
ITEM_62459,ORD_19958,PROD_CHG_04,1,1499,1499
ITEM_62460,ORD_19959,PROD_PWR_01,1,1299,1299
ITEM_62461,ORD_19960,PROD_SCR_05,1,249,249
ITEM_62462,ORD_19961,PROD_SCR_02,1,499,499
ITEM_62463,ORD_19962,PROD_WATCH_02,1,5499,5499
ITEM_62464,ORD_19963,PROD_PWR_04,1,899,899
ITEM_62465,ORD_19964,PROD_CASE_02,1,799,799
ITEM_62466,ORD_19965,PROD_SPK_05,1,4999,4999
ITEM_62467,ORD_19966,PROD_SCR_04,1,699,699
ITEM_62468,ORD_19967,PROD_CASE_03,1,999,999
ITEM_62469,ORD_19968,PROD_WATCH_02,1,5499,5499
ITEM_62470,ORD_19969,PROD_WATCH_03,1,1899,1899
ITEM_62471,ORD_19970,PROD_WATCH_05,1,6999,6999
ITEM_62472,ORD_19971,PROD_CASE_02,1,799,799
ITEM_62473,ORD_19972,PROD_CHG_03,1,999,999
ITEM_62474,ORD_19973,PROD_WATCH_05,1,6999,6999
ITEM_62475,ORD_19974,PROD_CHG_02,1,1899,1899
ITEM_62476,ORD_19975,PROD_CHG_02,1,1899,1899
ITEM_62477,ORD_19976,PROD_SCR_03,1,349,349
ITEM_62478,ORD_19977,PROD_CHG_01,1,699,699
ITEM_62479,ORD_19978,PROD_EAR_03,1,3499,3499
ITEM_62480,ORD_19979,PROD_SPK_03,1,1299,1299
ITEM_62481,ORD_19980,PROD_SPK_03,1,1299,1299
ITEM_62482,ORD_19981,PROD_CASE_05,1,899,899
ITEM_62483,ORD_19982,PROD_WATCH_05,1,6999,6999
ITEM_62484,ORD_19983,PROD_PWR_03,1,3299,3299
ITEM_62485,ORD_19984,PROD_PWR_05,1,2799,2799
ITEM_62486,ORD_19985,PROD_SPK_01,1,2499,2499
ITEM_62487,ORD_19986,PROD_SCR_03,1,349,349
ITEM_62488,ORD_19987,PROD_PWR_04,1,899,899
ITEM_62489,ORD_19988,PROD_WATCH_04,1,3999,3999
ITEM_62490,ORD_19989,PROD_CASE_05,1,899,899
ITEM_62491,ORD_19990,PROD_EAR_02,1,2499,2499
ITEM_62492,ORD_19991,PROD_SPK_01,1,2499,2499
ITEM_62493,ORD_19992,PROD_SCR_01,1,299,299
ITEM_62494,ORD_19993,PROD_CASE_05,1,899,899
ITEM_62495,ORD_19994,PROD_SCR_04,1,699,699
ITEM_62496,ORD_19995,PROD_WATCH_05,1,6999,6999
ITEM_62497,ORD_19996,PROD_PWR_04,1,899,899
ITEM_62498,ORD_19997,PROD_SPK_02,1,3999,3999
ITEM_62499,ORD_19998,PROD_EAR_03,1,3499,3499
ITEM_62500,ORD_19999,PROD_WATCH_04,1,3999,3999
