order_id,customer_id,order_timestamp,total_amount_inr,payment_status,payment_method
ORD_16439,CUST_1635,2026-03-04 14:16:45,9498,completed,COD
ORD_15270,CUST_1513,2026-03-04 14:23:53,1698,completed,Credit Card
ORD_14997,CUST_1746,2026-03-04 16:39:32,1148,completed,Credit Card
ORD_19308,CUST_1856,2026-03-04 16:47:09,2499,completed,UPI
ORD_14540,CUST_0362,2026-03-04 16:56:41,1098,completed,COD
ORD_14068,CUST_0628,2026-03-04 17:01:45,998,completed,UPI
ORD_19053,CUST_0544,2026-03-04 17:20:30,2799,completed,UPI
ORD_15623,CUST_1438,2026-03-04 17:41:54,1698,completed,UPI
ORD_15485,CUST_1151,2026-03-04 19:04:43,1048,completed,UPI
ORD_17044,CUST_0739,2026-03-04 19:37:35,1999,completed,Debit Card
ORD_17687,CUST_1087,2026-03-04 19:54:58,3299,completed,Debit Card
ORD_14244,CUST_0622,2026-03-04 20:38:13,1348,completed,Credit Card
ORD_14419,CUST_1773,2026-03-04 21:01:35,1398,completed,UPI
ORD_19535,CUST_0488,2026-03-04 21:01:46,699,completed,Credit Card
ORD_19237,CUST_1378,2026-03-04 21:19:35,599,completed,Debit Card
ORD_16676,CUST_0666,2026-03-04 21:32:49,4999,completed,Credit Card
ORD_15169,CUST_0654,2026-03-04 23:16:56,1348,completed,Debit Card
ORD_18851,CUST_0918,2026-03-05 00:22:17,2799,completed,UPI
ORD_15644,CUST_1981,2026-03-05 00:43:00,1498,completed,Debit Card
ORD_15860,CUST_0899,2026-03-05 01:27:07,7498,completed,Debit Card
ORD_14850,CUST_0776,2026-03-05 01:45:02,1098,completed,UPI
ORD_10488,CUST_0163,2026-03-05 04:12:00,1899,completed,UPI
ORD_10074,CUST_0025,2026-03-05 04:40:00,1899,completed,Credit Card
ORD_15778,CUST_0276,2026-03-05 05:59:12,1598,completed,Debit Card
ORD_16699,CUST_1895,2026-03-05 06:03:55,2799,completed,Credit Card
ORD_14877,CUST_1791,2026-03-05 06:08:21,1098,completed,Credit Card
ORD_19207,CUST_1387,2026-03-05 06:42:33,899,failed,UPI
ORD_17125,CUST_1322,2026-03-05 06:44:39,2799,completed,UPI
ORD_10277,CUST_0093,2026-03-05 06:49:00,799,completed,Credit Card
ORD_16785,CUST_1806,2026-03-05 06:54:01,2199,completed,Credit Card
ORD_14476,CUST_0463,2026-03-05 07:56:12,1298,completed,UPI
ORD_18616,CUST_0818,2026-03-05 08:13:10,1899,completed,UPI
ORD_15431,CUST_0299,2026-03-05 09:01:54,998,completed,COD
ORD_17121,CUST_1216,2026-03-05 09:57:56,3499,completed,UPI
ORD_18468,CUST_0637,2026-03-05 10:02:45,599,completed,Credit Card
ORD_17956,CUST_0934,2026-03-05 10:24:30,3499,completed,UPI
ORD_16716,CUST_1048,2026-03-05 12:25:43,1499,completed,Credit Card
ORD_19234,CUST_1038,2026-03-05 12:53:30,2499,completed,Credit Card
ORD_16573,CUST_1399,2026-03-05 13:20:21,1299,completed,UPI
ORD_14108,CUST_0766,2026-03-05 16:11:04,1148,completed,Credit Card
ORD_15456,CUST_0828,2026-03-05 16:39:40,798,completed,Credit Card
ORD_14950,CUST_0797,2026-03-05 18:05:06,1298,completed,COD
ORD_17126,CUST_1000,2026-03-05 18:17:37,999,completed,COD
ORD_14565,CUST_0906,2026-03-05 18:27:32,898,completed,UPI
ORD_17821,CUST_0789,2026-03-05 19:43:19,3999,completed,Credit Card
ORD_17099,CUST_0539,2026-03-05 20:40:52,1299,completed,UPI
ORD_18138,CUST_1021,2026-03-05 21:15:16,3999,completed,UPI
ORD_10737,CUST_0230,2026-03-05 23:07:00,3499,completed,Credit Card
ORD_17789,CUST_0591,2026-03-05 23:09:35,3999,completed,Credit Card
ORD_17637,CUST_0857,2026-03-05 23:39:36,599,completed,UPI
ORD_19742,CUST_1253,2026-03-05 23:53:23,999,refunded,UPI
ORD_16644,CUST_1519,2026-03-06 00:01:36,1299,completed,UPI
ORD_14700,CUST_0540,2026-03-06 00:07:36,1348,completed,UPI
ORD_10470,CUST_0157,2026-03-06 01:47:00,2499,completed,UPI
ORD_10602,CUST_0196,2026-03-06 02:07:00,3299,completed,UPI
ORD_10067,CUST_0023,2026-03-06 02:22:00,999,completed,UPI
ORD_14321,CUST_1738,2026-03-06 03:04:56,1148,completed,UPI
ORD_15985,CUST_1991,2026-03-06 03:09:20,6498,completed,Debit Card
ORD_15330,CUST_1981,2026-03-06 03:20:57,1148,completed,Debit Card
ORD_10614,CUST_0199,2026-03-06 03:52:00,3299,completed,UPI
ORD_16121,CUST_1950,2026-03-06 04:10:14,4698,completed,UPI
ORD_19362,CUST_0777,2026-03-06 04:36:55,2499,completed,UPI
ORD_17312,CUST_1355,2026-03-06 04:44:47,4299,completed,UPI
ORD_15328,CUST_1964,2026-03-06 04:58:39,1298,completed,UPI
ORD_10251,CUST_0084,2026-03-06 05:08:00,699,completed,COD
ORD_14805,CUST_0301,2026-03-06 05:14:45,1298,completed,UPI
ORD_10570,CUST_0188,2026-03-06 05:51:00,7998,completed,UPI
ORD_10712,CUST_0224,2026-03-06 06:54:00,7998,completed,UPI
ORD_14954,CUST_1856,2026-03-06 07:10:19,1498,completed,COD
ORD_10784,CUST_0242,2026-03-06 07:12:00,3299,completed,COD
ORD_17509,CUST_0324,2026-03-06 07:19:18,5499,refunded,UPI
ORD_18850,CUST_1456,2026-03-06 07:53:25,3299,completed,UPI
ORD_14511,CUST_1569,2026-03-06 08:05:39,948,completed,UPI
ORD_16210,CUST_1988,2026-03-06 08:07:05,7298,completed,Debit Card
ORD_18363,CUST_1630,2026-03-06 08:38:12,6999,completed,Debit Card
ORD_10001,CUST_0001,2026-03-06 09:27:00,2999,completed,UPI
ORD_17569,CUST_1233,2026-03-06 10:51:41,3499,completed,UPI
ORD_14900,CUST_1249,2026-03-06 10:57:16,1298,completed,UPI
ORD_14058,CUST_1954,2026-03-06 11:21:35,1198,completed,Debit Card
ORD_19230,CUST_1728,2026-03-06 12:04:15,3499,completed,UPI
ORD_17588,CUST_0760,2026-03-06 13:06:42,4299,refunded,Credit Card
ORD_17649,CUST_1501,2026-03-06 14:21:29,1899,completed,Credit Card
ORD_15730,CUST_1086,2026-03-06 14:34:10,5698,completed,COD
ORD_14070,CUST_0387,2026-03-06 15:17:10,1498,completed,COD
ORD_15331,CUST_0513,2026-03-06 17:01:33,1048,completed,UPI
ORD_15200,CUST_0631,2026-03-06 17:02:24,1498,completed,UPI
ORD_16503,CUST_0273,2026-03-06 17:50:03,5998,completed,UPI
ORD_19337,CUST_1168,2026-03-06 17:53:24,799,completed,Credit Card
ORD_19585,CUST_0952,2026-03-06 17:53:37,1999,completed,UPI
ORD_17700,CUST_1364,2026-03-06 19:26:43,1899,completed,UPI
ORD_18395,CUST_1042,2026-03-06 19:58:05,3299,completed,COD
ORD_19777,CUST_1719,2026-03-06 20:07:40,2499,completed,UPI
ORD_15113,CUST_1603,2026-03-06 22:20:01,748,completed,UPI
ORD_15090,CUST_0500,2026-03-06 23:55:54,1248,completed,UPI
ORD_15294,CUST_1372,2026-03-07 00:00:35,1498,completed,UPI
ORD_10532,CUST_0178,2026-03-07 00:53:00,5499,completed,UPI
ORD_10290,CUST_0097,2026-03-07 01:10:00,799,completed,Credit Card
ORD_16515,CUST_0802,2026-03-07 01:37:23,1798,completed,UPI
ORD_10427,CUST_0143,2026-03-07 02:50:00,599,completed,UPI
ORD_16935,CUST_0705,2026-03-07 03:28:04,599,completed,UPI
ORD_16007,CUST_1706,2026-03-07 03:54:48,3798,completed,UPI
ORD_14206,CUST_0756,2026-03-07 05:07:48,948,completed,UPI
ORD_19946,CUST_0366,2026-03-07 05:09:15,4299,completed,UPI
ORD_15322,CUST_0741,2026-03-07 05:25:28,1498,completed,UPI
ORD_10238,CUST_0080,2026-03-07 06:41:00,899,completed,UPI
ORD_14711,CUST_0859,2026-03-07 07:11:32,1498,completed,UPI
ORD_10819,CUST_0250,2026-03-07 07:12:00,3499,completed,Credit Card
ORD_14166,CUST_1263,2026-03-07 07:12:28,1198,completed,UPI
ORD_10629,CUST_0203,2026-03-07 07:48:00,6998,completed,UPI
ORD_14252,CUST_0468,2026-03-07 07:59:16,898,completed,UPI
ORD_15481,CUST_1309,2026-03-07 07:59:37,1248,completed,Credit Card
ORD_10533,CUST_0178,2026-03-07 08:08:00,799,completed,COD
ORD_17091,CUST_1897,2026-03-07 09:10:21,4299,completed,UPI
ORD_17657,CUST_0486,2026-03-07 09:28:36,699,completed,Credit Card
ORD_18613,CUST_1021,2026-03-07 09:29:38,899,completed,UPI
ORD_10481,CUST_0161,2026-03-07 09:43:00,4999,completed,Debit Card
ORD_14031,CUST_1659,2026-03-07 10:32:03,1198,completed,UPI
ORD_14106,CUST_0408,2026-03-07 12:59:33,748,completed,UPI
ORD_14737,CUST_1079,2026-03-07 13:45:14,1148,completed,UPI
ORD_15193,CUST_0537,2026-03-07 14:29:46,1198,completed,Debit Card
ORD_18918,CUST_1652,2026-03-07 16:04:01,599,completed,Credit Card
ORD_15117,CUST_1501,2026-03-07 16:34:53,748,completed,UPI
ORD_19551,CUST_1039,2026-03-07 16:54:49,999,completed,Debit Card
ORD_15141,CUST_1524,2026-03-07 17:14:22,1598,completed,Debit Card
ORD_16338,CUST_1652,2026-03-07 17:41:45,4698,completed,UPI
ORD_19167,CUST_0765,2026-03-07 18:38:42,699,completed,UPI
ORD_19495,CUST_0711,2026-03-07 18:56:29,1999,completed,UPI
ORD_14504,CUST_1649,2026-03-07 19:31:50,1498,completed,Credit Card
ORD_17764,CUST_1113,2026-03-07 19:37:59,1499,completed,Debit Card
ORD_15241,CUST_0508,2026-03-07 19:44:48,1048,completed,Debit Card
ORD_16457,CUST_0477,2026-03-07 19:46:01,9498,completed,Debit Card
ORD_14281,CUST_0822,2026-03-07 20:47:32,1198,completed,Debit Card
ORD_17488,CUST_1355,2026-03-07 21:11:51,4299,completed,UPI
ORD_14543,CUST_0682,2026-03-07 22:33:54,1698,completed,UPI
ORD_16886,CUST_0769,2026-03-07 23:19:12,249,completed,Credit Card
ORD_10600,CUST_0196,2026-03-07 23:40:00,6598,completed,Credit Card
ORD_14432,CUST_0580,2026-03-07 23:43:39,898,completed,Credit Card
ORD_19405,CUST_1318,2026-03-08 00:42:40,2199,completed,Credit Card
ORD_10529,CUST_0177,2026-03-08 01:12:00,3999,completed,UPI
ORD_19648,CUST_1389,2026-03-08 02:42:59,6999,completed,COD
ORD_17860,CUST_1506,2026-03-08 04:26:26,1899,completed,COD
ORD_15202,CUST_1487,2026-03-08 04:31:48,1198,completed,UPI
ORD_10058,CUST_0020,2026-03-08 04:39:00,899,completed,Credit Card
ORD_10052,CUST_0018,2026-03-08 04:59:00,3999,completed,UPI
ORD_16826,CUST_1591,2026-03-08 05:26:27,699,completed,Credit Card
ORD_15483,CUST_1652,2026-03-08 05:47:37,1248,completed,COD
ORD_19950,CUST_1098,2026-03-08 06:12:16,699,refunded,Debit Card
ORD_18081,CUST_1234,2026-03-08 06:17:33,999,completed,Debit Card
ORD_15705,CUST_1723,2026-03-08 07:00:27,6098,completed,Credit Card
ORD_10763,CUST_0236,2026-03-08 07:15:00,6998,completed,UPI
ORD_14091,CUST_1585,2026-03-08 07:34:44,848,completed,Credit Card
ORD_10466,CUST_0156,2026-03-08 08:28:00,3299,completed,UPI
ORD_17564,CUST_1756,2026-03-08 09:00:37,499,completed,UPI
ORD_18523,CUST_1045,2026-03-08 09:54:22,2499,completed,COD
ORD_17141,CUST_0753,2026-03-08 10:36:37,3999,completed,UPI
ORD_19304,CUST_1700,2026-03-08 11:18:09,3999,completed,UPI
ORD_17723,CUST_1998,2026-03-08 11:58:13,499,completed,Debit Card
ORD_14639,CUST_1803,2026-03-08 14:19:03,898,completed,COD
ORD_14423,CUST_1217,2026-03-08 14:58:46,1098,completed,UPI
ORD_16996,CUST_0857,2026-03-08 17:21:02,1999,completed,UPI
ORD_18278,CUST_1322,2026-03-08 17:27:34,1299,completed,COD
ORD_19099,CUST_0664,2026-03-08 17:29:06,3299,completed,Credit Card
ORD_19321,CUST_1536,2026-03-08 17:55:45,349,completed,UPI
ORD_18137,CUST_1222,2026-03-08 17:59:02,3299,completed,Credit Card
ORD_18388,CUST_0382,2026-03-08 18:32:30,1899,completed,Credit Card
ORD_14516,CUST_1258,2026-03-08 18:38:01,1198,completed,Debit Card
ORD_16867,CUST_0785,2026-03-08 18:50:38,299,completed,Credit Card
ORD_15565,CUST_1933,2026-03-08 18:53:29,1198,completed,UPI
ORD_16364,CUST_1581,2026-03-08 21:41:16,5798,completed,UPI
ORD_15773,CUST_1241,2026-03-08 23:06:55,5498,completed,UPI
ORD_15804,CUST_0723,2026-03-08 23:11:49,5498,completed,UPI
ORD_17468,CUST_1211,2026-03-08 23:50:09,2499,completed,Debit Card
ORD_15528,CUST_1341,2026-03-09 00:30:28,1098,completed,COD
ORD_10154,CUST_0052,2026-03-09 00:35:00,6999,completed,COD
ORD_16091,CUST_1810,2026-03-09 00:59:26,2498,completed,UPI
ORD_16129,CUST_0969,2026-03-09 01:55:54,8798,completed,UPI
ORD_17655,CUST_1639,2026-03-09 02:09:40,599,completed,Credit Card
ORD_15334,CUST_0543,2026-03-09 02:36:41,1248,completed,UPI
ORD_14905,CUST_0717,2026-03-09 03:54:52,848,completed,UPI
ORD_18319,CUST_0783,2026-03-09 04:36:58,2199,completed,UPI
ORD_16118,CUST_0995,2026-03-09 04:49:08,2598,completed,UPI
ORD_18548,CUST_1874,2026-03-09 04:57:52,2499,completed,UPI
ORD_10270,CUST_0091,2026-03-09 05:16:00,499,completed,COD
ORD_19188,CUST_0414,2026-03-09 05:24:29,699,completed,Credit Card
ORD_17484,CUST_1866,2026-03-09 05:30:15,899,completed,Debit Card
ORD_17944,CUST_0707,2026-03-09 05:38:17,599,refunded,COD
ORD_10168,CUST_0057,2026-03-09 05:42:00,349,completed,Debit Card
ORD_16894,CUST_1131,2026-03-09 05:44:55,4999,completed,Debit Card
ORD_18688,CUST_1543,2026-03-09 06:04:05,1999,failed,Credit Card
ORD_18617,CUST_0442,2026-03-09 06:04:27,2499,completed,UPI
ORD_16171,CUST_1475,2026-03-09 07:09:58,7698,completed,UPI
ORD_17071,CUST_0793,2026-03-09 07:17:03,3499,completed,Credit Card
ORD_18018,CUST_1657,2026-03-09 07:54:58,2199,completed,UPI
ORD_17234,CUST_0725,2026-03-09 09:59:53,1299,completed,UPI
ORD_18531,CUST_0356,2026-03-09 10:00:51,3299,completed,Credit Card
ORD_16074,CUST_0872,2026-03-09 10:13:02,5198,completed,Debit Card
ORD_14823,CUST_1956,2026-03-09 11:13:20,748,completed,UPI
ORD_16230,CUST_0714,2026-03-09 11:43:02,1998,completed,Credit Card
ORD_15032,CUST_1702,2026-03-09 12:23:42,1598,completed,UPI
ORD_17410,CUST_1019,2026-03-09 12:27:24,1499,completed,COD
ORD_18684,CUST_0799,2026-03-09 13:11:54,3999,completed,COD
ORD_15590,CUST_0855,2026-03-09 14:22:43,1048,completed,COD
ORD_15772,CUST_1017,2026-03-09 14:39:27,8498,completed,UPI
ORD_17440,CUST_0574,2026-03-09 14:47:43,799,completed,COD
ORD_10898,CUST_0275,2026-03-09 15:00:00,2499,completed,UPI
ORD_10916,CUST_0284,2026-03-09 15:00:00,1499,completed,Debit Card
ORD_10924,CUST_0288,2026-03-09 15:00:00,2499,completed,Credit Card
ORD_10944,CUST_0298,2026-03-09 15:00:00,1999,completed,Credit Card
ORD_10956,CUST_0304,2026-03-09 15:00:00,2499,completed,UPI
ORD_10970,CUST_0311,2026-03-09 15:00:00,1999,completed,COD
ORD_10998,CUST_0325,2026-03-09 15:00:00,1999,completed,Debit Card
ORD_11004,CUST_0328,2026-03-09 15:00:00,4299,completed,UPI
ORD_11024,CUST_0338,2026-03-09 15:00:00,3499,completed,Credit Card
ORD_11032,CUST_0342,2026-03-09 15:00:00,1499,completed,UPI
ORD_11054,CUST_0353,2026-03-09 15:00:00,1999,completed,UPI
ORD_11072,CUST_0362,2026-03-09 15:00:00,3499,completed,UPI
ORD_11156,CUST_0404,2026-03-09 15:00:00,4299,completed,UPI
ORD_11164,CUST_0408,2026-03-09 15:00:00,1499,completed,Debit Card
ORD_11172,CUST_0412,2026-03-09 15:00:00,1499,completed,UPI
ORD_11178,CUST_0415,2026-03-09 15:00:00,2499,completed,UPI
ORD_11212,CUST_0432,2026-03-09 15:00:00,4299,completed,UPI
ORD_11238,CUST_0445,2026-03-09 15:00:00,4299,completed,UPI
ORD_11241,CUST_0447,2026-03-09 15:00:00,3499,completed,COD
ORD_11257,CUST_0463,2026-03-09 15:00:00,1499,completed,UPI
ORD_11291,CUST_0497,2026-03-09 15:00:00,1499,completed,COD
ORD_11297,CUST_0503,2026-03-09 15:00:00,1999,completed,UPI
ORD_11323,CUST_0529,2026-03-09 15:00:00,2499,completed,UPI
ORD_11332,CUST_0538,2026-03-09 15:00:00,1499,completed,UPI
ORD_11342,CUST_0548,2026-03-09 15:00:00,1499,completed,UPI
ORD_11346,CUST_0552,2026-03-09 15:00:00,1499,completed,UPI
ORD_11348,CUST_0554,2026-03-09 15:00:00,1999,completed,Credit Card
ORD_11349,CUST_0555,2026-03-09 15:00:00,4299,completed,Credit Card
ORD_11355,CUST_0561,2026-03-09 15:00:00,2499,completed,UPI
ORD_11359,CUST_0565,2026-03-09 15:00:00,2499,completed,UPI
ORD_11362,CUST_0568,2026-03-09 15:00:00,3499,completed,UPI
ORD_11373,CUST_0579,2026-03-09 15:00:00,3499,completed,Credit Card
ORD_11389,CUST_0595,2026-03-09 15:00:00,3499,completed,UPI
ORD_11404,CUST_0610,2026-03-09 15:00:00,1999,completed,UPI
ORD_11411,CUST_0617,2026-03-09 15:00:00,3499,completed,Credit Card
ORD_11413,CUST_0619,2026-03-09 15:00:00,1999,completed,UPI
ORD_11426,CUST_0632,2026-03-09 15:00:00,1999,completed,UPI
ORD_11433,CUST_0639,2026-03-09 15:00:00,3499,completed,Debit Card
ORD_11482,CUST_0677,2026-03-09 15:00:00,4999,completed,Debit Card
ORD_11516,CUST_0702,2026-03-09 15:00:00,1299,completed,UPI
ORD_11549,CUST_0735,2026-03-09 15:00:00,699,completed,Credit Card
ORD_11554,CUST_0740,2026-03-09 15:00:00,1499,completed,UPI
ORD_11563,CUST_0749,2026-03-09 15:00:00,1299,completed,UPI
ORD_11565,CUST_0751,2026-03-09 15:00:00,5499,completed,UPI
ORD_11577,CUST_0763,2026-03-09 15:00:00,699,completed,UPI
ORD_11599,CUST_0785,2026-03-09 15:00:00,1899,completed,COD
ORD_11610,CUST_0796,2026-03-09 15:00:00,799,completed,Credit Card
ORD_11632,CUST_0818,2026-03-09 15:00:00,1899,completed,UPI
ORD_11661,CUST_0847,2026-03-09 15:00:00,999,completed,Credit Card
ORD_11665,CUST_0851,2026-03-09 15:00:00,1899,completed,Credit Card
ORD_11667,CUST_0853,2026-03-09 15:00:00,4999,completed,UPI
ORD_11672,CUST_0858,2026-03-09 15:00:00,6999,completed,UPI
ORD_11673,CUST_0859,2026-03-09 15:00:00,4999,completed,UPI
ORD_11680,CUST_0866,2026-03-09 15:00:00,2499,completed,COD
ORD_11681,CUST_0867,2026-03-09 15:00:00,1899,completed,UPI
ORD_11687,CUST_0873,2026-03-09 15:00:00,3299,completed,UPI
ORD_11693,CUST_0879,2026-03-09 15:00:00,699,completed,UPI
ORD_11700,CUST_0886,2026-03-09 15:00:00,5499,completed,UPI
ORD_11704,CUST_0890,2026-03-09 15:00:00,1499,completed,COD
ORD_11743,CUST_0929,2026-03-09 15:00:00,5499,completed,Debit Card
ORD_11803,CUST_0989,2026-03-09 15:00:00,2499,completed,UPI
ORD_11806,CUST_0992,2026-03-09 15:00:00,3299,completed,COD
ORD_11814,CUST_1000,2026-03-09 15:00:00,3299,completed,UPI
ORD_11819,CUST_1005,2026-03-09 15:00:00,5499,completed,COD
ORD_11824,CUST_1010,2026-03-09 15:00:00,999,completed,Debit Card
ORD_11840,CUST_1026,2026-03-09 15:00:00,1899,completed,UPI
ORD_11871,CUST_1057,2026-03-09 15:00:00,3299,completed,UPI
ORD_15695,CUST_1449,2026-03-09 15:47:39,1698,completed,Credit Card
ORD_10882,CUST_0267,2026-03-09 16:00:00,3499,completed,Credit Card
ORD_10888,CUST_0270,2026-03-09 16:00:00,3499,completed,UPI
ORD_10900,CUST_0276,2026-03-09 16:00:00,1499,completed,UPI
ORD_10922,CUST_0287,2026-03-09 16:00:00,1999,completed,Credit Card
ORD_10942,CUST_0297,2026-03-09 16:00:00,3499,completed,Credit Card
ORD_10974,CUST_0313,2026-03-09 16:00:00,2499,completed,Credit Card
ORD_10978,CUST_0315,2026-03-09 16:00:00,4299,completed,Credit Card
ORD_11020,CUST_0336,2026-03-09 16:00:00,1499,completed,UPI
ORD_11042,CUST_0347,2026-03-09 16:00:00,1999,completed,Credit Card
ORD_11056,CUST_0354,2026-03-09 16:00:00,2499,completed,UPI
ORD_11086,CUST_0369,2026-03-09 16:00:00,4299,completed,UPI
ORD_11090,CUST_0371,2026-03-09 16:00:00,2499,completed,UPI
ORD_11092,CUST_0372,2026-03-09 16:00:00,2499,completed,COD
ORD_11094,CUST_0373,2026-03-09 16:00:00,1499,completed,UPI
ORD_11112,CUST_0382,2026-03-09 16:00:00,4299,completed,COD
ORD_11120,CUST_0386,2026-03-09 16:00:00,3499,completed,COD
ORD_11124,CUST_0388,2026-03-09 16:00:00,1499,completed,UPI
ORD_11128,CUST_0390,2026-03-09 16:00:00,2499,completed,UPI
ORD_11136,CUST_0394,2026-03-09 16:00:00,1499,completed,Credit Card
ORD_11146,CUST_0399,2026-03-09 16:00:00,3499,completed,Credit Card
ORD_11148,CUST_0400,2026-03-09 16:00:00,2499,completed,Credit Card
ORD_11162,CUST_0407,2026-03-09 16:00:00,1499,completed,COD
ORD_11166,CUST_0409,2026-03-09 16:00:00,3499,completed,UPI
ORD_11168,CUST_0410,2026-03-09 16:00:00,2499,completed,COD
ORD_11182,CUST_0417,2026-03-09 16:00:00,1499,completed,UPI
ORD_11196,CUST_0424,2026-03-09 16:00:00,2499,completed,Credit Card
ORD_11242,CUST_0448,2026-03-09 16:00:00,3499,completed,Debit Card
ORD_11243,CUST_0449,2026-03-09 16:00:00,3499,completed,Debit Card
ORD_11245,CUST_0451,2026-03-09 16:00:00,1999,completed,COD
ORD_11252,CUST_0458,2026-03-09 16:00:00,1499,completed,UPI
ORD_11254,CUST_0460,2026-03-09 16:00:00,2499,completed,UPI
ORD_11255,CUST_0461,2026-03-09 16:00:00,4299,completed,UPI
ORD_11269,CUST_0475,2026-03-09 16:00:00,4299,completed,Credit Card
ORD_11280,CUST_0486,2026-03-09 16:00:00,2499,completed,COD
ORD_11293,CUST_0499,2026-03-09 16:00:00,4299,completed,COD
ORD_11298,CUST_0504,2026-03-09 16:00:00,1499,completed,COD
ORD_11299,CUST_0505,2026-03-09 16:00:00,4299,completed,UPI
ORD_11309,CUST_0515,2026-03-09 16:00:00,2499,completed,UPI
ORD_11312,CUST_0518,2026-03-09 16:00:00,3499,completed,UPI
ORD_11317,CUST_0523,2026-03-09 16:00:00,4299,completed,Credit Card
ORD_11319,CUST_0525,2026-03-09 16:00:00,2499,completed,Debit Card
ORD_11339,CUST_0545,2026-03-09 16:00:00,4299,completed,Debit Card
ORD_11352,CUST_0558,2026-03-09 16:00:00,4299,completed,UPI
ORD_11356,CUST_0562,2026-03-09 16:00:00,1999,completed,UPI
ORD_11360,CUST_0566,2026-03-09 16:00:00,1499,completed,UPI
ORD_11366,CUST_0572,2026-03-09 16:00:00,1499,completed,UPI
ORD_11375,CUST_0581,2026-03-09 16:00:00,2499,completed,UPI
ORD_11407,CUST_0613,2026-03-09 16:00:00,3499,completed,Debit Card
ORD_11420,CUST_0626,2026-03-09 16:00:00,1499,completed,UPI
ORD_11439,CUST_0645,2026-03-09 16:00:00,1999,completed,UPI
ORD_11445,CUST_0651,2026-03-09 16:00:00,1499,completed,UPI
ORD_11448,CUST_0654,2026-03-09 16:00:00,1999,completed,UPI
ORD_11455,CUST_0661,2026-03-09 16:00:00,2499,completed,Credit Card
ORD_11458,CUST_0664,2026-03-09 16:00:00,3499,completed,COD
ORD_11470,CUST_0671,2026-03-09 16:00:00,2799,completed,UPI
ORD_11505,CUST_0691,2026-03-09 16:00:00,899,completed,Credit Card
ORD_11507,CUST_0693,2026-03-09 16:00:00,2799,completed,UPI
ORD_11508,CUST_0694,2026-03-09 16:00:00,999,completed,UPI
ORD_11514,CUST_0700,2026-03-09 16:00:00,1299,completed,UPI
ORD_11522,CUST_0708,2026-03-09 16:00:00,1299,completed,COD
ORD_11524,CUST_0710,2026-03-09 16:00:00,3999,completed,Debit Card
ORD_11538,CUST_0724,2026-03-09 16:00:00,999,completed,COD
ORD_11552,CUST_0738,2026-03-09 16:00:00,1899,completed,UPI
ORD_11556,CUST_0742,2026-03-09 16:00:00,2199,completed,Debit Card
ORD_11568,CUST_0754,2026-03-09 16:00:00,1499,completed,COD
ORD_11571,CUST_0757,2026-03-09 16:00:00,1299,completed,COD
ORD_11581,CUST_0767,2026-03-09 16:00:00,3999,completed,Credit Card
ORD_11590,CUST_0776,2026-03-09 16:00:00,699,completed,UPI
ORD_11594,CUST_0780,2026-03-09 16:00:00,2799,completed,Credit Card
ORD_11614,CUST_0800,2026-03-09 16:00:00,799,completed,UPI
ORD_11627,CUST_0813,2026-03-09 16:00:00,3299,completed,Credit Card
ORD_11648,CUST_0834,2026-03-09 16:00:00,2199,completed,UPI
ORD_11679,CUST_0865,2026-03-09 16:00:00,799,completed,UPI
ORD_11696,CUST_0882,2026-03-09 16:00:00,4999,completed,Credit Card
ORD_11697,CUST_0883,2026-03-09 16:00:00,899,completed,UPI
ORD_11702,CUST_0888,2026-03-09 16:00:00,3999,completed,UPI
ORD_11723,CUST_0909,2026-03-09 16:00:00,1299,completed,COD
ORD_11728,CUST_0914,2026-03-09 16:00:00,999,completed,UPI
ORD_11731,CUST_0917,2026-03-09 16:00:00,5499,completed,UPI
ORD_11758,CUST_0944,2026-03-09 16:00:00,3999,completed,Debit Card
ORD_11765,CUST_0951,2026-03-09 16:00:00,999,completed,Credit Card
ORD_11781,CUST_0967,2026-03-09 16:00:00,1499,completed,UPI
ORD_11787,CUST_0973,2026-03-09 16:00:00,2499,completed,Debit Card
ORD_11790,CUST_0976,2026-03-09 16:00:00,5499,completed,Credit Card
ORD_11792,CUST_0978,2026-03-09 16:00:00,2799,completed,UPI
ORD_11797,CUST_0983,2026-03-09 16:00:00,3999,completed,Credit Card
ORD_11805,CUST_0991,2026-03-09 16:00:00,999,completed,COD
ORD_11808,CUST_0994,2026-03-09 16:00:00,3299,completed,UPI
ORD_11821,CUST_1007,2026-03-09 16:00:00,1899,completed,Debit Card
ORD_11848,CUST_1034,2026-03-09 16:00:00,1899,completed,COD
ORD_11860,CUST_1046,2026-03-09 16:00:00,4999,completed,UPI
ORD_11873,CUST_1059,2026-03-09 16:00:00,1499,completed,Debit Card
ORD_16366,CUST_0431,2026-03-09 16:38:43,3198,completed,UPI
ORD_15618,CUST_0358,2026-03-09 16:41:13,1048,completed,UPI
ORD_10880,CUST_0266,2026-03-09 17:00:00,4299,completed,UPI
ORD_10884,CUST_0268,2026-03-09 17:00:00,2499,completed,UPI
ORD_10902,CUST_0277,2026-03-09 17:00:00,1999,completed,Credit Card
ORD_10904,CUST_0278,2026-03-09 17:00:00,1499,completed,COD
ORD_10946,CUST_0299,2026-03-09 17:00:00,2499,completed,COD
ORD_10972,CUST_0312,2026-03-09 17:00:00,1499,completed,UPI
ORD_11000,CUST_0326,2026-03-09 17:00:00,3499,completed,COD
ORD_11002,CUST_0327,2026-03-09 17:00:00,4299,completed,UPI
ORD_11206,CUST_0429,2026-03-09 17:00:00,1999,completed,UPI
ORD_11262,CUST_0468,2026-03-09 17:00:00,1499,completed,UPI
ORD_11263,CUST_0469,2026-03-09 17:00:00,2499,completed,UPI
ORD_11277,CUST_0483,2026-03-09 17:00:00,3499,completed,Debit Card
ORD_11281,CUST_0487,2026-03-09 17:00:00,3499,completed,COD
ORD_11283,CUST_0489,2026-03-09 17:00:00,3499,completed,COD
ORD_11288,CUST_0494,2026-03-09 17:00:00,3499,completed,Debit Card
ORD_11292,CUST_0498,2026-03-09 17:00:00,2499,completed,UPI
ORD_11310,CUST_0516,2026-03-09 17:00:00,1499,completed,UPI
ORD_11350,CUST_0556,2026-03-09 17:00:00,4299,completed,COD
ORD_11364,CUST_0570,2026-03-09 17:00:00,1999,completed,Credit Card
ORD_11388,CUST_0594,2026-03-09 17:00:00,4299,completed,Debit Card
ORD_11399,CUST_0605,2026-03-09 17:00:00,4299,completed,Credit Card
ORD_11416,CUST_0622,2026-03-09 17:00:00,3499,completed,UPI
ORD_11438,CUST_0644,2026-03-09 17:00:00,1999,completed,UPI
ORD_11444,CUST_0650,2026-03-09 17:00:00,4299,completed,COD
ORD_11466,CUST_0669,2026-03-09 17:00:00,4999,completed,Credit Card
ORD_11468,CUST_0670,2026-03-09 17:00:00,899,completed,Credit Card
ORD_11472,CUST_0672,2026-03-09 17:00:00,1299,completed,Debit Card
ORD_11480,CUST_0676,2026-03-09 17:00:00,5499,completed,COD
ORD_11490,CUST_0681,2026-03-09 17:00:00,2799,completed,UPI
ORD_11504,CUST_0690,2026-03-09 17:00:00,2499,completed,UPI
ORD_11510,CUST_0696,2026-03-09 17:00:00,1299,completed,UPI
ORD_11517,CUST_0703,2026-03-09 17:00:00,4999,completed,Credit Card
ORD_11520,CUST_0706,2026-03-09 17:00:00,3999,completed,UPI
ORD_11521,CUST_0707,2026-03-09 17:00:00,1899,completed,COD
ORD_11526,CUST_0712,2026-03-09 17:00:00,2199,completed,Credit Card
ORD_11530,CUST_0716,2026-03-09 17:00:00,699,completed,UPI
ORD_11537,CUST_0723,2026-03-09 17:00:00,2499,completed,UPI
ORD_11551,CUST_0737,2026-03-09 17:00:00,3299,completed,UPI
ORD_11560,CUST_0746,2026-03-09 17:00:00,999,completed,UPI
ORD_11591,CUST_0777,2026-03-09 17:00:00,3299,completed,UPI
ORD_11607,CUST_0793,2026-03-09 17:00:00,1299,completed,UPI
ORD_11611,CUST_0797,2026-03-09 17:00:00,1299,completed,Credit Card
ORD_11612,CUST_0798,2026-03-09 17:00:00,3299,completed,Credit Card
ORD_11617,CUST_0803,2026-03-09 17:00:00,2799,completed,UPI
ORD_11622,CUST_0808,2026-03-09 17:00:00,5499,completed,Debit Card
ORD_11630,CUST_0816,2026-03-09 17:00:00,3299,completed,UPI
ORD_11640,CUST_0826,2026-03-09 17:00:00,1299,completed,Debit Card
ORD_11644,CUST_0830,2026-03-09 17:00:00,1299,completed,UPI
ORD_11646,CUST_0832,2026-03-09 17:00:00,2799,completed,UPI
ORD_11675,CUST_0861,2026-03-09 17:00:00,3999,completed,COD
ORD_11678,CUST_0864,2026-03-09 17:00:00,5499,completed,UPI
ORD_11698,CUST_0884,2026-03-09 17:00:00,3299,completed,UPI
ORD_11706,CUST_0892,2026-03-09 17:00:00,4999,completed,UPI
ORD_11714,CUST_0900,2026-03-09 17:00:00,2199,completed,Debit Card
ORD_11724,CUST_0910,2026-03-09 17:00:00,3999,completed,UPI
ORD_11729,CUST_0915,2026-03-09 17:00:00,799,completed,Credit Card
ORD_11744,CUST_0930,2026-03-09 17:00:00,699,completed,Debit Card
ORD_11746,CUST_0932,2026-03-09 17:00:00,2799,completed,COD
ORD_11751,CUST_0937,2026-03-09 17:00:00,1899,completed,UPI
ORD_11753,CUST_0939,2026-03-09 17:00:00,3999,completed,UPI
ORD_11762,CUST_0948,2026-03-09 17:00:00,1899,completed,UPI
ORD_11775,CUST_0961,2026-03-09 17:00:00,799,completed,UPI
ORD_11782,CUST_0968,2026-03-09 17:00:00,1899,completed,UPI
ORD_11809,CUST_0995,2026-03-09 17:00:00,2799,completed,COD
ORD_11842,CUST_1028,2026-03-09 17:00:00,2499,completed,COD
ORD_11844,CUST_1030,2026-03-09 17:00:00,1499,completed,UPI
ORD_11861,CUST_1047,2026-03-09 17:00:00,5499,completed,COD
ORD_11870,CUST_1056,2026-03-09 17:00:00,1499,completed,UPI
ORD_17473,CUST_1866,2026-03-09 17:09:48,3299,completed,UPI
ORD_14233,CUST_1137,2026-03-09 17:21:28,1248,completed,UPI
ORD_10892,CUST_0272,2026-03-09 18:00:00,4299,completed,Credit Card
ORD_10910,CUST_0281,2026-03-09 18:00:00,1499,completed,UPI
ORD_10934,CUST_0293,2026-03-09 18:00:00,1999,completed,UPI
ORD_10948,CUST_0300,2026-03-09 18:00:00,2499,completed,COD
ORD_10984,CUST_0318,2026-03-09 18:00:00,3499,completed,Debit Card
ORD_10992,CUST_0322,2026-03-09 18:00:00,3499,completed,UPI
ORD_11006,CUST_0329,2026-03-09 18:00:00,2499,completed,Credit Card
ORD_11008,CUST_0330,2026-03-09 18:00:00,3499,completed,UPI
ORD_11044,CUST_0348,2026-03-09 18:00:00,1499,completed,UPI
ORD_11050,CUST_0351,2026-03-09 18:00:00,2499,completed,UPI
ORD_11078,CUST_0365,2026-03-09 18:00:00,3499,completed,UPI
ORD_11102,CUST_0377,2026-03-09 18:00:00,2499,completed,UPI
ORD_11122,CUST_0387,2026-03-09 18:00:00,3499,completed,Debit Card
ORD_11138,CUST_0395,2026-03-09 18:00:00,4299,completed,Credit Card
ORD_11140,CUST_0396,2026-03-09 18:00:00,1999,completed,Debit Card
ORD_11154,CUST_0403,2026-03-09 18:00:00,2499,completed,Credit Card
ORD_11170,CUST_0411,2026-03-09 18:00:00,3499,completed,COD
ORD_11210,CUST_0431,2026-03-09 18:00:00,3499,completed,Debit Card
ORD_11224,CUST_0438,2026-03-09 18:00:00,3499,completed,UPI
ORD_11247,CUST_0453,2026-03-09 18:00:00,1999,completed,UPI
ORD_11249,CUST_0455,2026-03-09 18:00:00,2499,completed,UPI
ORD_11259,CUST_0465,2026-03-09 18:00:00,1999,completed,UPI
ORD_11295,CUST_0501,2026-03-09 18:00:00,1499,completed,UPI
ORD_11304,CUST_0510,2026-03-09 18:00:00,3499,completed,Credit Card
ORD_11306,CUST_0512,2026-03-09 18:00:00,2499,completed,Credit Card
ORD_11314,CUST_0520,2026-03-09 18:00:00,1999,completed,Credit Card
ORD_11335,CUST_0541,2026-03-09 18:00:00,1999,completed,COD
ORD_11354,CUST_0560,2026-03-09 18:00:00,3499,completed,Credit Card
ORD_11357,CUST_0563,2026-03-09 18:00:00,4299,completed,COD
ORD_11379,CUST_0585,2026-03-09 18:00:00,4299,completed,COD
ORD_11387,CUST_0593,2026-03-09 18:00:00,2499,completed,Credit Card
ORD_11400,CUST_0606,2026-03-09 18:00:00,2499,completed,UPI
ORD_11402,CUST_0608,2026-03-09 18:00:00,1999,completed,UPI
ORD_11418,CUST_0624,2026-03-09 18:00:00,2499,completed,UPI
ORD_11423,CUST_0629,2026-03-09 18:00:00,1499,completed,COD
ORD_11430,CUST_0636,2026-03-09 18:00:00,3499,completed,Debit Card
ORD_11454,CUST_0660,2026-03-09 18:00:00,4299,completed,UPI
ORD_11502,CUST_0688,2026-03-09 18:00:00,699,completed,Debit Card
ORD_11509,CUST_0695,2026-03-09 18:00:00,3299,completed,UPI
ORD_11515,CUST_0701,2026-03-09 18:00:00,3299,completed,COD
ORD_11518,CUST_0704,2026-03-09 18:00:00,1899,completed,UPI
ORD_11523,CUST_0709,2026-03-09 18:00:00,1299,completed,Credit Card
ORD_11534,CUST_0720,2026-03-09 18:00:00,899,completed,UPI
ORD_11536,CUST_0722,2026-03-09 18:00:00,799,completed,UPI
ORD_11541,CUST_0727,2026-03-09 18:00:00,1299,completed,UPI
ORD_11557,CUST_0743,2026-03-09 18:00:00,999,completed,Debit Card
ORD_11558,CUST_0744,2026-03-09 18:00:00,5499,completed,Debit Card
ORD_11562,CUST_0748,2026-03-09 18:00:00,1299,completed,UPI
ORD_11567,CUST_0753,2026-03-09 18:00:00,2199,completed,UPI
ORD_11584,CUST_0770,2026-03-09 18:00:00,1499,completed,UPI
ORD_11587,CUST_0773,2026-03-09 18:00:00,4999,completed,UPI
ORD_11609,CUST_0795,2026-03-09 18:00:00,2499,completed,UPI
ORD_11621,CUST_0807,2026-03-09 18:00:00,1899,completed,COD
ORD_11638,CUST_0824,2026-03-09 18:00:00,6999,completed,UPI
ORD_11645,CUST_0831,2026-03-09 18:00:00,3299,completed,Debit Card
ORD_11656,CUST_0842,2026-03-09 18:00:00,5499,completed,COD
ORD_11701,CUST_0887,2026-03-09 18:00:00,999,completed,Credit Card
ORD_11703,CUST_0889,2026-03-09 18:00:00,2799,completed,UPI
ORD_11721,CUST_0907,2026-03-09 18:00:00,6999,completed,UPI
ORD_11740,CUST_0926,2026-03-09 18:00:00,1299,completed,UPI
ORD_11755,CUST_0941,2026-03-09 18:00:00,2799,completed,COD
ORD_11761,CUST_0947,2026-03-09 18:00:00,899,completed,Credit Card
ORD_11771,CUST_0957,2026-03-09 18:00:00,2799,completed,Credit Card
ORD_11772,CUST_0958,2026-03-09 18:00:00,2199,completed,UPI
ORD_11794,CUST_0980,2026-03-09 18:00:00,1299,completed,Debit Card
ORD_11834,CUST_1020,2026-03-09 18:00:00,1299,completed,COD
ORD_11875,CUST_1061,2026-03-09 18:00:00,1299,completed,Debit Card
ORD_11876,CUST_1062,2026-03-09 18:00:00,2799,completed,Debit Card
ORD_15167,CUST_1186,2026-03-09 18:49:21,848,completed,UPI
ORD_10982,CUST_0317,2026-03-09 19:00:00,4299,completed,UPI
ORD_10990,CUST_0321,2026-03-09 19:00:00,4299,completed,UPI
ORD_10994,CUST_0323,2026-03-09 19:00:00,2499,completed,UPI
ORD_11030,CUST_0341,2026-03-09 19:00:00,3499,completed,UPI
ORD_11068,CUST_0360,2026-03-09 19:00:00,1499,completed,UPI
ORD_11074,CUST_0363,2026-03-09 19:00:00,4299,completed,UPI
ORD_11076,CUST_0364,2026-03-09 19:00:00,4299,completed,COD
ORD_11134,CUST_0393,2026-03-09 19:00:00,1499,completed,UPI
ORD_11174,CUST_0413,2026-03-09 19:00:00,2499,completed,UPI
ORD_11204,CUST_0428,2026-03-09 19:00:00,1499,completed,UPI
ORD_11216,CUST_0434,2026-03-09 19:00:00,2499,completed,COD
ORD_11218,CUST_0435,2026-03-09 19:00:00,2499,completed,UPI
ORD_11222,CUST_0437,2026-03-09 19:00:00,2499,completed,Debit Card
ORD_11226,CUST_0439,2026-03-09 19:00:00,1499,completed,UPI
ORD_11250,CUST_0456,2026-03-09 19:00:00,1499,completed,Credit Card
ORD_11266,CUST_0472,2026-03-09 19:00:00,1499,completed,Debit Card
ORD_11268,CUST_0474,2026-03-09 19:00:00,4299,completed,Credit Card
ORD_11271,CUST_0477,2026-03-09 19:00:00,4299,completed,UPI
ORD_11284,CUST_0490,2026-03-09 19:00:00,4299,completed,UPI
ORD_11320,CUST_0526,2026-03-09 19:00:00,1499,completed,UPI
ORD_11324,CUST_0530,2026-03-09 19:00:00,4299,completed,COD
ORD_11326,CUST_0532,2026-03-09 19:00:00,1499,completed,Debit Card
ORD_11345,CUST_0551,2026-03-09 19:00:00,2499,completed,UPI
ORD_11369,CUST_0575,2026-03-09 19:00:00,3499,completed,Debit Card
ORD_11370,CUST_0576,2026-03-09 19:00:00,2499,completed,Debit Card
ORD_11371,CUST_0577,2026-03-09 19:00:00,3499,completed,COD
ORD_11382,CUST_0588,2026-03-09 19:00:00,1999,completed,Credit Card
ORD_11383,CUST_0589,2026-03-09 19:00:00,1499,completed,UPI
ORD_11384,CUST_0590,2026-03-09 19:00:00,1999,completed,Credit Card
ORD_11396,CUST_0602,2026-03-09 19:00:00,1999,completed,Credit Card
ORD_11401,CUST_0607,2026-03-09 19:00:00,3499,completed,UPI
ORD_11406,CUST_0612,2026-03-09 19:00:00,1999,completed,UPI
ORD_11414,CUST_0620,2026-03-09 19:00:00,1999,completed,Debit Card
ORD_11417,CUST_0623,2026-03-09 19:00:00,4299,completed,UPI
ORD_11424,CUST_0630,2026-03-09 19:00:00,3499,completed,UPI
ORD_11486,CUST_0679,2026-03-09 19:00:00,3999,completed,UPI
ORD_11494,CUST_0683,2026-03-09 19:00:00,6999,completed,Credit Card
ORD_11496,CUST_0684,2026-03-09 19:00:00,899,completed,UPI
ORD_11511,CUST_0697,2026-03-09 19:00:00,2499,completed,COD
ORD_11527,CUST_0713,2026-03-09 19:00:00,1499,completed,COD
ORD_11531,CUST_0717,2026-03-09 19:00:00,3999,completed,Credit Card
ORD_11542,CUST_0728,2026-03-09 19:00:00,1299,completed,UPI
ORD_11547,CUST_0733,2026-03-09 19:00:00,2199,completed,UPI
ORD_11566,CUST_0752,2026-03-09 19:00:00,1299,completed,UPI
ORD_11570,CUST_0756,2026-03-09 19:00:00,3299,completed,UPI
ORD_11579,CUST_0765,2026-03-09 19:00:00,4999,completed,Credit Card
ORD_11583,CUST_0769,2026-03-09 19:00:00,3299,completed,Debit Card
ORD_11598,CUST_0784,2026-03-09 19:00:00,1899,completed,UPI
ORD_11601,CUST_0787,2026-03-09 19:00:00,1899,completed,Debit Card
ORD_11615,CUST_0801,2026-03-09 19:00:00,1299,completed,UPI
ORD_11620,CUST_0806,2026-03-09 19:00:00,3999,completed,Credit Card
ORD_11626,CUST_0812,2026-03-09 19:00:00,1899,completed,UPI
ORD_11633,CUST_0819,2026-03-09 19:00:00,799,completed,Debit Card
ORD_11634,CUST_0820,2026-03-09 19:00:00,999,completed,Debit Card
ORD_11639,CUST_0825,2026-03-09 19:00:00,4999,completed,UPI
ORD_11654,CUST_0840,2026-03-09 19:00:00,1299,completed,UPI
ORD_11657,CUST_0843,2026-03-09 19:00:00,2799,completed,Credit Card
ORD_11659,CUST_0845,2026-03-09 19:00:00,899,completed,Debit Card
ORD_11669,CUST_0855,2026-03-09 19:00:00,1299,completed,UPI
ORD_11671,CUST_0857,2026-03-09 19:00:00,3999,completed,Credit Card
ORD_11689,CUST_0875,2026-03-09 19:00:00,3299,completed,UPI
ORD_11705,CUST_0891,2026-03-09 19:00:00,5499,completed,UPI
ORD_11708,CUST_0894,2026-03-09 19:00:00,1899,completed,UPI
ORD_11709,CUST_0895,2026-03-09 19:00:00,6999,completed,COD
ORD_11718,CUST_0904,2026-03-09 19:00:00,1899,completed,UPI
ORD_11720,CUST_0906,2026-03-09 19:00:00,3299,completed,Debit Card
ORD_11732,CUST_0918,2026-03-09 19:00:00,5499,completed,Credit Card
ORD_11737,CUST_0923,2026-03-09 19:00:00,999,completed,Debit Card
ORD_11748,CUST_0934,2026-03-09 19:00:00,2799,completed,UPI
ORD_11752,CUST_0938,2026-03-09 19:00:00,699,completed,UPI
ORD_11773,CUST_0959,2026-03-09 19:00:00,799,completed,UPI
ORD_11776,CUST_0962,2026-03-09 19:00:00,699,completed,Credit Card
ORD_11786,CUST_0972,2026-03-09 19:00:00,799,completed,UPI
ORD_11802,CUST_0988,2026-03-09 19:00:00,999,completed,Credit Card
ORD_11804,CUST_0990,2026-03-09 19:00:00,2199,completed,Debit Card
ORD_11818,CUST_1004,2026-03-09 19:00:00,799,completed,Credit Card
ORD_11820,CUST_1006,2026-03-09 19:00:00,3299,completed,Credit Card
ORD_11822,CUST_1008,2026-03-09 19:00:00,699,completed,Debit Card
ORD_11826,CUST_1012,2026-03-09 19:00:00,5499,completed,UPI
ORD_11829,CUST_1015,2026-03-09 19:00:00,6999,completed,UPI
ORD_11832,CUST_1018,2026-03-09 19:00:00,2499,completed,Debit Card
ORD_11850,CUST_1036,2026-03-09 19:00:00,1899,completed,Credit Card
ORD_11855,CUST_1041,2026-03-09 19:00:00,3299,completed,COD
ORD_11869,CUST_1055,2026-03-09 19:00:00,2499,completed,UPI
ORD_16185,CUST_1848,2026-03-09 19:23:11,3798,completed,Debit Card
ORD_10914,CUST_0283,2026-03-09 20:00:00,4299,completed,COD
ORD_10928,CUST_0290,2026-03-09 20:00:00,4299,completed,UPI
ORD_10930,CUST_0291,2026-03-09 20:00:00,1999,completed,UPI
ORD_10938,CUST_0295,2026-03-09 20:00:00,1499,completed,UPI
ORD_10952,CUST_0302,2026-03-09 20:00:00,1999,completed,Credit Card
ORD_10968,CUST_0310,2026-03-09 20:00:00,1499,completed,COD
ORD_10980,CUST_0316,2026-03-09 20:00:00,3499,completed,Debit Card
ORD_10986,CUST_0319,2026-03-09 20:00:00,4299,completed,Credit Card
ORD_11010,CUST_0331,2026-03-09 20:00:00,1499,completed,UPI
ORD_11016,CUST_0334,2026-03-09 20:00:00,2499,completed,Debit Card
ORD_11062,CUST_0357,2026-03-09 20:00:00,4299,completed,UPI
ORD_11152,CUST_0402,2026-03-09 20:00:00,3499,completed,UPI
ORD_11176,CUST_0414,2026-03-09 20:00:00,4299,completed,UPI
ORD_11180,CUST_0416,2026-03-09 20:00:00,4299,completed,Debit Card
ORD_11186,CUST_0419,2026-03-09 20:00:00,4299,completed,Credit Card
ORD_11190,CUST_0421,2026-03-09 20:00:00,1999,completed,COD
ORD_11202,CUST_0427,2026-03-09 20:00:00,1999,completed,UPI
ORD_11214,CUST_0433,2026-03-09 20:00:00,3499,completed,Debit Card
ORD_11230,CUST_0441,2026-03-09 20:00:00,1999,completed,COD
ORD_11275,CUST_0481,2026-03-09 20:00:00,2499,completed,Credit Card
ORD_11301,CUST_0507,2026-03-09 20:00:00,1499,completed,COD
ORD_11325,CUST_0531,2026-03-09 20:00:00,1499,completed,UPI
ORD_11334,CUST_0540,2026-03-09 20:00:00,1499,completed,UPI
ORD_11336,CUST_0542,2026-03-09 20:00:00,1499,completed,UPI
ORD_11344,CUST_0550,2026-03-09 20:00:00,4299,completed,Credit Card
ORD_11368,CUST_0574,2026-03-09 20:00:00,2499,completed,Credit Card
ORD_11378,CUST_0584,2026-03-09 20:00:00,2499,completed,UPI
ORD_11393,CUST_0599,2026-03-09 20:00:00,1999,completed,Credit Card
ORD_11403,CUST_0609,2026-03-09 20:00:00,1999,completed,Credit Card
ORD_11405,CUST_0611,2026-03-09 20:00:00,3499,completed,COD
ORD_11408,CUST_0614,2026-03-09 20:00:00,3499,completed,UPI
ORD_11415,CUST_0621,2026-03-09 20:00:00,1499,completed,Credit Card
ORD_11422,CUST_0628,2026-03-09 20:00:00,1499,completed,Debit Card
ORD_11425,CUST_0631,2026-03-09 20:00:00,1999,completed,COD
ORD_11427,CUST_0633,2026-03-09 20:00:00,1499,completed,UPI
ORD_11431,CUST_0637,2026-03-09 20:00:00,4299,completed,UPI
ORD_11434,CUST_0640,2026-03-09 20:00:00,3499,completed,Credit Card
ORD_11435,CUST_0641,2026-03-09 20:00:00,4299,completed,UPI
ORD_11437,CUST_0643,2026-03-09 20:00:00,1499,completed,UPI
ORD_11440,CUST_0646,2026-03-09 20:00:00,1999,completed,COD
ORD_11442,CUST_0648,2026-03-09 20:00:00,2499,completed,Credit Card
ORD_11451,CUST_0657,2026-03-09 20:00:00,3499,completed,UPI
ORD_11453,CUST_0659,2026-03-09 20:00:00,2499,completed,UPI
ORD_11457,CUST_0663,2026-03-09 20:00:00,1999,completed,Debit Card
ORD_11464,CUST_0668,2026-03-09 20:00:00,1899,completed,UPI
ORD_11513,CUST_0699,2026-03-09 20:00:00,2199,completed,Credit Card
ORD_11529,CUST_0715,2026-03-09 20:00:00,3999,completed,Debit Card
ORD_11544,CUST_0730,2026-03-09 20:00:00,6999,completed,COD
ORD_11545,CUST_0731,2026-03-09 20:00:00,799,completed,Credit Card
ORD_11555,CUST_0741,2026-03-09 20:00:00,999,completed,Debit Card
ORD_11589,CUST_0775,2026-03-09 20:00:00,3999,completed,Debit Card
ORD_11603,CUST_0789,2026-03-09 20:00:00,3999,completed,UPI
ORD_11619,CUST_0805,2026-03-09 20:00:00,1299,completed,Debit Card
ORD_11628,CUST_0814,2026-03-09 20:00:00,899,completed,UPI
ORD_11662,CUST_0848,2026-03-09 20:00:00,799,completed,UPI
ORD_11666,CUST_0852,2026-03-09 20:00:00,1299,completed,UPI
ORD_11668,CUST_0854,2026-03-09 20:00:00,899,completed,UPI
ORD_11677,CUST_0863,2026-03-09 20:00:00,1299,completed,Debit Card
ORD_11684,CUST_0870,2026-03-09 20:00:00,5499,completed,Debit Card
ORD_11685,CUST_0871,2026-03-09 20:00:00,1299,completed,UPI
ORD_11695,CUST_0881,2026-03-09 20:00:00,2499,completed,Debit Card
ORD_11699,CUST_0885,2026-03-09 20:00:00,4999,completed,COD
ORD_11712,CUST_0898,2026-03-09 20:00:00,999,completed,COD
ORD_11726,CUST_0912,2026-03-09 20:00:00,4999,completed,Credit Card
ORD_11730,CUST_0916,2026-03-09 20:00:00,1899,completed,COD
ORD_11738,CUST_0924,2026-03-09 20:00:00,3999,completed,COD
ORD_11747,CUST_0933,2026-03-09 20:00:00,2199,completed,UPI
ORD_11768,CUST_0954,2026-03-09 20:00:00,999,completed,UPI
ORD_11774,CUST_0960,2026-03-09 20:00:00,1499,completed,COD
ORD_11788,CUST_0974,2026-03-09 20:00:00,3999,completed,COD
ORD_11789,CUST_0975,2026-03-09 20:00:00,3299,completed,UPI
ORD_11793,CUST_0979,2026-03-09 20:00:00,4999,completed,UPI
ORD_11798,CUST_0984,2026-03-09 20:00:00,2199,completed,Debit Card
ORD_11799,CUST_0985,2026-03-09 20:00:00,6999,completed,Credit Card
ORD_11800,CUST_0986,2026-03-09 20:00:00,699,completed,UPI
ORD_11811,CUST_0997,2026-03-09 20:00:00,2499,completed,COD
ORD_11815,CUST_1001,2026-03-09 20:00:00,2199,completed,UPI
ORD_11833,CUST_1019,2026-03-09 20:00:00,899,completed,UPI
ORD_11835,CUST_1021,2026-03-09 20:00:00,3999,completed,UPI
ORD_11841,CUST_1027,2026-03-09 20:00:00,999,completed,Credit Card
ORD_11863,CUST_1049,2026-03-09 20:00:00,1899,completed,Credit Card
ORD_11865,CUST_1051,2026-03-09 20:00:00,899,completed,COD
ORD_11866,CUST_1052,2026-03-09 20:00:00,1299,completed,Debit Card
ORD_17333,CUST_1500,2026-03-09 20:49:58,899,completed,UPI
ORD_10896,CUST_0274,2026-03-09 21:00:00,1999,completed,Debit Card
ORD_10906,CUST_0279,2026-03-09 21:00:00,3499,completed,UPI
ORD_10918,CUST_0285,2026-03-09 21:00:00,4299,completed,COD
ORD_10988,CUST_0320,2026-03-09 21:00:00,3499,completed,UPI
ORD_11014,CUST_0333,2026-03-09 21:00:00,1999,completed,UPI
ORD_11018,CUST_0335,2026-03-09 21:00:00,3499,completed,COD
ORD_11026,CUST_0339,2026-03-09 21:00:00,1499,completed,UPI
ORD_11028,CUST_0340,2026-03-09 21:00:00,4299,completed,UPI
ORD_11038,CUST_0345,2026-03-09 21:00:00,2499,completed,COD
ORD_11048,CUST_0350,2026-03-09 21:00:00,1499,completed,COD
ORD_11052,CUST_0352,2026-03-09 21:00:00,3499,completed,COD
ORD_11060,CUST_0356,2026-03-09 21:00:00,1499,completed,Credit Card
ORD_11088,CUST_0370,2026-03-09 21:00:00,3499,completed,Debit Card
ORD_11104,CUST_0378,2026-03-09 21:00:00,1499,completed,UPI
ORD_11114,CUST_0383,2026-03-09 21:00:00,1499,completed,Debit Card
ORD_11116,CUST_0384,2026-03-09 21:00:00,3499,completed,COD
ORD_11144,CUST_0398,2026-03-09 21:00:00,4299,completed,Debit Card
ORD_11158,CUST_0405,2026-03-09 21:00:00,4299,completed,UPI
ORD_11200,CUST_0426,2026-03-09 21:00:00,3499,completed,UPI
ORD_11220,CUST_0436,2026-03-09 21:00:00,4299,completed,Credit Card
ORD_11228,CUST_0440,2026-03-09 21:00:00,4299,completed,UPI
ORD_11234,CUST_0443,2026-03-09 21:00:00,1499,completed,UPI
ORD_11258,CUST_0464,2026-03-09 21:00:00,4299,completed,UPI
ORD_11270,CUST_0476,2026-03-09 21:00:00,2499,completed,UPI
ORD_11296,CUST_0502,2026-03-09 21:00:00,4299,completed,UPI
ORD_11311,CUST_0517,2026-03-09 21:00:00,1999,completed,Debit Card
ORD_11318,CUST_0524,2026-03-09 21:00:00,1499,completed,Debit Card
ORD_11329,CUST_0535,2026-03-09 21:00:00,1999,completed,UPI
ORD_11333,CUST_0539,2026-03-09 21:00:00,3499,completed,UPI
ORD_11351,CUST_0557,2026-03-09 21:00:00,1999,completed,UPI
ORD_11386,CUST_0592,2026-03-09 21:00:00,4299,completed,UPI
ORD_11394,CUST_0600,2026-03-09 21:00:00,1499,completed,UPI
ORD_11397,CUST_0603,2026-03-09 21:00:00,1999,completed,COD
ORD_11432,CUST_0638,2026-03-09 21:00:00,3499,completed,UPI
ORD_11456,CUST_0662,2026-03-09 21:00:00,3499,completed,UPI
ORD_11462,CUST_0667,2026-03-09 21:00:00,4999,completed,COD
ORD_11474,CUST_0673,2026-03-09 21:00:00,3299,completed,UPI
ORD_11478,CUST_0675,2026-03-09 21:00:00,2499,completed,COD
ORD_11503,CUST_0689,2026-03-09 21:00:00,2499,completed,Debit Card
ORD_11506,CUST_0692,2026-03-09 21:00:00,3999,completed,UPI
ORD_11532,CUST_0718,2026-03-09 21:00:00,999,completed,Debit Card
ORD_11535,CUST_0721,2026-03-09 21:00:00,2499,completed,UPI
ORD_11539,CUST_0725,2026-03-09 21:00:00,2799,completed,Credit Card
ORD_11543,CUST_0729,2026-03-09 21:00:00,2199,completed,Debit Card
ORD_11550,CUST_0736,2026-03-09 21:00:00,3999,completed,Debit Card
ORD_11559,CUST_0745,2026-03-09 21:00:00,3999,completed,UPI
ORD_11561,CUST_0747,2026-03-09 21:00:00,1899,completed,Debit Card
ORD_11569,CUST_0755,2026-03-09 21:00:00,2799,completed,COD
ORD_11572,CUST_0758,2026-03-09 21:00:00,1299,completed,UPI
ORD_11576,CUST_0762,2026-03-09 21:00:00,1299,completed,COD
ORD_11580,CUST_0766,2026-03-09 21:00:00,699,completed,Credit Card
ORD_11588,CUST_0774,2026-03-09 21:00:00,3999,completed,Credit Card
ORD_11606,CUST_0792,2026-03-09 21:00:00,3299,completed,Credit Card
ORD_11613,CUST_0799,2026-03-09 21:00:00,1299,completed,UPI
ORD_11624,CUST_0810,2026-03-09 21:00:00,5499,completed,UPI
ORD_11635,CUST_0821,2026-03-09 21:00:00,6999,completed,Debit Card
ORD_11641,CUST_0827,2026-03-09 21:00:00,1899,completed,Debit Card
ORD_11653,CUST_0839,2026-03-09 21:00:00,3999,completed,UPI
ORD_11660,CUST_0846,2026-03-09 21:00:00,999,completed,UPI
ORD_11664,CUST_0850,2026-03-09 21:00:00,999,completed,UPI
ORD_11686,CUST_0872,2026-03-09 21:00:00,799,completed,COD
ORD_11707,CUST_0893,2026-03-09 21:00:00,3999,completed,UPI
ORD_11715,CUST_0901,2026-03-09 21:00:00,2799,completed,Debit Card
ORD_11717,CUST_0903,2026-03-09 21:00:00,999,completed,COD
ORD_11736,CUST_0922,2026-03-09 21:00:00,3999,completed,UPI
ORD_11739,CUST_0925,2026-03-09 21:00:00,699,completed,UPI
ORD_11741,CUST_0927,2026-03-09 21:00:00,799,completed,UPI
ORD_11754,CUST_0940,2026-03-09 21:00:00,3299,completed,COD
ORD_11759,CUST_0945,2026-03-09 21:00:00,1899,completed,Credit Card
ORD_11760,CUST_0946,2026-03-09 21:00:00,2499,completed,COD
ORD_11763,CUST_0949,2026-03-09 21:00:00,1899,completed,UPI
ORD_11764,CUST_0950,2026-03-09 21:00:00,1499,completed,Debit Card
ORD_11778,CUST_0964,2026-03-09 21:00:00,5499,completed,UPI
ORD_11779,CUST_0965,2026-03-09 21:00:00,1299,completed,UPI
ORD_11785,CUST_0971,2026-03-09 21:00:00,799,completed,UPI
ORD_11807,CUST_0993,2026-03-09 21:00:00,3999,completed,UPI
ORD_11828,CUST_1014,2026-03-09 21:00:00,5499,completed,COD
ORD_11830,CUST_1016,2026-03-09 21:00:00,1899,completed,UPI
ORD_11831,CUST_1017,2026-03-09 21:00:00,2799,completed,UPI
ORD_11838,CUST_1024,2026-03-09 21:00:00,1899,completed,Debit Card
ORD_11839,CUST_1025,2026-03-09 21:00:00,3999,completed,Debit Card
ORD_11845,CUST_1031,2026-03-09 21:00:00,2199,completed,COD
ORD_11854,CUST_1040,2026-03-09 21:00:00,799,completed,UPI
ORD_11859,CUST_1045,2026-03-09 21:00:00,1899,completed,UPI
ORD_11862,CUST_1048,2026-03-09 21:00:00,3299,completed,Credit Card
ORD_11868,CUST_1054,2026-03-09 21:00:00,3999,completed,Credit Card
ORD_11874,CUST_1060,2026-03-09 21:00:00,799,completed,Credit Card
ORD_11879,CUST_1065,2026-03-09 21:00:00,1299,completed,UPI
ORD_10886,CUST_0269,2026-03-09 22:00:00,1499,completed,UPI
ORD_10890,CUST_0271,2026-03-09 22:00:00,4299,completed,Credit Card
ORD_10894,CUST_0273,2026-03-09 22:00:00,1999,completed,Debit Card
ORD_10912,CUST_0282,2026-03-09 22:00:00,2499,completed,COD
ORD_10926,CUST_0289,2026-03-09 22:00:00,4299,completed,UPI
ORD_10958,CUST_0305,2026-03-09 22:00:00,3499,completed,UPI
ORD_10962,CUST_0307,2026-03-09 22:00:00,3499,completed,Credit Card
ORD_10976,CUST_0314,2026-03-09 22:00:00,1999,completed,Credit Card
ORD_11012,CUST_0332,2026-03-09 22:00:00,4299,completed,Credit Card
ORD_11022,CUST_0337,2026-03-09 22:00:00,1999,completed,Debit Card
ORD_11058,CUST_0355,2026-03-09 22:00:00,3499,completed,UPI
ORD_11082,CUST_0367,2026-03-09 22:00:00,4299,completed,Debit Card
ORD_11130,CUST_0391,2026-03-09 22:00:00,1499,completed,Debit Card
ORD_11132,CUST_0392,2026-03-09 22:00:00,3499,completed,UPI
ORD_11142,CUST_0397,2026-03-09 22:00:00,2499,completed,Debit Card
ORD_11150,CUST_0401,2026-03-09 22:00:00,2499,completed,UPI
ORD_11188,CUST_0420,2026-03-09 22:00:00,3499,completed,UPI
ORD_11194,CUST_0423,2026-03-09 22:00:00,1499,completed,UPI
ORD_11208,CUST_0430,2026-03-09 22:00:00,3499,completed,UPI
ORD_11232,CUST_0442,2026-03-09 22:00:00,4299,completed,Credit Card
ORD_11240,CUST_0446,2026-03-09 22:00:00,1499,completed,UPI
ORD_11244,CUST_0450,2026-03-09 22:00:00,3499,completed,UPI
ORD_11265,CUST_0471,2026-03-09 22:00:00,4299,completed,UPI
ORD_11267,CUST_0473,2026-03-09 22:00:00,3499,completed,COD
ORD_11276,CUST_0482,2026-03-09 22:00:00,3499,completed,UPI
ORD_11285,CUST_0491,2026-03-09 22:00:00,4299,completed,Credit Card
ORD_11294,CUST_0500,2026-03-09 22:00:00,3499,completed,UPI
ORD_11302,CUST_0508,2026-03-09 22:00:00,4299,completed,UPI
ORD_11305,CUST_0511,2026-03-09 22:00:00,3499,completed,UPI
ORD_11321,CUST_0527,2026-03-09 22:00:00,2499,completed,UPI
ORD_11331,CUST_0537,2026-03-09 22:00:00,3499,completed,COD
ORD_11337,CUST_0543,2026-03-09 22:00:00,1499,completed,Debit Card
ORD_11341,CUST_0547,2026-03-09 22:00:00,2499,completed,UPI
ORD_11343,CUST_0549,2026-03-09 22:00:00,1999,completed,UPI
ORD_11361,CUST_0567,2026-03-09 22:00:00,2499,completed,UPI
ORD_11365,CUST_0571,2026-03-09 22:00:00,1499,completed,COD
ORD_11380,CUST_0586,2026-03-09 22:00:00,1499,completed,UPI
ORD_11381,CUST_0587,2026-03-09 22:00:00,1499,completed,UPI
ORD_11385,CUST_0591,2026-03-09 22:00:00,1499,completed,Credit Card
ORD_11409,CUST_0615,2026-03-09 22:00:00,4299,completed,UPI
ORD_11410,CUST_0616,2026-03-09 22:00:00,1499,completed,Credit Card
ORD_11459,CUST_0665,2026-03-09 22:00:00,1999,completed,UPI
ORD_11460,CUST_0666,2026-03-09 22:00:00,799,completed,UPI
ORD_11484,CUST_0678,2026-03-09 22:00:00,5499,completed,Debit Card
ORD_11501,CUST_0687,2026-03-09 22:00:00,1299,completed,UPI
ORD_11519,CUST_0705,2026-03-09 22:00:00,2799,completed,Credit Card
ORD_11533,CUST_0719,2026-03-09 22:00:00,699,completed,UPI
ORD_11540,CUST_0726,2026-03-09 22:00:00,799,completed,COD
ORD_11546,CUST_0732,2026-03-09 22:00:00,799,completed,Credit Card
ORD_11548,CUST_0734,2026-03-09 22:00:00,3999,completed,UPI
ORD_11578,CUST_0764,2026-03-09 22:00:00,1899,completed,UPI
ORD_11585,CUST_0771,2026-03-09 22:00:00,1499,completed,UPI
ORD_11593,CUST_0779,2026-03-09 22:00:00,4999,completed,UPI
ORD_11597,CUST_0783,2026-03-09 22:00:00,6999,completed,Credit Card
ORD_11602,CUST_0788,2026-03-09 22:00:00,3299,completed,Credit Card
ORD_11604,CUST_0790,2026-03-09 22:00:00,3999,completed,Debit Card
ORD_11623,CUST_0809,2026-03-09 22:00:00,1299,completed,UPI
ORD_11625,CUST_0811,2026-03-09 22:00:00,3299,completed,UPI
ORD_11647,CUST_0833,2026-03-09 22:00:00,1299,completed,UPI
ORD_11650,CUST_0836,2026-03-09 22:00:00,1899,completed,UPI
ORD_11674,CUST_0860,2026-03-09 22:00:00,2499,completed,Credit Card
ORD_11690,CUST_0876,2026-03-09 22:00:00,2199,completed,UPI
ORD_11710,CUST_0896,2026-03-09 22:00:00,6999,completed,UPI
ORD_11711,CUST_0897,2026-03-09 22:00:00,999,completed,Debit Card
ORD_11722,CUST_0908,2026-03-09 22:00:00,6999,completed,UPI
ORD_11725,CUST_0911,2026-03-09 22:00:00,4999,completed,UPI
ORD_11734,CUST_0920,2026-03-09 22:00:00,2499,completed,Debit Card
ORD_11749,CUST_0935,2026-03-09 22:00:00,1499,completed,UPI
ORD_11750,CUST_0936,2026-03-09 22:00:00,1299,completed,COD
ORD_11757,CUST_0943,2026-03-09 22:00:00,5499,completed,UPI
ORD_11777,CUST_0963,2026-03-09 22:00:00,2199,completed,UPI
ORD_11780,CUST_0966,2026-03-09 22:00:00,3299,completed,UPI
ORD_11784,CUST_0970,2026-03-09 22:00:00,1299,completed,Credit Card
ORD_11795,CUST_0981,2026-03-09 22:00:00,799,completed,UPI
ORD_11796,CUST_0982,2026-03-09 22:00:00,699,completed,UPI
ORD_11810,CUST_0996,2026-03-09 22:00:00,799,completed,UPI
ORD_11825,CUST_1011,2026-03-09 22:00:00,1899,completed,Credit Card
ORD_11843,CUST_1029,2026-03-09 22:00:00,1899,completed,Debit Card
ORD_11847,CUST_1033,2026-03-09 22:00:00,3299,completed,UPI
ORD_11851,CUST_1037,2026-03-09 22:00:00,1299,completed,UPI
ORD_11856,CUST_1042,2026-03-09 22:00:00,3999,completed,Credit Card
ORD_11872,CUST_1058,2026-03-09 22:00:00,5499,completed,COD
ORD_10004,CUST_0002,2026-03-09 22:30:00,1299,completed,UPI
ORD_18530,CUST_1937,2026-03-09 22:41:11,3299,completed,Credit Card
ORD_10920,CUST_0286,2026-03-09 23:00:00,3499,completed,COD
ORD_10932,CUST_0292,2026-03-09 23:00:00,1499,completed,UPI
ORD_10940,CUST_0296,2026-03-09 23:00:00,2499,completed,UPI
ORD_10996,CUST_0324,2026-03-09 23:00:00,2499,completed,COD
ORD_11036,CUST_0344,2026-03-09 23:00:00,4299,completed,UPI
ORD_11040,CUST_0346,2026-03-09 23:00:00,2499,completed,Credit Card
ORD_11070,CUST_0361,2026-03-09 23:00:00,1999,completed,UPI
ORD_11110,CUST_0381,2026-03-09 23:00:00,1999,completed,UPI
ORD_11184,CUST_0418,2026-03-09 23:00:00,2499,completed,UPI
ORD_11192,CUST_0422,2026-03-09 23:00:00,1499,completed,UPI
ORD_11198,CUST_0425,2026-03-09 23:00:00,2499,completed,UPI
ORD_11236,CUST_0444,2026-03-09 23:00:00,3499,completed,UPI
ORD_11246,CUST_0452,2026-03-09 23:00:00,1499,completed,COD
ORD_11248,CUST_0454,2026-03-09 23:00:00,4299,completed,UPI
ORD_11256,CUST_0462,2026-03-09 23:00:00,4299,completed,Credit Card
ORD_11264,CUST_0470,2026-03-09 23:00:00,1999,completed,UPI
ORD_11278,CUST_0484,2026-03-09 23:00:00,2499,completed,UPI
ORD_11279,CUST_0485,2026-03-09 23:00:00,4299,completed,Debit Card
ORD_11287,CUST_0493,2026-03-09 23:00:00,1999,completed,UPI
ORD_11307,CUST_0513,2026-03-09 23:00:00,2499,completed,UPI
ORD_11313,CUST_0519,2026-03-09 23:00:00,4299,completed,UPI
ORD_11315,CUST_0521,2026-03-09 23:00:00,3499,completed,UPI
ORD_11330,CUST_0536,2026-03-09 23:00:00,1499,completed,Debit Card
ORD_11347,CUST_0553,2026-03-09 23:00:00,1999,completed,Credit Card
ORD_11358,CUST_0564,2026-03-09 23:00:00,1999,completed,UPI
ORD_11367,CUST_0573,2026-03-09 23:00:00,2499,completed,Credit Card
ORD_11372,CUST_0578,2026-03-09 23:00:00,1999,completed,UPI
ORD_11376,CUST_0582,2026-03-09 23:00:00,2499,completed,UPI
ORD_11377,CUST_0583,2026-03-09 23:00:00,2499,completed,UPI
ORD_11390,CUST_0596,2026-03-09 23:00:00,3499,completed,UPI
ORD_11395,CUST_0601,2026-03-09 23:00:00,4299,completed,COD
ORD_11412,CUST_0618,2026-03-09 23:00:00,2499,completed,Credit Card
ORD_11421,CUST_0627,2026-03-09 23:00:00,4299,completed,Debit Card
ORD_11428,CUST_0634,2026-03-09 23:00:00,4299,completed,UPI
ORD_11429,CUST_0635,2026-03-09 23:00:00,1499,completed,UPI
ORD_11441,CUST_0647,2026-03-09 23:00:00,1999,completed,COD
ORD_11447,CUST_0653,2026-03-09 23:00:00,4299,completed,Debit Card
ORD_11450,CUST_0656,2026-03-09 23:00:00,1999,completed,Credit Card
ORD_11498,CUST_0685,2026-03-09 23:00:00,1299,completed,UPI
ORD_11500,CUST_0686,2026-03-09 23:00:00,1899,completed,UPI
ORD_11512,CUST_0698,2026-03-09 23:00:00,3299,completed,COD
ORD_11564,CUST_0750,2026-03-09 23:00:00,1499,completed,Credit Card
ORD_11573,CUST_0759,2026-03-09 23:00:00,2799,completed,UPI
ORD_11582,CUST_0768,2026-03-09 23:00:00,6999,completed,Credit Card
ORD_11586,CUST_0772,2026-03-09 23:00:00,899,completed,Credit Card
ORD_11592,CUST_0778,2026-03-09 23:00:00,5499,completed,UPI
ORD_11605,CUST_0791,2026-03-09 23:00:00,3299,completed,UPI
ORD_11608,CUST_0794,2026-03-09 23:00:00,899,completed,UPI
ORD_11618,CUST_0804,2026-03-09 23:00:00,1899,completed,Debit Card
ORD_11631,CUST_0817,2026-03-09 23:00:00,3999,completed,UPI
ORD_11636,CUST_0822,2026-03-09 23:00:00,1899,completed,UPI
ORD_11649,CUST_0835,2026-03-09 23:00:00,2499,completed,Credit Card
ORD_11651,CUST_0837,2026-03-09 23:00:00,899,completed,UPI
ORD_11652,CUST_0838,2026-03-09 23:00:00,1499,completed,Credit Card
ORD_11655,CUST_0841,2026-03-09 23:00:00,3299,completed,Debit Card
ORD_11658,CUST_0844,2026-03-09 23:00:00,2499,completed,Credit Card
ORD_11676,CUST_0862,2026-03-09 23:00:00,899,completed,UPI
ORD_11682,CUST_0868,2026-03-09 23:00:00,6999,completed,UPI
ORD_11688,CUST_0874,2026-03-09 23:00:00,2799,completed,COD
ORD_11692,CUST_0878,2026-03-09 23:00:00,799,completed,UPI
ORD_11694,CUST_0880,2026-03-09 23:00:00,999,completed,UPI
ORD_11713,CUST_0899,2026-03-09 23:00:00,2499,completed,COD
ORD_11719,CUST_0905,2026-03-09 23:00:00,3299,completed,COD
ORD_11733,CUST_0919,2026-03-09 23:00:00,5499,completed,UPI
ORD_11745,CUST_0931,2026-03-09 23:00:00,1899,completed,Debit Card
ORD_11756,CUST_0942,2026-03-09 23:00:00,999,completed,UPI
ORD_11769,CUST_0955,2026-03-09 23:00:00,1299,completed,Debit Card
ORD_11791,CUST_0977,2026-03-09 23:00:00,1499,completed,COD
ORD_11801,CUST_0987,2026-03-09 23:00:00,6999,completed,UPI
ORD_11813,CUST_0999,2026-03-09 23:00:00,4999,completed,Credit Card
ORD_11817,CUST_1003,2026-03-09 23:00:00,3299,completed,UPI
ORD_11823,CUST_1009,2026-03-09 23:00:00,3299,completed,UPI
ORD_11827,CUST_1013,2026-03-09 23:00:00,2199,completed,Debit Card
ORD_11849,CUST_1035,2026-03-09 23:00:00,999,completed,UPI
ORD_11857,CUST_1043,2026-03-09 23:00:00,2799,completed,Credit Card
ORD_11867,CUST_1053,2026-03-09 23:00:00,1499,completed,UPI
ORD_18775,CUST_0789,2026-03-09 23:02:14,249,completed,Credit Card
ORD_14434,CUST_0540,2026-03-09 23:27:00,1248,completed,COD
ORD_10908,CUST_0280,2026-03-10 00:00:00,2499,completed,UPI
ORD_10936,CUST_0294,2026-03-10 00:00:00,1999,completed,UPI
ORD_10950,CUST_0301,2026-03-10 00:00:00,1999,completed,UPI
ORD_10954,CUST_0303,2026-03-10 00:00:00,1999,completed,UPI
ORD_10960,CUST_0306,2026-03-10 00:00:00,3499,completed,UPI
ORD_10964,CUST_0308,2026-03-10 00:00:00,4299,completed,UPI
ORD_10966,CUST_0309,2026-03-10 00:00:00,2499,completed,Credit Card
ORD_11034,CUST_0343,2026-03-10 00:00:00,3499,completed,UPI
ORD_11046,CUST_0349,2026-03-10 00:00:00,2499,completed,UPI
ORD_11064,CUST_0358,2026-03-10 00:00:00,1999,completed,UPI
ORD_11066,CUST_0359,2026-03-10 00:00:00,1999,completed,Debit Card
ORD_11080,CUST_0366,2026-03-10 00:00:00,1999,completed,UPI
ORD_11084,CUST_0368,2026-03-10 00:00:00,4299,completed,Credit Card
ORD_11096,CUST_0374,2026-03-10 00:00:00,3499,completed,UPI
ORD_11098,CUST_0375,2026-03-10 00:00:00,2499,completed,Debit Card
ORD_11100,CUST_0376,2026-03-10 00:00:00,1499,completed,Debit Card
ORD_11106,CUST_0379,2026-03-10 00:00:00,4299,completed,UPI
ORD_11108,CUST_0380,2026-03-10 00:00:00,1499,completed,Credit Card
ORD_11118,CUST_0385,2026-03-10 00:00:00,1499,completed,UPI
ORD_11126,CUST_0389,2026-03-10 00:00:00,4299,completed,UPI
ORD_11160,CUST_0406,2026-03-10 00:00:00,3499,completed,Debit Card
ORD_11251,CUST_0457,2026-03-10 00:00:00,2499,completed,UPI
ORD_11253,CUST_0459,2026-03-10 00:00:00,1499,completed,Debit Card
ORD_11260,CUST_0466,2026-03-10 00:00:00,4299,completed,COD
ORD_11261,CUST_0467,2026-03-10 00:00:00,1499,completed,Credit Card
ORD_11272,CUST_0478,2026-03-10 00:00:00,4299,completed,UPI
ORD_11273,CUST_0479,2026-03-10 00:00:00,3499,completed,UPI
ORD_11274,CUST_0480,2026-03-10 00:00:00,4299,completed,UPI
ORD_11282,CUST_0488,2026-03-10 00:00:00,3499,completed,Credit Card
ORD_11286,CUST_0492,2026-03-10 00:00:00,2499,completed,Debit Card
ORD_11289,CUST_0495,2026-03-10 00:00:00,3499,completed,Debit Card
ORD_11290,CUST_0496,2026-03-10 00:00:00,4299,completed,UPI
ORD_11300,CUST_0506,2026-03-10 00:00:00,1499,completed,UPI
ORD_11303,CUST_0509,2026-03-10 00:00:00,1999,completed,UPI
ORD_11308,CUST_0514,2026-03-10 00:00:00,1499,completed,COD
ORD_11316,CUST_0522,2026-03-10 00:00:00,1999,completed,UPI
ORD_11322,CUST_0528,2026-03-10 00:00:00,1999,completed,UPI
ORD_11327,CUST_0533,2026-03-10 00:00:00,2499,completed,Debit Card
ORD_11328,CUST_0534,2026-03-10 00:00:00,1999,completed,UPI
ORD_11338,CUST_0544,2026-03-10 00:00:00,1499,completed,UPI
ORD_11340,CUST_0546,2026-03-10 00:00:00,1499,completed,Debit Card
ORD_11353,CUST_0559,2026-03-10 00:00:00,3499,completed,UPI
ORD_11363,CUST_0569,2026-03-10 00:00:00,2499,completed,UPI
ORD_11374,CUST_0580,2026-03-10 00:00:00,4299,completed,UPI
ORD_11391,CUST_0597,2026-03-10 00:00:00,3499,completed,UPI
ORD_11392,CUST_0598,2026-03-10 00:00:00,2499,completed,UPI
ORD_11398,CUST_0604,2026-03-10 00:00:00,1999,completed,UPI
ORD_11419,CUST_0625,2026-03-10 00:00:00,1499,completed,UPI
ORD_11436,CUST_0642,2026-03-10 00:00:00,1499,completed,UPI
ORD_11443,CUST_0649,2026-03-10 00:00:00,1499,completed,COD
ORD_11446,CUST_0652,2026-03-10 00:00:00,1999,completed,Debit Card
ORD_11449,CUST_0655,2026-03-10 00:00:00,4299,completed,COD
ORD_11452,CUST_0658,2026-03-10 00:00:00,3499,completed,UPI
ORD_11476,CUST_0674,2026-03-10 00:00:00,899,completed,COD
ORD_11488,CUST_0680,2026-03-10 00:00:00,1299,completed,Credit Card
ORD_11492,CUST_0682,2026-03-10 00:00:00,1899,completed,UPI
ORD_11525,CUST_0711,2026-03-10 00:00:00,1899,completed,COD
ORD_11528,CUST_0714,2026-03-10 00:00:00,3999,completed,COD
ORD_11553,CUST_0739,2026-03-10 00:00:00,3299,completed,UPI
ORD_11574,CUST_0760,2026-03-10 00:00:00,1499,completed,UPI
ORD_11575,CUST_0761,2026-03-10 00:00:00,699,completed,UPI
ORD_11595,CUST_0781,2026-03-10 00:00:00,3999,completed,Debit Card
ORD_11596,CUST_0782,2026-03-10 00:00:00,3999,completed,UPI
ORD_11600,CUST_0786,2026-03-10 00:00:00,799,completed,UPI
ORD_11616,CUST_0802,2026-03-10 00:00:00,999,completed,Debit Card
ORD_11629,CUST_0815,2026-03-10 00:00:00,2499,completed,Debit Card
ORD_11637,CUST_0823,2026-03-10 00:00:00,2799,completed,UPI
ORD_11642,CUST_0828,2026-03-10 00:00:00,6999,completed,COD
ORD_11643,CUST_0829,2026-03-10 00:00:00,3999,completed,UPI
ORD_11663,CUST_0849,2026-03-10 00:00:00,3299,completed,UPI
ORD_11670,CUST_0856,2026-03-10 00:00:00,6999,completed,UPI
ORD_11683,CUST_0869,2026-03-10 00:00:00,1299,completed,UPI
ORD_11691,CUST_0877,2026-03-10 00:00:00,1899,completed,COD
ORD_11716,CUST_0902,2026-03-10 00:00:00,1899,completed,COD
ORD_11727,CUST_0913,2026-03-10 00:00:00,2199,completed,UPI
ORD_11735,CUST_0921,2026-03-10 00:00:00,799,completed,COD
ORD_11742,CUST_0928,2026-03-10 00:00:00,1499,completed,Debit Card
ORD_11766,CUST_0952,2026-03-10 00:00:00,1299,completed,UPI
ORD_11767,CUST_0953,2026-03-10 00:00:00,5499,completed,UPI
ORD_11770,CUST_0956,2026-03-10 00:00:00,1499,completed,UPI
ORD_11783,CUST_0969,2026-03-10 00:00:00,1299,completed,Credit Card
ORD_11812,CUST_0998,2026-03-10 00:00:00,3999,completed,COD
ORD_11816,CUST_1002,2026-03-10 00:00:00,899,completed,Credit Card
ORD_11836,CUST_1022,2026-03-10 00:00:00,699,completed,COD
ORD_11837,CUST_1023,2026-03-10 00:00:00,2499,completed,Debit Card
ORD_11846,CUST_1032,2026-03-10 00:00:00,3299,completed,COD
ORD_11852,CUST_1038,2026-03-10 00:00:00,4999,completed,UPI
ORD_11853,CUST_1039,2026-03-10 00:00:00,999,completed,Debit Card
ORD_11858,CUST_1044,2026-03-10 00:00:00,899,completed,UPI
ORD_11864,CUST_1050,2026-03-10 00:00:00,6999,completed,UPI
ORD_11877,CUST_1063,2026-03-10 00:00:00,1299,completed,UPI
ORD_11878,CUST_1064,2026-03-10 00:00:00,4999,completed,COD
ORD_14192,CUST_1096,2026-03-10 00:26:24,1348,completed,UPI
ORD_18413,CUST_0954,2026-03-10 00:34:30,3299,completed,Credit Card
ORD_10455,CUST_0152,2026-03-10 00:47:00,4999,completed,Debit Card
ORD_19782,CUST_1601,2026-03-10 01:05:55,499,completed,Debit Card
ORD_10021,CUST_0008,2026-03-10 03:23:00,799,completed,COD
ORD_16429,CUST_1221,2026-03-10 04:41:54,8298,completed,UPI
ORD_14385,CUST_0747,2026-03-10 05:21:07,1148,completed,COD
ORD_17837,CUST_0508,2026-03-10 05:33:57,499,completed,Credit Card
ORD_14162,CUST_1874,2026-03-10 05:56:58,1498,completed,COD
ORD_10357,CUST_0120,2026-03-10 06:06:00,499,completed,COD
ORD_17220,CUST_0338,2026-03-10 06:13:47,999,completed,UPI
ORD_10299,CUST_0100,2026-03-10 06:21:00,249,completed,COD
ORD_19880,CUST_0484,2026-03-10 06:55:32,1299,completed,UPI
ORD_10259,CUST_0087,2026-03-10 07:11:00,5499,completed,UPI
ORD_10846,CUST_0257,2026-03-10 08:09:00,2799,completed,UPI
ORD_15791,CUST_1632,2026-03-10 08:25:04,3798,completed,UPI
ORD_10284,CUST_0095,2026-03-10 08:39:00,699,completed,UPI
ORD_16937,CUST_0322,2026-03-10 09:23:04,2199,completed,UPI
ORD_14722,CUST_0907,2026-03-10 09:55:37,798,completed,Credit Card
ORD_17115,CUST_1413,2026-03-10 10:26:35,899,completed,COD
ORD_18469,CUST_0720,2026-03-10 11:18:25,299,completed,Debit Card
ORD_18301,CUST_1769,2026-03-10 11:51:13,3999,completed,UPI
ORD_17978,CUST_1775,2026-03-10 11:54:08,4999,completed,COD
ORD_16501,CUST_0565,2026-03-10 12:01:59,3198,completed,COD
ORD_19050,CUST_1207,2026-03-10 13:01:48,699,completed,Debit Card
ORD_14301,CUST_0651,2026-03-10 13:53:53,1148,completed,COD
ORD_18776,CUST_1359,2026-03-10 14:37:45,1299,completed,Debit Card
ORD_15182,CUST_0682,2026-03-10 14:52:47,1148,completed,UPI
ORD_18353,CUST_0781,2026-03-10 14:55:16,699,completed,UPI
ORD_15499,CUST_1145,2026-03-10 15:04:00,1248,completed,Credit Card
ORD_11213,CUST_0432,2026-03-10 16:00:00,999,completed,UPI
ORD_18533,CUST_1177,2026-03-10 16:16:23,1999,completed,COD
ORD_18920,CUST_0402,2026-03-10 16:24:17,1899,completed,Credit Card
ORD_14083,CUST_0524,2026-03-10 16:29:13,1498,completed,UPI
ORD_10971,CUST_0311,2026-03-10 17:00:00,899,completed,UPI
ORD_11149,CUST_0400,2026-03-10 17:00:00,799,completed,UPI
ORD_11179,CUST_0415,2026-03-10 17:00:00,499,completed,Debit Card
ORD_16963,CUST_1357,2026-03-10 17:06:32,499,completed,Credit Card
ORD_11137,CUST_0394,2026-03-10 18:00:00,499,completed,COD
ORD_17395,CUST_0828,2026-03-10 18:04:35,3299,completed,COD
ORD_15829,CUST_1836,2026-03-10 18:42:36,10298,completed,Credit Card
ORD_15787,CUST_0874,2026-03-10 18:53:48,8298,completed,UPI
ORD_10993,CUST_0322,2026-03-10 19:00:00,599,completed,UPI
ORD_11055,CUST_0353,2026-03-10 19:00:00,899,completed,UPI
ORD_11095,CUST_0373,2026-03-10 19:00:00,799,completed,Credit Card
ORD_11123,CUST_0387,2026-03-10 19:00:00,999,completed,UPI
ORD_11125,CUST_0388,2026-03-10 19:00:00,999,completed,COD
ORD_11197,CUST_0424,2026-03-10 19:00:00,899,completed,Credit Card
ORD_11211,CUST_0431,2026-03-10 19:00:00,599,completed,UPI
ORD_19271,CUST_0509,2026-03-10 19:21:42,3999,completed,UPI
ORD_10935,CUST_0293,2026-03-10 20:00:00,999,completed,UPI
ORD_15310,CUST_1091,2026-03-10 20:45:18,1698,completed,COD
ORD_17106,CUST_0431,2026-03-10 20:48:48,4999,completed,UPI
ORD_11003,CUST_0327,2026-03-10 21:00:00,999,completed,Debit Card
ORD_11021,CUST_0336,2026-03-10 21:00:00,599,completed,UPI
ORD_11087,CUST_0369,2026-03-10 21:00:00,999,completed,Debit Card
ORD_18860,CUST_0601,2026-03-10 21:05:22,1999,completed,UPI
ORD_16752,CUST_1890,2026-03-10 21:22:37,699,completed,COD
ORD_16159,CUST_0953,2026-03-10 21:23:46,6898,completed,Debit Card
ORD_10931,CUST_0291,2026-03-10 22:00:00,999,completed,UPI
ORD_11045,CUST_0348,2026-03-10 22:00:00,499,completed,COD
ORD_11075,CUST_0363,2026-03-10 22:00:00,899,completed,COD
ORD_10915,CUST_0283,2026-03-10 23:00:00,499,completed,UPI
ORD_10939,CUST_0295,2026-03-10 23:00:00,999,completed,Credit Card
ORD_10977,CUST_0314,2026-03-10 23:00:00,799,completed,COD
ORD_10985,CUST_0318,2026-03-10 23:00:00,599,completed,UPI
ORD_11015,CUST_0333,2026-03-10 23:00:00,599,completed,Credit Card
ORD_11061,CUST_0356,2026-03-10 23:00:00,599,completed,Credit Card
ORD_18682,CUST_1022,2026-03-10 23:29:56,2199,completed,COD
ORD_10145,CUST_0049,2026-03-10 23:31:00,2499,completed,UPI
ORD_10953,CUST_0302,2026-03-11 00:00:00,799,completed,UPI
ORD_11053,CUST_0352,2026-03-11 00:00:00,499,completed,UPI
ORD_11143,CUST_0397,2026-03-11 00:00:00,799,completed,UPI
ORD_11177,CUST_0414,2026-03-11 00:00:00,599,completed,UPI
ORD_11181,CUST_0416,2026-03-11 00:00:00,799,completed,Credit Card
ORD_11185,CUST_0418,2026-03-11 00:00:00,999,completed,COD
ORD_11221,CUST_0436,2026-03-11 00:00:00,999,completed,Debit Card
ORD_11465,CUST_0668,2026-03-11 00:00:00,599,completed,Debit Card
ORD_11487,CUST_0679,2026-03-11 00:00:00,899,completed,Debit Card
ORD_15243,CUST_0537,2026-03-11 00:35:34,1148,completed,Debit Card
ORD_19602,CUST_1025,2026-03-11 00:53:41,3999,completed,UPI
ORD_10961,CUST_0306,2026-03-11 01:00:00,799,completed,COD
ORD_11477,CUST_0674,2026-03-11 01:00:00,999,completed,Credit Card
ORD_17258,CUST_1134,2026-03-11 01:04:28,1499,completed,COD
ORD_17026,CUST_1167,2026-03-11 01:33:12,249,completed,UPI
ORD_10907,CUST_0279,2026-03-11 02:00:00,499,completed,Credit Card
ORD_11023,CUST_0337,2026-03-11 02:00:00,899,completed,Debit Card
ORD_11067,CUST_0359,2026-03-11 02:00:00,899,completed,COD
ORD_11151,CUST_0401,2026-03-11 02:00:00,899,completed,Credit Card
ORD_10822,CUST_0251,2026-03-11 02:07:00,5598,completed,UPI
ORD_10090,CUST_0031,2026-03-11 02:23:00,499,completed,COD
ORD_11065,CUST_0358,2026-03-11 03:00:00,999,completed,Credit Card
ORD_11499,CUST_0685,2026-03-11 04:00:00,499,completed,Debit Card
ORD_15251,CUST_1938,2026-03-11 04:14:34,1698,completed,Debit Card
ORD_15275,CUST_1555,2026-03-11 04:59:31,1248,completed,UPI
ORD_16905,CUST_1339,2026-03-11 05:43:56,2499,completed,UPI
ORD_17443,CUST_1413,2026-03-11 06:10:29,799,completed,Debit Card
ORD_19838,CUST_1244,2026-03-11 06:26:51,3299,completed,Debit Card
ORD_19315,CUST_1163,2026-03-11 07:27:36,499,completed,UPI
ORD_14699,CUST_1517,2026-03-11 08:24:49,1698,completed,Credit Card
ORD_14717,CUST_1861,2026-03-11 09:48:04,748,completed,UPI
ORD_19476,CUST_1487,2026-03-11 10:11:08,1299,completed,Credit Card
ORD_10389,CUST_0130,2026-03-11 10:41:00,3299,completed,Credit Card
ORD_14713,CUST_0371,2026-03-11 11:11:25,1148,completed,Credit Card
ORD_18268,CUST_1697,2026-03-11 12:49:09,299,completed,UPI
ORD_17888,CUST_1592,2026-03-11 14:08:23,2799,completed,UPI
ORD_19094,CUST_1147,2026-03-11 15:02:52,499,completed,COD
ORD_10999,CUST_0325,2026-03-11 16:00:00,899,completed,Debit Card
ORD_11073,CUST_0362,2026-03-11 16:00:00,799,completed,UPI
ORD_14837,CUST_0296,2026-03-11 16:05:58,898,completed,Debit Card
ORD_17374,CUST_1837,2026-03-11 16:20:18,1999,completed,UPI
ORD_16281,CUST_1450,2026-03-11 16:42:45,2898,completed,COD
ORD_15652,CUST_1249,2026-03-11 16:53:10,848,completed,UPI
ORD_11025,CUST_0338,2026-03-11 17:00:00,599,completed,Debit Card
ORD_11163,CUST_0407,2026-03-11 17:00:00,799,completed,UPI
ORD_10923,CUST_0287,2026-03-11 18:00:00,599,completed,Debit Card
ORD_11033,CUST_0342,2026-03-11 18:00:00,899,completed,COD
ORD_18156,CUST_0571,2026-03-11 18:03:15,799,completed,UPI
ORD_17004,CUST_1936,2026-03-11 18:18:11,2499,completed,UPI
ORD_10903,CUST_0277,2026-03-11 19:00:00,799,completed,UPI
ORD_11147,CUST_0399,2026-03-11 19:00:00,899,completed,COD
ORD_11467,CUST_0669,2026-03-11 19:00:00,599,completed,UPI
ORD_16011,CUST_0939,2026-03-11 19:05:37,3098,completed,UPI
ORD_19748,CUST_0790,2026-03-11 19:14:13,899,completed,COD
ORD_10889,CUST_0270,2026-03-11 20:00:00,999,completed,UPI
ORD_10917,CUST_0284,2026-03-11 20:00:00,799,completed,UPI
ORD_10925,CUST_0288,2026-03-11 20:00:00,899,completed,UPI
ORD_10949,CUST_0300,2026-03-11 20:00:00,899,completed,Debit Card
ORD_10979,CUST_0315,2026-03-11 20:00:00,999,completed,UPI
ORD_14591,CUST_1140,2026-03-11 20:27:27,1598,completed,Debit Card
ORD_10885,CUST_0268,2026-03-11 21:00:00,599,completed,COD
ORD_10905,CUST_0278,2026-03-11 21:00:00,499,completed,COD
ORD_10987,CUST_0319,2026-03-11 21:00:00,799,completed,UPI
ORD_11079,CUST_0365,2026-03-11 21:00:00,599,completed,UPI
ORD_11129,CUST_0390,2026-03-11 21:00:00,599,completed,COD
ORD_11491,CUST_0681,2026-03-11 21:00:00,899,completed,UPI
ORD_15408,CUST_1953,2026-03-11 21:11:55,948,completed,COD
ORD_16566,CUST_1980,2026-03-11 21:24:40,2199,completed,UPI
ORD_10897,CUST_0274,2026-03-11 22:00:00,799,completed,UPI
ORD_10989,CUST_0320,2026-03-11 22:00:00,799,completed,UPI
ORD_11139,CUST_0395,2026-03-11 22:00:00,499,completed,UPI
ORD_11201,CUST_0426,2026-03-11 22:00:00,899,completed,Debit Card
ORD_10498,CUST_0167,2026-03-11 22:24:00,699,completed,COD
ORD_19724,CUST_1079,2026-03-11 22:30:11,499,completed,COD
ORD_11009,CUST_0330,2026-03-11 23:00:00,499,completed,UPI
ORD_11051,CUST_0351,2026-03-11 23:00:00,799,completed,COD
ORD_11063,CUST_0357,2026-03-11 23:00:00,499,completed,UPI
ORD_11217,CUST_0434,2026-03-11 23:00:00,899,completed,UPI
ORD_19369,CUST_1474,2026-03-11 23:15:46,999,failed,UPI
ORD_18077,CUST_0354,2026-03-11 23:50:23,299,completed,Debit Card
ORD_11041,CUST_0346,2026-03-12 00:00:00,799,completed,Debit Card
ORD_19493,CUST_1826,2026-03-12 00:15:26,999,completed,Debit Card
ORD_11049,CUST_0350,2026-03-12 01:00:00,999,completed,UPI
ORD_11099,CUST_0375,2026-03-12 01:00:00,899,completed,UPI
ORD_11119,CUST_0385,2026-03-12 01:00:00,499,completed,UPI
ORD_16128,CUST_0991,2026-03-12 01:11:49,4098,completed,UPI
ORD_16163,CUST_1352,2026-03-12 01:19:18,1998,completed,UPI
ORD_17990,CUST_1526,2026-03-12 01:35:51,3499,completed,COD
ORD_10895,CUST_0273,2026-03-12 02:00:00,499,completed,Debit Card
ORD_11071,CUST_0361,2026-03-12 02:00:00,499,completed,UPI
ORD_11081,CUST_0366,2026-03-12 02:00:00,599,completed,Credit Card
ORD_11127,CUST_0389,2026-03-12 02:00:00,899,completed,Credit Card
ORD_11229,CUST_0440,2026-03-12 02:00:00,599,completed,COD
ORD_11463,CUST_0667,2026-03-12 02:00:00,999,completed,UPI
ORD_18362,CUST_1782,2026-03-12 02:21:04,3999,completed,COD
ORD_10437,CUST_0146,2026-03-12 02:24:00,2199,completed,UPI
ORD_10500,CUST_0167,2026-03-12 02:39:00,349,completed,UPI
ORD_10909,CUST_0280,2026-03-12 03:00:00,799,completed,UPI
ORD_10921,CUST_0286,2026-03-12 03:00:00,799,completed,UPI
ORD_10581,CUST_0191,2026-03-12 03:33:00,2499,completed,UPI
ORD_10933,CUST_0292,2026-03-12 04:00:00,499,completed,UPI
ORD_10159,CUST_0054,2026-03-12 04:16:00,3999,completed,Debit Card
ORD_10372,CUST_0125,2026-03-12 04:48:00,3499,completed,COD
ORD_10955,CUST_0303,2026-03-12 05:00:00,599,completed,UPI
ORD_11035,CUST_0343,2026-03-12 05:00:00,599,completed,UPI
ORD_11085,CUST_0368,2026-03-12 05:00:00,999,completed,UPI
ORD_18512,CUST_0865,2026-03-12 05:02:47,1299,completed,UPI
ORD_10112,CUST_0038,2026-03-12 05:07:00,5499,completed,UPI
ORD_18495,CUST_0541,2026-03-12 05:25:53,1899,completed,UPI
ORD_16082,CUST_1143,2026-03-12 05:30:49,3198,completed,UPI
ORD_16028,CUST_0271,2026-03-12 05:36:23,4998,completed,UPI
ORD_18652,CUST_0712,2026-03-12 06:02:50,2499,completed,UPI
ORD_10019,CUST_0007,2026-03-12 06:58:00,1499,completed,UPI
ORD_18266,CUST_0419,2026-03-12 07:05:44,2499,completed,UPI
ORD_15521,CUST_1669,2026-03-12 07:26:31,1098,completed,Credit Card
ORD_19257,CUST_1527,2026-03-12 07:43:11,699,completed,UPI
ORD_19962,CUST_1547,2026-03-12 07:48:19,5499,completed,UPI
ORD_10660,CUST_0211,2026-03-12 08:24:00,5499,completed,UPI
ORD_10851,CUST_0258,2026-03-12 08:52:00,4998,completed,UPI
ORD_17583,CUST_1917,2026-03-12 10:04:57,599,completed,UPI
ORD_18450,CUST_0832,2026-03-12 10:26:25,6999,completed,Credit Card
ORD_17668,CUST_1296,2026-03-12 11:06:05,349,completed,UPI
ORD_16747,CUST_1225,2026-03-12 12:30:56,899,completed,Credit Card
ORD_17204,CUST_0341,2026-03-12 12:51:42,699,completed,UPI
ORD_17972,CUST_1477,2026-03-12 13:09:39,1899,completed,Debit Card
ORD_18462,CUST_0511,2026-03-12 13:22:25,2499,completed,UPI
ORD_18912,CUST_1305,2026-03-12 13:23:07,699,completed,Debit Card
ORD_14535,CUST_1913,2026-03-12 13:46:05,1698,completed,UPI
ORD_15103,CUST_0640,2026-03-12 13:53:44,1148,completed,Debit Card
ORD_15894,CUST_0551,2026-03-12 14:12:41,1798,completed,UPI
ORD_15111,CUST_1428,2026-03-12 15:13:44,1698,completed,UPI
ORD_16890,CUST_0906,2026-03-12 15:34:10,699,completed,UPI
ORD_11157,CUST_0404,2026-03-12 16:00:00,499,completed,COD
ORD_19364,CUST_1306,2026-03-12 16:48:16,899,completed,UPI
ORD_11165,CUST_0408,2026-03-12 17:00:00,499,completed,Debit Card
ORD_19087,CUST_1609,2026-03-12 17:01:59,599,completed,Debit Card
ORD_10901,CUST_0276,2026-03-12 18:00:00,999,completed,Credit Card
ORD_11001,CUST_0326,2026-03-12 18:00:00,799,completed,Credit Card
ORD_11057,CUST_0354,2026-03-12 18:00:00,499,completed,UPI
ORD_17235,CUST_1121,2026-03-12 18:18:38,1999,completed,UPI
ORD_10883,CUST_0267,2026-03-12 19:00:00,499,completed,UPI
ORD_11093,CUST_0372,2026-03-12 19:00:00,799,completed,UPI
ORD_11113,CUST_0382,2026-03-12 19:00:00,999,completed,UPI
ORD_11483,CUST_0677,2026-03-12 19:00:00,599,completed,UPI
ORD_10899,CUST_0275,2026-03-12 20:00:00,599,completed,UPI
ORD_11169,CUST_0410,2026-03-12 20:00:00,799,completed,UPI
ORD_11175,CUST_0413,2026-03-12 20:00:00,799,completed,UPI
ORD_15302,CUST_1255,2026-03-12 20:20:40,1398,completed,UPI
ORD_15301,CUST_1264,2026-03-12 20:23:51,1148,completed,Debit Card
ORD_16584,CUST_1777,2026-03-12 20:24:28,799,refunded,UPI
ORD_14455,CUST_0267,2026-03-12 20:26:17,1098,completed,Debit Card
ORD_17777,CUST_0297,2026-03-12 20:41:30,499,completed,UPI
ORD_10929,CUST_0290,2026-03-12 21:00:00,499,completed,UPI
ORD_11043,CUST_0347,2026-03-12 21:00:00,799,completed,UPI
ORD_11497,CUST_0684,2026-03-12 21:00:00,499,completed,UPI
ORD_15548,CUST_1560,2026-03-12 21:02:02,1698,completed,COD
ORD_10881,CUST_0266,2026-03-12 22:00:00,999,completed,UPI
ORD_11469,CUST_0670,2026-03-12 22:00:00,599,completed,COD
ORD_11475,CUST_0673,2026-03-12 22:00:00,999,completed,UPI
ORD_10991,CUST_0321,2026-03-12 23:00:00,599,completed,Debit Card
ORD_10995,CUST_0323,2026-03-12 23:00:00,599,completed,Credit Card
ORD_11029,CUST_0340,2026-03-12 23:00:00,899,completed,UPI
ORD_11159,CUST_0405,2026-03-12 23:00:00,599,completed,UPI
ORD_11171,CUST_0411,2026-03-12 23:00:00,999,completed,COD
ORD_11209,CUST_0430,2026-03-12 23:00:00,599,completed,UPI
ORD_18976,CUST_0883,2026-03-12 23:05:16,1899,completed,COD
ORD_10537,CUST_0180,2026-03-12 23:09:00,899,completed,UPI
ORD_14552,CUST_1485,2026-03-12 23:38:00,1298,completed,UPI
ORD_10959,CUST_0305,2026-03-13 00:00:00,499,completed,UPI
ORD_11111,CUST_0381,2026-03-13 00:00:00,499,completed,Credit Card
ORD_11231,CUST_0441,2026-03-13 00:00:00,999,completed,Credit Card
ORD_14341,CUST_1825,2026-03-13 00:02:01,948,completed,UPI
ORD_18429,CUST_1157,2026-03-13 00:50:01,2199,completed,UPI
ORD_11011,CUST_0331,2026-03-13 01:00:00,499,completed,COD
ORD_11083,CUST_0367,2026-03-13 01:00:00,899,completed,UPI
ORD_11115,CUST_0383,2026-03-13 01:00:00,899,completed,UPI
ORD_11187,CUST_0419,2026-03-13 01:00:00,999,completed,COD
ORD_10622,CUST_0201,2026-03-13 01:26:00,5598,completed,UPI
ORD_10963,CUST_0307,2026-03-13 02:00:00,799,completed,UPI
ORD_11109,CUST_0380,2026-03-13 02:00:00,599,completed,UPI
ORD_11199,CUST_0425,2026-03-13 02:00:00,599,completed,Debit Card
ORD_10456,CUST_0153,2026-03-13 02:05:00,299,completed,COD
ORD_10113,CUST_0038,2026-03-13 02:42:00,1499,completed,UPI
ORD_10965,CUST_0308,2026-03-13 03:00:00,599,completed,Credit Card
ORD_11489,CUST_0680,2026-03-13 03:00:00,599,completed,UPI
ORD_11493,CUST_0682,2026-03-13 03:00:00,799,completed,UPI
ORD_10027,CUST_0010,2026-03-13 03:22:00,699,completed,Credit Card
ORD_10967,CUST_0309,2026-03-13 05:00:00,899,completed,UPI
ORD_14132,CUST_1324,2026-03-13 05:11:05,848,completed,UPI
ORD_10836,CUST_0255,2026-03-13 05:26:00,6999,completed,UPI
ORD_16685,CUST_0721,2026-03-13 06:23:31,5499,completed,COD
ORD_17929,CUST_1819,2026-03-13 07:06:35,349,completed,UPI
ORD_10073,CUST_0025,2026-03-13 07:48:00,799,completed,UPI
ORD_18956,CUST_1831,2026-03-13 07:57:26,899,completed,UPI
ORD_17865,CUST_0508,2026-03-13 07:58:09,999,completed,Credit Card
ORD_18675,CUST_1112,2026-03-13 08:03:33,6999,completed,UPI
ORD_15850,CUST_1290,2026-03-13 08:27:00,3998,completed,UPI
ORD_10621,CUST_0201,2026-03-13 08:52:00,5598,completed,UPI
ORD_14042,CUST_0946,2026-03-13 09:35:51,1148,completed,Debit Card
ORD_14464,CUST_0396,2026-03-13 09:54:55,1498,completed,Debit Card
ORD_16641,CUST_1100,2026-03-13 09:55:51,3299,completed,UPI
ORD_10499,CUST_0167,2026-03-13 10:08:00,4299,completed,Credit Card
ORD_16378,CUST_0902,2026-03-13 10:19:49,9798,completed,UPI
ORD_15726,CUST_0842,2026-03-13 10:28:01,8298,completed,COD
ORD_10672,CUST_0214,2026-03-13 10:44:00,10998,completed,COD
ORD_17807,CUST_1802,2026-03-13 11:00:54,899,completed,UPI
ORD_19616,CUST_1113,2026-03-13 12:02:22,349,completed,UPI
ORD_15840,CUST_0729,2026-03-13 12:47:44,8298,completed,UPI
ORD_16166,CUST_1016,2026-03-13 13:17:52,6098,completed,UPI
ORD_19625,CUST_0571,2026-03-13 14:32:33,3499,completed,UPI
ORD_16421,CUST_1735,2026-03-13 14:45:30,11998,completed,COD
ORD_11239,CUST_0445,2026-03-13 16:00:00,599,completed,Debit Card
ORD_16825,CUST_1436,2026-03-13 16:27:16,5499,completed,Debit Card
ORD_10975,CUST_0313,2026-03-13 17:00:00,999,completed,Credit Card
ORD_11471,CUST_0671,2026-03-13 17:00:00,799,completed,UPI
ORD_18487,CUST_0315,2026-03-13 17:24:20,2499,completed,Debit Card
ORD_10947,CUST_0299,2026-03-13 18:00:00,499,completed,COD
ORD_11091,CUST_0371,2026-03-13 18:00:00,999,completed,UPI
ORD_11121,CUST_0386,2026-03-13 18:00:00,799,completed,UPI
ORD_10973,CUST_0312,2026-03-13 19:00:00,899,completed,Credit Card
ORD_16196,CUST_1861,2026-03-13 19:28:41,8298,completed,Debit Card
ORD_19205,CUST_0636,2026-03-13 19:38:21,4999,completed,COD
ORD_18074,CUST_1733,2026-03-13 19:55:38,6999,completed,UPI
ORD_10945,CUST_0298,2026-03-13 20:00:00,499,completed,UPI
ORD_11005,CUST_0328,2026-03-13 20:00:00,499,completed,UPI
ORD_14335,CUST_0725,2026-03-13 20:30:15,1248,completed,Debit Card
ORD_14991,CUST_1601,2026-03-13 20:34:06,1248,completed,Credit Card
ORD_16534,CUST_1763,2026-03-13 20:40:09,299,completed,Credit Card
ORD_11031,CUST_0341,2026-03-13 21:00:00,499,completed,Credit Card
ORD_11205,CUST_0428,2026-03-13 21:00:00,599,completed,COD
ORD_11473,CUST_0672,2026-03-13 21:00:00,999,completed,UPI
ORD_11495,CUST_0683,2026-03-13 21:00:00,799,completed,UPI
ORD_19425,CUST_0960,2026-03-13 21:14:13,799,refunded,COD
ORD_10981,CUST_0316,2026-03-13 22:00:00,599,completed,UPI
ORD_11027,CUST_0339,2026-03-13 22:00:00,999,completed,Credit Card
ORD_11103,CUST_0377,2026-03-13 22:00:00,499,completed,UPI
ORD_11219,CUST_0435,2026-03-13 22:00:00,799,completed,COD
ORD_11223,CUST_0437,2026-03-13 22:00:00,899,completed,UPI
ORD_17715,CUST_1149,2026-03-13 22:00:18,1299,completed,UPI
ORD_10305,CUST_0102,2026-03-13 22:32:00,2199,completed,Debit Card
ORD_11039,CUST_0345,2026-03-13 23:00:00,599,completed,UPI
ORD_11059,CUST_0355,2026-03-13 23:00:00,599,completed,UPI
ORD_11077,CUST_0364,2026-03-13 23:00:00,899,completed,Credit Card
ORD_11105,CUST_0378,2026-03-13 23:00:00,899,completed,UPI
ORD_11189,CUST_0420,2026-03-13 23:00:00,999,completed,UPI
ORD_11225,CUST_0438,2026-03-13 23:00:00,799,completed,UPI
ORD_11233,CUST_0442,2026-03-13 23:00:00,899,completed,UPI
ORD_11019,CUST_0335,2026-03-14 00:00:00,899,completed,UPI
ORD_11133,CUST_0392,2026-03-14 00:00:00,499,completed,UPI
ORD_11203,CUST_0427,2026-03-14 00:00:00,899,completed,UPI
ORD_11479,CUST_0675,2026-03-14 00:00:00,599,completed,COD
ORD_19122,CUST_1440,2026-03-14 00:10:09,899,completed,UPI
ORD_16762,CUST_1975,2026-03-14 00:18:24,4299,completed,UPI
ORD_10969,CUST_0310,2026-03-14 01:00:00,599,completed,UPI
ORD_11013,CUST_0332,2026-03-14 01:00:00,999,completed,Debit Card
ORD_11117,CUST_0384,2026-03-14 01:00:00,499,completed,UPI
ORD_11193,CUST_0422,2026-03-14 01:00:00,799,completed,UPI
ORD_16570,CUST_1399,2026-03-14 01:31:01,3999,completed,COD
ORD_15232,CUST_0619,2026-03-14 01:41:03,1248,completed,Debit Card
ORD_10278,CUST_0093,2026-03-14 01:49:00,3999,completed,COD
ORD_10919,CUST_0285,2026-03-14 02:00:00,999,completed,Debit Card
ORD_10927,CUST_0289,2026-03-14 02:00:00,799,completed,UPI
ORD_10941,CUST_0296,2026-03-14 02:00:00,799,completed,COD
ORD_10951,CUST_0301,2026-03-14 02:00:00,999,completed,UPI
ORD_10997,CUST_0324,2026-03-14 02:00:00,899,completed,Credit Card
ORD_17726,CUST_1811,2026-03-14 02:08:18,899,completed,UPI
ORD_10891,CUST_0271,2026-03-14 03:00:00,999,completed,UPI
ORD_15373,CUST_1225,2026-03-14 03:10:36,1298,completed,COD
ORD_10788,CUST_0243,2026-03-14 03:53:00,8598,completed,UPI
ORD_11101,CUST_0376,2026-03-14 04:00:00,999,completed,UPI
ORD_15440,CUST_1335,2026-03-14 04:34:27,898,completed,COD
ORD_14320,CUST_0687,2026-03-14 04:53:53,1248,completed,Credit Card
ORD_18070,CUST_0920,2026-03-14 05:26:31,2199,completed,UPI
ORD_16086,CUST_1214,2026-03-14 06:02:08,5298,completed,UPI
ORD_15119,CUST_1141,2026-03-14 06:36:06,1698,completed,COD
ORD_14307,CUST_1722,2026-03-14 06:44:42,998,completed,Credit Card
ORD_14407,CUST_1523,2026-03-14 07:00:04,1198,completed,UPI
ORD_14395,CUST_0806,2026-03-14 07:13:59,948,completed,COD
ORD_16865,CUST_0692,2026-03-14 09:13:26,999,refunded,Credit Card
ORD_16792,CUST_1956,2026-03-14 10:44:55,5499,completed,Credit Card
ORD_16608,CUST_0521,2026-03-14 11:27:32,1999,completed,UPI
ORD_14859,CUST_1088,2026-03-14 11:28:48,1248,completed,COD
ORD_17276,CUST_0267,2026-03-14 12:48:12,1299,completed,UPI
ORD_19243,CUST_1410,2026-03-14 13:10:02,899,completed,UPI
ORD_15554,CUST_1255,2026-03-14 13:34:13,998,completed,UPI
ORD_16733,CUST_1256,2026-03-14 13:50:28,3999,completed,Debit Card
ORD_15634,CUST_1294,2026-03-14 14:27:55,798,completed,COD
ORD_15994,CUST_1654,2026-03-14 15:32:27,4998,completed,COD
ORD_10957,CUST_0304,2026-03-14 16:00:00,599,completed,UPI
ORD_15919,CUST_1608,2026-03-14 16:03:21,3798,completed,UPI
ORD_17006,CUST_1970,2026-03-14 16:40:03,4299,completed,UPI
ORD_19752,CUST_1384,2026-03-14 16:51:35,1999,completed,COD
ORD_10943,CUST_0297,2026-03-14 17:00:00,899,completed,UPI
ORD_19943,CUST_1369,2026-03-14 17:05:54,499,completed,UPI
ORD_15350,CUST_1279,2026-03-14 17:53:20,1698,completed,Credit Card
ORD_16525,CUST_1615,2026-03-14 18:30:47,699,completed,UPI
ORD_11183,CUST_0417,2026-03-14 19:00:00,799,completed,Debit Card
ORD_14606,CUST_0965,2026-03-14 19:24:19,1148,completed,Debit Card
ORD_18853,CUST_1825,2026-03-14 19:36:53,999,completed,Credit Card
ORD_16298,CUST_1855,2026-03-14 19:41:56,5298,completed,Credit Card
ORD_11007,CUST_0329,2026-03-14 20:00:00,899,completed,Credit Card
ORD_11069,CUST_0360,2026-03-14 20:00:00,899,completed,UPI
ORD_11167,CUST_0409,2026-03-14 20:00:00,599,completed,Credit Card
ORD_11173,CUST_0412,2026-03-14 20:00:00,599,completed,COD
ORD_15647,CUST_0334,2026-03-14 20:02:13,1298,completed,UPI
ORD_15643,CUST_1984,2026-03-14 20:26:03,848,completed,COD
ORD_10983,CUST_0317,2026-03-14 21:00:00,599,completed,UPI
ORD_11135,CUST_0393,2026-03-14 21:00:00,799,completed,COD
ORD_11141,CUST_0396,2026-03-14 21:00:00,999,completed,COD
ORD_11153,CUST_0402,2026-03-14 21:00:00,999,completed,Credit Card
ORD_16833,CUST_0738,2026-03-14 21:14:13,2199,completed,UPI
ORD_18210,CUST_1076,2026-03-14 21:58:46,2199,completed,Credit Card
ORD_10893,CUST_0272,2026-03-14 22:00:00,899,completed,Debit Card
ORD_10911,CUST_0281,2026-03-14 22:00:00,799,completed,UPI
ORD_11017,CUST_0334,2026-03-14 22:00:00,899,completed,Credit Card
ORD_11155,CUST_0403,2026-03-14 22:00:00,899,completed,UPI
ORD_11207,CUST_0429,2026-03-14 22:00:00,799,completed,UPI
ORD_11215,CUST_0433,2026-03-14 22:00:00,499,completed,COD
ORD_11481,CUST_0676,2026-03-14 22:00:00,499,completed,UPI
ORD_18178,CUST_0617,2026-03-14 22:13:29,2799,completed,UPI
ORD_11145,CUST_0398,2026-03-14 23:00:00,599,completed,UPI
ORD_11227,CUST_0439,2026-03-14 23:00:00,899,completed,UPI
ORD_15560,CUST_1367,2026-03-14 23:02:00,1298,completed,COD
ORD_10397,CUST_0133,2026-03-14 23:03:00,349,completed,UPI
ORD_11089,CUST_0370,2026-03-15 00:00:00,599,completed,UPI
ORD_11131,CUST_0391,2026-03-15 00:00:00,899,completed,Credit Card
ORD_11191,CUST_0421,2026-03-15 00:00:00,499,completed,UPI
ORD_11235,CUST_0443,2026-03-15 00:00:00,799,completed,Debit Card
ORD_11461,CUST_0666,2026-03-15 00:00:00,899,completed,UPI
ORD_10913,CUST_0282,2026-03-15 01:00:00,599,completed,Credit Card
ORD_11097,CUST_0374,2026-03-15 01:00:00,599,completed,UPI
ORD_11107,CUST_0379,2026-03-15 01:00:00,999,completed,UPI
ORD_11485,CUST_0678,2026-03-15 01:00:00,499,completed,UPI
ORD_10887,CUST_0269,2026-03-15 02:00:00,999,completed,UPI
ORD_11195,CUST_0423,2026-03-15 02:00:00,999,completed,UPI
ORD_17947,CUST_1865,2026-03-15 02:03:16,899,completed,UPI
ORD_19760,CUST_1456,2026-03-15 02:38:40,599,completed,UPI
ORD_11037,CUST_0344,2026-03-15 03:00:00,499,completed,Debit Card
ORD_15180,CUST_1240,2026-03-15 03:31:07,1398,completed,Credit Card
ORD_10937,CUST_0294,2026-03-15 04:00:00,499,completed,UPI
ORD_11161,CUST_0406,2026-03-15 04:00:00,899,completed,Credit Card
ORD_11237,CUST_0444,2026-03-15 04:00:00,899,completed,UPI
ORD_10643,CUST_0206,2026-03-15 04:46:00,7998,completed,UPI
ORD_10311,CUST_0104,2026-03-15 04:56:00,6999,completed,UPI
ORD_11047,CUST_0349,2026-03-15 05:00:00,499,completed,Debit Card
ORD_19820,CUST_1085,2026-03-15 05:27:08,5499,completed,Debit Card
ORD_16868,CUST_0588,2026-03-15 06:09:15,1899,completed,UPI
ORD_10604,CUST_0197,2026-03-15 06:42:00,6598,completed,UPI
ORD_10007,CUST_0003,2026-03-15 06:48:00,1499,completed,COD
ORD_10062,CUST_0021,2026-03-15 06:54:00,699,completed,COD
ORD_19301,CUST_1474,2026-03-15 06:59:12,249,completed,Credit Card
ORD_10018,CUST_0007,2026-03-15 07:56:00,1899,completed,COD
ORD_17899,CUST_0694,2026-03-15 08:00:29,6999,completed,UPI
ORD_18187,CUST_1593,2026-03-15 08:33:35,999,completed,Credit Card
ORD_19936,CUST_0799,2026-03-15 08:47:49,299,completed,UPI
ORD_10166,CUST_0056,2026-03-15 09:04:00,6999,completed,UPI
ORD_10543,CUST_0181,2026-03-15 10:30:00,4999,completed,UPI
ORD_19191,CUST_0981,2026-03-15 10:52:40,999,completed,UPI
ORD_18784,CUST_1964,2026-03-15 11:01:39,2499,completed,Debit Card
ORD_14701,CUST_0306,2026-03-15 13:45:41,848,completed,COD
ORD_16037,CUST_0385,2026-03-15 15:00:26,7198,completed,UPI
ORD_18379,CUST_1854,2026-03-15 15:51:30,3999,completed,UPI
ORD_15051,CUST_1530,2026-03-15 16:23:02,1148,completed,Credit Card
ORD_18130,CUST_0407,2026-03-15 16:35:45,799,completed,Debit Card
ORD_14154,CUST_1955,2026-03-15 17:41:42,1248,completed,UPI
ORD_14188,CUST_1631,2026-03-15 18:27:01,1248,completed,UPI
ORD_19964,CUST_1232,2026-03-15 19:53:01,799,completed,Credit Card
ORD_10320,CUST_0107,2026-03-16 00:08:00,1499,completed,UPI
ORD_18900,CUST_0267,2026-03-16 00:15:38,3999,completed,UPI
ORD_18629,CUST_0974,2026-03-16 00:21:00,3299,completed,UPI
ORD_16484,CUST_0654,2026-03-16 00:25:44,1398,completed,UPI
ORD_10421,CUST_0141,2026-03-16 00:45:00,2499,completed,Debit Card
ORD_10116,CUST_0039,2026-03-16 00:54:00,1899,completed,Debit Card
ORD_15779,CUST_1493,2026-03-16 00:56:03,7898,completed,Credit Card
ORD_14141,CUST_0584,2026-03-16 01:42:13,1298,completed,UPI
ORD_16155,CUST_1538,2026-03-16 01:56:31,5798,completed,UPI
ORD_10590,CUST_0193,2026-03-16 02:41:00,7998,completed,COD
ORD_10324,CUST_0109,2026-03-16 02:49:00,249,completed,UPI
ORD_10241,CUST_0081,2026-03-16 03:10:00,3299,completed,UPI
ORD_14704,CUST_0420,2026-03-16 03:16:37,1598,completed,COD
ORD_18907,CUST_0821,2026-03-16 03:31:36,4999,completed,UPI
ORD_16674,CUST_0812,2026-03-16 04:03:32,3299,completed,Credit Card
ORD_15738,CUST_0585,2026-03-16 05:13:05,3798,completed,UPI
ORD_19130,CUST_1704,2026-03-16 08:06:05,999,completed,UPI
ORD_14985,CUST_0798,2026-03-16 09:39:14,1148,completed,Debit Card
ORD_17376,CUST_0713,2026-03-16 09:47:39,2799,completed,UPI
ORD_19505,CUST_1693,2026-03-16 11:09:43,1499,completed,Debit Card
ORD_14931,CUST_1746,2026-03-16 11:13:09,1098,completed,Credit Card
ORD_18611,CUST_0592,2026-03-16 11:37:27,499,completed,Debit Card
ORD_15836,CUST_1192,2026-03-16 12:18:13,5898,completed,UPI
ORD_18169,CUST_0675,2026-03-16 12:59:34,499,completed,Credit Card
ORD_18253,CUST_0656,2026-03-16 13:14:45,999,completed,UPI
ORD_18569,CUST_0337,2026-03-16 13:33:32,499,completed,UPI
ORD_19690,CUST_1573,2026-03-16 13:49:02,4999,completed,COD
ORD_15855,CUST_1502,2026-03-16 13:58:54,3498,completed,COD
ORD_17240,CUST_0563,2026-03-16 15:35:27,349,completed,UPI
ORD_18001,CUST_1915,2026-03-16 18:27:12,699,completed,UPI
ORD_16483,CUST_0376,2026-03-16 18:32:16,5898,completed,UPI
ORD_18306,CUST_1169,2026-03-16 20:11:56,5499,completed,UPI
ORD_18543,CUST_1551,2026-03-16 22:01:26,3999,completed,COD
ORD_16089,CUST_0293,2026-03-16 23:21:58,2798,completed,COD
ORD_19811,CUST_1432,2026-03-16 23:26:46,999,completed,UPI
ORD_16170,CUST_1514,2026-03-16 23:54:16,2798,completed,UPI
ORD_16178,CUST_1922,2026-03-17 01:20:21,4398,completed,UPI
ORD_18052,CUST_1724,2026-03-17 01:45:41,899,completed,Credit Card
ORD_10122,CUST_0041,2026-03-17 01:58:00,1299,completed,COD
ORD_16306,CUST_1306,2026-03-17 01:59:41,5198,completed,UPI
ORD_14367,CUST_0851,2026-03-17 02:10:42,948,completed,UPI
ORD_16042,CUST_0836,2026-03-17 02:26:49,5198,completed,Debit Card
ORD_10279,CUST_0094,2026-03-17 03:01:00,3999,completed,COD
ORD_10797,CUST_0245,2026-03-17 04:31:00,3299,completed,Debit Card
ORD_15637,CUST_0454,2026-03-17 04:33:45,1498,completed,Credit Card
ORD_16474,CUST_1357,2026-03-17 05:03:53,8498,completed,UPI
ORD_19729,CUST_0522,2026-03-17 05:12:02,1999,completed,UPI
ORD_10254,CUST_0085,2026-03-17 06:03:00,4299,completed,UPI
ORD_10433,CUST_0145,2026-03-17 06:10:00,3999,completed,UPI
ORD_14603,CUST_1471,2026-03-17 06:20:26,1498,completed,UPI
ORD_10624,CUST_0202,2026-03-17 07:20:00,7998,completed,COD
ORD_16829,CUST_1497,2026-03-17 08:43:21,699,completed,Credit Card
ORD_10172,CUST_0058,2026-03-17 09:43:00,599,completed,UPI
ORD_15624,CUST_0744,2026-03-17 10:04:12,1348,completed,UPI
ORD_19350,CUST_1636,2026-03-17 10:13:20,3299,completed,UPI
ORD_15522,CUST_1319,2026-03-17 11:01:18,1248,completed,UPI
ORD_14578,CUST_1184,2026-03-17 12:11:33,848,completed,UPI
ORD_15816,CUST_1038,2026-03-17 12:44:24,3698,completed,UPI
ORD_19055,CUST_0471,2026-03-17 12:48:16,799,completed,Debit Card
ORD_19317,CUST_1442,2026-03-17 13:03:22,999,completed,Credit Card
ORD_16697,CUST_0771,2026-03-17 14:10:16,1899,completed,Credit Card
ORD_19246,CUST_1399,2026-03-17 14:30:11,1899,completed,Credit Card
ORD_18058,CUST_0956,2026-03-17 14:43:35,2799,completed,COD
ORD_19570,CUST_1427,2026-03-17 14:58:31,5499,completed,UPI
ORD_14942,CUST_1245,2026-03-17 17:01:42,1148,completed,UPI
ORD_16444,CUST_1533,2026-03-17 17:58:05,12498,completed,COD
ORD_15946,CUST_1572,2026-03-17 19:32:41,2898,completed,UPI
ORD_16788,CUST_1691,2026-03-17 19:36:20,1999,completed,UPI
ORD_19268,CUST_1908,2026-03-17 20:33:17,249,failed,Debit Card
ORD_16916,CUST_1029,2026-03-17 20:39:54,1499,completed,UPI
ORD_18192,CUST_0422,2026-03-17 22:12:36,1499,completed,UPI
ORD_14044,CUST_0641,2026-03-17 22:15:42,948,completed,UPI
ORD_14354,CUST_0713,2026-03-17 22:33:29,1348,completed,Debit Card
ORD_10507,CUST_0170,2026-03-17 22:38:00,1999,completed,Debit Card
ORD_16199,CUST_1546,2026-03-17 22:39:56,6098,completed,UPI
ORD_18909,CUST_0422,2026-03-17 23:19:12,3299,completed,UPI
ORD_15821,CUST_1413,2026-03-18 00:05:08,5698,completed,Debit Card
ORD_17803,CUST_0703,2026-03-18 00:09:27,1299,completed,UPI
ORD_16694,CUST_1397,2026-03-18 00:16:06,299,completed,UPI
ORD_17452,CUST_1690,2026-03-18 00:31:02,1299,completed,COD
ORD_15099,CUST_1922,2026-03-18 01:42:49,948,completed,UPI
ORD_19472,CUST_1629,2026-03-18 02:21:16,2499,completed,COD
ORD_15980,CUST_0914,2026-03-18 02:30:37,3198,completed,UPI
ORD_16973,CUST_1813,2026-03-18 03:06:27,3299,completed,Debit Card
ORD_10281,CUST_0094,2026-03-18 03:09:00,2499,completed,UPI
ORD_18932,CUST_1792,2026-03-18 03:26:43,1899,failed,Debit Card
ORD_10315,CUST_0106,2026-03-18 04:34:00,2499,completed,UPI
ORD_17684,CUST_1703,2026-03-18 04:49:44,4299,completed,UPI
ORD_18562,CUST_0644,2026-03-18 07:03:53,3299,completed,UPI
ORD_10501,CUST_0168,2026-03-18 08:03:00,4299,completed,UPI
ORD_15416,CUST_1758,2026-03-18 08:45:42,1248,completed,Credit Card
ORD_15266,CUST_1745,2026-03-18 08:48:11,1398,completed,Debit Card
ORD_18101,CUST_1848,2026-03-18 08:52:28,999,completed,Debit Card
ORD_16875,CUST_0891,2026-03-18 09:50:45,2199,completed,UPI
ORD_14425,CUST_0981,2026-03-18 10:36:54,1248,completed,UPI
ORD_19107,CUST_1276,2026-03-18 11:06:07,2799,refunded,COD
ORD_15893,CUST_1433,2026-03-18 11:34:45,3798,completed,Debit Card
ORD_14272,CUST_1617,2026-03-18 12:19:08,1498,completed,UPI
ORD_17052,CUST_0524,2026-03-18 12:42:48,2799,completed,UPI
ORD_19316,CUST_0770,2026-03-18 12:54:14,349,completed,UPI
ORD_16401,CUST_1366,2026-03-18 13:15:41,4698,completed,UPI
ORD_19944,CUST_1435,2026-03-18 14:17:39,3999,completed,UPI
ORD_17794,CUST_0691,2026-03-18 14:44:01,899,completed,Credit Card
ORD_17232,CUST_1984,2026-03-18 16:11:30,799,completed,Credit Card
ORD_15224,CUST_1081,2026-03-18 16:40:24,848,completed,Debit Card
ORD_17849,CUST_1485,2026-03-18 18:04:56,799,completed,Debit Card
ORD_17843,CUST_0607,2026-03-18 19:22:36,1899,completed,UPI
ORD_15279,CUST_1932,2026-03-18 19:57:00,1248,completed,Debit Card
ORD_15317,CUST_1793,2026-03-18 20:12:09,1148,completed,UPI
ORD_19879,CUST_1569,2026-03-18 21:14:38,1899,completed,UPI
ORD_10321,CUST_0108,2026-03-18 22:44:00,999,completed,UPI
ORD_10827,CUST_0252,2026-03-18 23:42:00,2499,completed,UPI
ORD_10809,CUST_0248,2026-03-18 23:50:00,2499,completed,UPI
ORD_10877,CUST_0265,2026-03-19 01:06:00,5598,completed,UPI
ORD_19894,CUST_0740,2026-03-19 01:15:21,2499,completed,UPI
ORD_18223,CUST_0539,2026-03-19 01:28:06,3999,completed,COD
ORD_18827,CUST_1017,2026-03-19 01:38:05,799,completed,UPI
ORD_18981,CUST_1026,2026-03-19 01:50:46,4999,completed,Credit Card
ORD_14964,CUST_1825,2026-03-19 03:34:40,948,completed,COD
ORD_19474,CUST_1243,2026-03-19 03:34:56,999,completed,UPI
ORD_10020,CUST_0007,2026-03-19 04:23:00,249,completed,Debit Card
ORD_15022,CUST_0671,2026-03-19 04:42:31,1298,completed,UPI
ORD_14520,CUST_0830,2026-03-19 04:46:26,1398,completed,Debit Card
ORD_17730,CUST_1702,2026-03-19 05:16:51,3299,completed,UPI
ORD_16799,CUST_1260,2026-03-19 05:44:59,6999,completed,Debit Card
ORD_16201,CUST_0357,2026-03-19 05:56:04,7298,completed,COD
ORD_10127,CUST_0043,2026-03-19 06:08:00,3999,completed,UPI
ORD_17402,CUST_1853,2026-03-19 06:46:14,4299,completed,UPI
ORD_19514,CUST_0854,2026-03-19 06:59:06,299,completed,UPI
ORD_10204,CUST_0069,2026-03-19 07:47:00,1299,completed,UPI
ORD_16006,CUST_1452,2026-03-19 07:54:01,10998,completed,Debit Card
ORD_19180,CUST_0986,2026-03-19 07:57:52,3299,completed,Debit Card
ORD_17552,CUST_0510,2026-03-19 08:29:45,1899,completed,UPI
ORD_19194,CUST_1209,2026-03-19 09:25:07,1299,completed,UPI
ORD_14403,CUST_1841,2026-03-19 09:37:34,1098,completed,UPI
ORD_10309,CUST_0104,2026-03-19 09:42:00,249,completed,UPI
ORD_15553,CUST_0480,2026-03-19 09:48:58,1298,completed,UPI
ORD_14918,CUST_1843,2026-03-19 09:51:48,1298,completed,UPI
ORD_10664,CUST_0212,2026-03-19 10:05:00,7998,completed,Credit Card
ORD_10126,CUST_0043,2026-03-19 10:20:00,3299,completed,Credit Card
ORD_14833,CUST_0831,2026-03-19 10:55:40,1598,completed,Credit Card
ORD_18086,CUST_1142,2026-03-19 11:57:49,2499,completed,UPI
ORD_17464,CUST_1757,2026-03-19 12:03:02,2199,completed,COD
ORD_18566,CUST_1148,2026-03-19 12:52:09,299,completed,Credit Card
ORD_18597,CUST_1931,2026-03-19 13:12:39,1999,completed,Debit Card
ORD_19769,CUST_0690,2026-03-19 14:03:59,499,completed,UPI
ORD_15421,CUST_1883,2026-03-19 14:38:55,1248,completed,COD
ORD_18810,CUST_1500,2026-03-19 14:54:00,699,completed,Credit Card
ORD_18849,CUST_1135,2026-03-19 15:18:00,6999,completed,UPI
ORD_18780,CUST_1908,2026-03-19 15:49:41,2199,completed,COD
ORD_14119,CUST_0648,2026-03-19 16:17:01,1698,completed,Credit Card
ORD_15151,CUST_1832,2026-03-19 16:20:20,1598,completed,COD
ORD_15598,CUST_1157,2026-03-19 17:19:03,998,completed,UPI
ORD_17024,CUST_1702,2026-03-19 18:37:44,1899,completed,UPI
ORD_14383,CUST_0380,2026-03-19 18:38:01,1298,completed,COD
ORD_14324,CUST_0746,2026-03-19 19:11:55,1248,completed,UPI
ORD_16782,CUST_0929,2026-03-19 20:12:48,4299,completed,Credit Card
ORD_14071,CUST_0369,2026-03-19 21:53:11,1298,completed,UPI
ORD_15210,CUST_1809,2026-03-19 22:54:30,1598,completed,UPI
ORD_19819,CUST_1897,2026-03-19 23:15:28,249,completed,UPI
ORD_18534,CUST_1476,2026-03-19 23:46:25,3299,refunded,UPI
ORD_10845,CUST_0257,2026-03-20 00:14:00,2499,completed,UPI
ORD_10457,CUST_0153,2026-03-20 00:46:00,1899,completed,Credit Card
ORD_15753,CUST_1881,2026-03-20 01:23:14,6198,completed,UPI
ORD_10358,CUST_0120,2026-03-20 01:58:00,1499,completed,UPI
ORD_10143,CUST_0048,2026-03-20 02:31:00,3999,completed,UPI
ORD_15367,CUST_1771,2026-03-20 02:36:10,1148,completed,Debit Card
ORD_15060,CUST_1030,2026-03-20 03:32:25,1598,completed,UPI
ORD_10407,CUST_0136,2026-03-20 03:36:00,3999,completed,UPI
ORD_16142,CUST_0966,2026-03-20 03:58:41,7798,completed,UPI
ORD_16081,CUST_1169,2026-03-20 04:07:34,1598,completed,Debit Card
ORD_14849,CUST_1393,2026-03-20 04:15:42,1398,completed,Credit Card
ORD_16417,CUST_0992,2026-03-20 05:14:12,3198,completed,UPI
ORD_19200,CUST_1830,2026-03-20 05:31:30,3999,completed,UPI
ORD_18282,CUST_1946,2026-03-20 05:49:34,249,completed,Debit Card
ORD_10749,CUST_0233,2026-03-20 06:19:00,2999,completed,Credit Card
ORD_10218,CUST_0073,2026-03-20 06:55:00,2999,completed,Credit Card
ORD_18975,CUST_1118,2026-03-20 07:15:29,699,completed,Debit Card
ORD_16552,CUST_0676,2026-03-20 08:14:14,1299,completed,UPI
ORD_15289,CUST_0630,2026-03-20 09:30:50,1198,completed,COD
ORD_16708,CUST_1770,2026-03-20 09:45:32,1899,completed,UPI
ORD_19987,CUST_1516,2026-03-20 10:20:58,899,completed,UPI
ORD_18107,CUST_0920,2026-03-20 11:41:04,699,completed,UPI
ORD_14631,CUST_1853,2026-03-20 11:45:22,1398,completed,Debit Card
ORD_19603,CUST_0981,2026-03-20 12:28:46,599,completed,Credit Card
ORD_18372,CUST_1228,2026-03-20 12:54:47,899,completed,UPI
ORD_14781,CUST_1991,2026-03-20 13:04:55,1598,completed,Credit Card
ORD_14666,CUST_1333,2026-03-20 13:06:41,948,completed,UPI
ORD_15123,CUST_1034,2026-03-20 13:47:57,1598,completed,COD
ORD_15757,CUST_0752,2026-03-20 14:01:02,3798,completed,UPI
ORD_16571,CUST_0366,2026-03-20 15:56:05,4999,failed,UPI
ORD_19401,CUST_0749,2026-03-20 16:22:39,999,completed,UPI
ORD_17412,CUST_1559,2026-03-20 16:42:34,2499,completed,Debit Card
ORD_15883,CUST_0437,2026-03-20 17:23:49,3498,completed,Debit Card
ORD_17041,CUST_0379,2026-03-20 17:34:23,999,completed,Credit Card
ORD_16811,CUST_1174,2026-03-20 18:07:18,699,completed,UPI
ORD_16180,CUST_1524,2026-03-20 18:35:04,3498,completed,Credit Card
ORD_19765,CUST_0365,2026-03-20 18:39:14,1899,completed,UPI
ORD_15450,CUST_1120,2026-03-20 19:56:57,1298,completed,UPI
ORD_16499,CUST_1673,2026-03-20 20:09:26,4998,completed,COD
ORD_18822,CUST_0567,2026-03-20 21:42:50,1299,completed,UPI
ORD_16392,CUST_0948,2026-03-20 21:44:38,3198,completed,UPI
ORD_19253,CUST_0456,2026-03-20 21:52:29,3999,completed,Debit Card
ORD_18770,CUST_0281,2026-03-20 22:27:01,3299,completed,Credit Card
ORD_10261,CUST_0088,2026-03-20 23:20:00,3299,completed,Credit Card
ORD_10742,CUST_0231,2026-03-20 23:20:00,3499,completed,Credit Card
ORD_15076,CUST_1823,2026-03-20 23:20:33,1398,completed,UPI
ORD_16390,CUST_1986,2026-03-21 00:10:19,4598,completed,UPI
ORD_10773,CUST_0239,2026-03-21 00:24:00,4998,completed,UPI
ORD_10834,CUST_0254,2026-03-21 01:26:00,13998,completed,Debit Card
ORD_14611,CUST_1708,2026-03-21 02:03:21,1148,completed,Credit Card
ORD_15803,CUST_0624,2026-03-21 02:08:24,4598,completed,Debit Card
ORD_17518,CUST_1440,2026-03-21 02:17:08,699,completed,UPI
ORD_17072,CUST_1246,2026-03-21 02:56:04,1499,completed,UPI
ORD_14813,CUST_0376,2026-03-21 03:18:28,1048,completed,UPI
ORD_10725,CUST_0227,2026-03-21 03:48:00,4999,completed,COD
ORD_19788,CUST_1230,2026-03-21 04:13:34,3299,completed,UPI
ORD_19153,CUST_0755,2026-03-21 04:38:12,3999,completed,UPI
ORD_17743,CUST_1504,2026-03-21 04:48:35,799,completed,UPI
ORD_16068,CUST_1079,2026-03-21 05:02:33,3398,completed,UPI
ORD_10048,CUST_0017,2026-03-21 05:16:00,1499,completed,UPI
ORD_19773,CUST_1239,2026-03-21 05:27:40,2499,completed,Debit Card
ORD_14759,CUST_0533,2026-03-21 05:38:33,948,completed,UPI
ORD_10263,CUST_0088,2026-03-21 05:55:00,1899,completed,COD
ORD_14404,CUST_0439,2026-03-21 06:34:06,798,completed,Debit Card
ORD_10747,CUST_0232,2026-03-21 07:13:00,3999,completed,UPI
ORD_19674,CUST_0792,2026-03-21 08:14:20,899,completed,COD
ORD_17433,CUST_0282,2026-03-21 08:23:30,2199,failed,UPI
ORD_15079,CUST_0457,2026-03-21 10:43:12,1398,completed,Credit Card
ORD_15067,CUST_0826,2026-03-21 12:19:57,1248,completed,Debit Card
ORD_17915,CUST_1140,2026-03-21 12:21:30,3999,completed,UPI
ORD_19669,CUST_1183,2026-03-21 14:04:31,699,completed,UPI
ORD_16993,CUST_0760,2026-03-21 14:11:41,4299,completed,Debit Card
ORD_17153,CUST_0479,2026-03-21 15:00:21,499,completed,Debit Card
ORD_18064,CUST_0575,2026-03-21 15:05:06,4999,completed,UPI
ORD_14847,CUST_1942,2026-03-21 15:50:12,798,completed,COD
ORD_16481,CUST_1088,2026-03-21 16:40:26,5898,completed,UPI
ORD_14110,CUST_0504,2026-03-21 17:54:35,1298,completed,Credit Card
ORD_15717,CUST_1208,2026-03-21 18:07:09,3298,completed,COD
ORD_16657,CUST_0478,2026-03-21 18:15:23,2799,completed,UPI
ORD_16045,CUST_1135,2026-03-21 18:32:06,4798,completed,Credit Card
ORD_14757,CUST_1407,2026-03-21 18:46:10,1198,completed,Debit Card
ORD_15727,CUST_0809,2026-03-21 18:57:24,5498,completed,Credit Card
ORD_18012,CUST_1236,2026-03-21 19:48:43,299,completed,COD
ORD_18572,CUST_0663,2026-03-21 20:35:35,599,refunded,UPI
ORD_10198,CUST_0067,2026-03-21 22:16:00,1899,completed,COD
ORD_17501,CUST_0421,2026-03-21 22:17:20,799,completed,COD
ORD_10230,CUST_0077,2026-03-21 22:25:00,999,completed,COD
ORD_14865,CUST_0430,2026-03-21 22:56:21,1298,completed,UPI
ORD_14725,CUST_1211,2026-03-21 22:59:05,1098,completed,COD
ORD_14288,CUST_1621,2026-03-22 00:31:24,1148,completed,UPI
ORD_18774,CUST_0487,2026-03-22 01:23:16,799,completed,UPI
ORD_14467,CUST_0495,2026-03-22 01:39:08,848,completed,Credit Card
ORD_19500,CUST_0487,2026-03-22 03:19:19,899,completed,UPI
ORD_10631,CUST_0203,2026-03-22 03:31:00,2799,completed,UPI
ORD_18596,CUST_0365,2026-03-22 03:33:17,2499,completed,Credit Card
ORD_15066,CUST_0292,2026-03-22 04:24:41,1298,completed,UPI
ORD_16480,CUST_0870,2026-03-22 04:35:22,3998,completed,COD
ORD_14912,CUST_1392,2026-03-22 04:45:48,798,completed,UPI
ORD_10850,CUST_0258,2026-03-22 04:57:00,4998,completed,UPI
ORD_18439,CUST_1141,2026-03-22 05:11:01,3299,completed,UPI
ORD_10869,CUST_0263,2026-03-22 05:48:00,4998,completed,UPI
ORD_10097,CUST_0033,2026-03-22 06:18:00,1499,completed,Credit Card
ORD_14856,CUST_0638,2026-03-22 06:35:39,1148,completed,UPI
ORD_15956,CUST_0339,2026-03-22 07:04:17,4998,completed,Credit Card
ORD_18608,CUST_1368,2026-03-22 07:41:32,6999,completed,UPI
ORD_10569,CUST_0188,2026-03-22 07:55:00,8598,completed,COD
ORD_14569,CUST_0644,2026-03-22 07:58:34,1198,completed,UPI
ORD_10462,CUST_0155,2026-03-22 08:59:00,1499,completed,Debit Card
ORD_10511,CUST_0171,2026-03-22 10:02:00,4299,completed,UPI
ORD_15305,CUST_0427,2026-03-22 10:10:15,1298,completed,Credit Card
ORD_17442,CUST_0346,2026-03-22 11:59:42,699,completed,UPI
ORD_17811,CUST_1303,2026-03-22 12:14:37,1299,completed,UPI
ORD_18672,CUST_0933,2026-03-22 13:27:34,3999,completed,Credit Card
ORD_19340,CUST_0858,2026-03-22 13:35:35,2799,completed,UPI
ORD_15304,CUST_1525,2026-03-22 13:48:36,1248,completed,UPI
ORD_18317,CUST_1730,2026-03-22 13:55:04,4299,completed,UPI
ORD_17775,CUST_0733,2026-03-22 14:09:03,899,completed,Debit Card
ORD_14580,CUST_1493,2026-03-22 14:13:42,1698,completed,Credit Card
ORD_15627,CUST_0998,2026-03-22 14:27:21,848,completed,COD
ORD_15025,CUST_1578,2026-03-22 14:58:36,1398,completed,Credit Card
ORD_19552,CUST_1406,2026-03-22 16:02:06,2499,completed,Credit Card
ORD_15091,CUST_1725,2026-03-22 16:07:36,948,completed,UPI
ORD_15820,CUST_1114,2026-03-22 16:29:57,4798,completed,COD
ORD_16495,CUST_1527,2026-03-22 16:43:56,3498,completed,COD
ORD_17714,CUST_1645,2026-03-22 16:49:14,799,completed,Debit Card
ORD_16144,CUST_0929,2026-03-22 18:59:08,7298,completed,COD
ORD_15605,CUST_0299,2026-03-22 19:04:50,1298,completed,Debit Card
ORD_16297,CUST_0744,2026-03-22 19:12:51,3398,completed,UPI
ORD_15359,CUST_1922,2026-03-22 19:33:22,1698,completed,UPI
ORD_15585,CUST_1626,2026-03-22 20:16:25,848,completed,Debit Card
ORD_15038,CUST_0916,2026-03-22 20:28:40,1498,completed,COD
ORD_14507,CUST_1964,2026-03-22 21:00:27,1148,completed,Credit Card
ORD_19198,CUST_1176,2026-03-22 21:24:15,3999,completed,UPI
ORD_18128,CUST_1503,2026-03-22 21:54:24,3299,failed,UPI
ORD_18792,CUST_1884,2026-03-22 22:40:09,2499,completed,UPI
ORD_10209,CUST_0070,2026-03-22 23:11:00,599,completed,UPI
ORD_14806,CUST_1535,2026-03-22 23:20:23,1398,completed,Debit Card
ORD_16267,CUST_0764,2026-03-22 23:23:38,2698,completed,UPI
ORD_10862,CUST_0261,2026-03-22 23:27:00,6598,completed,COD
ORD_19356,CUST_1310,2026-03-22 23:42:31,2499,completed,Debit Card
ORD_19851,CUST_1567,2026-03-23 00:01:46,2199,completed,UPI
ORD_10641,CUST_0206,2026-03-23 01:08:00,3499,completed,Debit Card
ORD_10262,CUST_0088,2026-03-23 02:07:00,699,completed,UPI
ORD_10663,CUST_0211,2026-03-23 02:15:00,2499,completed,UPI
ORD_15654,CUST_0305,2026-03-23 02:49:19,1298,completed,UPI
ORD_16801,CUST_0280,2026-03-23 03:46:44,299,completed,UPI
ORD_14973,CUST_0294,2026-03-23 03:47:10,1498,completed,COD
ORD_18082,CUST_1145,2026-03-23 03:54:46,899,completed,UPI
ORD_18075,CUST_1388,2026-03-23 04:24:25,2499,completed,COD
ORD_10136,CUST_0046,2026-03-23 04:25:00,2199,completed,COD
ORD_17614,CUST_0561,2026-03-23 04:44:08,299,completed,COD
ORD_18121,CUST_0566,2026-03-23 04:53:22,3999,completed,COD
ORD_10438,CUST_0147,2026-03-23 04:57:00,699,completed,UPI
ORD_16371,CUST_1671,2026-03-23 05:01:42,5498,completed,COD
ORD_10858,CUST_0260,2026-03-23 05:05:00,3999,completed,Credit Card
ORD_10514,CUST_0172,2026-03-23 05:19:00,1899,completed,UPI
ORD_14786,CUST_0434,2026-03-23 05:57:27,1198,completed,UPI
ORD_16355,CUST_1496,2026-03-23 05:58:48,5498,completed,UPI
ORD_15740,CUST_1640,2026-03-23 06:10:37,8998,completed,UPI
ORD_10759,CUST_0235,2026-03-23 06:13:00,6998,completed,COD
ORD_15490,CUST_0731,2026-03-23 07:06:44,1598,completed,COD
ORD_14564,CUST_0615,2026-03-23 07:12:17,1048,completed,UPI
ORD_18791,CUST_0325,2026-03-23 07:24:42,1299,completed,UPI
ORD_19922,CUST_1917,2026-03-23 07:43:27,349,completed,UPI
ORD_14470,CUST_1344,2026-03-23 07:53:09,1048,completed,COD
ORD_19382,CUST_1559,2026-03-23 07:57:38,899,completed,Debit Card
ORD_19263,CUST_1454,2026-03-23 08:03:12,1999,completed,COD
ORD_10107,CUST_0036,2026-03-23 09:14:00,6999,completed,UPI
ORD_10378,CUST_0127,2026-03-23 09:25:00,699,completed,COD
ORD_10766,CUST_0237,2026-03-23 10:14:00,2799,completed,UPI
ORD_19370,CUST_0406,2026-03-23 11:02:49,699,completed,Debit Card
ORD_17076,CUST_1447,2026-03-23 14:34:06,499,completed,COD
ORD_17836,CUST_0985,2026-03-23 15:04:35,499,failed,UPI
ORD_19459,CUST_1177,2026-03-23 15:26:06,2499,completed,UPI
ORD_14919,CUST_1919,2026-03-23 16:57:09,1298,completed,Debit Card
ORD_15502,CUST_0695,2026-03-23 17:46:29,1098,completed,COD
ORD_17128,CUST_1117,2026-03-23 18:02:51,599,completed,UPI
ORD_15451,CUST_0281,2026-03-23 19:10:13,948,completed,UPI
ORD_19728,CUST_1579,2026-03-23 20:46:07,1899,completed,Credit Card
ORD_17120,CUST_1063,2026-03-23 22:07:26,249,completed,Debit Card
ORD_14712,CUST_1124,2026-03-23 22:32:12,748,completed,Debit Card
ORD_14702,CUST_0823,2026-03-23 22:39:28,1398,completed,UPI
ORD_16216,CUST_1734,2026-03-23 22:44:36,6198,completed,UPI
ORD_14338,CUST_0818,2026-03-23 22:54:37,1298,completed,UPI
ORD_14253,CUST_1077,2026-03-23 22:59:34,1248,completed,UPI
ORD_16486,CUST_1724,2026-03-23 23:08:24,2998,completed,UPI
ORD_19913,CUST_0451,2026-03-23 23:25:27,1299,completed,COD
ORD_15028,CUST_0735,2026-03-23 23:26:57,948,completed,UPI
ORD_16979,CUST_1194,2026-03-24 00:26:29,699,completed,Debit Card
ORD_15547,CUST_0712,2026-03-24 00:43:58,1348,completed,UPI
ORD_15306,CUST_1041,2026-03-24 01:14:43,848,completed,Debit Card
ORD_10034,CUST_0012,2026-03-24 01:33:00,2499,completed,UPI
ORD_14861,CUST_0557,2026-03-24 02:16:16,1598,completed,UPI
ORD_18208,CUST_0424,2026-03-24 03:30:28,2199,completed,Credit Card
ORD_19269,CUST_1470,2026-03-24 04:04:38,499,completed,Credit Card
ORD_17609,CUST_1166,2026-03-24 04:49:22,299,completed,COD
ORD_14647,CUST_1899,2026-03-24 04:59:38,1198,completed,UPI
ORD_18380,CUST_1317,2026-03-24 05:09:50,3999,completed,Debit Card
ORD_14576,CUST_0906,2026-03-24 06:34:22,898,completed,Debit Card
ORD_15427,CUST_1046,2026-03-24 06:41:40,1098,completed,UPI
ORD_16866,CUST_0901,2026-03-24 06:53:18,999,completed,Credit Card
ORD_10003,CUST_0002,2026-03-24 07:57:00,1499,completed,Credit Card
ORD_14061,CUST_1494,2026-03-24 08:02:02,1098,completed,UPI
ORD_14927,CUST_1170,2026-03-24 08:10:08,1198,completed,UPI
ORD_15790,CUST_1867,2026-03-24 08:19:42,4898,completed,UPI
ORD_16434,CUST_1387,2026-03-24 08:25:59,3198,completed,UPI
ORD_17601,CUST_0691,2026-03-24 09:23:15,4299,completed,UPI
ORD_10799,CUST_0245,2026-03-24 10:42:00,2799,completed,Credit Card
ORD_15249,CUST_1905,2026-03-24 10:46:31,1248,completed,Debit Card
ORD_16344,CUST_1025,2026-03-24 11:48:47,2798,completed,Credit Card
ORD_19655,CUST_1414,2026-03-24 12:22:15,5499,completed,UPI
ORD_15959,CUST_1703,2026-03-24 13:13:32,4098,completed,UPI
ORD_16684,CUST_0879,2026-03-24 13:54:44,4999,completed,Debit Card
ORD_19572,CUST_1227,2026-03-24 14:42:29,2799,completed,UPI
ORD_19236,CUST_0805,2026-03-24 16:31:01,499,completed,UPI
ORD_16974,CUST_1563,2026-03-24 16:39:54,1899,completed,UPI
ORD_14452,CUST_0283,2026-03-24 18:35:14,1198,completed,Debit Card
ORD_16219,CUST_0922,2026-03-24 19:36:18,7398,completed,Credit Card
ORD_19914,CUST_0457,2026-03-24 20:19:02,1499,completed,UPI
ORD_10385,CUST_0129,2026-03-24 22:01:00,4999,completed,Debit Card
ORD_14628,CUST_1337,2026-03-24 22:27:19,998,completed,COD
ORD_16633,CUST_1818,2026-03-24 22:41:01,2499,completed,Credit Card
ORD_14863,CUST_0678,2026-03-24 23:29:47,1598,completed,Debit Card
ORD_19830,CUST_1561,2026-03-25 00:12:11,2499,completed,Debit Card
ORD_18731,CUST_1679,2026-03-25 00:15:43,2199,failed,Credit Card
ORD_18383,CUST_0514,2026-03-25 00:39:00,599,completed,Debit Card
ORD_10232,CUST_0078,2026-03-25 01:33:00,899,completed,Debit Card
ORD_10658,CUST_0210,2026-03-25 01:48:00,10998,completed,COD
ORD_17493,CUST_0732,2026-03-25 02:21:38,3999,completed,UPI
ORD_14686,CUST_1881,2026-03-25 02:24:12,948,completed,COD
ORD_10193,CUST_0065,2026-03-25 02:43:00,2999,completed,Credit Card
ORD_14394,CUST_1113,2026-03-25 03:23:38,1148,completed,UPI
ORD_15767,CUST_1022,2026-03-25 03:50:29,6898,completed,Credit Card
ORD_18349,CUST_1430,2026-03-25 04:11:47,999,completed,Credit Card
ORD_14260,CUST_1565,2026-03-25 04:36:15,1248,completed,UPI
ORD_14748,CUST_0482,2026-03-25 05:23:48,1198,completed,UPI
ORD_16262,CUST_0542,2026-03-25 06:07:07,4898,completed,UPI
ORD_15982,CUST_1139,2026-03-25 06:18:15,5298,completed,Debit Card
ORD_17136,CUST_1846,2026-03-25 06:21:29,2199,completed,UPI
ORD_14349,CUST_0994,2026-03-25 06:57:36,1098,completed,UPI
ORD_19605,CUST_1361,2026-03-25 07:31:29,999,completed,UPI
ORD_10045,CUST_0016,2026-03-25 09:34:00,3999,completed,UPI
ORD_19491,CUST_0750,2026-03-25 10:07:55,349,completed,Credit Card
ORD_15720,CUST_1063,2026-03-25 10:41:19,6498,completed,Debit Card
ORD_16019,CUST_0648,2026-03-25 12:22:12,5698,completed,Credit Card
ORD_18994,CUST_0683,2026-03-25 12:56:23,2199,completed,Debit Card
ORD_19357,CUST_1681,2026-03-25 13:58:16,799,completed,Credit Card
ORD_18087,CUST_0552,2026-03-25 16:44:29,349,completed,Credit Card
ORD_19958,CUST_0758,2026-03-25 17:16:31,1499,completed,Credit Card
ORD_15712,CUST_1490,2026-03-25 17:26:23,5298,completed,COD
ORD_19084,CUST_0559,2026-03-25 18:57:28,599,failed,UPI
ORD_16895,CUST_0343,2026-03-25 19:23:41,4299,completed,UPI
ORD_14412,CUST_1831,2026-03-25 19:48:12,898,completed,UPI
ORD_15477,CUST_0816,2026-03-25 20:22:51,1148,completed,Credit Card
ORD_17924,CUST_1433,2026-03-25 21:38:46,2799,completed,Credit Card
ORD_16637,CUST_0585,2026-03-25 21:54:02,299,completed,UPI
ORD_10452,CUST_0151,2026-03-25 22:03:00,2499,completed,UPI
ORD_10616,CUST_0200,2026-03-25 22:26:00,6999,completed,UPI
ORD_19361,CUST_1321,2026-03-25 22:28:37,3299,completed,Debit Card
ORD_10678,CUST_0215,2026-03-25 23:18:00,6998,completed,UPI
ORD_15913,CUST_1444,2026-03-25 23:47:18,1498,completed,COD
ORD_17173,CUST_0833,2026-03-26 00:07:31,4299,completed,Debit Card
ORD_18329,CUST_0864,2026-03-26 01:05:03,599,completed,UPI
ORD_17095,CUST_1903,2026-03-26 01:34:33,4299,completed,COD
ORD_10033,CUST_0012,2026-03-26 02:07:00,2799,completed,Credit Card
ORD_14471,CUST_0673,2026-03-26 02:48:06,1198,completed,UPI
ORD_17496,CUST_0477,2026-03-26 02:52:09,6999,completed,UPI
ORD_16139,CUST_0970,2026-03-26 03:20:30,3498,completed,UPI
ORD_18927,CUST_1744,2026-03-26 03:28:49,3299,completed,UPI
ORD_19534,CUST_1377,2026-03-26 03:49:50,2499,completed,UPI
ORD_15754,CUST_1524,2026-03-26 04:13:25,2398,completed,Debit Card
ORD_10666,CUST_0212,2026-03-26 04:16:00,6598,completed,Debit Card
ORD_14772,CUST_1481,2026-03-26 04:22:07,1198,completed,UPI
ORD_15089,CUST_1644,2026-03-26 04:48:29,1298,completed,Credit Card
ORD_10155,CUST_0052,2026-03-26 05:27:00,899,completed,UPI
ORD_19833,CUST_0375,2026-03-26 05:30:54,5499,refunded,UPI
ORD_16179,CUST_1308,2026-03-26 05:49:36,3598,completed,COD
ORD_15173,CUST_1369,2026-03-26 06:18:29,1298,completed,Debit Card
ORD_18749,CUST_0717,2026-03-26 06:34:28,3299,completed,Debit Card
ORD_10536,CUST_0179,2026-03-26 06:51:00,349,completed,COD
ORD_10780,CUST_0241,2026-03-26 07:03:00,6998,completed,Debit Card
ORD_14747,CUST_0984,2026-03-26 07:42:34,898,completed,UPI
ORD_17835,CUST_0453,2026-03-26 10:07:31,1899,refunded,Credit Card
ORD_15961,CUST_1131,2026-03-26 11:47:31,8298,completed,Debit Card
ORD_18753,CUST_0492,2026-03-26 12:20:14,249,refunded,Credit Card
ORD_19568,CUST_1780,2026-03-26 14:03:45,2499,completed,UPI
ORD_15721,CUST_0322,2026-03-26 15:21:40,5498,completed,Debit Card
ORD_17610,CUST_1653,2026-03-26 15:44:56,1299,completed,Debit Card
ORD_18252,CUST_1739,2026-03-26 15:46:58,3499,completed,UPI
ORD_18180,CUST_0519,2026-03-26 16:02:59,999,completed,Credit Card
ORD_18743,CUST_1579,2026-03-26 17:25:41,999,completed,UPI
ORD_16217,CUST_1201,2026-03-26 17:55:49,4798,completed,UPI
ORD_14121,CUST_1177,2026-03-26 19:46:09,848,completed,UPI
ORD_17114,CUST_1442,2026-03-26 20:40:16,249,completed,UPI
ORD_14267,CUST_1592,2026-03-26 20:43:43,1198,completed,UPI
ORD_17774,CUST_0463,2026-03-26 20:48:27,249,completed,UPI
ORD_17912,CUST_0937,2026-03-26 21:52:02,349,completed,Debit Card
ORD_17721,CUST_0718,2026-03-26 22:02:30,699,completed,UPI
ORD_19843,CUST_1797,2026-03-27 00:37:12,999,completed,Debit Card
ORD_10345,CUST_0116,2026-03-27 01:10:00,3999,completed,UPI
ORD_17681,CUST_0629,2026-03-27 01:37:53,1499,completed,UPI
ORD_10289,CUST_0097,2026-03-27 01:49:00,299,completed,UPI
ORD_15918,CUST_1031,2026-03-27 03:36:44,1998,completed,COD
ORD_10464,CUST_0155,2026-03-27 04:35:00,3999,completed,Credit Card
ORD_19556,CUST_1193,2026-03-27 04:46:56,1899,completed,COD
ORD_18979,CUST_1112,2026-03-27 05:14:31,1299,completed,Debit Card
ORD_14500,CUST_1105,2026-03-27 06:13:44,848,completed,COD
ORD_10075,CUST_0026,2026-03-27 06:29:00,899,completed,UPI
ORD_18594,CUST_1979,2026-03-27 06:53:56,3299,failed,Credit Card
ORD_19771,CUST_0739,2026-03-27 07:07:34,499,completed,UPI
ORD_16731,CUST_1993,2026-03-27 07:34:29,2199,refunded,Credit Card
ORD_10593,CUST_0194,2026-03-27 07:46:00,10998,completed,Credit Card
ORD_19104,CUST_0933,2026-03-27 08:17:01,5499,completed,UPI
ORD_15287,CUST_0904,2026-03-27 08:19:47,1248,completed,UPI
ORD_14764,CUST_0589,2026-03-27 08:30:36,1048,completed,Debit Card
ORD_16735,CUST_1969,2026-03-27 08:58:11,3299,completed,Credit Card
ORD_10105,CUST_0036,2026-03-27 09:19:00,2499,completed,COD
ORD_17816,CUST_0705,2026-03-27 09:42:20,799,completed,UPI
ORD_10046,CUST_0016,2026-03-27 09:44:00,2799,completed,UPI
ORD_18144,CUST_1780,2026-03-27 09:46:36,3499,refunded,UPI
ORD_15794,CUST_0858,2026-03-27 10:20:10,4998,completed,Debit Card
ORD_17143,CUST_1230,2026-03-27 10:40:30,249,completed,UPI
ORD_19856,CUST_1948,2026-03-27 10:45:16,3999,completed,UPI
ORD_10468,CUST_0157,2026-03-27 10:51:00,1499,completed,UPI
ORD_15332,CUST_1479,2026-03-27 13:09:27,1098,completed,COD
ORD_17268,CUST_1704,2026-03-27 14:14:57,1299,completed,Debit Card
ORD_14082,CUST_1451,2026-03-27 14:19:53,848,completed,UPI
ORD_16175,CUST_1256,2026-03-27 15:11:34,2798,completed,UPI
ORD_15213,CUST_0566,2026-03-27 15:54:40,1248,completed,Credit Card
ORD_15309,CUST_1613,2026-03-27 18:00:03,748,completed,COD
ORD_17256,CUST_0792,2026-03-27 19:01:59,2499,completed,UPI
ORD_10824,CUST_0252,2026-03-27 22:00:00,4998,completed,UPI
ORD_16558,CUST_1823,2026-03-27 22:38:24,899,completed,Debit Card
ORD_19302,CUST_1207,2026-03-27 22:58:30,999,completed,Credit Card
ORD_10314,CUST_0105,2026-03-27 23:47:00,5499,completed,COD
ORD_10859,CUST_0260,2026-03-28 00:12:00,4998,completed,COD
ORD_15345,CUST_1415,2026-03-28 00:51:18,1148,completed,Credit Card
ORD_19032,CUST_0937,2026-03-28 00:59:13,6999,completed,Credit Card
ORD_17696,CUST_0954,2026-03-28 01:02:04,3299,completed,COD
ORD_10579,CUST_0190,2026-03-28 01:04:00,10998,completed,UPI
ORD_15849,CUST_0707,2026-03-28 02:24:48,8998,completed,UPI
ORD_10826,CUST_0252,2026-03-28 02:31:00,5998,completed,UPI
ORD_10434,CUST_0145,2026-03-28 02:49:00,1299,completed,UPI
ORD_15231,CUST_0882,2026-03-28 03:50:56,1148,completed,Debit Card
ORD_17029,CUST_1734,2026-03-28 03:55:43,499,completed,UPI
ORD_10076,CUST_0026,2026-03-28 04:18:00,3999,completed,UPI
ORD_10298,CUST_0100,2026-03-28 04:40:00,349,completed,UPI
ORD_15782,CUST_0493,2026-03-28 05:13:52,6498,completed,UPI
ORD_17799,CUST_1943,2026-03-28 05:32:29,2499,completed,UPI
ORD_18679,CUST_0558,2026-03-28 05:54:27,3499,completed,UPI
ORD_15736,CUST_0561,2026-03-28 06:31:57,8898,completed,Debit Card
ORD_19075,CUST_1056,2026-03-28 07:15:40,999,completed,Credit Card
ORD_14596,CUST_0637,2026-03-28 07:37:11,948,completed,Credit Card
ORD_10860,CUST_0261,2026-03-28 08:18:00,4998,completed,UPI
ORD_15017,CUST_0738,2026-03-28 08:39:10,1148,completed,UPI
ORD_17727,CUST_1328,2026-03-28 08:39:15,349,completed,UPI
ORD_15707,CUST_0535,2026-03-28 08:49:35,2198,completed,UPI
ORD_17680,CUST_1459,2026-03-28 09:00:39,2199,completed,UPI
ORD_10674,CUST_0214,2026-03-28 09:08:00,6598,completed,UPI
ORD_10412,CUST_0138,2026-03-28 09:31:00,1499,completed,UPI
ORD_10093,CUST_0032,2026-03-28 10:06:00,499,completed,Debit Card
ORD_19402,CUST_0786,2026-03-28 10:07:49,899,completed,Debit Card
ORD_14550,CUST_1674,2026-03-28 10:38:24,998,completed,UPI
ORD_19709,CUST_1078,2026-03-28 13:16:58,899,completed,Credit Card
ORD_19412,CUST_1700,2026-03-28 14:27:59,249,completed,COD
ORD_16404,CUST_1982,2026-03-28 16:01:49,3198,completed,UPI
ORD_15344,CUST_0451,2026-03-28 17:32:22,1198,completed,COD
ORD_17025,CUST_1886,2026-03-28 17:35:48,1299,completed,Credit Card
ORD_16055,CUST_1463,2026-03-28 19:34:22,3498,completed,COD
ORD_14817,CUST_0449,2026-03-28 20:58:39,848,completed,Debit Card
ORD_10654,CUST_0209,2026-03-28 22:00:00,13998,completed,Credit Card
ORD_14992,CUST_0387,2026-03-28 22:35:11,1298,completed,Credit Card
ORD_10037,CUST_0013,2026-03-28 23:01:00,899,completed,Debit Card
ORD_14839,CUST_0564,2026-03-28 23:07:27,1148,completed,UPI
ORD_10269,CUST_0090,2026-03-29 00:03:00,899,completed,UPI
ORD_15981,CUST_0921,2026-03-29 00:11:10,2298,completed,UPI
ORD_19085,CUST_0867,2026-03-29 00:30:57,3999,completed,COD
ORD_15830,CUST_1718,2026-03-29 01:17:28,1598,completed,COD
ORD_15235,CUST_0582,2026-03-29 01:27:27,898,completed,UPI
ORD_19024,CUST_0968,2026-03-29 01:52:31,2499,failed,UPI
ORD_10804,CUST_0247,2026-03-29 02:02:00,8598,completed,Credit Card
ORD_16568,CUST_0562,2026-03-29 02:22:48,6999,completed,COD
ORD_15930,CUST_0815,2026-03-29 03:32:00,8498,completed,Debit Card
ORD_14753,CUST_1128,2026-03-29 05:24:17,1498,completed,Credit Card
ORD_19387,CUST_1840,2026-03-29 06:13:37,5499,completed,UPI
ORD_16953,CUST_1452,2026-03-29 06:16:51,3299,completed,UPI
ORD_10538,CUST_0180,2026-03-29 06:24:00,1499,completed,UPI
ORD_16475,CUST_0796,2026-03-29 06:29:35,6198,completed,UPI
ORD_14499,CUST_1538,2026-03-29 07:53:35,848,completed,Credit Card
ORD_14140,CUST_1365,2026-03-29 08:00:37,1298,completed,COD
ORD_18183,CUST_1905,2026-03-29 08:21:17,2799,completed,UPI
ORD_10528,CUST_0177,2026-03-29 08:37:00,1499,completed,UPI
ORD_15796,CUST_0325,2026-03-29 08:46:44,4598,completed,UPI
ORD_10477,CUST_0160,2026-03-29 08:47:00,799,completed,UPI
ORD_14696,CUST_1382,2026-03-29 09:12:03,1098,completed,UPI
ORD_14240,CUST_0970,2026-03-29 09:41:12,1248,completed,UPI
ORD_14336,CUST_1126,2026-03-29 11:56:18,1598,completed,COD
ORD_19464,CUST_1616,2026-03-29 12:53:37,1899,completed,UPI
ORD_19511,CUST_0700,2026-03-29 13:44:32,349,completed,UPI
ORD_18338,CUST_0422,2026-03-29 14:13:02,899,completed,UPI
ORD_15223,CUST_1535,2026-03-29 14:18:07,1198,completed,Credit Card
ORD_18590,CUST_1151,2026-03-29 14:45:35,3999,completed,Debit Card
ORD_15361,CUST_1030,2026-03-29 14:56:37,1148,completed,UPI
ORD_17110,CUST_0541,2026-03-29 15:11:33,1899,completed,UPI
ORD_18790,CUST_0958,2026-03-29 16:19:53,6999,completed,COD
ORD_17405,CUST_0309,2026-03-29 16:35:00,2499,completed,Debit Card
ORD_17793,CUST_1628,2026-03-29 16:57:48,1999,completed,UPI
ORD_16215,CUST_0990,2026-03-29 17:03:17,10298,completed,COD
ORD_17748,CUST_1059,2026-03-29 17:24:27,2499,failed,UPI
ORD_18880,CUST_0861,2026-03-29 17:39:23,499,completed,UPI
ORD_18326,CUST_0891,2026-03-29 18:29:20,3299,completed,UPI
ORD_17159,CUST_0410,2026-03-29 19:23:59,4999,completed,Debit Card
ORD_18471,CUST_0481,2026-03-29 20:40:37,1299,refunded,UPI
ORD_10587,CUST_0192,2026-03-29 22:09:00,3999,completed,Credit Card
ORD_16759,CUST_1606,2026-03-29 22:14:34,599,completed,Debit Card
ORD_10676,CUST_0215,2026-03-29 22:47:00,4299,completed,UPI
ORD_10111,CUST_0038,2026-03-29 23:02:00,1299,completed,Debit Card
ORD_16692,CUST_0877,2026-03-29 23:03:07,1499,completed,UPI
ORD_10236,CUST_0079,2026-03-29 23:26:00,1499,completed,UPI
ORD_15702,CUST_1236,2026-03-29 23:33:58,3698,completed,Credit Card
ORD_10491,CUST_0164,2026-03-30 00:21:00,6999,completed,UPI
ORD_17415,CUST_0906,2026-03-30 00:25:04,299,completed,UPI
ORD_18454,CUST_1913,2026-03-30 01:42:06,799,completed,COD
ORD_15125,CUST_1223,2026-03-30 02:14:43,1098,completed,Credit Card
ORD_10149,CUST_0050,2026-03-30 02:42:00,3999,completed,Credit Card
ORD_10646,CUST_0207,2026-03-30 02:55:00,9998,completed,UPI
ORD_15426,CUST_0527,2026-03-30 04:10:36,1048,completed,UPI
ORD_14386,CUST_1888,2026-03-30 04:16:44,998,completed,Debit Card
ORD_10295,CUST_0099,2026-03-30 05:28:00,799,completed,Credit Card
ORD_10806,CUST_0247,2026-03-30 05:42:00,2799,completed,Credit Card
ORD_15298,CUST_1121,2026-03-30 05:52:08,1098,completed,UPI
ORD_16803,CUST_1636,2026-03-30 06:15:26,3499,completed,UPI
ORD_15409,CUST_0375,2026-03-30 06:27:10,948,completed,UPI
ORD_19242,CUST_1030,2026-03-30 07:01:20,249,completed,UPI
ORD_16168,CUST_0788,2026-03-30 07:33:46,4998,completed,UPI
ORD_15748,CUST_0510,2026-03-30 07:35:16,5798,completed,COD
ORD_16505,CUST_1822,2026-03-30 08:17:00,5798,completed,UPI
ORD_10475,CUST_0159,2026-03-30 08:25:00,3299,completed,UPI
ORD_18446,CUST_0734,2026-03-30 08:31:58,499,completed,UPI
ORD_17619,CUST_1752,2026-03-30 08:49:47,899,completed,Debit Card
ORD_19137,CUST_1572,2026-03-30 12:02:48,349,completed,Debit Card
ORD_16348,CUST_1536,2026-03-30 12:23:30,5198,completed,UPI
ORD_16497,CUST_0778,2026-03-30 14:28:26,2398,completed,Debit Card
ORD_14662,CUST_1617,2026-03-30 14:35:48,1398,completed,Credit Card
ORD_18992,CUST_0512,2026-03-30 15:09:07,1299,completed,Debit Card
ORD_15078,CUST_0629,2026-03-30 16:40:11,1148,completed,Credit Card
ORD_19952,CUST_1136,2026-03-30 17:03:16,999,completed,UPI
ORD_18262,CUST_1848,2026-03-30 17:21:14,599,completed,COD
ORD_16934,CUST_1245,2026-03-30 19:37:59,1899,completed,Credit Card
ORD_18930,CUST_1804,2026-03-30 20:30:58,599,completed,UPI
ORD_19515,CUST_1685,2026-03-30 21:02:42,1299,completed,UPI
ORD_14719,CUST_1743,2026-03-30 21:40:16,748,completed,UPI
ORD_16302,CUST_1217,2026-03-30 21:59:41,9198,completed,Debit Card
ORD_19415,CUST_1565,2026-03-30 22:36:35,1999,completed,UPI
ORD_19210,CUST_1725,2026-03-30 23:12:17,6999,completed,Debit Card
ORD_16580,CUST_1281,2026-03-30 23:57:35,1999,completed,COD
ORD_10108,CUST_0037,2026-03-31 00:05:00,349,completed,COD
ORD_10221,CUST_0074,2026-03-31 00:58:00,699,completed,COD
ORD_14374,CUST_0285,2026-03-31 01:10:03,998,completed,UPI
ORD_14723,CUST_0764,2026-03-31 02:25:21,1248,completed,UPI
ORD_10072,CUST_0025,2026-03-31 02:30:00,3299,completed,UPI
ORD_15572,CUST_0343,2026-03-31 03:05:31,1198,completed,UPI
ORD_10575,CUST_0189,2026-03-31 04:04:00,13998,completed,UPI
ORD_10192,CUST_0065,2026-03-31 04:17:00,3999,completed,COD
ORD_14285,CUST_1927,2026-03-31 04:52:32,848,completed,UPI
ORD_16047,CUST_0553,2026-03-31 04:57:26,2098,completed,UPI
ORD_19920,CUST_1455,2026-03-31 05:03:18,1999,completed,UPI
ORD_10322,CUST_0108,2026-03-31 05:41:00,2799,completed,COD
ORD_10347,CUST_0116,2026-03-31 06:03:00,2499,completed,UPI
ORD_17244,CUST_0929,2026-03-31 06:07:01,6999,completed,UPI
ORD_18049,CUST_1270,2026-03-31 06:11:41,999,completed,UPI
ORD_10379,CUST_0127,2026-03-31 06:39:00,699,completed,COD
ORD_10049,CUST_0017,2026-03-31 06:45:00,3499,completed,COD
ORD_10458,CUST_0153,2026-03-31 07:32:00,699,completed,COD
ORD_14796,CUST_1393,2026-03-31 08:53:06,1298,completed,UPI
ORD_17527,CUST_0867,2026-03-31 10:00:12,2199,refunded,COD
ORD_14944,CUST_1682,2026-03-31 10:49:08,1248,completed,UPI
ORD_16698,CUST_1758,2026-03-31 11:40:36,1499,failed,Credit Card
ORD_19206,CUST_0991,2026-03-31 12:21:00,899,completed,Credit Card
ORD_16024,CUST_1684,2026-03-31 12:25:51,1598,completed,UPI
ORD_16587,CUST_1390,2026-03-31 12:40:02,2199,completed,Credit Card
ORD_19159,CUST_1605,2026-03-31 15:05:59,2199,completed,COD
ORD_18259,CUST_0286,2026-03-31 15:49:34,999,completed,UPI
ORD_15352,CUST_1987,2026-03-31 16:18:08,1248,completed,Credit Card
ORD_14529,CUST_1082,2026-03-31 16:18:29,898,completed,Credit Card
ORD_19857,CUST_1500,2026-03-31 16:19:25,499,completed,UPI
ORD_18515,CUST_1473,2026-03-31 16:24:17,1999,completed,UPI
ORD_15039,CUST_1846,2026-03-31 16:27:43,748,completed,COD
ORD_15659,CUST_1039,2026-03-31 17:41:34,798,completed,COD
ORD_17045,CUST_1314,2026-03-31 18:07:43,599,completed,UPI
ORD_15822,CUST_0385,2026-03-31 18:30:35,4998,completed,COD
ORD_15611,CUST_0895,2026-03-31 18:58:17,898,completed,UPI
ORD_15988,CUST_0865,2026-03-31 19:25:09,4698,completed,COD
ORD_18350,CUST_1741,2026-03-31 19:25:18,4299,completed,UPI
ORD_15386,CUST_1600,2026-03-31 21:40:09,998,completed,UPI
ORD_18193,CUST_1469,2026-03-31 21:48:52,3999,completed,Debit Card
ORD_14800,CUST_1066,2026-03-31 21:53:18,748,completed,UPI
ORD_10099,CUST_0034,2026-04-01 00:32:00,899,completed,UPI
ORD_14926,CUST_1225,2026-04-01 00:43:19,848,completed,UPI
ORD_10698,CUST_0220,2026-04-01 00:48:00,3999,completed,UPI
ORD_10524,CUST_0175,2026-04-01 01:30:00,1899,completed,COD
ORD_14259,CUST_0578,2026-04-01 02:03:50,1048,completed,UPI
ORD_10176,CUST_0059,2026-04-01 02:16:00,4299,completed,UPI
ORD_15178,CUST_1613,2026-04-01 03:22:49,1198,completed,UPI
ORD_19601,CUST_1243,2026-04-01 03:27:57,249,completed,Debit Card
ORD_15972,CUST_1616,2026-04-01 03:53:25,3398,completed,COD
ORD_14413,CUST_0625,2026-04-01 04:15:25,1298,completed,COD
ORD_15021,CUST_0507,2026-04-01 06:45:51,1498,completed,Credit Card
ORD_10682,CUST_0216,2026-04-01 06:50:00,4998,completed,Debit Card
ORD_18112,CUST_0316,2026-04-01 06:57:28,4299,completed,COD
ORD_15783,CUST_0735,2026-04-01 07:36:49,6098,completed,UPI
ORD_10120,CUST_0041,2026-04-01 09:12:00,3999,completed,UPI
ORD_14814,CUST_1335,2026-04-01 09:56:22,898,completed,UPI
ORD_14620,CUST_0632,2026-04-01 10:34:06,1198,completed,COD
ORD_15081,CUST_1349,2026-04-01 11:04:00,1298,completed,COD
ORD_15378,CUST_1939,2026-04-01 11:29:15,1598,completed,UPI
ORD_18445,CUST_1906,2026-04-01 11:49:06,2499,completed,Debit Card
ORD_18910,CUST_1185,2026-04-01 12:43:47,999,completed,UPI
ORD_17323,CUST_1905,2026-04-01 13:21:12,999,completed,Credit Card
ORD_14416,CUST_0572,2026-04-01 14:40:56,1198,completed,UPI
ORD_16668,CUST_0958,2026-04-01 14:52:49,1999,completed,COD
ORD_15837,CUST_1611,2026-04-01 14:56:51,2598,completed,UPI
ORD_15510,CUST_1750,2026-04-01 15:00:26,1498,completed,UPI
ORD_18168,CUST_0984,2026-04-01 15:51:46,4299,completed,Debit Card
ORD_16958,CUST_0296,2026-04-01 16:34:22,799,completed,UPI
ORD_19496,CUST_1064,2026-04-01 18:10:58,899,completed,UPI
ORD_14258,CUST_0534,2026-04-01 18:26:29,1298,completed,COD
ORD_14899,CUST_1952,2026-04-01 18:38:31,898,completed,UPI
ORD_17617,CUST_1726,2026-04-01 19:56:14,2499,completed,Debit Card
ORD_17079,CUST_0709,2026-04-01 21:15:49,599,completed,UPI
ORD_15807,CUST_1633,2026-04-01 21:59:06,4898,completed,COD
ORD_15991,CUST_0435,2026-04-02 00:23:55,5498,completed,UPI
ORD_16551,CUST_0951,2026-04-02 01:00:57,2199,completed,COD
ORD_17908,CUST_1483,2026-04-02 01:22:33,1999,completed,Debit Card
ORD_10548,CUST_0183,2026-04-02 01:28:00,6598,completed,UPI
ORD_10473,CUST_0158,2026-04-02 01:31:00,1499,completed,UPI
ORD_15172,CUST_1694,2026-04-02 01:39:45,1198,completed,COD
ORD_10530,CUST_0177,2026-04-02 02:46:00,799,completed,UPI
ORD_16176,CUST_1101,2026-04-02 03:25:48,5898,completed,COD
ORD_15486,CUST_0819,2026-04-02 03:43:00,998,completed,UPI
ORD_14963,CUST_1583,2026-04-02 04:07:06,898,completed,UPI
ORD_10571,CUST_0188,2026-04-02 04:27:00,7998,completed,COD
ORD_15570,CUST_1636,2026-04-02 04:28:39,1098,completed,UPI
ORD_18000,CUST_1271,2026-04-02 05:31:03,1299,completed,UPI
ORD_14636,CUST_0912,2026-04-02 06:49:49,1598,completed,Credit Card
ORD_10300,CUST_0101,2026-04-02 08:43:00,2799,completed,Credit Card
ORD_14795,CUST_1170,2026-04-02 08:59:15,798,completed,UPI
ORD_16835,CUST_0946,2026-04-02 09:10:03,3999,completed,COD
ORD_10523,CUST_0175,2026-04-02 09:14:00,249,completed,Debit Card
ORD_10490,CUST_0164,2026-04-02 09:27:00,1999,completed,UPI
ORD_14347,CUST_0397,2026-04-02 09:30:31,1398,completed,Debit Card
ORD_18798,CUST_1758,2026-04-02 11:18:40,1999,completed,UPI
ORD_19822,CUST_1522,2026-04-02 11:29:43,1899,completed,COD
ORD_18032,CUST_0835,2026-04-02 11:55:15,699,completed,UPI
ORD_14826,CUST_1997,2026-04-02 11:55:40,1498,completed,UPI
ORD_15129,CUST_0388,2026-04-02 13:06:07,1298,completed,COD
ORD_17584,CUST_1811,2026-04-02 13:09:41,1999,completed,UPI
ORD_19294,CUST_1493,2026-04-02 13:19:52,299,completed,COD
ORD_18136,CUST_1961,2026-04-02 13:31:06,1499,completed,UPI
ORD_14148,CUST_1691,2026-04-02 13:38:16,1298,completed,UPI
ORD_15392,CUST_1341,2026-04-02 14:01:30,1198,completed,COD
ORD_14539,CUST_0295,2026-04-02 14:08:55,948,completed,UPI
ORD_16806,CUST_1709,2026-04-02 14:13:45,2499,completed,UPI
ORD_15349,CUST_1025,2026-04-02 14:17:31,1198,completed,Debit Card
ORD_17367,CUST_0764,2026-04-02 14:55:19,2499,completed,Credit Card
ORD_15506,CUST_1291,2026-04-02 15:05:58,1498,completed,Credit Card
ORD_17223,CUST_0642,2026-04-02 15:29:50,1999,completed,UPI
ORD_17543,CUST_1850,2026-04-02 15:53:35,599,completed,Credit Card
ORD_17669,CUST_0384,2026-04-02 16:06:16,1899,completed,Debit Card
ORD_15184,CUST_1089,2026-04-02 18:05:17,1398,completed,Debit Card
ORD_18647,CUST_1554,2026-04-02 18:11:51,799,completed,Credit Card
ORD_17964,CUST_1798,2026-04-02 18:43:57,6999,completed,UPI
ORD_18476,CUST_1232,2026-04-02 20:30:53,999,completed,COD
ORD_14242,CUST_0612,2026-04-02 20:40:06,1098,completed,COD
ORD_14842,CUST_0492,2026-04-02 20:51:10,848,completed,COD
ORD_14435,CUST_0588,2026-04-02 21:17:19,1248,completed,UPI
ORD_17037,CUST_1460,2026-04-02 21:19:00,299,completed,Debit Card
ORD_19702,CUST_1670,2026-04-02 21:56:14,699,completed,Debit Card
ORD_19867,CUST_1745,2026-04-02 21:59:46,2499,completed,UPI
ORD_19623,CUST_1182,2026-04-02 22:52:11,899,completed,Debit Card
ORD_10557,CUST_0185,2026-04-02 23:07:00,6998,completed,UPI
ORD_17274,CUST_1698,2026-04-03 00:48:57,699,completed,COD
ORD_19214,CUST_1933,2026-04-03 02:10:59,1899,completed,Debit Card
ORD_10580,CUST_0191,2026-04-03 02:42:00,6999,completed,Credit Card
ORD_18244,CUST_0353,2026-04-03 03:03:19,1999,completed,Debit Card
ORD_10392,CUST_0131,2026-04-03 03:19:00,3999,completed,COD
ORD_14798,CUST_1304,2026-04-03 03:20:18,1298,completed,Debit Card
ORD_10419,CUST_0140,2026-04-03 04:21:00,4999,completed,UPI
ORD_10874,CUST_0264,2026-04-03 04:24:00,8598,completed,COD
ORD_19685,CUST_1740,2026-04-03 04:24:09,2199,completed,UPI
ORD_10139,CUST_0047,2026-04-03 04:46:00,3999,completed,UPI
ORD_15509,CUST_1126,2026-04-03 05:55:30,1298,completed,Credit Card
ORD_10339,CUST_0114,2026-04-03 06:14:00,1899,completed,Debit Card
ORD_18721,CUST_1550,2026-04-03 08:22:53,1899,completed,UPI
ORD_15651,CUST_1880,2026-04-03 08:54:27,1198,completed,Credit Card
ORD_17813,CUST_1475,2026-04-03 09:06:43,3299,completed,UPI
ORD_19659,CUST_1054,2026-04-03 09:11:50,299,completed,UPI
ORD_10564,CUST_0187,2026-04-03 09:47:00,6598,completed,UPI
ORD_16832,CUST_1482,2026-04-03 10:42:43,4299,completed,Debit Card
ORD_17996,CUST_0506,2026-04-03 11:52:09,1499,completed,UPI
ORD_17358,CUST_0938,2026-04-03 12:13:47,4299,completed,COD
ORD_16288,CUST_1560,2026-04-03 12:17:04,4698,completed,UPI
ORD_18406,CUST_1362,2026-04-03 12:44:05,349,completed,COD
ORD_17651,CUST_1793,2026-04-03 12:51:57,699,completed,Credit Card
ORD_16112,CUST_0758,2026-04-03 12:53:30,3798,completed,Credit Card
ORD_15354,CUST_1577,2026-04-03 12:55:09,1298,completed,UPI
ORD_16908,CUST_1182,2026-04-03 13:15:58,599,completed,UPI
ORD_17709,CUST_1055,2026-04-03 14:01:11,2499,completed,UPI
ORD_15533,CUST_0470,2026-04-03 14:53:25,1148,completed,Debit Card
ORD_19683,CUST_0844,2026-04-03 15:59:27,999,completed,Credit Card
ORD_19519,CUST_0586,2026-04-03 16:59:52,5499,completed,UPI
ORD_19466,CUST_1217,2026-04-03 17:41:48,1499,completed,COD
ORD_15880,CUST_1465,2026-04-03 17:48:29,6098,completed,Credit Card
ORD_18689,CUST_1301,2026-04-03 20:12:57,1899,completed,Credit Card
ORD_19772,CUST_1391,2026-04-03 21:46:29,599,completed,UPI
ORD_18646,CUST_0567,2026-04-03 22:27:28,2499,completed,Credit Card
ORD_10047,CUST_0016,2026-04-03 23:02:00,699,completed,Debit Card
ORD_10194,CUST_0065,2026-04-03 23:09:00,999,completed,UPI
ORD_19203,CUST_0630,2026-04-03 23:52:29,2499,completed,UPI
ORD_15691,CUST_0433,2026-04-04 00:03:41,3298,completed,UPI
ORD_10613,CUST_0199,2026-04-04 01:05:00,4998,completed,UPI
ORD_16255,CUST_1317,2026-04-04 01:06:19,10998,completed,UPI
ORD_15348,CUST_1097,2026-04-04 01:12:29,1048,completed,COD
ORD_18374,CUST_0762,2026-04-04 01:48:49,999,completed,UPI
ORD_18885,CUST_0954,2026-04-04 03:53:55,6999,completed,Credit Card
ORD_19320,CUST_1315,2026-04-04 04:21:13,4299,completed,Credit Card
ORD_18943,CUST_0334,2026-04-04 04:51:23,5499,completed,UPI
ORD_10323,CUST_0108,2026-04-04 04:53:00,4999,completed,UPI
ORD_19168,CUST_1226,2026-04-04 04:55:23,349,failed,UPI
ORD_16842,CUST_0601,2026-04-04 05:56:07,1899,completed,COD
ORD_10255,CUST_0086,2026-04-04 05:58:00,999,completed,Debit Card
ORD_10516,CUST_0173,2026-04-04 06:52:00,4299,completed,Credit Card
ORD_10249,CUST_0084,2026-04-04 07:28:00,2999,completed,UPI
ORD_14286,CUST_1156,2026-04-04 07:42:41,798,completed,Debit Card
ORD_16815,CUST_1109,2026-04-04 08:26:12,499,completed,Debit Card
ORD_14303,CUST_0359,2026-04-04 08:50:52,748,completed,UPI
ORD_18698,CUST_1934,2026-04-04 10:14:46,3299,completed,UPI
ORD_15311,CUST_1642,2026-04-04 10:40:40,1098,completed,UPI
ORD_15061,CUST_1403,2026-04-04 11:06:19,1298,completed,UPI
ORD_17137,CUST_1855,2026-04-04 11:43:37,999,completed,COD
ORD_15498,CUST_1126,2026-04-04 11:48:08,1298,completed,UPI
ORD_15385,CUST_1718,2026-04-04 13:06:28,1048,completed,UPI
ORD_16205,CUST_0901,2026-04-04 14:10:37,4098,completed,UPI
ORD_15903,CUST_1138,2026-04-04 14:27:18,12498,completed,Debit Card
ORD_14804,CUST_0904,2026-04-04 14:34:46,1148,completed,Credit Card
ORD_15964,CUST_0673,2026-04-04 14:52:05,4098,completed,Credit Card
ORD_15413,CUST_1966,2026-04-04 15:11:34,798,completed,UPI
ORD_18473,CUST_1837,2026-04-04 15:13:48,3999,completed,UPI
ORD_18719,CUST_0589,2026-04-04 15:23:17,3499,completed,UPI
ORD_18141,CUST_1942,2026-04-04 16:11:27,699,completed,UPI
ORD_17581,CUST_1310,2026-04-04 16:23:53,4999,completed,Debit Card
ORD_17089,CUST_0477,2026-04-04 17:06:40,299,completed,UPI
ORD_19372,CUST_0419,2026-04-04 19:12:40,699,completed,Credit Card
ORD_18905,CUST_0949,2026-04-04 20:25:50,699,completed,UPI
ORD_19100,CUST_0755,2026-04-04 20:41:13,899,completed,COD
ORD_18447,CUST_0314,2026-04-04 22:11:06,899,completed,UPI
ORD_14322,CUST_0491,2026-04-04 22:42:01,1398,completed,Credit Card
ORD_10494,CUST_0165,2026-04-04 23:30:00,2999,completed,UPI
ORD_15018,CUST_0451,2026-04-04 23:32:26,1198,completed,Credit Card
ORD_14479,CUST_1677,2026-04-05 00:13:24,848,completed,UPI
ORD_14370,CUST_0600,2026-04-05 00:54:51,1148,completed,UPI
ORD_14548,CUST_1232,2026-04-05 00:57:13,898,completed,UPI
ORD_16092,CUST_0637,2026-04-05 01:12:43,5898,completed,Credit Card
ORD_10165,CUST_0056,2026-04-05 01:15:00,6999,completed,Debit Card
ORD_10328,CUST_0110,2026-04-05 01:18:00,299,completed,UPI
ORD_15835,CUST_0296,2026-04-05 01:40:51,12498,completed,UPI
ORD_18571,CUST_0769,2026-04-05 02:01:59,2199,completed,UPI
ORD_14891,CUST_0647,2026-04-05 02:13:46,1198,completed,Debit Card
ORD_10645,CUST_0207,2026-04-05 02:18:00,4998,completed,COD
ORD_18243,CUST_1963,2026-04-05 02:19:33,3499,completed,UPI
ORD_15170,CUST_1352,2026-04-05 02:52:01,1498,completed,Debit Card
ORD_17130,CUST_1692,2026-04-05 03:58:45,2799,completed,Debit Card
ORD_15154,CUST_1828,2026-04-05 04:58:45,1198,completed,Credit Card
ORD_15308,CUST_0968,2026-04-05 05:40:43,1098,completed,UPI
ORD_14389,CUST_1735,2026-04-05 05:50:28,1298,completed,UPI
ORD_19400,CUST_1675,2026-04-05 06:43:08,2799,completed,Debit Card
ORD_10813,CUST_0249,2026-04-05 07:09:00,3299,completed,UPI
ORD_16283,CUST_1643,2026-04-05 07:13:47,1698,completed,UPI
ORD_18804,CUST_0298,2026-04-05 07:32:29,3999,completed,Debit Card
ORD_14415,CUST_0638,2026-04-05 08:11:49,848,completed,UPI
ORD_10460,CUST_0154,2026-04-05 08:20:00,1899,completed,UPI
ORD_19013,CUST_1609,2026-04-05 08:20:03,4999,completed,Credit Card
ORD_15382,CUST_1828,2026-04-05 09:40:08,1298,completed,Credit Card
ORD_15376,CUST_0646,2026-04-05 10:01:37,748,completed,UPI
ORD_10866,CUST_0262,2026-04-05 10:05:00,2799,completed,COD
ORD_14482,CUST_1151,2026-04-05 10:21:39,1298,completed,UPI
ORD_10363,CUST_0122,2026-04-05 10:30:00,1899,completed,UPI
ORD_10195,CUST_0066,2026-04-05 10:52:00,6999,completed,Credit Card
ORD_17671,CUST_1576,2026-04-05 16:49:04,3999,completed,UPI
ORD_14875,CUST_1351,2026-04-05 17:58:40,798,completed,Credit Card
ORD_19202,CUST_1689,2026-04-05 18:50:39,699,completed,Debit Card
ORD_16945,CUST_0274,2026-04-05 19:18:23,2799,completed,UPI
ORD_17562,CUST_1812,2026-04-05 19:36:09,349,completed,Debit Card
ORD_15703,CUST_1681,2026-04-05 19:49:52,2198,completed,UPI
ORD_17830,CUST_1433,2026-04-05 20:04:51,4299,completed,Credit Card
ORD_19001,CUST_0858,2026-04-05 20:33:15,1899,completed,UPI
ORD_15036,CUST_0657,2026-04-05 20:37:10,798,completed,UPI
ORD_16659,CUST_1612,2026-04-05 21:26:22,999,completed,Credit Card
ORD_18277,CUST_1549,2026-04-05 21:32:10,3999,completed,Credit Card
ORD_15411,CUST_1302,2026-04-06 00:17:50,1298,completed,Credit Card
ORD_15760,CUST_0956,2026-04-06 01:18:17,7398,completed,COD
ORD_18483,CUST_0670,2026-04-06 01:54:25,599,completed,Debit Card
ORD_18751,CUST_0706,2026-04-06 02:26:41,499,completed,UPI
ORD_16250,CUST_1584,2026-04-06 03:23:08,6198,completed,Credit Card
ORD_16466,CUST_1572,2026-04-06 03:56:47,4898,completed,Debit Card
ORD_16094,CUST_1053,2026-04-06 05:37:38,3498,completed,Credit Card
ORD_17881,CUST_0370,2026-04-06 05:56:39,499,completed,Credit Card
ORD_10550,CUST_0183,2026-04-06 06:05:00,4299,completed,UPI
ORD_10257,CUST_0086,2026-04-06 06:39:00,799,completed,UPI
ORD_19213,CUST_1813,2026-04-06 06:44:16,3299,completed,Credit Card
ORD_10308,CUST_0103,2026-04-06 07:05:00,1299,completed,UPI
ORD_15781,CUST_1100,2026-04-06 07:16:09,3198,completed,COD
ORD_17425,CUST_1875,2026-04-06 07:24:46,699,completed,UPI
ORD_19785,CUST_0310,2026-04-06 07:24:50,699,completed,UPI
ORD_10482,CUST_0161,2026-04-06 08:35:00,249,completed,UPI
ORD_19196,CUST_0315,2026-04-06 09:16:27,1899,completed,UPI
ORD_14828,CUST_1361,2026-04-06 09:57:20,1148,completed,UPI
ORD_15755,CUST_0852,2026-04-06 11:05:05,6798,completed,UPI
ORD_15406,CUST_0907,2026-04-06 11:46:02,1148,completed,UPI
ORD_15262,CUST_1581,2026-04-06 12:11:55,1198,completed,UPI
ORD_18952,CUST_1024,2026-04-06 13:40:29,1899,completed,COD
ORD_18567,CUST_1509,2026-04-06 15:02:20,3999,completed,UPI
ORD_17174,CUST_1962,2026-04-06 15:55:05,249,completed,COD
ORD_14431,CUST_1893,2026-04-06 16:34:14,1148,completed,Debit Card
ORD_16500,CUST_1089,2026-04-06 16:35:02,6498,completed,Credit Card
ORD_17270,CUST_1017,2026-04-06 16:49:14,4299,completed,COD
ORD_19955,CUST_0495,2026-04-06 17:13:55,3299,completed,Credit Card
ORD_19609,CUST_1440,2026-04-06 17:16:56,1899,completed,Credit Card
ORD_14506,CUST_1830,2026-04-06 18:03:18,1248,completed,Debit Card
ORD_18255,CUST_1837,2026-04-06 18:06:14,1899,completed,Debit Card
ORD_14528,CUST_0935,2026-04-06 18:27:28,798,completed,UPI
ORD_18879,CUST_1898,2026-04-06 20:50:35,2199,completed,Debit Card
ORD_15192,CUST_0491,2026-04-06 21:12:13,1298,completed,Credit Card
ORD_14726,CUST_1190,2026-04-06 22:01:03,1098,completed,UPI
ORD_16277,CUST_1690,2026-04-06 22:22:08,2398,completed,UPI
ORD_17587,CUST_0973,2026-04-06 22:47:17,299,failed,UPI
ORD_16819,CUST_1249,2026-04-06 22:53:02,3999,completed,COD
ORD_16064,CUST_1088,2026-04-06 23:06:02,10498,completed,UPI
ORD_15057,CUST_1880,2026-04-06 23:07:01,748,completed,UPI
ORD_10706,CUST_0222,2026-04-06 23:18:00,3499,completed,UPI
ORD_15064,CUST_1181,2026-04-07 00:03:34,1598,completed,UPI
ORD_15455,CUST_0470,2026-04-07 00:16:02,1698,completed,Credit Card
ORD_17281,CUST_1647,2026-04-07 00:16:14,1299,completed,Debit Card
ORD_16122,CUST_0840,2026-04-07 00:34:53,6898,completed,UPI
ORD_19662,CUST_1074,2026-04-07 00:34:53,799,completed,Debit Card
ORD_10386,CUST_0129,2026-04-07 01:53:00,6999,completed,COD
ORD_17560,CUST_0762,2026-04-07 02:17:23,1499,completed,UPI
ORD_15434,CUST_0880,2026-04-07 02:29:26,1148,completed,Credit Card
ORD_17227,CUST_0486,2026-04-07 02:34:36,4299,completed,Debit Card
ORD_17523,CUST_1126,2026-04-07 02:56:09,3299,completed,UPI
ORD_16096,CUST_1874,2026-04-07 03:07:29,2298,completed,UPI
ORD_16612,CUST_0539,2026-04-07 03:59:59,799,completed,Credit Card
ORD_14680,CUST_0621,2026-04-07 04:51:33,1148,completed,UPI
ORD_15005,CUST_0727,2026-04-07 05:52:56,1148,completed,UPI
ORD_10226,CUST_0076,2026-04-07 06:04:00,999,completed,Credit Card
ORD_17372,CUST_1136,2026-04-07 06:29:42,599,failed,UPI
ORD_14382,CUST_0382,2026-04-07 06:51:06,1348,completed,UPI
ORD_10479,CUST_0160,2026-04-07 07:54:00,899,completed,Debit Card
ORD_16152,CUST_0473,2026-04-07 07:57:57,2098,completed,Debit Card
ORD_10555,CUST_0184,2026-04-07 08:04:00,2999,completed,UPI
ORD_15671,CUST_0814,2026-04-07 08:16:54,748,completed,UPI
ORD_10388,CUST_0130,2026-04-07 08:32:00,999,completed,UPI
ORD_16653,CUST_1317,2026-04-07 09:23:38,1499,completed,COD
ORD_19768,CUST_0606,2026-04-07 09:35:42,499,completed,Debit Card
ORD_14278,CUST_1902,2026-04-07 10:12:11,848,completed,UPI
ORD_16861,CUST_0976,2026-04-07 11:18:37,4999,completed,COD
ORD_15574,CUST_0730,2026-04-07 13:47:37,1298,completed,Credit Card
ORD_19487,CUST_1288,2026-04-07 17:33:20,5499,completed,UPI
ORD_19071,CUST_1906,2026-04-07 18:40:24,249,completed,Credit Card
ORD_10442,CUST_0148,2026-04-07 22:20:00,249,completed,Debit Card
ORD_19956,CUST_0988,2026-04-07 22:20:00,299,completed,COD
ORD_15225,CUST_1101,2026-04-07 22:30:37,1148,completed,Credit Card
ORD_18640,CUST_0648,2026-04-08 00:09:46,4299,completed,COD
ORD_14483,CUST_0731,2026-04-08 00:19:34,1398,completed,Debit Card
ORD_10608,CUST_0198,2026-04-08 00:28:00,2999,completed,UPI
ORD_10353,CUST_0118,2026-04-08 00:54:00,1299,completed,Debit Card
ORD_18235,CUST_0940,2026-04-08 02:02:40,1899,completed,UPI
ORD_19398,CUST_0667,2026-04-08 02:30:52,299,completed,Debit Card
ORD_18493,CUST_1178,2026-04-08 03:27:12,4999,completed,UPI
ORD_10554,CUST_0184,2026-04-08 04:01:00,8598,completed,UPI
ORD_14411,CUST_0992,2026-04-08 04:29:06,1248,completed,COD
ORD_17078,CUST_1110,2026-04-08 06:13:54,349,completed,UPI
ORD_19328,CUST_1566,2026-04-08 07:04:54,6999,completed,COD
ORD_10770,CUST_0238,2026-04-08 07:06:00,2499,completed,UPI
ORD_19147,CUST_0583,2026-04-08 07:30:57,6999,completed,COD
ORD_10296,CUST_0099,2026-04-08 07:38:00,349,completed,UPI
ORD_15619,CUST_0271,2026-04-08 07:44:14,1348,completed,UPI
ORD_17910,CUST_0309,2026-04-08 08:23:00,3299,completed,Credit Card
ORD_16328,CUST_1954,2026-04-08 08:35:21,4798,completed,COD
ORD_15646,CUST_0805,2026-04-08 09:09:35,1098,completed,Credit Card
ORD_10670,CUST_0213,2026-04-08 09:13:00,6598,completed,COD
ORD_10681,CUST_0216,2026-04-08 10:00:00,3999,completed,UPI
ORD_14477,CUST_1924,2026-04-08 10:20:46,1498,completed,Debit Card
ORD_18755,CUST_0280,2026-04-08 10:36:58,999,completed,UPI
ORD_16043,CUST_1814,2026-04-08 11:30:42,6198,completed,UPI
ORD_17760,CUST_1192,2026-04-08 11:42:31,3299,completed,UPI
ORD_15320,CUST_1100,2026-04-08 11:56:16,1148,completed,COD
ORD_19866,CUST_0786,2026-04-08 12:23:10,3299,completed,UPI
ORD_14962,CUST_0688,2026-04-08 14:05:00,998,completed,UPI
ORD_14461,CUST_1614,2026-04-08 14:13:27,748,completed,UPI
ORD_15046,CUST_1475,2026-04-08 14:24:40,848,completed,Debit Card
ORD_15622,CUST_0554,2026-04-08 15:30:27,1148,completed,UPI
ORD_19657,CUST_1657,2026-04-08 15:48:40,3299,completed,UPI
ORD_14960,CUST_1996,2026-04-08 17:11:02,1098,completed,Credit Card
ORD_14574,CUST_0616,2026-04-08 17:15:47,1248,completed,UPI
ORD_16331,CUST_0813,2026-04-08 18:37:59,9998,completed,UPI
ORD_17864,CUST_1191,2026-04-08 19:53:06,4299,completed,Credit Card
ORD_17156,CUST_0609,2026-04-08 20:00:36,899,completed,UPI
ORD_14302,CUST_0951,2026-04-08 20:43:55,1098,completed,UPI
ORD_14663,CUST_1261,2026-04-08 20:50:00,898,completed,UPI
ORD_16744,CUST_1489,2026-04-08 22:09:51,699,completed,Debit Card
ORD_10679,CUST_0215,2026-04-08 23:21:00,2499,completed,Credit Card
ORD_18140,CUST_1743,2026-04-08 23:31:21,2499,completed,COD
ORD_17230,CUST_1049,2026-04-08 23:40:47,1299,completed,UPI
ORD_15387,CUST_1670,2026-04-08 23:51:48,748,completed,UPI
ORD_10223,CUST_0075,2026-04-08 23:52:00,3999,completed,Credit Card
ORD_17475,CUST_0777,2026-04-09 01:00:15,899,completed,UPI
ORD_15616,CUST_1575,2026-04-09 01:28:46,1298,completed,Credit Card
ORD_14463,CUST_0661,2026-04-09 02:56:35,848,completed,COD
ORD_15139,CUST_0543,2026-04-09 03:00:41,1498,completed,Credit Card
ORD_14709,CUST_0685,2026-04-09 04:23:24,1148,completed,UPI
ORD_10487,CUST_0163,2026-04-09 04:34:00,699,completed,UPI
ORD_17919,CUST_1671,2026-04-09 04:48:55,699,completed,Credit Card
ORD_18726,CUST_0359,2026-04-09 05:35:45,1899,completed,Debit Card
ORD_14102,CUST_1067,2026-04-09 05:50:50,1298,completed,Credit Card
ORD_10474,CUST_0159,2026-04-09 05:57:00,599,completed,UPI
ORD_18322,CUST_0658,2026-04-09 06:10:55,1299,completed,Debit Card
ORD_15856,CUST_0310,2026-04-09 06:36:11,6898,completed,Credit Card
ORD_15198,CUST_1599,2026-04-09 06:56:41,1348,completed,Debit Card
ORD_14595,CUST_1156,2026-04-09 07:17:24,1298,completed,UPI
ORD_15827,CUST_1649,2026-04-09 08:22:03,6798,completed,UPI
ORD_16214,CUST_1253,2026-04-09 08:22:29,4398,completed,UPI
ORD_17691,CUST_0406,2026-04-09 09:10:38,699,completed,Credit Card
ORD_18696,CUST_1889,2026-04-09 09:11:23,499,completed,UPI
ORD_15222,CUST_1058,2026-04-09 09:55:13,1498,completed,Debit Card
ORD_10814,CUST_0249,2026-04-09 10:07:00,2799,completed,COD
ORD_14284,CUST_1914,2026-04-09 11:31:22,1198,completed,UPI
ORD_15851,CUST_0281,2026-04-09 11:54:48,4998,completed,Credit Card
ORD_18274,CUST_1698,2026-04-09 13:28:06,5499,completed,UPI
ORD_19767,CUST_0935,2026-04-09 14:55:27,2499,completed,Credit Card
ORD_14933,CUST_1855,2026-04-09 15:28:56,948,completed,UPI
ORD_19577,CUST_1297,2026-04-09 16:22:39,899,completed,UPI
ORD_15002,CUST_0605,2026-04-09 17:37:07,848,completed,UPI
ORD_16511,CUST_0951,2026-04-09 18:03:50,4098,completed,COD
ORD_18031,CUST_0868,2026-04-09 18:26:39,349,completed,Credit Card
ORD_18739,CUST_1357,2026-04-09 18:34:22,4299,completed,UPI
ORD_18196,CUST_1121,2026-04-09 18:56:07,3999,completed,Debit Card
ORD_14317,CUST_1528,2026-04-09 19:01:12,1298,completed,UPI
ORD_14239,CUST_1586,2026-04-09 19:05:33,1598,completed,UPI
ORD_17896,CUST_0652,2026-04-09 19:17:28,899,completed,Debit Card
ORD_18248,CUST_1214,2026-04-09 19:42:06,899,completed,Credit Card
ORD_14104,CUST_1551,2026-04-09 20:24:43,1398,completed,UPI
ORD_15153,CUST_0687,2026-04-09 20:38:23,798,completed,Credit Card
ORD_18461,CUST_1450,2026-04-09 21:58:52,2199,completed,UPI
ORD_15595,CUST_1943,2026-04-09 22:15:00,748,completed,UPI
ORD_15230,CUST_1517,2026-04-09 22:50:22,1698,completed,UPI
ORD_15752,CUST_1143,2026-04-09 23:55:02,7298,completed,Debit Card
ORD_16667,CUST_1187,2026-04-10 00:11:14,4999,failed,COD
ORD_10070,CUST_0024,2026-04-10 00:51:00,349,completed,COD
ORD_16462,CUST_1646,2026-04-10 01:40:13,4098,completed,UPI
ORD_10875,CUST_0264,2026-04-10 01:58:00,7998,completed,COD
ORD_16456,CUST_0271,2026-04-10 02:02:20,8898,completed,UPI
ORD_19048,CUST_1815,2026-04-10 03:23:56,499,completed,UPI
ORD_17199,CUST_0375,2026-04-10 03:53:20,2799,failed,UPI
ORD_16794,CUST_1914,2026-04-10 05:07:22,599,completed,UPI
ORD_10825,CUST_0252,2026-04-10 05:17:00,2499,completed,Credit Card
ORD_15102,CUST_1422,2026-04-10 05:48:17,1148,completed,COD
ORD_15389,CUST_1529,2026-04-10 06:19:57,1298,completed,Debit Card
ORD_14671,CUST_0342,2026-04-10 06:22:53,1148,completed,UPI
ORD_14790,CUST_0303,2026-04-10 07:19:42,1298,completed,UPI
ORD_18172,CUST_1444,2026-04-10 07:29:55,899,completed,COD
ORD_14355,CUST_0877,2026-04-10 07:30:53,1348,completed,Credit Card
ORD_19116,CUST_0397,2026-04-10 08:24:06,349,completed,Credit Card
ORD_19712,CUST_0719,2026-04-10 08:43:19,599,completed,UPI
ORD_10291,CUST_0098,2026-04-10 08:48:00,2799,completed,UPI
ORD_19863,CUST_0454,2026-04-10 09:02:19,6999,completed,Credit Card
ORD_10673,CUST_0214,2026-04-10 09:27:00,4299,completed,UPI
ORD_18612,CUST_0875,2026-04-10 09:43:23,799,completed,UPI
ORD_14176,CUST_1195,2026-04-10 10:24:18,1298,completed,Credit Card
ORD_14489,CUST_0418,2026-04-10 10:52:02,1048,completed,UPI
ORD_10043,CUST_0015,2026-04-10 10:54:00,4299,completed,UPI
ORD_14243,CUST_1527,2026-04-10 11:56:57,1148,completed,Debit Card
ORD_18715,CUST_1783,2026-04-10 14:19:32,6999,completed,Debit Card
ORD_18276,CUST_1446,2026-04-10 14:50:23,499,completed,COD
ORD_16631,CUST_0318,2026-04-10 15:57:15,499,completed,UPI
ORD_15489,CUST_1225,2026-04-10 17:06:08,1498,completed,UPI
ORD_16509,CUST_1914,2026-04-10 17:52:12,5798,completed,UPI
ORD_18409,CUST_1902,2026-04-10 18:28:21,2799,completed,Debit Card
ORD_17851,CUST_0532,2026-04-10 20:43:54,599,completed,UPI
ORD_19611,CUST_1676,2026-04-10 21:47:31,4299,completed,Debit Card
ORD_19953,CUST_0436,2026-04-10 22:43:26,4299,completed,Debit Card
ORD_15884,CUST_0904,2026-04-10 23:25:06,3498,completed,UPI
ORD_16256,CUST_1328,2026-04-10 23:29:08,4598,completed,Debit Card
ORD_15278,CUST_1051,2026-04-10 23:30:51,1298,completed,Debit Card
ORD_15786,CUST_1343,2026-04-10 23:36:11,5998,completed,Debit Card
ORD_18998,CUST_0621,2026-04-10 23:48:20,2499,completed,UPI
ORD_10009,CUST_0004,2026-04-11 01:41:00,1299,completed,UPI
ORD_15267,CUST_1257,2026-04-11 03:11:54,1498,completed,UPI
ORD_14475,CUST_0955,2026-04-11 03:16:15,1598,completed,UPI
ORD_16622,CUST_1856,2026-04-11 03:23:14,699,completed,UPI
ORD_10016,CUST_0006,2026-04-11 04:48:00,1899,completed,COD
ORD_10302,CUST_0101,2026-04-11 05:27:00,1299,completed,Credit Card
ORD_14151,CUST_1736,2026-04-11 05:56:04,998,completed,Debit Card
ORD_14222,CUST_1284,2026-04-11 06:05:05,1098,completed,COD
ORD_15073,CUST_1147,2026-04-11 07:03:44,1098,completed,Credit Card
ORD_15633,CUST_1318,2026-04-11 07:35:34,748,completed,UPI
ORD_17205,CUST_0416,2026-04-11 08:43:21,699,failed,UPI
ORD_10718,CUST_0225,2026-04-11 09:24:00,4998,completed,UPI
ORD_14640,CUST_0918,2026-04-11 11:30:22,1498,completed,UPI
ORD_17783,CUST_0560,2026-04-11 12:43:51,3299,completed,UPI
ORD_16095,CUST_1574,2026-04-11 13:24:06,4098,completed,UPI
ORD_19600,CUST_1012,2026-04-11 14:28:42,349,completed,COD
ORD_17463,CUST_1976,2026-04-11 14:42:34,3299,failed,Debit Card
ORD_15915,CUST_1878,2026-04-11 14:53:01,4698,completed,Credit Card
ORD_18592,CUST_1478,2026-04-11 15:04:56,349,completed,COD
ORD_18042,CUST_0561,2026-04-11 15:21:09,6999,completed,UPI
ORD_18294,CUST_0472,2026-04-11 16:05:58,599,completed,COD
ORD_16087,CUST_1473,2026-04-11 16:15:03,2198,completed,UPI
ORD_18816,CUST_1678,2026-04-11 16:34:07,3999,completed,UPI
ORD_19244,CUST_1141,2026-04-11 16:49:03,349,completed,UPI
ORD_14594,CUST_1239,2026-04-11 16:49:15,848,completed,Debit Card
ORD_14173,CUST_1067,2026-04-11 17:02:38,1248,completed,UPI
ORD_16858,CUST_1539,2026-04-11 17:32:12,1899,failed,COD
ORD_17907,CUST_1260,2026-04-11 18:03:50,1299,completed,UPI
ORD_15355,CUST_0534,2026-04-11 18:52:35,1298,completed,UPI
ORD_16208,CUST_1781,2026-04-11 20:01:31,4798,completed,Debit Card
ORD_19351,CUST_0495,2026-04-11 21:45:46,6999,completed,UPI
ORD_17113,CUST_0828,2026-04-11 22:22:35,3999,completed,UPI
ORD_16820,CUST_0892,2026-04-11 22:39:48,1499,completed,Debit Card
ORD_19739,CUST_1811,2026-04-11 23:16:13,3499,completed,UPI
ORD_18389,CUST_0820,2026-04-11 23:51:48,499,completed,Credit Card
ORD_10220,CUST_0074,2026-04-11 23:59:00,2999,completed,UPI
ORD_10303,CUST_0102,2026-04-12 00:08:00,6999,completed,UPI
ORD_15645,CUST_1610,2026-04-12 00:23:10,1098,completed,UPI
ORD_10755,CUST_0234,2026-04-12 01:08:00,2499,completed,Debit Card
ORD_18987,CUST_1780,2026-04-12 01:39:52,2199,completed,UPI
ORD_14979,CUST_1460,2026-04-12 02:04:22,1298,completed,Credit Card
ORD_14236,CUST_0337,2026-04-12 02:53:17,998,completed,Credit Card
ORD_17895,CUST_0708,2026-04-12 04:06:36,299,completed,Debit Card
ORD_10791,CUST_0243,2026-04-12 05:18:00,2799,completed,UPI
ORD_10726,CUST_0227,2026-04-12 05:41:00,4299,completed,Credit Card
ORD_10292,CUST_0098,2026-04-12 05:51:00,349,completed,COD
ORD_14767,CUST_0606,2026-04-12 06:48:50,1098,completed,UPI
ORD_10041,CUST_0014,2026-04-12 07:08:00,6999,completed,UPI
ORD_10147,CUST_0050,2026-04-12 07:39:00,2199,completed,UPI
ORD_10390,CUST_0131,2026-04-12 07:47:00,1499,completed,Credit Card
ORD_14029,CUST_0544,2026-04-12 08:14:52,798,completed,Credit Card
ORD_15179,CUST_0269,2026-04-12 08:43:50,898,completed,UPI
ORD_15087,CUST_0621,2026-04-12 09:31:57,1698,completed,UPI
ORD_10559,CUST_0185,2026-04-12 09:52:00,9998,completed,UPI
ORD_18400,CUST_1937,2026-04-12 10:50:34,3999,completed,UPI
ORD_16005,CUST_1544,2026-04-12 11:25:21,8298,completed,UPI
ORD_14257,CUST_1245,2026-04-12 11:29:05,1698,completed,UPI
ORD_15927,CUST_1139,2026-04-12 12:13:01,2198,completed,UPI
ORD_19261,CUST_1624,2026-04-12 12:43:36,3999,completed,Credit Card
ORD_19023,CUST_1617,2026-04-12 14:07:02,499,completed,COD
ORD_16506,CUST_1706,2026-04-12 15:49:52,8298,completed,UPI
ORD_15448,CUST_0581,2026-04-12 16:16:07,898,completed,UPI
ORD_16357,CUST_1337,2026-04-12 16:38:04,3498,completed,Debit Card
ORD_15892,CUST_1400,2026-04-12 18:00:55,4798,completed,UPI
ORD_17904,CUST_0687,2026-04-12 19:48:44,699,completed,Credit Card
ORD_18742,CUST_1755,2026-04-12 19:52:47,699,completed,Debit Card
ORD_17436,CUST_0406,2026-04-12 19:59:15,899,completed,COD
ORD_17914,CUST_1227,2026-04-12 20:14:54,599,refunded,UPI
ORD_18526,CUST_0329,2026-04-12 20:14:55,6999,completed,UPI
ORD_17422,CUST_1214,2026-04-12 21:37:50,3499,completed,Debit Card
ORD_10671,CUST_0213,2026-04-12 22:10:00,3999,completed,UPI
ORD_18103,CUST_1492,2026-04-12 22:13:42,999,failed,UPI
ORD_14862,CUST_0385,2026-04-12 22:21:03,1098,completed,COD
ORD_16776,CUST_1283,2026-04-12 23:58:04,1299,completed,UPI
ORD_17757,CUST_0633,2026-04-13 00:25:01,1499,completed,COD
ORD_14791,CUST_1009,2026-04-13 02:09:39,1498,completed,UPI
ORD_16461,CUST_0450,2026-04-13 02:38:19,4298,completed,Debit Card
ORD_10870,CUST_0263,2026-04-13 03:30:00,4299,completed,UPI
ORD_10231,CUST_0078,2026-04-13 03:36:00,1299,completed,UPI
ORD_17441,CUST_1715,2026-04-13 03:51:10,4999,completed,UPI
ORD_10435,CUST_0146,2026-04-13 04:43:00,499,completed,UPI
ORD_10549,CUST_0183,2026-04-13 04:56:00,5499,completed,UPI
ORD_17604,CUST_0335,2026-04-13 06:38:17,2499,completed,UPI
ORD_17420,CUST_1912,2026-04-13 07:04:59,4299,completed,COD
ORD_10512,CUST_0171,2026-04-13 07:27:00,1299,completed,COD
ORD_15931,CUST_0682,2026-04-13 07:28:16,2698,completed,Credit Card
ORD_15437,CUST_0529,2026-04-13 09:30:24,848,completed,COD
ORD_15725,CUST_1904,2026-04-13 09:55:17,10298,completed,UPI
ORD_16471,CUST_1367,2026-04-13 11:51:28,5898,completed,UPI
ORD_18795,CUST_1628,2026-04-13 12:19:54,2499,completed,UPI
ORD_18311,CUST_1988,2026-04-13 13:18:17,1899,refunded,UPI
ORD_14057,CUST_0592,2026-04-13 13:58:58,1398,completed,COD
ORD_15636,CUST_0905,2026-04-13 14:38:14,1198,completed,UPI
ORD_15163,CUST_0327,2026-04-13 15:10:47,1148,completed,COD
ORD_15006,CUST_0772,2026-04-13 15:22:51,1098,completed,UPI
ORD_16564,CUST_1424,2026-04-13 16:34:08,799,completed,UPI
ORD_19545,CUST_0860,2026-04-13 17:27:34,3299,completed,UPI
ORD_19485,CUST_1268,2026-04-13 18:07:55,999,completed,Credit Card
ORD_19006,CUST_1046,2026-04-13 18:46:37,999,completed,COD
ORD_16275,CUST_1829,2026-04-13 19:32:08,5298,completed,UPI
ORD_15404,CUST_0273,2026-04-13 20:15:10,1248,completed,UPI
ORD_15966,CUST_1364,2026-04-13 20:27:28,2898,completed,UPI
ORD_17704,CUST_0716,2026-04-13 21:11:11,2799,completed,UPI
ORD_14637,CUST_1464,2026-04-13 22:04:21,1148,completed,UPI
ORD_15661,CUST_1818,2026-04-13 22:06:47,1248,completed,UPI
ORD_18050,CUST_1223,2026-04-13 22:21:56,5499,completed,Debit Card
ORD_10620,CUST_0201,2026-04-13 22:24:00,6598,completed,UPI
ORD_14147,CUST_1564,2026-04-13 22:41:12,848,completed,COD
ORD_17362,CUST_0300,2026-04-13 23:16:51,249,completed,Debit Card
ORD_16103,CUST_1881,2026-04-14 00:38:55,1698,completed,UPI
ORD_16032,CUST_0839,2026-04-14 01:32:51,6798,completed,UPI
ORD_17954,CUST_1214,2026-04-14 01:35:20,799,completed,UPI
ORD_17844,CUST_0479,2026-04-14 02:01:27,699,completed,COD
ORD_17848,CUST_0413,2026-04-14 02:14:00,1899,completed,UPI
ORD_14199,CUST_1148,2026-04-14 02:14:51,1498,completed,UPI
ORD_10716,CUST_0225,2026-04-14 02:32:00,3299,completed,UPI
ORD_15890,CUST_1520,2026-04-14 02:34:27,6798,completed,Debit Card
ORD_10050,CUST_0017,2026-04-14 03:09:00,1499,completed,Credit Card
ORD_15418,CUST_1466,2026-04-14 03:23:06,748,completed,UPI
ORD_17596,CUST_1495,2026-04-14 03:23:10,599,completed,Credit Card
ORD_10432,CUST_0145,2026-04-14 04:16:00,1299,completed,UPI
ORD_15362,CUST_0419,2026-04-14 04:53:26,1048,completed,UPI
ORD_10266,CUST_0089,2026-04-14 04:57:00,499,completed,UPI
ORD_19708,CUST_1292,2026-04-14 05:07:00,999,completed,UPI
ORD_14840,CUST_1928,2026-04-14 06:13:25,1298,completed,UPI
ORD_17847,CUST_1429,2026-04-14 06:48:19,299,completed,Credit Card
ORD_19078,CUST_1189,2026-04-14 06:58:09,4999,completed,UPI
ORD_18405,CUST_0910,2026-04-14 07:03:33,2499,completed,UPI
ORD_10201,CUST_0068,2026-04-14 07:19:00,1999,completed,Credit Card
ORD_16130,CUST_0904,2026-04-14 07:21:19,5898,completed,UPI
ORD_17109,CUST_0292,2026-04-14 07:45:26,699,completed,Credit Card
ORD_18391,CUST_0943,2026-04-14 08:36:02,499,completed,UPI
ORD_10634,CUST_0204,2026-04-14 08:50:00,4999,completed,Debit Card
ORD_18644,CUST_0780,2026-04-14 09:54:26,799,completed,Debit Card
ORD_10222,CUST_0075,2026-04-14 10:49:00,499,completed,UPI
ORD_19217,CUST_0792,2026-04-14 10:56:20,6999,completed,COD
ORD_16607,CUST_0974,2026-04-14 11:02:35,299,completed,Credit Card
ORD_19082,CUST_0480,2026-04-14 11:47:00,3299,completed,UPI
ORD_16093,CUST_1504,2026-04-14 12:29:42,4198,completed,UPI
ORD_19875,CUST_1266,2026-04-14 12:39:28,3999,completed,Credit Card
ORD_18580,CUST_1337,2026-04-14 13:53:41,999,completed,Credit Card
ORD_19919,CUST_1601,2026-04-14 14:17:53,3499,completed,Debit Card
ORD_14128,CUST_1160,2026-04-14 15:21:47,1248,completed,UPI
ORD_19537,CUST_1470,2026-04-14 18:40:09,2499,completed,COD
ORD_19070,CUST_0942,2026-04-14 19:36:01,3299,completed,Debit Card
ORD_15693,CUST_0821,2026-04-14 20:20:00,1498,completed,Debit Card
ORD_15828,CUST_0622,2026-04-14 20:44:59,1998,completed,UPI
ORD_10161,CUST_0054,2026-04-14 22:01:00,3499,completed,UPI
ORD_17556,CUST_1268,2026-04-14 22:07:09,1499,failed,UPI
ORD_18173,CUST_0342,2026-04-14 22:07:39,1299,completed,Debit Card
ORD_17329,CUST_1683,2026-04-14 22:47:09,699,refunded,UPI
ORD_17707,CUST_1959,2026-04-14 23:34:18,1299,completed,UPI
ORD_17053,CUST_1107,2026-04-15 00:09:24,2199,completed,Credit Card
ORD_10639,CUST_0205,2026-04-15 00:28:00,3999,completed,UPI
ORD_10541,CUST_0181,2026-04-15 01:03:00,7998,completed,UPI
ORD_15949,CUST_1673,2026-04-15 01:20:25,3798,completed,Debit Card
ORD_10856,CUST_0260,2026-04-15 02:13:00,4998,completed,UPI
ORD_10094,CUST_0032,2026-04-15 03:52:00,6999,completed,UPI
ORD_10002,CUST_0001,2026-04-15 04:37:00,899,completed,Debit Card
ORD_10129,CUST_0044,2026-04-15 05:07:00,799,completed,UPI
ORD_19735,CUST_1358,2026-04-15 05:17:14,699,completed,Credit Card
ORD_17016,CUST_0978,2026-04-15 05:22:25,499,completed,COD
ORD_18745,CUST_1720,2026-04-15 06:33:03,999,completed,UPI
ORD_10395,CUST_0132,2026-04-15 06:37:00,999,completed,UPI
ORD_10617,CUST_0200,2026-04-15 06:40:00,3299,completed,Debit Card
ORD_16664,CUST_1699,2026-04-15 06:54:05,999,completed,UPI
ORD_14582,CUST_1573,2026-04-15 07:09:07,1498,completed,UPI
ORD_17828,CUST_1884,2026-04-15 10:16:24,899,completed,UPI
ORD_14292,CUST_1237,2026-04-15 10:51:33,998,completed,Credit Card
ORD_16796,CUST_1403,2026-04-15 13:24:46,349,completed,COD
ORD_18722,CUST_0577,2026-04-15 13:47:37,1299,completed,UPI
ORD_18305,CUST_0619,2026-04-15 14:52:00,899,completed,UPI
ORD_16897,CUST_1766,2026-04-15 15:11:30,499,completed,Debit Card
ORD_17086,CUST_1649,2026-04-15 15:17:45,349,failed,Credit Card
ORD_15667,CUST_0524,2026-04-15 15:19:41,1498,completed,Debit Card
ORD_16061,CUST_1925,2026-04-15 16:06:00,4798,completed,Credit Card
ORD_16629,CUST_1725,2026-04-15 16:08:16,3299,completed,UPI
ORD_17988,CUST_0524,2026-04-15 16:28:41,4999,completed,UPI
ORD_19411,CUST_1787,2026-04-15 17:07:04,999,completed,COD
ORD_14652,CUST_0427,2026-04-15 17:26:48,1248,completed,COD
ORD_19003,CUST_0338,2026-04-15 17:42:11,799,completed,UPI
ORD_17597,CUST_0738,2026-04-15 17:45:22,3999,completed,Debit Card
ORD_15951,CUST_1588,2026-04-15 18:25:07,4698,completed,Credit Card
ORD_16234,CUST_0552,2026-04-15 19:13:45,2198,completed,UPI
ORD_18310,CUST_1938,2026-04-15 19:25:31,1299,completed,Debit Card
ORD_18337,CUST_0396,2026-04-15 20:43:50,4999,completed,COD
ORD_14769,CUST_1825,2026-04-15 21:02:24,798,completed,UPI
ORD_19482,CUST_0369,2026-04-15 22:03:52,499,completed,UPI
ORD_10329,CUST_0110,2026-04-15 22:06:00,349,completed,Credit Card
ORD_17048,CUST_1646,2026-04-15 22:11:33,1299,completed,COD
ORD_10627,CUST_0202,2026-04-15 22:38:00,4998,completed,Credit Card
ORD_15613,CUST_1043,2026-04-15 22:49:01,748,completed,Debit Card
ORD_17087,CUST_0290,2026-04-15 23:54:05,249,completed,UPI
ORD_10521,CUST_0174,2026-04-16 00:06:00,249,completed,UPI
ORD_10653,CUST_0209,2026-04-16 00:45:00,3999,completed,UPI
ORD_10023,CUST_0008,2026-04-16 01:34:00,3299,completed,COD
ORD_16104,CUST_1029,2026-04-16 02:00:26,8898,completed,COD
ORD_19540,CUST_0762,2026-04-16 03:48:58,5499,completed,Credit Card
ORD_10382,CUST_0128,2026-04-16 04:46:00,899,completed,Debit Card
ORD_19582,CUST_1199,2026-04-16 04:54:31,4999,completed,Credit Card
ORD_14213,CUST_1111,2026-04-16 07:19:27,1098,completed,UPI
ORD_10207,CUST_0070,2026-04-16 07:47:00,799,completed,COD
ORD_10765,CUST_0237,2026-04-16 08:05:00,5998,completed,UPI
ORD_16050,CUST_1736,2026-04-16 08:36:59,6598,completed,UPI
ORD_19666,CUST_1601,2026-04-16 09:28:07,2199,completed,Credit Card
ORD_15719,CUST_0939,2026-04-16 10:24:49,3098,completed,UPI
ORD_17620,CUST_0343,2026-04-16 11:41:39,3999,completed,Debit Card
ORD_17116,CUST_1077,2026-04-16 12:27:49,899,completed,Credit Card
ORD_14356,CUST_1060,2026-04-16 13:16:24,798,completed,UPI
ORD_15848,CUST_1077,2026-04-16 13:17:23,3798,completed,UPI
ORD_14105,CUST_1882,2026-04-16 13:26:13,1348,completed,UPI
ORD_18093,CUST_0625,2026-04-16 15:01:40,599,completed,Credit Card
ORD_15838,CUST_0637,2026-04-16 17:43:07,5198,completed,COD
ORD_14588,CUST_0328,2026-04-16 17:44:21,1098,completed,Debit Card
ORD_15209,CUST_0992,2026-04-16 18:01:13,948,completed,Debit Card
ORD_19876,CUST_0571,2026-04-16 19:03:03,3299,completed,COD
ORD_16840,CUST_1898,2026-04-16 20:12:11,899,failed,Debit Card
ORD_14563,CUST_1489,2026-04-16 20:29:50,1598,completed,UPI
ORD_16140,CUST_1281,2026-04-16 23:19:35,3198,completed,Debit Card
ORD_10167,CUST_0056,2026-04-17 00:01:00,4999,completed,UPI
ORD_15662,CUST_0694,2026-04-17 00:10:41,1198,completed,UPI
ORD_19874,CUST_1508,2026-04-17 00:41:31,349,completed,UPI
ORD_19059,CUST_1296,2026-04-17 00:55:52,499,completed,Credit Card
ORD_10138,CUST_0047,2026-04-17 01:38:00,299,completed,UPI
ORD_17854,CUST_0433,2026-04-17 01:39:14,3299,completed,Debit Card
ORD_10518,CUST_0173,2026-04-17 01:42:00,2499,completed,COD
ORD_10391,CUST_0131,2026-04-17 01:51:00,4999,completed,Debit Card
ORD_10179,CUST_0060,2026-04-17 02:04:00,3299,completed,Credit Card
ORD_19941,CUST_0412,2026-04-17 02:16:24,3999,completed,UPI
ORD_16990,CUST_0300,2026-04-17 02:36:08,799,completed,Credit Card
ORD_14157,CUST_1366,2026-04-17 03:03:26,1098,completed,COD
ORD_18116,CUST_0773,2026-04-17 03:10:33,699,completed,UPI
ORD_10371,CUST_0124,2026-04-17 03:25:00,499,completed,Credit Card
ORD_10163,CUST_0055,2026-04-17 04:06:00,349,completed,UPI
ORD_10821,CUST_0251,2026-04-17 04:30:00,4998,completed,COD
ORD_10704,CUST_0222,2026-04-17 04:58:00,6598,completed,COD
ORD_14174,CUST_1734,2026-04-17 05:16:11,1598,completed,UPI
ORD_19219,CUST_0657,2026-04-17 05:28:43,3499,completed,COD
ORD_18341,CUST_1241,2026-04-17 05:45:32,4299,completed,UPI
ORD_19021,CUST_1971,2026-04-17 06:10:45,3299,completed,UPI
ORD_10790,CUST_0243,2026-04-17 08:15:00,6999,completed,UPI
ORD_10459,CUST_0154,2026-04-17 08:16:00,699,completed,UPI
ORD_15272,CUST_1852,2026-04-17 08:52:19,1298,completed,UPI
ORD_14735,CUST_1955,2026-04-17 09:17:32,1348,completed,UPI
ORD_10601,CUST_0196,2026-04-17 09:25:00,6598,completed,UPI
ORD_10707,CUST_0222,2026-04-17 09:37:00,3299,completed,Debit Card
ORD_15854,CUST_1533,2026-04-17 09:48:18,7998,completed,UPI
ORD_15263,CUST_0393,2026-04-17 10:05:52,898,completed,Debit Card
ORD_19422,CUST_1477,2026-04-17 11:07:41,2799,completed,UPI
ORD_19737,CUST_1172,2026-04-17 11:24:05,1299,refunded,UPI
ORD_16309,CUST_1611,2026-04-17 12:55:39,1998,completed,COD
ORD_16962,CUST_0351,2026-04-17 12:55:53,1299,completed,UPI
ORD_15723,CUST_0664,2026-04-17 13:12:00,10998,completed,UPI
ORD_16758,CUST_1715,2026-04-17 13:52:23,2499,completed,UPI
ORD_14246,CUST_0530,2026-04-17 14:12:20,1298,completed,UPI
ORD_14034,CUST_0866,2026-04-17 15:54:44,1048,completed,Debit Card
ORD_14923,CUST_0595,2026-04-17 16:16:56,898,completed,UPI
ORD_14396,CUST_1375,2026-04-17 17:42:51,1598,completed,UPI
ORD_14028,CUST_1008,2026-04-17 17:49:13,898,completed,Debit Card
ORD_17370,CUST_1365,2026-04-17 18:29:15,5499,completed,COD
ORD_14052,CUST_1904,2026-04-17 19:51:53,948,completed,Credit Card
ORD_18713,CUST_1372,2026-04-17 19:53:44,1899,completed,Debit Card
ORD_14609,CUST_1248,2026-04-17 19:58:28,1198,completed,Debit Card
ORD_16651,CUST_1742,2026-04-17 22:04:56,299,completed,Credit Card
ORD_14369,CUST_0583,2026-04-17 22:19:55,1248,completed,UPI
ORD_19745,CUST_1211,2026-04-17 22:28:39,899,completed,UPI
ORD_10274,CUST_0092,2026-04-17 23:13:00,3999,completed,UPI
ORD_16771,CUST_0352,2026-04-17 23:44:55,2799,completed,UPI
ORD_10517,CUST_0173,2026-04-18 01:12:00,999,completed,UPI
ORD_14270,CUST_0911,2026-04-18 01:45:14,1248,completed,UPI
ORD_10117,CUST_0040,2026-04-18 03:10:00,1299,completed,COD
ORD_10835,CUST_0254,2026-04-18 03:28:00,3999,completed,Credit Card
ORD_17097,CUST_1169,2026-04-18 03:40:36,249,refunded,UPI
ORD_10036,CUST_0013,2026-04-18 04:28:00,2499,completed,UPI
ORD_14376,CUST_0286,2026-04-18 04:34:52,998,completed,UPI
ORD_10810,CUST_0248,2026-04-18 06:00:00,4999,completed,UPI
ORD_10659,CUST_0210,2026-04-18 06:45:00,7998,completed,COD
ORD_15037,CUST_1681,2026-04-18 07:08:38,1348,completed,UPI
ORD_16643,CUST_0703,2026-04-18 08:07:58,799,completed,UPI
ORD_10796,CUST_0245,2026-04-18 09:11:00,10998,completed,UPI
ORD_10823,CUST_0251,2026-04-18 09:26:00,6598,completed,UPI
ORD_16703,CUST_1382,2026-04-18 09:33:40,4999,completed,UPI
ORD_15216,CUST_0526,2026-04-18 09:42:15,898,completed,Credit Card
ORD_10380,CUST_0127,2026-04-18 10:50:00,299,completed,UPI
ORD_14587,CUST_0948,2026-04-18 12:15:11,848,completed,Debit Card
ORD_15910,CUST_1489,2026-04-18 12:28:20,3198,completed,Debit Card
ORD_19270,CUST_0636,2026-04-18 13:19:50,699,completed,UPI
ORD_17832,CUST_0987,2026-04-18 13:23:42,3299,completed,UPI
ORD_19211,CUST_0395,2026-04-18 13:43:29,699,completed,UPI
ORD_19553,CUST_1741,2026-04-18 14:28:48,499,completed,UPI
ORD_19216,CUST_1985,2026-04-18 15:03:06,1299,completed,UPI
ORD_14362,CUST_0882,2026-04-18 15:09:18,848,completed,Credit Card
ORD_19468,CUST_0936,2026-04-18 15:15:44,249,completed,COD
ORD_14693,CUST_0459,2026-04-18 17:45:10,748,completed,UPI
ORD_16877,CUST_0922,2026-04-18 17:51:20,4999,completed,UPI
ORD_18765,CUST_0393,2026-04-18 18:23:24,3299,completed,Credit Card
ORD_14969,CUST_1399,2026-04-18 18:24:32,848,completed,UPI
ORD_17386,CUST_1208,2026-04-18 19:08:38,349,completed,UPI
ORD_16724,CUST_1990,2026-04-18 20:41:14,2199,completed,Credit Card
ORD_17605,CUST_0657,2026-04-18 20:53:28,599,completed,COD
ORD_18746,CUST_1384,2026-04-18 21:53:31,2799,completed,UPI
ORD_10091,CUST_0031,2026-04-18 22:18:00,3999,completed,Debit Card
ORD_15247,CUST_0640,2026-04-18 22:20:20,1498,completed,UPI
ORD_16335,CUST_0976,2026-04-18 23:14:59,7298,completed,Credit Card
ORD_16991,CUST_0984,2026-04-18 23:19:13,1299,completed,Debit Card
ORD_10059,CUST_0020,2026-04-18 23:20:00,4299,completed,Debit Card
ORD_17660,CUST_1676,2026-04-18 23:37:48,2499,completed,UPI
ORD_18757,CUST_1172,2026-04-18 23:52:31,3499,completed,UPI
ORD_14691,CUST_1765,2026-04-19 00:41:19,1498,completed,UPI
ORD_18884,CUST_1562,2026-04-19 01:08:18,999,completed,UPI
ORD_15863,CUST_1787,2026-04-19 02:04:12,4798,completed,COD
ORD_10756,CUST_0235,2026-04-19 02:08:00,6598,completed,UPI
ORD_15164,CUST_1627,2026-04-19 02:27:53,998,completed,UPI
ORD_10044,CUST_0015,2026-04-19 02:29:00,499,completed,Debit Card
ORD_16780,CUST_0283,2026-04-19 02:38:18,599,completed,Debit Card
ORD_10619,CUST_0200,2026-04-19 03:11:00,4998,completed,COD
ORD_18480,CUST_0535,2026-04-19 03:12:32,899,completed,UPI
ORD_16961,CUST_1211,2026-04-19 03:48:24,3999,completed,UPI
ORD_19750,CUST_0863,2026-04-19 03:53:42,2199,completed,Credit Card
ORD_15351,CUST_0290,2026-04-19 03:56:18,898,completed,Credit Card
ORD_10164,CUST_0055,2026-04-19 04:22:00,4299,completed,COD
ORD_18315,CUST_0320,2026-04-19 04:36:11,3299,completed,UPI
ORD_10731,CUST_0228,2026-04-19 05:11:00,2499,completed,Debit Card
ORD_18929,CUST_0686,2026-04-19 05:21:45,1999,completed,COD
ORD_15370,CUST_1400,2026-04-19 05:25:09,1148,completed,COD
ORD_18069,CUST_0473,2026-04-19 07:11:40,5499,completed,Debit Card
ORD_18605,CUST_1887,2026-04-19 09:00:32,899,refunded,UPI
ORD_16207,CUST_1896,2026-04-19 10:03:13,7698,completed,Debit Card
ORD_15546,CUST_1171,2026-04-19 10:25:30,998,completed,COD
ORD_10776,CUST_0240,2026-04-19 10:29:00,13998,completed,UPI
ORD_15133,CUST_0860,2026-04-19 10:42:55,1698,completed,Credit Card
ORD_14269,CUST_1961,2026-04-19 11:18:23,1198,completed,COD
ORD_16725,CUST_1823,2026-04-19 11:23:50,4299,completed,UPI
ORD_19763,CUST_0695,2026-04-19 12:03:40,899,completed,UPI
ORD_14824,CUST_0947,2026-04-19 12:37:32,848,completed,Credit Card
ORD_19574,CUST_0954,2026-04-19 13:18:49,599,completed,UPI
ORD_17212,CUST_1595,2026-04-19 13:49:32,3499,completed,UPI
ORD_16654,CUST_1116,2026-04-19 15:49:34,1299,completed,UPI
ORD_17960,CUST_1426,2026-04-19 16:53:40,1999,completed,UPI
ORD_17231,CUST_1670,2026-04-19 17:37:32,5499,completed,COD
ORD_19836,CUST_0758,2026-04-19 19:42:35,6999,completed,UPI
ORD_16343,CUST_0737,2026-04-19 19:45:58,8898,completed,Credit Card
ORD_15003,CUST_1932,2026-04-19 20:04:35,1198,completed,UPI
ORD_17264,CUST_1005,2026-04-19 20:11:48,299,completed,UPI
ORD_18951,CUST_0561,2026-04-19 20:21:21,2499,completed,UPI
ORD_10526,CUST_0176,2026-04-19 22:04:00,999,completed,UPI
ORD_10369,CUST_0124,2026-04-19 22:28:00,2799,completed,UPI
ORD_17393,CUST_0597,2026-04-20 00:31:43,3999,completed,Debit Card
ORD_17923,CUST_0639,2026-04-20 00:32:41,349,completed,UPI
ORD_16705,CUST_1184,2026-04-20 01:16:47,999,completed,Credit Card
ORD_19878,CUST_0440,2026-04-20 01:28:01,999,completed,COD
ORD_15853,CUST_1446,2026-04-20 01:29:46,5898,completed,UPI
ORD_19173,CUST_1918,2026-04-20 02:20:52,3999,completed,COD
ORD_14590,CUST_0677,2026-04-20 02:49:51,1148,completed,UPI
ORD_14196,CUST_1004,2026-04-20 04:09:03,948,completed,Debit Card
ORD_10264,CUST_0089,2026-04-20 04:18:00,5499,completed,Debit Card
ORD_10647,CUST_0207,2026-04-20 04:24:00,8598,completed,Credit Card
ORD_10189,CUST_0064,2026-04-20 05:09:00,2999,completed,UPI
ORD_17554,CUST_1299,2026-04-20 09:41:19,1999,completed,Credit Card
ORD_10828,CUST_0253,2026-04-20 09:51:00,5998,completed,UPI
ORD_14959,CUST_0322,2026-04-20 10:15:36,1248,completed,UPI
ORD_15592,CUST_1570,2026-04-20 10:50:16,1098,completed,UPI
ORD_19858,CUST_0695,2026-04-20 11:05:01,2199,completed,Credit Card
ORD_19840,CUST_1979,2026-04-20 11:05:50,1299,completed,COD
ORD_15447,CUST_1375,2026-04-20 11:12:02,748,completed,Credit Card
ORD_18260,CUST_0591,2026-04-20 12:35:50,249,completed,UPI
ORD_16924,CUST_1893,2026-04-20 13:35:17,3499,completed,UPI
ORD_15947,CUST_0822,2026-04-20 13:45:23,4298,completed,Credit Card
ORD_14654,CUST_0989,2026-04-20 13:46:33,1198,completed,COD
ORD_17335,CUST_1503,2026-04-20 15:40:16,249,completed,COD
ORD_15673,CUST_1947,2026-04-20 16:08:44,11998,completed,Debit Card
ORD_14522,CUST_1212,2026-04-20 16:16:49,1698,completed,Debit Card
ORD_18016,CUST_1662,2026-04-20 16:27:26,1299,completed,Credit Card
ORD_17309,CUST_0422,2026-04-20 17:21:25,799,completed,Credit Card
ORD_19009,CUST_0292,2026-04-20 17:41:32,2499,completed,Credit Card
ORD_18023,CUST_1153,2026-04-20 18:25:59,3299,completed,UPI
ORD_14645,CUST_0514,2026-04-20 20:05:23,898,completed,Debit Card
ORD_17479,CUST_0616,2026-04-20 20:21:12,3999,completed,COD
ORD_18995,CUST_1136,2026-04-20 21:48:12,3999,refunded,COD
ORD_10515,CUST_0172,2026-04-20 22:33:00,2799,completed,UPI
ORD_15318,CUST_1759,2026-04-20 22:34:01,1248,completed,Credit Card
ORD_19979,CUST_1805,2026-04-20 22:40:45,1299,completed,COD
ORD_10406,CUST_0136,2026-04-20 23:38:00,499,completed,UPI
ORD_19134,CUST_0574,2026-04-21 00:06:01,1899,completed,UPI
ORD_14314,CUST_1098,2026-04-21 00:21:08,1348,completed,COD
ORD_18376,CUST_1215,2026-04-21 00:23:56,2799,completed,Credit Card
ORD_15375,CUST_0809,2026-04-21 00:48:11,798,completed,Debit Card
ORD_10708,CUST_0223,2026-04-21 00:54:00,5998,completed,Debit Card
ORD_14345,CUST_0342,2026-04-21 01:08:39,798,completed,UPI
ORD_19436,CUST_1964,2026-04-21 01:10:44,999,completed,UPI
ORD_16319,CUST_0838,2026-04-21 02:09:18,2298,completed,COD
ORD_10409,CUST_0137,2026-04-21 02:18:00,3999,completed,UPI
ORD_15885,CUST_1794,2026-04-21 03:02:33,4398,completed,UPI
ORD_15701,CUST_0325,2026-04-21 03:03:06,5298,completed,UPI
ORD_14734,CUST_0893,2026-04-21 03:12:57,898,completed,UPI
ORD_17050,CUST_1552,2026-04-21 03:50:19,699,completed,UPI
ORD_16577,CUST_0972,2026-04-21 04:00:29,499,completed,UPI
ORD_18914,CUST_0364,2026-04-21 04:45:22,599,refunded,COD
ORD_17666,CUST_0826,2026-04-21 06:10:00,3999,completed,Debit Card
ORD_14189,CUST_0726,2026-04-21 06:13:05,1498,completed,UPI
ORD_15136,CUST_1308,2026-04-21 06:47:54,1098,completed,Credit Card
ORD_19221,CUST_1608,2026-04-21 07:28:25,2799,completed,UPI
ORD_15875,CUST_0536,2026-04-21 08:00:26,4198,completed,Credit Card
ORD_15878,CUST_0952,2026-04-21 08:47:24,5598,completed,UPI
ORD_14661,CUST_0860,2026-04-21 08:54:21,848,completed,UPI
ORD_15680,CUST_1878,2026-04-21 09:47:11,3498,completed,Debit Card
ORD_18863,CUST_0613,2026-04-21 11:39:47,249,completed,UPI
ORD_17658,CUST_1934,2026-04-21 12:45:10,6999,completed,Debit Card
ORD_15233,CUST_1931,2026-04-21 13:11:36,848,completed,UPI
ORD_19240,CUST_1455,2026-04-21 13:24:50,299,completed,UPI
ORD_14858,CUST_0647,2026-04-21 13:43:49,798,completed,COD
ORD_19510,CUST_1441,2026-04-21 14:26:29,899,completed,UPI
ORD_18132,CUST_0653,2026-04-21 14:43:42,1299,completed,UPI
ORD_15970,CUST_0756,2026-04-21 15:16:15,9998,completed,Debit Card
ORD_19963,CUST_1700,2026-04-21 15:27:22,899,completed,Credit Card
ORD_19581,CUST_1136,2026-04-21 15:40:15,1999,completed,Credit Card
ORD_16767,CUST_0929,2026-04-21 15:48:44,2499,completed,UPI
ORD_19982,CUST_0924,2026-04-21 18:50:32,6999,completed,UPI
ORD_18467,CUST_1241,2026-04-21 20:40:58,899,failed,UPI
ORD_15288,CUST_1824,2026-04-21 20:46:03,1148,completed,UPI
ORD_17118,CUST_0284,2026-04-21 21:09:44,899,completed,UPI
ORD_16353,CUST_0282,2026-04-21 21:12:22,5798,completed,Debit Card
ORD_15214,CUST_1286,2026-04-21 21:21:02,1248,completed,UPI
ORD_19749,CUST_1650,2026-04-21 21:35:31,699,completed,UPI
ORD_15283,CUST_1015,2026-04-21 21:50:52,1198,completed,Credit Card
ORD_16919,CUST_0887,2026-04-21 22:09:43,2199,completed,COD
ORD_16347,CUST_0848,2026-04-21 22:50:26,8798,completed,Credit Card
ORD_14402,CUST_1260,2026-04-21 22:54:27,1498,completed,Debit Card
ORD_10439,CUST_0147,2026-04-21 23:03:00,999,completed,UPI
ORD_14568,CUST_1783,2026-04-21 23:03:42,1098,completed,COD
ORD_16845,CUST_0988,2026-04-21 23:20:20,3499,completed,UPI
ORD_17178,CUST_0796,2026-04-22 00:41:14,1499,completed,Debit Card
ORD_17787,CUST_0360,2026-04-22 00:53:05,3999,completed,UPI
ORD_19715,CUST_0588,2026-04-22 00:53:52,249,completed,UPI
ORD_18066,CUST_0369,2026-04-22 01:02:07,999,completed,Debit Card
ORD_10767,CUST_0237,2026-04-22 01:24:00,3499,completed,UPI
ORD_10525,CUST_0176,2026-04-22 01:25:00,799,completed,UPI
ORD_10632,CUST_0204,2026-04-22 01:41:00,2499,completed,COD
ORD_19513,CUST_0397,2026-04-22 01:45:01,249,completed,Debit Card
ORD_14414,CUST_0787,2026-04-22 02:01:41,1048,completed,Credit Card
ORD_15688,CUST_1797,2026-04-22 02:20:47,3498,completed,UPI
ORD_18925,CUST_0692,2026-04-22 03:59:20,4999,completed,UPI
ORD_18934,CUST_1037,2026-04-22 04:56:39,3499,completed,Credit Card
ORD_10394,CUST_0132,2026-04-22 06:47:00,2999,completed,UPI
ORD_19142,CUST_1772,2026-04-22 07:27:08,1299,completed,UPI
ORD_10146,CUST_0049,2026-04-22 07:43:00,699,completed,UPI
ORD_10160,CUST_0054,2026-04-22 07:43:00,999,completed,UPI
ORD_17856,CUST_1111,2026-04-22 08:16:38,3299,completed,UPI
ORD_17332,CUST_0693,2026-04-22 08:31:37,499,completed,Debit Card
ORD_18643,CUST_1072,2026-04-22 08:36:34,899,completed,UPI
ORD_15031,CUST_1082,2026-04-22 11:49:13,898,completed,UPI
ORD_14774,CUST_0514,2026-04-22 12:58:34,1198,completed,UPI
ORD_16609,CUST_1583,2026-04-22 13:37:19,3999,completed,UPI
ORD_17340,CUST_1522,2026-04-22 13:54:40,3499,completed,UPI
ORD_17043,CUST_1879,2026-04-22 14:10:08,4999,completed,UPI
ORD_19658,CUST_1046,2026-04-22 14:11:13,999,completed,Credit Card
ORD_17228,CUST_0693,2026-04-22 16:22:22,1899,completed,Credit Card
ORD_18431,CUST_1788,2026-04-22 16:28:13,3999,completed,Debit Card
ORD_18342,CUST_1468,2026-04-22 16:39:30,999,completed,Debit Card
ORD_18063,CUST_1903,2026-04-22 17:58:24,999,completed,UPI
ORD_14109,CUST_1311,2026-04-22 18:21:20,1098,completed,UPI
ORD_19458,CUST_0486,2026-04-22 18:44:03,4299,completed,Credit Card
ORD_16881,CUST_1517,2026-04-22 21:23:31,1299,completed,Credit Card
ORD_10865,CUST_0262,2026-04-22 22:07:00,2499,completed,UPI
ORD_18427,CUST_1999,2026-04-22 22:29:19,3499,completed,UPI
ORD_10219,CUST_0074,2026-04-22 22:58:00,299,completed,UPI
ORD_16189,CUST_0381,2026-04-22 23:06:11,8898,completed,UPI
ORD_15045,CUST_1942,2026-04-22 23:27:39,1248,completed,UPI
ORD_16345,CUST_1519,2026-04-22 23:35:54,3498,completed,Credit Card
ORD_15579,CUST_1718,2026-04-23 00:33:35,1098,completed,COD
ORD_14401,CUST_1725,2026-04-23 01:05:33,1398,completed,UPI
ORD_14103,CUST_1366,2026-04-23 01:19:10,1048,completed,UPI
ORD_10217,CUST_0073,2026-04-23 02:40:00,1499,completed,COD
ORD_17489,CUST_1108,2026-04-23 03:57:09,2499,completed,UPI
ORD_15460,CUST_0988,2026-04-23 04:02:09,1298,completed,UPI
ORD_19284,CUST_1975,2026-04-23 04:29:20,3999,completed,UPI
ORD_19201,CUST_0996,2026-04-23 04:33:56,1299,completed,Debit Card
ORD_14178,CUST_0566,2026-04-23 05:46:17,1498,completed,COD
ORD_10504,CUST_0169,2026-04-23 05:50:00,349,completed,Debit Card
ORD_18325,CUST_1280,2026-04-23 06:10:26,899,completed,UPI
ORD_15621,CUST_1665,2026-04-23 06:11:53,1598,completed,Credit Card
ORD_16049,CUST_1694,2026-04-23 09:04:18,3798,completed,UPI
ORD_15221,CUST_0369,2026-04-23 09:42:48,1048,completed,Debit Card
ORD_14313,CUST_0335,2026-04-23 11:23:16,1298,completed,UPI
ORD_14605,CUST_1444,2026-04-23 11:29:08,1298,completed,UPI
ORD_17247,CUST_1551,2026-04-23 12:01:52,1499,completed,Credit Card
ORD_14037,CUST_1484,2026-04-23 12:07:48,1698,completed,UPI
ORD_18369,CUST_1122,2026-04-23 12:13:46,6999,completed,Credit Card
ORD_17067,CUST_1825,2026-04-23 12:55:57,3999,completed,Debit Card
ORD_14329,CUST_1718,2026-04-23 13:33:39,848,completed,Debit Card
ORD_15891,CUST_1727,2026-04-23 15:41:24,4898,completed,COD
ORD_17738,CUST_1263,2026-04-23 15:51:42,499,completed,UPI
ORD_16399,CUST_1484,2026-04-23 17:08:09,2798,completed,Debit Card
ORD_19277,CUST_0603,2026-04-23 17:33:13,1299,completed,Credit Card
ORD_14871,CUST_1305,2026-04-23 18:05:37,748,completed,COD
ORD_14820,CUST_1810,2026-04-23 18:55:29,1698,completed,COD
ORD_16356,CUST_0357,2026-04-23 19:13:47,3398,completed,Debit Card
ORD_17517,CUST_0662,2026-04-23 19:20:21,3499,completed,Debit Card
ORD_19117,CUST_1242,2026-04-23 19:55:33,299,completed,COD
ORD_14675,CUST_1563,2026-04-23 21:47:14,1698,completed,UPI
ORD_10316,CUST_0106,2026-04-23 23:00:00,499,completed,COD
ORD_14914,CUST_1127,2026-04-23 23:42:53,1498,completed,Debit Card
ORD_16520,CUST_1674,2026-04-23 23:45:18,4098,completed,UPI
ORD_15888,CUST_0559,2026-04-24 00:04:16,1798,completed,Debit Card
ORD_19647,CUST_0337,2026-04-24 00:59:17,799,completed,COD
ORD_19536,CUST_1912,2026-04-24 01:39:48,3999,completed,UPI
ORD_18838,CUST_0617,2026-04-24 02:02:21,999,completed,UPI
ORD_14679,CUST_1089,2026-04-24 02:16:59,1198,completed,Debit Card
ORD_19490,CUST_0446,2026-04-24 03:07:25,899,completed,COD
ORD_10800,CUST_0246,2026-04-24 03:19:00,5998,completed,UPI
ORD_10618,CUST_0200,2026-04-24 04:07:00,3299,completed,UPI
ORD_10237,CUST_0080,2026-04-24 04:53:00,899,completed,UPI
ORD_16372,CUST_0865,2026-04-24 05:13:37,10498,completed,UPI
ORD_10734,CUST_0229,2026-04-24 05:19:00,3299,completed,COD
ORD_15042,CUST_0552,2026-04-24 06:00:50,848,completed,UPI
ORD_16576,CUST_0934,2026-04-24 07:20:55,6999,completed,UPI
ORD_10252,CUST_0085,2026-04-24 08:13:00,799,completed,COD
ORD_10258,CUST_0087,2026-04-24 08:23:00,899,completed,Debit Card
ORD_15939,CUST_0564,2026-04-24 08:54:57,4298,completed,Debit Card
ORD_17267,CUST_1660,2026-04-24 09:34:10,3499,completed,UPI
ORD_19355,CUST_1885,2026-04-24 09:39:24,2499,completed,COD
ORD_14328,CUST_1809,2026-04-24 09:43:40,1498,completed,UPI
ORD_18320,CUST_1326,2026-04-24 10:01:58,249,completed,COD
ORD_18815,CUST_0504,2026-04-24 10:05:29,2799,completed,Credit Card
ORD_16972,CUST_0717,2026-04-24 10:13:59,2199,completed,UPI
ORD_17435,CUST_0743,2026-04-24 10:56:37,4999,completed,Credit Card
ORD_14256,CUST_1826,2026-04-24 11:39:12,1248,completed,Credit Card
ORD_14453,CUST_0935,2026-04-24 11:40:44,1148,completed,UPI
ORD_17321,CUST_0431,2026-04-24 12:10:33,249,completed,UPI
ORD_16928,CUST_0560,2026-04-24 13:54:12,1999,completed,UPI
ORD_16981,CUST_0480,2026-04-24 14:09:33,799,completed,Credit Card
ORD_17031,CUST_1802,2026-04-24 15:32:42,349,completed,UPI
ORD_16516,CUST_1243,2026-04-24 17:57:08,3998,completed,COD
ORD_17732,CUST_0932,2026-04-24 18:31:16,6999,completed,UPI
ORD_18060,CUST_1498,2026-04-24 20:10:42,899,failed,UPI
ORD_10818,CUST_0250,2026-04-24 22:17:00,3299,completed,Credit Card
ORD_14812,CUST_0379,2026-04-24 22:40:10,1298,completed,UPI
ORD_10863,CUST_0261,2026-04-24 23:46:00,6999,completed,COD
ORD_14209,CUST_1633,2026-04-24 23:55:35,1148,completed,UPI
ORD_18398,CUST_0899,2026-04-24 23:57:23,799,completed,Credit Card
ORD_10183,CUST_0062,2026-04-25 02:39:00,1299,completed,Credit Card
ORD_18054,CUST_0371,2026-04-25 03:17:52,1499,completed,Credit Card
ORD_16985,CUST_1187,2026-04-25 03:26:04,3999,completed,Debit Card
ORD_17301,CUST_0789,2026-04-25 03:28:29,1499,completed,Debit Card
ORD_10141,CUST_0048,2026-04-25 03:30:00,299,completed,Credit Card
ORD_14670,CUST_1962,2026-04-25 03:47:25,848,completed,UPI
ORD_10655,CUST_0209,2026-04-25 04:25:00,6598,completed,Credit Card
ORD_14626,CUST_1883,2026-04-25 05:04:17,1498,completed,Credit Card
ORD_19114,CUST_0613,2026-04-25 06:59:38,1299,completed,UPI
ORD_10240,CUST_0081,2026-04-25 07:27:00,5499,completed,UPI
ORD_14180,CUST_0922,2026-04-25 08:14:11,1098,completed,COD
ORD_18529,CUST_1363,2026-04-25 10:09:32,2499,completed,Credit Card
ORD_15494,CUST_1777,2026-04-25 11:43:50,1398,completed,UPI
ORD_15115,CUST_1785,2026-04-25 14:34:59,1098,completed,Credit Card
ORD_16649,CUST_1688,2026-04-25 15:06:39,3499,completed,COD
ORD_14968,CUST_0857,2026-04-25 15:55:30,1598,completed,Debit Card
ORD_14974,CUST_1080,2026-04-25 17:56:31,898,completed,UPI
ORD_15394,CUST_1991,2026-04-25 18:22:04,1498,completed,Credit Card
ORD_14581,CUST_0895,2026-04-25 20:46:21,1098,completed,UPI
ORD_17503,CUST_1557,2026-04-25 22:29:21,499,failed,UPI
ORD_10443,CUST_0148,2026-04-25 23:30:00,2499,completed,Credit Card
ORD_18051,CUST_1850,2026-04-25 23:33:07,1999,refunded,COD
ORD_18963,CUST_0760,2026-04-25 23:35:26,249,completed,UPI
ORD_19924,CUST_1410,2026-04-26 00:22:02,1299,completed,UPI
ORD_16341,CUST_0650,2026-04-26 01:01:54,2698,completed,UPI
ORD_15478,CUST_1514,2026-04-26 01:41:51,1198,completed,UPI
ORD_16614,CUST_0967,2026-04-26 01:59:06,3299,completed,Credit Card
ORD_14763,CUST_1161,2026-04-26 02:14:38,898,completed,Debit Card
ORD_19385,CUST_1080,2026-04-26 03:24:49,799,completed,Credit Card
ORD_10191,CUST_0064,2026-04-26 03:55:00,1999,completed,COD
ORD_10098,CUST_0033,2026-04-26 03:58:00,499,completed,UPI
ORD_17531,CUST_0685,2026-04-26 04:29:43,1899,completed,COD
ORD_10368,CUST_0123,2026-04-26 05:54:00,3299,completed,COD
ORD_15282,CUST_0799,2026-04-26 06:06:34,1598,completed,COD
ORD_10820,CUST_0251,2026-04-26 06:19:00,3299,completed,UPI
ORD_18781,CUST_1070,2026-04-26 07:21:31,799,completed,Credit Card
ORD_10690,CUST_0218,2026-04-26 08:12:00,4998,completed,UPI
ORD_17112,CUST_1637,2026-04-26 08:17:27,499,completed,COD
ORD_18708,CUST_0612,2026-04-26 08:51:43,3999,completed,UPI
ORD_19970,CUST_0526,2026-04-26 08:56:30,6999,completed,COD
ORD_18670,CUST_1774,2026-04-26 09:49:57,3999,completed,UPI
ORD_15722,CUST_1498,2026-04-26 10:07:05,7198,completed,UPI
ORD_10597,CUST_0195,2026-04-26 10:35:00,6998,completed,UPI
ORD_10668,CUST_0213,2026-04-26 10:56:00,3299,completed,UPI
ORD_17158,CUST_0666,2026-04-26 10:59:05,3999,completed,COD
ORD_15313,CUST_1243,2026-04-26 12:34:46,1348,completed,UPI
ORD_15476,CUST_1987,2026-04-26 13:02:30,1498,completed,Debit Card
ORD_17574,CUST_0746,2026-04-26 14:05:49,4999,completed,UPI
ORD_17019,CUST_0582,2026-04-26 14:29:16,4999,completed,COD
ORD_18828,CUST_1101,2026-04-26 14:47:17,3299,completed,UPI
ORD_15818,CUST_1814,2026-04-26 15:59:21,3498,completed,UPI
ORD_17059,CUST_1155,2026-04-26 18:32:12,2499,completed,UPI
ORD_16323,CUST_1119,2026-04-26 18:46:00,6298,completed,UPI
ORD_19177,CUST_1339,2026-04-26 19:29:56,299,completed,UPI
ORD_19562,CUST_1305,2026-04-26 19:42:04,4999,completed,UPI
ORD_18279,CUST_0347,2026-04-26 19:51:05,999,completed,UPI
ORD_18658,CUST_0858,2026-04-26 19:56:49,699,completed,UPI
ORD_17968,CUST_1160,2026-04-26 21:12:21,2799,completed,UPI
ORD_19817,CUST_0561,2026-04-26 22:25:49,499,completed,UPI
ORD_16978,CUST_1791,2026-04-26 23:04:56,1999,completed,Credit Card
ORD_15540,CUST_0724,2026-04-26 23:07:52,1598,completed,COD
ORD_17887,CUST_0754,2026-04-26 23:56:53,2499,completed,UPI
ORD_17521,CUST_0758,2026-04-27 00:02:00,3999,completed,UPI
ORD_15706,CUST_1764,2026-04-27 00:03:06,6898,completed,UPI
ORD_10402,CUST_0135,2026-04-27 00:09:00,1299,completed,UPI
ORD_16954,CUST_1845,2026-04-27 01:30:28,3299,completed,UPI
ORD_16787,CUST_1081,2026-04-27 01:34:54,3299,completed,COD
ORD_14332,CUST_0795,2026-04-27 03:15:53,1598,completed,UPI
ORD_10375,CUST_0126,2026-04-27 04:56:00,6999,completed,COD
ORD_16555,CUST_1202,2026-04-27 06:16:34,2199,failed,UPI
ORD_19541,CUST_1172,2026-04-27 06:35:36,699,failed,UPI
ORD_18271,CUST_0971,2026-04-27 06:37:36,999,completed,UPI
ORD_10035,CUST_0012,2026-04-27 08:34:00,899,completed,Credit Card
ORD_14706,CUST_1803,2026-04-27 09:08:11,1598,completed,UPI
ORD_16100,CUST_1827,2026-04-27 09:19:49,2198,completed,COD
ORD_14853,CUST_1324,2026-04-27 09:58:24,1598,completed,Debit Card
ORD_19352,CUST_1078,2026-04-27 09:59:35,499,completed,UPI
ORD_16864,CUST_0742,2026-04-27 10:00:18,1499,completed,COD
ORD_19933,CUST_0804,2026-04-27 12:04:46,999,completed,COD
ORD_15785,CUST_1363,2026-04-27 12:15:34,5898,completed,UPI
ORD_18861,CUST_0439,2026-04-27 14:48:24,6999,completed,Credit Card
ORD_16246,CUST_0323,2026-04-27 14:59:25,7298,completed,Credit Card
ORD_18146,CUST_1473,2026-04-27 15:08:59,2499,completed,UPI
ORD_15211,CUST_1861,2026-04-27 15:21:04,998,completed,Credit Card
ORD_18203,CUST_0980,2026-04-27 15:27:42,499,completed,UPI
ORD_17119,CUST_1031,2026-04-27 15:39:45,3999,completed,UPI
ORD_15116,CUST_1753,2026-04-27 16:01:49,1148,completed,Debit Card
ORD_14762,CUST_0737,2026-04-27 16:22:54,1248,completed,Debit Card
ORD_15293,CUST_1667,2026-04-27 16:50:30,1198,completed,Debit Card
ORD_17326,CUST_0866,2026-04-27 17:12:43,1499,completed,Credit Card
ORD_19135,CUST_0549,2026-04-27 17:45:05,999,completed,UPI
ORD_14731,CUST_1850,2026-04-27 19:45:41,898,completed,Credit Card
ORD_18292,CUST_1397,2026-04-27 20:26:29,799,completed,UPI
ORD_17237,CUST_1799,2026-04-27 21:37:41,999,completed,UPI
ORD_18324,CUST_0308,2026-04-27 23:22:50,599,completed,COD
ORD_10225,CUST_0076,2026-04-27 23:52:00,499,completed,COD
ORD_18417,CUST_0636,2026-04-28 01:13:08,1299,completed,Credit Card
ORD_10180,CUST_0061,2026-04-28 01:22:00,1999,completed,COD
ORD_10125,CUST_0042,2026-04-28 01:32:00,899,completed,Credit Card
ORD_16105,CUST_0400,2026-04-28 02:05:53,2298,completed,Debit Card
ORD_16550,CUST_1769,2026-04-28 02:16:47,999,completed,Credit Card
ORD_14218,CUST_1406,2026-04-28 02:51:43,1498,completed,UPI
ORD_16899,CUST_0344,2026-04-28 03:46:36,349,completed,Credit Card
ORD_10710,CUST_0223,2026-04-28 03:49:00,2999,completed,Debit Card
ORD_10306,CUST_0103,2026-04-28 04:06:00,249,completed,COD
ORD_17287,CUST_0381,2026-04-28 04:51:46,2199,completed,UPI
ORD_19172,CUST_1289,2026-04-28 04:53:44,2199,completed,Credit Card
ORD_18916,CUST_0863,2026-04-28 05:17:08,2199,completed,UPI
ORD_16415,CUST_1239,2026-04-28 05:23:03,8298,completed,UPI
ORD_10789,CUST_0243,2026-04-28 05:24:00,8598,completed,UPI
ORD_10401,CUST_0134,2026-04-28 05:44:00,3999,completed,COD
ORD_10387,CUST_0130,2026-04-28 06:07:00,4299,completed,UPI
ORD_10005,CUST_0002,2026-04-28 06:25:00,2499,completed,COD
ORD_10450,CUST_0151,2026-04-28 06:28:00,3499,completed,UPI
ORD_10648,CUST_0208,2026-04-28 06:39:00,6598,completed,UPI
ORD_10777,CUST_0240,2026-04-28 06:45:00,6598,completed,COD
ORD_14187,CUST_1740,2026-04-28 06:58:23,1098,completed,UPI
ORD_15833,CUST_1205,2026-04-28 07:13:48,6298,completed,Credit Card
ORD_18941,CUST_1460,2026-04-28 07:37:34,1999,completed,UPI
ORD_18091,CUST_1174,2026-04-28 08:13:59,1899,completed,UPI
ORD_19999,CUST_1020,2026-04-28 08:40:32,3999,completed,UPI
ORD_10483,CUST_0162,2026-04-28 08:43:00,4299,completed,UPI
ORD_10730,CUST_0228,2026-04-28 08:53:00,4299,completed,UPI
ORD_15971,CUST_0600,2026-04-28 09:33:37,6998,completed,Credit Card
ORD_10785,CUST_0242,2026-04-28 09:34:00,6598,completed,UPI
ORD_10253,CUST_0085,2026-04-28 09:38:00,5499,completed,UPI
ORD_19421,CUST_1795,2026-04-28 10:33:05,499,completed,UPI
ORD_14075,CUST_1163,2026-04-28 10:38:11,1198,completed,UPI
ORD_19365,CUST_0709,2026-04-28 11:06:10,3499,completed,UPI
ORD_16909,CUST_1126,2026-04-28 11:33:38,3499,completed,UPI
ORD_18485,CUST_1505,2026-04-28 12:55:09,1299,completed,UPI
ORD_19080,CUST_1282,2026-04-28 13:08:32,1899,completed,Debit Card
ORD_18237,CUST_1598,2026-04-28 13:31:46,799,completed,Debit Card
ORD_16354,CUST_1130,2026-04-28 14:38:34,3798,completed,UPI
ORD_18090,CUST_0355,2026-04-28 14:49:33,1899,completed,UPI
ORD_19835,CUST_1574,2026-04-28 15:06:54,3299,completed,Credit Card
ORD_18382,CUST_0595,2026-04-28 15:48:38,3999,completed,Debit Card
ORD_17538,CUST_1541,2026-04-28 16:55:45,1499,completed,UPI
ORD_19671,CUST_0801,2026-04-28 17:12:16,799,completed,Debit Card
ORD_18593,CUST_1365,2026-04-28 17:20:12,2799,completed,UPI
ORD_15756,CUST_0979,2026-04-28 17:20:39,5498,completed,COD
ORD_16913,CUST_0975,2026-04-28 17:47:42,899,completed,UPI
ORD_18115,CUST_0655,2026-04-28 19:33:17,349,completed,COD
ORD_18216,CUST_1432,2026-04-28 19:49:23,2499,completed,UPI
ORD_16008,CUST_1685,2026-04-28 19:55:51,7998,completed,Credit Card
ORD_17532,CUST_1869,2026-04-28 20:10:28,999,completed,UPI
ORD_17171,CUST_1468,2026-04-28 20:10:44,1899,completed,UPI
ORD_17272,CUST_0385,2026-04-28 22:06:32,5499,completed,Debit Card
ORD_18021,CUST_1097,2026-04-28 22:21:41,1999,completed,COD
ORD_10803,CUST_0246,2026-04-28 22:22:00,3299,completed,UPI
ORD_15074,CUST_1978,2026-04-28 22:23:03,798,completed,COD
ORD_15285,CUST_0369,2026-04-28 22:27:33,748,completed,UPI
ORD_17646,CUST_0684,2026-04-28 22:34:25,4999,completed,Debit Card
ORD_17526,CUST_0788,2026-04-28 22:35:12,499,completed,UPI
ORD_18375,CUST_1685,2026-04-28 23:26:02,699,completed,UPI
ORD_18418,CUST_0784,2026-04-28 23:28:27,6999,completed,UPI
ORD_10350,CUST_0117,2026-04-28 23:39:00,899,completed,UPI
ORD_15343,CUST_1686,2026-04-28 23:39:22,1498,completed,Debit Card
ORD_19743,CUST_1274,2026-04-29 00:08:12,4999,completed,COD
ORD_10431,CUST_0144,2026-04-29 00:26:00,2499,completed,Debit Card
ORD_10085,CUST_0029,2026-04-29 02:40:00,2499,completed,COD
ORD_18807,CUST_1359,2026-04-29 02:50:44,6999,completed,Credit Card
ORD_17238,CUST_0912,2026-04-29 03:11:30,999,completed,Debit Card
ORD_10484,CUST_0162,2026-04-29 04:17:00,3299,completed,COD
ORD_10553,CUST_0184,2026-04-29 04:23:00,9998,completed,UPI
ORD_17578,CUST_1901,2026-04-29 04:42:25,6999,completed,Credit Card
ORD_16665,CUST_0839,2026-04-29 04:46:05,1299,completed,UPI
ORD_19098,CUST_1210,2026-04-29 06:26:44,699,completed,COD
ORD_14886,CUST_1900,2026-04-29 06:33:57,1198,completed,COD
ORD_19126,CUST_1142,2026-04-29 06:48:50,699,completed,UPI
ORD_10699,CUST_0220,2026-04-29 09:01:00,8598,completed,Credit Card
ORD_16753,CUST_0609,2026-04-29 09:28:21,599,completed,UPI
ORD_17054,CUST_1949,2026-04-29 09:30:24,899,completed,UPI
ORD_18133,CUST_1035,2026-04-29 09:57:05,3299,completed,Debit Card
ORD_10493,CUST_0165,2026-04-29 10:01:00,1899,completed,UPI
ORD_16001,CUST_0664,2026-04-29 10:10:58,8298,completed,UPI
ORD_16610,CUST_1835,2026-04-29 10:56:55,3999,completed,UPI
ORD_14080,CUST_1070,2026-04-29 11:27:28,1398,completed,UPI
ORD_15866,CUST_1769,2026-04-29 11:53:49,6498,completed,UPI
ORD_19827,CUST_1948,2026-04-29 12:08:34,3299,completed,UPI
ORD_17979,CUST_0788,2026-04-29 12:40:30,699,completed,UPI
ORD_17765,CUST_0736,2026-04-29 12:53:58,499,completed,UPI
ORD_15650,CUST_0610,2026-04-29 13:36:22,798,completed,UPI
ORD_18968,CUST_0973,2026-04-29 14:53:10,999,completed,COD
ORD_16017,CUST_0918,2026-04-29 16:56:30,2598,completed,COD
ORD_15380,CUST_1095,2026-04-29 17:17:03,1298,completed,UPI
ORD_14586,CUST_0798,2026-04-29 18:37:53,1398,completed,UPI
ORD_18577,CUST_1692,2026-04-29 19:23:57,799,completed,Credit Card
ORD_17427,CUST_0744,2026-04-29 19:27:16,3499,completed,UPI
ORD_18505,CUST_1144,2026-04-29 20:05:07,2199,completed,Debit Card
ORD_17818,CUST_0294,2026-04-29 20:44:30,2499,completed,UPI
ORD_14530,CUST_1085,2026-04-29 20:55:45,1148,completed,UPI
ORD_16737,CUST_1007,2026-04-29 21:10:18,799,completed,Credit Card
ORD_14526,CUST_0809,2026-04-29 21:34:17,1298,completed,Debit Card
ORD_17507,CUST_0672,2026-04-29 21:48:50,6999,completed,UPI
ORD_16929,CUST_1941,2026-04-29 21:50:06,1499,completed,COD
ORD_19178,CUST_0414,2026-04-29 21:59:02,2499,completed,UPI
ORD_16054,CUST_1297,2026-04-29 22:30:15,3698,completed,Debit Card
ORD_17740,CUST_0298,2026-04-29 23:09:23,799,completed,COD
ORD_16424,CUST_1791,2026-04-29 23:51:00,8898,completed,UPI
ORD_19829,CUST_1646,2026-04-30 00:17:51,249,completed,UPI
ORD_16114,CUST_1513,2026-04-30 00:53:21,9498,completed,COD
ORD_16627,CUST_0768,2026-04-30 01:26:29,899,completed,COD
ORD_10692,CUST_0219,2026-04-30 01:38:00,7998,completed,COD
ORD_18225,CUST_0604,2026-04-30 02:27:43,3299,completed,Credit Card
ORD_18764,CUST_1387,2026-04-30 03:09:10,699,completed,Credit Card
ORD_10272,CUST_0091,2026-04-30 03:45:00,3999,completed,Credit Card
ORD_19698,CUST_1165,2026-04-30 04:07:03,249,completed,UPI
ORD_10210,CUST_0071,2026-04-30 04:16:00,4299,completed,Credit Card
ORD_14771,CUST_1890,2026-04-30 05:22:39,1298,completed,UPI
ORD_10568,CUST_0188,2026-04-30 05:54:00,6999,completed,UPI
ORD_14657,CUST_1562,2026-04-30 06:20:48,1098,completed,UPI
ORD_10551,CUST_0183,2026-04-30 06:22:00,3299,completed,Credit Card
ORD_15562,CUST_1315,2026-04-30 06:27:27,1698,completed,Credit Card
ORD_19029,CUST_1541,2026-04-30 07:19:51,1299,completed,UPI
ORD_18267,CUST_1891,2026-04-30 07:20:34,1999,completed,UPI
ORD_15626,CUST_1253,2026-04-30 08:43:57,1398,completed,UPI
ORD_10840,CUST_0256,2026-04-30 10:32:00,10998,completed,Credit Card
ORD_19640,CUST_1092,2026-04-30 10:55:32,3299,completed,UPI
ORD_19947,CUST_0312,2026-04-30 10:57:37,699,completed,UPI
ORD_17363,CUST_1159,2026-04-30 11:23:07,2799,completed,COD
ORD_19463,CUST_1578,2026-04-30 11:28:13,349,completed,COD
ORD_18950,CUST_1611,2026-04-30 12:26:18,1899,completed,UPI
ORD_15390,CUST_0837,2026-04-30 13:02:26,1298,completed,UPI
ORD_19264,CUST_0307,2026-04-30 13:03:13,899,completed,Credit Card
ORD_18883,CUST_1458,2026-04-30 13:19:03,1999,completed,Debit Card
ORD_15207,CUST_1810,2026-04-30 14:28:48,1498,completed,UPI
ORD_19935,CUST_0805,2026-04-30 18:06:51,999,completed,UPI
ORD_14420,CUST_0859,2026-04-30 18:07:56,1698,completed,UPI
ORD_17808,CUST_0729,2026-04-30 18:26:09,1899,completed,Credit Card
ORD_17319,CUST_0276,2026-04-30 19:20:34,999,completed,Credit Card
ORD_14613,CUST_1598,2026-04-30 19:54:35,948,completed,COD
ORD_17327,CUST_1819,2026-04-30 20:23:05,1299,completed,UPI
ORD_17100,CUST_1393,2026-04-30 20:27:28,2799,completed,UPI
ORD_14064,CUST_1915,2026-04-30 20:28:56,1298,completed,UPI
ORD_17635,CUST_1170,2026-04-30 20:35:47,899,completed,Credit Card
ORD_17419,CUST_1272,2026-04-30 22:38:46,699,completed,UPI
ORD_10832,CUST_0254,2026-04-30 23:04:00,13998,completed,UPI
ORD_19215,CUST_0842,2026-05-01 00:00:18,1999,completed,COD
ORD_10599,CUST_0195,2026-05-01 00:16:00,3299,completed,Credit Card
ORD_10787,CUST_0242,2026-05-01 00:43:00,4999,completed,UPI
ORD_10417,CUST_0140,2026-05-01 00:55:00,699,completed,UPI
ORD_10857,CUST_0260,2026-05-01 01:46:00,6598,completed,UPI
ORD_14449,CUST_1800,2026-05-01 01:47:52,1198,completed,COD
ORD_15463,CUST_1233,2026-05-01 01:57:16,998,completed,UPI
ORD_19184,CUST_0278,2026-05-01 02:21:54,699,completed,COD
ORD_16108,CUST_1876,2026-05-01 04:35:56,7298,completed,COD
ORD_10068,CUST_0023,2026-05-01 06:05:00,599,completed,COD
ORD_16235,CUST_0884,2026-05-01 06:40:35,2998,completed,UPI
ORD_10030,CUST_0011,2026-05-01 07:23:00,1999,completed,UPI
ORD_16786,CUST_1005,2026-05-01 08:43:05,299,completed,UPI
ORD_15690,CUST_0574,2026-05-01 09:53:46,2798,completed,Credit Card
ORD_14866,CUST_0695,2026-05-01 09:54:50,898,completed,UPI
ORD_19002,CUST_1902,2026-05-01 10:38:03,2499,completed,COD
ORD_16418,CUST_0675,2026-05-01 11:00:08,6598,completed,UPI
ORD_19162,CUST_0696,2026-05-01 11:02:34,2499,completed,COD
ORD_18704,CUST_0471,2026-05-01 12:00:08,499,completed,UPI
ORD_15268,CUST_0654,2026-05-01 12:02:19,1148,completed,UPI
ORD_15181,CUST_1557,2026-05-01 12:22:58,1198,completed,UPI
ORD_15668,CUST_1084,2026-05-01 12:38:58,1248,completed,Credit Card
ORD_15403,CUST_1088,2026-05-01 14:13:07,898,completed,Credit Card
ORD_18924,CUST_0979,2026-05-01 14:29:11,1499,completed,UPI
ORD_18030,CUST_0742,2026-05-01 15:20:12,4999,completed,UPI
ORD_16814,CUST_0641,2026-05-01 15:33:55,3999,completed,Debit Card
ORD_18565,CUST_1004,2026-05-01 15:50:34,6999,completed,UPI
ORD_14625,CUST_1349,2026-05-01 16:36:00,1348,completed,UPI
ORD_15040,CUST_0481,2026-05-01 17:49:49,1098,completed,Debit Card
ORD_18840,CUST_1094,2026-05-01 19:26:57,1899,completed,Debit Card
ORD_15578,CUST_0690,2026-05-01 19:35:37,1698,completed,Credit Card
ORD_14085,CUST_1377,2026-05-01 19:35:51,1198,completed,UPI
ORD_16342,CUST_1916,2026-05-01 19:40:20,4598,completed,Debit Card
ORD_17659,CUST_1976,2026-05-01 20:47:12,3999,completed,UPI
ORD_18947,CUST_1473,2026-05-01 20:49:40,799,failed,Credit Card
ORD_17423,CUST_0555,2026-05-01 20:57:57,1999,completed,COD
ORD_18826,CUST_1839,2026-05-01 21:17:20,499,completed,UPI
ORD_14585,CUST_1455,2026-05-01 21:24:26,1598,completed,UPI
ORD_16989,CUST_1094,2026-05-01 22:14:33,1299,completed,Credit Card
ORD_10102,CUST_0035,2026-05-01 23:07:00,899,completed,UPI
ORD_10396,CUST_0133,2026-05-01 23:09:00,349,completed,Credit Card
ORD_10758,CUST_0235,2026-05-01 23:16:00,7998,completed,COD
ORD_16385,CUST_1967,2026-05-02 00:05:00,4598,completed,COD
ORD_10714,CUST_0224,2026-05-02 00:38:00,2799,completed,COD
ORD_17999,CUST_1035,2026-05-02 01:20:53,899,completed,UPI
ORD_10535,CUST_0179,2026-05-02 01:23:00,1499,completed,COD
ORD_15642,CUST_1132,2026-05-02 01:39:28,1148,completed,Credit Card
ORD_18190,CUST_1636,2026-05-02 02:00:40,899,completed,UPI
ORD_15825,CUST_0817,2026-05-02 02:07:54,6498,completed,UPI
ORD_10652,CUST_0209,2026-05-02 02:24:00,13998,completed,UPI
ORD_10053,CUST_0018,2026-05-02 03:09:00,1499,completed,COD
ORD_10795,CUST_0244,2026-05-02 03:19:00,2999,completed,UPI
ORD_14934,CUST_1987,2026-05-02 04:05:22,1248,completed,COD
ORD_17445,CUST_1110,2026-05-02 05:30:30,299,completed,UPI
ORD_14205,CUST_1079,2026-05-02 05:49:39,1098,completed,UPI
ORD_14368,CUST_0342,2026-05-02 05:52:44,1148,completed,UPI
ORD_10843,CUST_0256,2026-05-02 06:45:00,6598,completed,UPI
ORD_14175,CUST_0283,2026-05-02 06:49:26,1598,completed,UPI
ORD_10461,CUST_0154,2026-05-02 07:21:00,2499,completed,COD
ORD_15524,CUST_1455,2026-05-02 07:45:06,1248,completed,Debit Card
ORD_10011,CUST_0004,2026-05-02 07:47:00,2499,completed,Credit Card
ORD_10130,CUST_0044,2026-05-02 07:47:00,6999,completed,COD
ORD_18118,CUST_1699,2026-05-02 08:28:29,599,completed,UPI
ORD_18245,CUST_1590,2026-05-02 08:48:20,1899,completed,Debit Card
ORD_10687,CUST_0217,2026-05-02 09:25:00,3299,completed,UPI
ORD_10282,CUST_0095,2026-05-02 09:42:00,2499,completed,Credit Card
ORD_17897,CUST_1043,2026-05-02 09:49:14,4299,completed,UPI
ORD_19815,CUST_0619,2026-05-02 09:52:52,1299,completed,UPI
ORD_14551,CUST_0871,2026-05-02 10:09:26,1498,completed,Debit Card
ORD_14171,CUST_0389,2026-05-02 10:59:56,1248,completed,UPI
ORD_16715,CUST_1439,2026-05-02 12:14:54,1299,completed,COD
ORD_16730,CUST_1467,2026-05-02 12:16:31,2499,completed,UPI
ORD_16468,CUST_1336,2026-05-02 12:49:30,8798,completed,Debit Card
ORD_19887,CUST_1444,2026-05-02 16:38:12,899,completed,UPI
ORD_18736,CUST_1275,2026-05-02 16:48:58,249,completed,UPI
ORD_15145,CUST_0684,2026-05-02 17:54:40,1048,completed,COD
ORD_19039,CUST_1418,2026-05-02 19:02:09,3999,completed,UPI
ORD_18522,CUST_1711,2026-05-02 19:05:54,999,completed,Credit Card
ORD_17739,CUST_0426,2026-05-02 19:37:54,499,completed,COD
ORD_15059,CUST_1008,2026-05-02 20:04:19,1148,completed,COD
ORD_16569,CUST_0706,2026-05-02 20:50:45,799,completed,Credit Card
ORD_18796,CUST_0737,2026-05-02 20:57:29,2499,completed,UPI
ORD_16489,CUST_1904,2026-05-02 21:23:31,2598,completed,UPI
ORD_18683,CUST_1632,2026-05-02 22:15:18,349,completed,Debit Card
ORD_16310,CUST_0635,2026-05-02 22:20:19,8298,completed,COD
ORD_18351,CUST_1960,2026-05-02 22:30:32,599,completed,Debit Card
ORD_16301,CUST_1620,2026-05-02 23:22:56,5998,completed,Debit Card
ORD_19074,CUST_0371,2026-05-02 23:23:16,2499,completed,UPI
ORD_15812,CUST_1437,2026-05-03 00:20:52,4598,completed,UPI
ORD_17134,CUST_1726,2026-05-03 00:21:16,3299,refunded,UPI
ORD_16893,CUST_0424,2026-05-03 00:23:55,599,completed,COD
ORD_10239,CUST_0080,2026-05-03 01:16:00,499,completed,UPI
ORD_19985,CUST_1180,2026-05-03 02:54:47,2499,completed,Credit Card
ORD_10469,CUST_0157,2026-05-03 03:59:00,999,completed,Credit Card
ORD_19693,CUST_0686,2026-05-03 04:02:19,4299,completed,UPI
ORD_10271,CUST_0091,2026-05-03 04:07:00,3999,completed,UPI
ORD_18676,CUST_1145,2026-05-03 04:11:15,899,completed,Debit Card
ORD_14932,CUST_0917,2026-05-03 04:14:14,1048,completed,UPI
ORD_17839,CUST_0304,2026-05-03 04:23:46,5499,completed,UPI
ORD_17613,CUST_0996,2026-05-03 05:29:03,1899,completed,COD
ORD_14644,CUST_1237,2026-05-03 06:27:56,1148,completed,UPI
ORD_16452,CUST_1258,2026-05-03 07:11:09,6498,completed,UPI
ORD_16320,CUST_1496,2026-05-03 07:45:16,3298,completed,UPI
ORD_17855,CUST_0266,2026-05-03 08:32:03,699,completed,UPI
ORD_18785,CUST_0317,2026-05-03 08:56:38,1899,completed,UPI
ORD_14508,CUST_0684,2026-05-03 09:36:26,1148,completed,Debit Card
ORD_10012,CUST_0005,2026-05-03 10:08:00,299,completed,UPI
ORD_18298,CUST_1285,2026-05-03 12:17:05,1499,completed,UPI
ORD_15493,CUST_1610,2026-05-03 12:56:16,748,completed,Credit Card
ORD_14299,CUST_1685,2026-05-03 12:57:37,1098,completed,Debit Card
ORD_16324,CUST_0477,2026-05-03 13:42:53,4998,completed,UPI
ORD_18657,CUST_1613,2026-05-03 14:21:10,3999,completed,UPI
ORD_17070,CUST_0418,2026-05-03 14:33:29,5499,completed,Credit Card
ORD_18692,CUST_1563,2026-05-03 15:25:38,899,completed,Debit Card
ORD_14454,CUST_1063,2026-05-03 15:27:38,1498,completed,COD
ORD_14705,CUST_1527,2026-05-03 16:41:02,998,completed,UPI
ORD_17820,CUST_1214,2026-05-03 17:05:31,3999,completed,Credit Card
ORD_16193,CUST_1791,2026-05-03 17:12:24,3198,completed,UPI
ORD_16777,CUST_1915,2026-05-03 17:22:38,299,completed,UPI
ORD_16316,CUST_1885,2026-05-03 18:43:22,7698,completed,UPI
ORD_14360,CUST_0665,2026-05-03 18:49:56,948,completed,UPI
ORD_19258,CUST_1501,2026-05-03 18:50:42,299,completed,Credit Card
ORD_16722,CUST_0725,2026-05-03 19:28:08,999,completed,COD
ORD_16837,CUST_1077,2026-05-03 22:08:57,1299,completed,UPI
ORD_18881,CUST_1043,2026-05-03 22:26:23,699,completed,Debit Card
ORD_17784,CUST_0910,2026-05-03 22:30:33,699,completed,UPI
ORD_14040,CUST_1914,2026-05-03 22:41:15,1198,completed,UPI
ORD_10405,CUST_0136,2026-05-03 22:47:00,499,completed,Debit Card
ORD_10327,CUST_0110,2026-05-03 22:55:00,699,completed,Debit Card
ORD_10463,CUST_0155,2026-05-03 22:57:00,1499,completed,COD
ORD_10576,CUST_0190,2026-05-03 23:21:00,4998,completed,COD
ORD_16766,CUST_0982,2026-05-03 23:26:59,499,completed,UPI
ORD_19751,CUST_1878,2026-05-04 00:41:53,299,completed,Credit Card
ORD_10398,CUST_0133,2026-05-04 01:28:00,1999,completed,UPI
ORD_10605,CUST_0197,2026-05-04 02:53:00,4299,completed,UPI
ORD_19633,CUST_1964,2026-05-04 03:30:34,1499,completed,UPI
ORD_10123,CUST_0042,2026-05-04 03:44:00,799,completed,Credit Card
ORD_16436,CUST_0422,2026-05-04 03:50:02,4698,completed,Credit Card
ORD_14755,CUST_0817,2026-05-04 03:50:46,948,completed,UPI
ORD_10325,CUST_0109,2026-05-04 04:01:00,3299,completed,UPI
ORD_18250,CUST_1118,2026-05-04 04:49:23,6999,completed,Debit Card
ORD_17603,CUST_1462,2026-05-04 04:55:47,499,completed,UPI
ORD_14033,CUST_1874,2026-05-04 05:13:46,1248,completed,COD
ORD_10158,CUST_0053,2026-05-04 05:35:00,499,completed,Debit Card
ORD_18284,CUST_0776,2026-05-04 06:10:32,3999,completed,UPI
ORD_10170,CUST_0057,2026-05-04 07:01:00,699,completed,Credit Card
ORD_10701,CUST_0221,2026-05-04 08:07:00,3999,completed,Debit Card
ORD_17066,CUST_0647,2026-05-04 08:47:06,999,completed,Credit Card
ORD_10214,CUST_0072,2026-05-04 09:23:00,6999,completed,UPI
ORD_17197,CUST_0753,2026-05-04 11:18:16,1499,completed,UPI
ORD_16203,CUST_1802,2026-05-04 11:21:06,4898,completed,UPI
ORD_16647,CUST_0726,2026-05-04 11:42:24,1299,completed,COD
ORD_17685,CUST_0517,2026-05-04 12:40:29,5499,completed,UPI
ORD_15519,CUST_0908,2026-05-04 12:45:40,1048,completed,Debit Card
ORD_16616,CUST_1628,2026-05-04 13:41:24,499,completed,UPI
ORD_16479,CUST_1320,2026-05-04 15:11:09,6798,completed,UPI
ORD_16982,CUST_0822,2026-05-04 16:37:11,1299,completed,UPI
ORD_18669,CUST_1789,2026-05-04 16:57:57,499,completed,Credit Card
ORD_18778,CUST_1087,2026-05-04 17:03:55,1299,completed,Credit Card
ORD_19225,CUST_1978,2026-05-04 17:47:15,899,completed,UPI
ORD_15417,CUST_0813,2026-05-04 18:17:31,1598,completed,COD
ORD_19245,CUST_1207,2026-05-04 18:28:02,499,completed,COD
ORD_19599,CUST_1723,2026-05-04 19:58:46,599,completed,UPI
ORD_17688,CUST_0908,2026-05-04 21:03:05,2499,completed,UPI
ORD_18117,CUST_0279,2026-05-04 21:18:41,1299,completed,UPI
ORD_15260,CUST_1533,2026-05-04 21:29:41,898,completed,UPI
ORD_10057,CUST_0020,2026-05-04 22:08:00,3299,completed,UPI
ORD_15899,CUST_0838,2026-05-04 22:18:22,4998,completed,UPI
ORD_18114,CUST_1861,2026-05-04 22:57:35,3299,completed,UPI
ORD_10661,CUST_0211,2026-05-04 22:58:00,2999,completed,COD
ORD_19650,CUST_1990,2026-05-04 23:29:40,3299,completed,COD
ORD_15542,CUST_1727,2026-05-04 23:31:07,1198,completed,Credit Card
ORD_16194,CUST_1483,2026-05-04 23:38:16,2798,completed,Credit Card
ORD_19072,CUST_0527,2026-05-04 23:46:09,6999,refunded,Debit Card
ORD_19118,CUST_0899,2026-05-05 00:19:16,5499,completed,UPI
ORD_19774,CUST_0870,2026-05-05 00:41:50,3999,completed,UPI
ORD_14429,CUST_1783,2026-05-05 01:08:52,1098,completed,UPI
ORD_10812,CUST_0249,2026-05-05 02:18:00,3999,completed,Credit Card
ORD_19136,CUST_0423,2026-05-05 02:21:34,1499,completed,Debit Card
ORD_10103,CUST_0035,2026-05-05 03:19:00,1499,completed,UPI
ORD_19816,CUST_1234,2026-05-05 03:48:36,699,completed,Credit Card
ORD_15749,CUST_0878,2026-05-05 03:51:26,6798,completed,COD
ORD_16150,CUST_1633,2026-05-05 05:28:23,4998,completed,Credit Card
ORD_10317,CUST_0106,2026-05-05 05:44:00,299,completed,COD
ORD_15954,CUST_1323,2026-05-05 06:52:27,2198,completed,Credit Card
ORD_10414,CUST_0139,2026-05-05 07:19:00,699,completed,UPI
ORD_19809,CUST_0766,2026-05-05 07:31:33,1299,completed,UPI
ORD_10010,CUST_0004,2026-05-05 08:19:00,499,completed,COD
ORD_16853,CUST_0931,2026-05-05 08:26:53,3999,completed,UPI
ORD_10741,CUST_0231,2026-05-05 08:44:00,10998,completed,Debit Card
ORD_10234,CUST_0079,2026-05-05 09:08:00,5499,completed,UPI
ORD_16464,CUST_1847,2026-05-05 09:17:27,6598,completed,UPI
ORD_16330,CUST_0674,2026-05-05 09:24:49,3398,completed,Debit Card
ORD_18458,CUST_0696,2026-05-05 09:35:52,3999,completed,UPI
ORD_10024,CUST_0009,2026-05-05 09:48:00,599,completed,COD
ORD_14277,CUST_1006,2026-05-05 09:56:48,1248,completed,UPI
ORD_15030,CUST_1235,2026-05-05 10:19:35,1048,completed,COD
ORD_14765,CUST_1106,2026-05-05 10:36:08,1698,completed,UPI
ORD_17350,CUST_0424,2026-05-05 12:24:52,1899,completed,Debit Card
ORD_18348,CUST_1914,2026-05-05 12:38:23,4999,completed,UPI
ORD_15366,CUST_0377,2026-05-05 14:07:45,898,completed,Debit Card
ORD_19222,CUST_1321,2026-05-05 14:09:17,3499,completed,UPI
ORD_17028,CUST_1955,2026-05-05 14:39:06,3999,completed,UPI
ORD_19594,CUST_1171,2026-05-05 14:55:15,899,completed,COD
ORD_19547,CUST_0283,2026-05-05 14:56:10,2499,completed,UPI
ORD_15657,CUST_0330,2026-05-05 15:03:10,1048,completed,UPI
ORD_18358,CUST_1645,2026-05-05 15:29:34,6999,completed,UPI
ORD_15653,CUST_0790,2026-05-05 16:10:57,1148,completed,UPI
ORD_14232,CUST_0647,2026-05-05 16:19:22,1098,completed,UPI
ORD_16326,CUST_0345,2026-05-05 16:55:50,3498,completed,UPI
ORD_15082,CUST_0342,2026-05-05 19:02:10,948,completed,Credit Card
ORD_17448,CUST_0659,2026-05-05 21:39:29,349,failed,COD
ORD_14573,CUST_1404,2026-05-05 21:53:54,1248,completed,UPI
ORD_19377,CUST_1749,2026-05-05 22:06:57,1299,completed,Credit Card
ORD_17284,CUST_1130,2026-05-05 23:19:30,2499,completed,UPI
ORD_15242,CUST_1281,2026-05-05 23:49:09,1048,completed,Credit Card
ORD_18242,CUST_1110,2026-05-06 00:03:13,499,completed,UPI
ORD_17817,CUST_1499,2026-05-06 00:15:57,3999,completed,Credit Card
ORD_19886,CUST_1807,2026-05-06 01:28:58,1299,completed,COD
ORD_19457,CUST_0441,2026-05-06 01:45:01,3299,completed,UPI
ORD_19902,CUST_0995,2026-05-06 02:12:24,4999,completed,UPI
ORD_17785,CUST_1575,2026-05-06 02:18:05,599,completed,UPI
ORD_10656,CUST_0210,2026-05-06 02:41:00,2499,completed,Credit Card
ORD_16995,CUST_0605,2026-05-06 03:11:02,5499,completed,Credit Card
ORD_10064,CUST_0022,2026-05-06 03:38:00,1299,completed,UPI
ORD_15631,CUST_1460,2026-05-06 03:42:13,1498,completed,Credit Card
ORD_10331,CUST_0111,2026-05-06 04:31:00,1299,completed,Debit Card
ORD_14436,CUST_0412,2026-05-06 05:19:59,1098,completed,UPI
ORD_10196,CUST_0066,2026-05-06 06:27:00,349,completed,COD
ORD_10807,CUST_0247,2026-05-06 06:31:00,4999,completed,UPI
ORD_19392,CUST_1674,2026-05-06 06:52:44,4999,completed,UPI
ORD_18113,CUST_0398,2026-05-06 07:15:36,1899,completed,UPI
ORD_16843,CUST_1826,2026-05-06 07:29:04,699,completed,COD
ORD_19730,CUST_0424,2026-05-06 07:39:12,1299,completed,Debit Card
ORD_14204,CUST_0558,2026-05-06 07:44:19,1248,completed,Credit Card
ORD_16760,CUST_1068,2026-05-06 07:50:32,2799,completed,UPI
ORD_19546,CUST_0368,2026-05-06 07:54:20,799,completed,UPI
ORD_10134,CUST_0045,2026-05-06 08:06:00,299,completed,Credit Card
ORD_14114,CUST_1189,2026-05-06 08:34:58,1398,completed,UPI
ORD_15709,CUST_0642,2026-05-06 08:45:21,9798,completed,COD
ORD_10680,CUST_0216,2026-05-06 08:48:00,3499,completed,UPI
ORD_10403,CUST_0135,2026-05-06 09:29:00,899,completed,COD
ORD_10200,CUST_0067,2026-05-06 10:01:00,4299,completed,UPI
ORD_19115,CUST_1040,2026-05-06 10:13:16,1499,completed,Credit Card
ORD_19567,CUST_0388,2026-05-06 10:29:32,2499,completed,UPI
ORD_15742,CUST_0429,2026-05-06 11:36:07,4898,completed,COD
ORD_16549,CUST_0836,2026-05-06 11:42:21,5499,completed,UPI
ORD_17131,CUST_0364,2026-05-06 13:42:26,4999,completed,UPI
ORD_18894,CUST_1915,2026-05-06 14:50:33,799,completed,Credit Card
ORD_14802,CUST_1676,2026-05-06 15:29:56,1498,completed,UPI
ORD_16327,CUST_1983,2026-05-06 15:37:17,5498,completed,Debit Card
ORD_17516,CUST_1455,2026-05-06 15:52:59,2499,completed,Debit Card
ORD_18539,CUST_1779,2026-05-06 16:46:13,3999,failed,Debit Card
ORD_18974,CUST_1684,2026-05-06 17:04:53,299,completed,COD
ORD_19678,CUST_1069,2026-05-06 17:50:03,799,completed,UPI
ORD_18291,CUST_1928,2026-05-06 18:15:51,799,completed,UPI
ORD_14229,CUST_1018,2026-05-06 18:51:49,1198,completed,UPI
ORD_17941,CUST_1329,2026-05-06 19:30:31,4999,completed,UPI
ORD_19508,CUST_0462,2026-05-06 19:40:35,699,completed,UPI
ORD_16369,CUST_1756,2026-05-06 20:18:09,3198,completed,UPI
ORD_17147,CUST_0358,2026-05-06 21:12:00,799,completed,Credit Card
ORD_15197,CUST_0713,2026-05-06 21:33:58,1598,completed,COD
ORD_17352,CUST_1152,2026-05-06 21:45:08,699,completed,UPI
ORD_16956,CUST_0435,2026-05-06 23:03:52,2799,completed,Debit Card
ORD_10243,CUST_0082,2026-05-06 23:14:00,599,completed,UPI
ORD_10206,CUST_0069,2026-05-06 23:15:00,3299,completed,UPI
ORD_10273,CUST_0092,2026-05-06 23:54:00,2799,completed,UPI
ORD_16099,CUST_1922,2026-05-07 00:12:48,7298,completed,COD
ORD_10186,CUST_0063,2026-05-07 01:42:00,249,completed,UPI
ORD_18694,CUST_1350,2026-05-07 01:50:01,1499,completed,UPI
ORD_10522,CUST_0175,2026-05-07 01:58:00,1499,completed,COD
ORD_19051,CUST_1853,2026-05-07 02:45:57,5499,completed,COD
ORD_15606,CUST_0413,2026-05-07 03:47:04,1148,completed,UPI
ORD_10245,CUST_0082,2026-05-07 04:08:00,349,completed,UPI
ORD_17275,CUST_0375,2026-05-07 04:22:05,1299,completed,Debit Card
ORD_16396,CUST_1059,2026-05-07 04:29:01,3598,completed,UPI
ORD_15832,CUST_0487,2026-05-07 04:51:28,5198,completed,UPI
ORD_14648,CUST_0846,2026-05-07 05:22:49,998,completed,UPI
ORD_15454,CUST_0926,2026-05-07 05:33:26,1698,completed,UPI
ORD_19037,CUST_1608,2026-05-07 05:36:35,6999,completed,Debit Card
ORD_16467,CUST_1499,2026-05-07 05:58:38,4098,completed,Debit Card
ORD_10173,CUST_0058,2026-05-07 06:51:00,1899,completed,UPI
ORD_14099,CUST_0950,2026-05-07 07:01:05,998,completed,UPI
ORD_16983,CUST_1203,2026-05-07 07:09:37,1299,completed,UPI
ORD_10336,CUST_0113,2026-05-07 07:41:00,999,completed,Credit Card
ORD_17330,CUST_1681,2026-05-07 07:57:26,249,completed,Credit Card
ORD_10175,CUST_0059,2026-05-07 08:54:00,1999,completed,Debit Card
ORD_10360,CUST_0121,2026-05-07 09:55:00,2199,completed,UPI
ORD_10696,CUST_0220,2026-05-07 10:05:00,5598,completed,UPI
ORD_16615,CUST_1359,2026-05-07 10:18:51,299,completed,Debit Card
ORD_10781,CUST_0241,2026-05-07 10:55:00,4998,completed,COD
ORD_15737,CUST_1787,2026-05-07 11:50:28,3998,completed,UPI
ORD_16521,CUST_1062,2026-05-07 12:19:04,1798,completed,UPI
ORD_16530,CUST_0690,2026-05-07 12:30:50,899,completed,COD
ORD_19871,CUST_1622,2026-05-07 12:35:09,2799,completed,UPI
ORD_19232,CUST_1077,2026-05-07 13:49:57,3299,completed,Credit Card
ORD_15974,CUST_1661,2026-05-07 17:04:50,10298,completed,Credit Card
ORD_18891,CUST_0582,2026-05-07 17:06:50,1299,completed,UPI
ORD_16469,CUST_1034,2026-05-07 17:16:21,2298,completed,UPI
ORD_15453,CUST_0834,2026-05-07 18:26:47,848,completed,Credit Card
ORD_15326,CUST_0365,2026-05-07 18:54:47,1198,completed,UPI
ORD_17151,CUST_1819,2026-05-07 22:14:29,3999,completed,UPI
ORD_15393,CUST_1255,2026-05-07 22:25:59,1298,completed,UPI
ORD_17129,CUST_1716,2026-05-07 22:30:48,299,completed,UPI
ORD_15865,CUST_0849,2026-05-07 22:53:27,2198,completed,Credit Card
ORD_10675,CUST_0214,2026-05-07 23:28:00,2499,completed,UPI
ORD_10364,CUST_0122,2026-05-08 00:05:00,1899,completed,UPI
ORD_14807,CUST_1702,2026-05-08 01:18:16,748,completed,UPI
ORD_10448,CUST_0150,2026-05-08 01:50:00,2799,completed,UPI
ORD_10150,CUST_0051,2026-05-08 02:34:00,1899,completed,Debit Card
ORD_19333,CUST_0331,2026-05-08 05:34:20,2499,completed,UPI
ORD_17215,CUST_1455,2026-05-08 05:44:20,1999,completed,Credit Card
ORD_14566,CUST_0854,2026-05-08 05:58:17,1498,completed,UPI
ORD_10260,CUST_0087,2026-05-08 05:59:00,1899,completed,Credit Card
ORD_16882,CUST_0491,2026-05-08 06:44:19,3299,completed,UPI
ORD_10028,CUST_0010,2026-05-08 06:53:00,3299,completed,Credit Card
ORD_18412,CUST_1553,2026-05-08 07:06:04,799,completed,UPI
ORD_15019,CUST_1863,2026-05-08 07:28:33,1598,completed,UPI
ORD_15265,CUST_1689,2026-05-08 08:20:36,1148,completed,Debit Card
ORD_10026,CUST_0009,2026-05-08 08:27:00,1899,completed,UPI
ORD_10416,CUST_0139,2026-05-08 08:29:00,699,completed,COD
ORD_18330,CUST_1016,2026-05-08 10:21:26,3999,completed,UPI
ORD_14658,CUST_1598,2026-05-08 12:00:28,1298,completed,UPI
ORD_18212,CUST_1970,2026-05-08 12:03:29,999,completed,UPI
ORD_18111,CUST_1871,2026-05-08 12:04:53,1499,completed,Debit Card
ORD_16862,CUST_0721,2026-05-08 12:17:42,3999,completed,Debit Card
ORD_19775,CUST_0360,2026-05-08 12:38:44,899,completed,COD
ORD_15131,CUST_0896,2026-05-08 12:58:59,1198,completed,COD
ORD_19344,CUST_0649,2026-05-08 13:56:13,799,completed,UPI
ORD_14669,CUST_0685,2026-05-08 14:06:16,1248,completed,Credit Card
ORD_15615,CUST_1563,2026-05-08 14:32:16,1248,completed,UPI
ORD_19330,CUST_0719,2026-05-08 14:56:01,5499,completed,Debit Card
ORD_16127,CUST_0548,2026-05-08 15:35:51,4298,completed,UPI
ORD_16376,CUST_1588,2026-05-08 15:47:23,1598,completed,COD
ORD_15649,CUST_1681,2026-05-08 15:51:09,848,completed,UPI
ORD_15973,CUST_1253,2026-05-08 15:55:02,5498,completed,UPI
ORD_19927,CUST_0315,2026-05-08 16:33:29,5499,completed,Credit Card
ORD_17322,CUST_1288,2026-05-08 19:38:09,1999,completed,UPI
ORD_18933,CUST_0910,2026-05-08 21:33:24,3499,completed,UPI
ORD_18004,CUST_1012,2026-05-08 21:41:27,1899,completed,UPI
ORD_17845,CUST_1072,2026-05-08 21:59:19,3299,completed,Credit Card
ORD_18393,CUST_1948,2026-05-08 22:28:11,3999,completed,UPI
ORD_18604,CUST_1066,2026-05-08 22:35:03,249,completed,COD
ORD_16613,CUST_1290,2026-05-08 23:26:43,349,completed,UPI
ORD_14372,CUST_1805,2026-05-08 23:28:51,1298,completed,UPI
ORD_14086,CUST_1605,2026-05-08 23:39:06,1148,completed,UPI
ORD_16951,CUST_0290,2026-05-08 23:40:05,1299,completed,Credit Card
ORD_19494,CUST_1979,2026-05-09 00:02:32,349,completed,Credit Card
ORD_10798,CUST_0245,2026-05-09 00:26:00,6998,completed,UPI
ORD_10142,CUST_0048,2026-05-09 02:09:00,249,completed,UPI
ORD_14851,CUST_0727,2026-05-09 02:13:34,1248,completed,Debit Card
ORD_10509,CUST_0170,2026-05-09 02:22:00,499,completed,Credit Card
ORD_15134,CUST_0334,2026-05-09 02:40:54,998,completed,COD
ORD_10873,CUST_0264,2026-05-09 04:09:00,2499,completed,UPI
ORD_10169,CUST_0057,2026-05-09 04:17:00,2499,completed,COD
ORD_10544,CUST_0182,2026-05-09 04:48:00,7998,completed,Credit Card
ORD_17508,CUST_0841,2026-05-09 05:01:10,799,completed,Credit Card
ORD_18759,CUST_1918,2026-05-09 05:14:04,899,completed,UPI
ORD_17841,CUST_1754,2026-05-09 05:25:47,799,completed,COD
ORD_16706,CUST_0903,2026-05-09 05:31:45,3999,completed,UPI
ORD_10404,CUST_0135,2026-05-09 06:07:00,599,completed,Credit Card
ORD_10552,CUST_0184,2026-05-09 07:21:00,10998,completed,Credit Card
ORD_16783,CUST_0905,2026-05-09 07:24:34,2199,completed,UPI
ORD_10628,CUST_0203,2026-05-09 08:47:00,3299,completed,UPI
ORD_18490,CUST_1469,2026-05-09 08:49:37,3299,completed,UPI
ORD_10782,CUST_0241,2026-05-09 09:08:00,7998,completed,Debit Card
ORD_14884,CUST_1259,2026-05-09 09:08:46,1098,completed,Credit Card
ORD_14721,CUST_0286,2026-05-09 09:41:14,1298,completed,Debit Card
ORD_10441,CUST_0148,2026-05-09 10:32:00,799,completed,UPI
ORD_18088,CUST_0854,2026-05-09 10:33:50,599,completed,UPI
ORD_18837,CUST_0365,2026-05-09 12:40:15,3999,completed,Debit Card
ORD_18094,CUST_0994,2026-05-09 13:21:42,4999,completed,UPI
ORD_15870,CUST_1142,2026-05-09 14:25:40,3198,completed,UPI
ORD_18868,CUST_0324,2026-05-09 14:34:52,999,completed,Debit Card
ORD_17193,CUST_1503,2026-05-09 14:49:46,2799,failed,UPI
ORD_17736,CUST_0803,2026-05-09 16:45:11,349,completed,Debit Card
ORD_16764,CUST_1863,2026-05-09 17:30:36,1899,completed,Debit Card
ORD_18489,CUST_0930,2026-05-09 17:39:40,1499,completed,UPI
ORD_16517,CUST_1509,2026-05-09 19:28:47,7198,completed,UPI
ORD_14921,CUST_0467,2026-05-09 20:52:53,1348,completed,UPI
ORD_18520,CUST_1864,2026-05-09 21:06:07,3999,completed,Debit Card
ORD_14203,CUST_1934,2026-05-09 22:23:35,1498,completed,Debit Card
ORD_14630,CUST_1295,2026-05-09 22:31:33,848,completed,UPI
ORD_16426,CUST_0769,2026-05-09 23:37:57,7398,completed,COD
ORD_15831,CUST_0943,2026-05-09 23:52:22,5498,completed,Debit Card
ORD_10408,CUST_0137,2026-05-10 00:07:00,1499,completed,UPI
ORD_16930,CUST_0384,2026-05-10 00:18:31,699,completed,UPI
ORD_17946,CUST_1955,2026-05-10 01:07:51,499,completed,Debit Card
ORD_10425,CUST_0142,2026-05-10 01:48:00,2499,completed,Debit Card
ORD_18762,CUST_1627,2026-05-10 03:10:46,3499,completed,UPI
ORD_17529,CUST_1238,2026-05-10 03:32:24,799,completed,UPI
ORD_10506,CUST_0169,2026-05-10 03:37:00,999,completed,UPI
ORD_17591,CUST_1320,2026-05-10 03:42:05,499,completed,UPI
ORD_16546,CUST_1319,2026-05-10 03:47:15,249,completed,UPI
ORD_14553,CUST_1628,2026-05-10 04:14:07,848,completed,Credit Card
ORD_10304,CUST_0102,2026-05-10 04:18:00,4299,completed,Debit Card
ORD_14665,CUST_0275,2026-05-10 05:02:01,1148,completed,UPI
ORD_10545,CUST_0182,2026-05-10 05:11:00,5998,completed,Debit Card
ORD_10485,CUST_0162,2026-05-10 05:31:00,1499,completed,Debit Card
ORD_14200,CUST_0628,2026-05-10 05:41:46,1348,completed,UPI
ORD_17969,CUST_1299,2026-05-10 05:52:17,999,completed,UPI
ORD_14523,CUST_1556,2026-05-10 06:11:09,1498,completed,COD
ORD_18578,CUST_0479,2026-05-10 07:18:18,1299,completed,Credit Card
ORD_10744,CUST_0232,2026-05-10 07:34:00,3299,completed,UPI
ORD_10565,CUST_0187,2026-05-10 07:50:00,13998,completed,COD
ORD_17725,CUST_0329,2026-05-10 08:07:50,799,completed,UPI
ORD_10135,CUST_0046,2026-05-10 08:43:00,1299,completed,UPI
ORD_10205,CUST_0069,2026-05-10 08:53:00,3299,completed,UPI
ORD_16145,CUST_0889,2026-05-10 09:14:58,2898,completed,COD
ORD_10683,CUST_0216,2026-05-10 10:17:00,7998,completed,UPI
ORD_15280,CUST_0268,2026-05-10 10:36:56,1248,completed,COD
ORD_15711,CUST_0873,2026-05-10 11:21:32,3398,completed,UPI
ORD_19144,CUST_1405,2026-05-10 11:41:04,6999,completed,Credit Card
ORD_18513,CUST_1062,2026-05-10 11:46:07,1299,completed,Credit Card
ORD_18149,CUST_0315,2026-05-10 12:32:18,3999,completed,Credit Card
ORD_19544,CUST_0418,2026-05-10 13:28:53,2499,completed,Credit Card
ORD_19465,CUST_0357,2026-05-10 15:21:36,899,completed,Debit Card
ORD_15106,CUST_0816,2026-05-10 15:26:59,948,completed,UPI
ORD_19383,CUST_1543,2026-05-10 15:30:39,1999,completed,Debit Card
ORD_15580,CUST_0516,2026-05-10 15:34:23,1248,completed,Debit Card
ORD_16714,CUST_0332,2026-05-10 15:40:45,699,completed,UPI
ORD_17624,CUST_1127,2026-05-10 15:53:31,299,completed,COD
ORD_19591,CUST_0590,2026-05-10 16:45:38,699,completed,UPI
ORD_19251,CUST_1366,2026-05-10 17:11:58,599,completed,Debit Card
ORD_14237,CUST_1540,2026-05-10 17:50:21,1498,completed,Debit Card
ORD_14809,CUST_0936,2026-05-10 18:15:04,1198,completed,UPI
ORD_16922,CUST_1975,2026-05-10 18:56:53,249,completed,UPI
ORD_14261,CUST_0581,2026-05-10 18:58:17,1148,completed,UPI
ORD_19193,CUST_0665,2026-05-10 21:01:02,6999,completed,UPI
ORD_17878,CUST_0676,2026-05-10 22:03:36,4999,completed,Credit Card
ORD_15016,CUST_0320,2026-05-10 22:17:47,1148,completed,COD
ORD_15277,CUST_1480,2026-05-10 23:39:54,848,completed,UPI
ORD_19154,CUST_0741,2026-05-10 23:51:57,349,completed,UPI
ORD_18988,CUST_0385,2026-05-11 01:29:18,799,completed,UPI
ORD_19061,CUST_0271,2026-05-11 01:29:57,349,completed,UPI
ORD_18973,CUST_0409,2026-05-11 01:35:21,799,completed,UPI
ORD_16992,CUST_0359,2026-05-11 02:19:11,3299,completed,Credit Card
ORD_19821,CUST_1922,2026-05-11 02:25:47,3299,completed,UPI
ORD_14342,CUST_1328,2026-05-11 02:37:17,1148,completed,COD
ORD_14474,CUST_0277,2026-05-11 03:01:51,1298,completed,Debit Card
ORD_15768,CUST_1190,2026-05-11 03:10:58,3398,completed,UPI
ORD_19791,CUST_1839,2026-05-11 03:13:06,799,completed,UPI
ORD_16632,CUST_1208,2026-05-11 03:29:34,3499,completed,UPI
ORD_14100,CUST_1562,2026-05-11 03:30:45,798,completed,Credit Card
ORD_10769,CUST_0238,2026-05-11 03:44:00,4998,completed,Debit Card
ORD_19103,CUST_0516,2026-05-11 04:58:01,1899,completed,Debit Card
ORD_17886,CUST_0426,2026-05-11 07:51:15,799,completed,COD
ORD_17098,CUST_1381,2026-05-11 08:09:29,499,completed,Credit Card
ORD_17021,CUST_1950,2026-05-11 08:26:20,499,completed,COD
ORD_10301,CUST_0101,2026-05-11 08:41:00,3299,completed,UPI
ORD_10768,CUST_0238,2026-05-11 09:56:00,5598,completed,UPI
ORD_14492,CUST_0724,2026-05-11 09:59:04,1498,completed,COD
ORD_19643,CUST_0748,2026-05-11 10:41:11,1299,completed,UPI
ORD_18191,CUST_0688,2026-05-11 11:54:59,1899,completed,COD
ORD_14503,CUST_0878,2026-05-11 12:51:17,1098,completed,COD
ORD_14247,CUST_1304,2026-05-11 13:09:20,1198,completed,Credit Card
ORD_18453,CUST_0298,2026-05-11 14:07:13,2499,completed,COD
ORD_18135,CUST_1055,2026-05-11 14:54:53,699,completed,UPI
ORD_16599,CUST_1155,2026-05-11 15:28:17,499,completed,Debit Card
ORD_14682,CUST_1811,2026-05-11 15:56:15,998,completed,UPI
ORD_19533,CUST_1942,2026-05-11 16:00:25,3499,completed,UPI
ORD_16389,CUST_1314,2026-05-11 16:49:06,5298,completed,COD
ORD_16080,CUST_1077,2026-05-11 17:24:01,6598,completed,Debit Card
ORD_18551,CUST_1864,2026-05-11 18:16:28,699,completed,Credit Card
ORD_10848,CUST_0258,2026-05-11 23:00:00,7998,completed,COD
ORD_15952,CUST_0920,2026-05-11 23:40:02,3498,completed,UPI
ORD_10764,CUST_0237,2026-05-11 23:43:00,13998,completed,UPI
ORD_10465,CUST_0156,2026-05-11 23:50:00,1999,completed,Debit Card
ORD_14501,CUST_0492,2026-05-12 00:02:19,1598,completed,Debit Card
ORD_14056,CUST_0953,2026-05-12 00:29:08,848,completed,Credit Card
ORD_17951,CUST_1084,2026-05-12 01:20:52,3999,failed,UPI
ORD_17166,CUST_1651,2026-05-12 02:00:28,499,completed,COD
ORD_10572,CUST_0189,2026-05-12 02:20:00,2499,completed,Debit Card
ORD_10596,CUST_0195,2026-05-12 02:42:00,3499,completed,Credit Card
ORD_16639,CUST_0777,2026-05-12 02:49:20,599,completed,Credit Card
ORD_10211,CUST_0071,2026-05-12 03:44:00,3299,completed,UPI
ORD_10583,CUST_0191,2026-05-12 04:30:00,3299,completed,Credit Card
ORD_19531,CUST_1393,2026-05-12 05:04:10,1999,completed,UPI
ORD_19718,CUST_0491,2026-05-12 05:56:55,6999,completed,COD
ORD_18575,CUST_1086,2026-05-12 06:05:23,3999,completed,UPI
ORD_10753,CUST_0234,2026-05-12 06:13:00,3299,completed,COD
ORD_19620,CUST_0533,2026-05-12 06:47:17,2499,completed,UPI
ORD_10096,CUST_0033,2026-05-12 07:22:00,2799,completed,UPI
ORD_10667,CUST_0212,2026-05-12 08:56:00,10998,completed,COD
ORD_16228,CUST_1463,2026-05-12 09:30:32,2398,completed,UPI
ORD_10801,CUST_0246,2026-05-12 10:17:00,6998,completed,COD
ORD_16450,CUST_0378,2026-05-12 10:20:17,5198,completed,UPI
ORD_14870,CUST_1823,2026-05-12 11:23:16,1198,completed,COD
ORD_18875,CUST_1352,2026-05-12 15:03:05,699,completed,Credit Card
ORD_14216,CUST_1949,2026-05-12 18:19:42,1298,completed,UPI
ORD_14844,CUST_1804,2026-05-12 18:23:12,1148,completed,UPI
ORD_18160,CUST_1281,2026-05-12 21:23:18,3299,completed,COD
ORD_17719,CUST_0930,2026-05-12 22:33:59,4999,completed,Debit Card
ORD_18877,CUST_0699,2026-05-12 22:47:43,1899,completed,Credit Card
ORD_10151,CUST_0051,2026-05-12 22:48:00,3499,completed,Credit Card
ORD_10637,CUST_0205,2026-05-12 22:58:00,3999,completed,COD
ORD_15459,CUST_0383,2026-05-12 23:40:00,1198,completed,Credit Card
ORD_18222,CUST_1850,2026-05-12 23:55:57,3299,completed,UPI
ORD_15549,CUST_0333,2026-05-12 23:57:38,1098,completed,Debit Card
ORD_15007,CUST_0767,2026-05-13 00:10:05,798,completed,UPI
ORD_10051,CUST_0018,2026-05-13 00:34:00,6999,completed,UPI
ORD_10449,CUST_0150,2026-05-13 00:50:00,2999,completed,Debit Card
ORD_10558,CUST_0185,2026-05-13 01:21:00,6598,completed,UPI
ORD_19249,CUST_1828,2026-05-13 01:55:01,1899,completed,UPI
ORD_10383,CUST_0128,2026-05-13 02:13:00,1299,completed,Debit Card
ORD_16295,CUST_0800,2026-05-13 02:26:09,7898,completed,UPI
ORD_19779,CUST_1571,2026-05-13 02:55:05,799,completed,UPI
ORD_16018,CUST_0689,2026-05-13 03:07:51,7298,completed,Debit Card
ORD_16561,CUST_1837,2026-05-13 03:17:18,249,completed,UPI
ORD_17495,CUST_0798,2026-05-13 04:01:59,4999,completed,Debit Card
ORD_17631,CUST_1461,2026-05-13 04:08:52,2199,completed,UPI
ORD_10212,CUST_0071,2026-05-13 04:30:00,2999,completed,UPI
ORD_19086,CUST_0624,2026-05-13 04:33:12,1299,completed,Debit Card
ORD_15166,CUST_0844,2026-05-13 06:05:39,1148,completed,Credit Card
ORD_10054,CUST_0019,2026-05-13 06:21:00,3999,completed,Credit Card
ORD_19873,CUST_1011,2026-05-13 06:34:01,3299,completed,COD
ORD_17962,CUST_1323,2026-05-13 06:40:04,2499,completed,Credit Card
ORD_18357,CUST_0975,2026-05-13 07:15:14,799,completed,UPI
ORD_14087,CUST_1383,2026-05-13 07:52:22,1498,completed,UPI
ORD_15846,CUST_0510,2026-05-13 07:54:44,8998,completed,UPI
ORD_18254,CUST_0475,2026-05-13 08:28:39,349,completed,Debit Card
ORD_19945,CUST_1153,2026-05-13 08:41:41,1899,completed,UPI
ORD_16948,CUST_0643,2026-05-13 09:02:43,2199,completed,Debit Card
ORD_10871,CUST_0263,2026-05-13 09:17:00,3999,completed,UPI
ORD_14144,CUST_1129,2026-05-13 11:15:45,1148,completed,COD
ORD_17795,CUST_1403,2026-05-13 11:17:29,599,completed,COD
ORD_19839,CUST_1846,2026-05-13 12:53:26,499,completed,UPI
ORD_17206,CUST_1889,2026-05-13 13:49:27,6999,completed,Credit Card
ORD_19151,CUST_1293,2026-05-13 14:11:42,6999,completed,UPI
ORD_14736,CUST_0642,2026-05-13 14:15:56,1098,completed,COD
ORD_18482,CUST_1208,2026-05-13 15:20:57,2499,completed,UPI
ORD_19758,CUST_1275,2026-05-13 15:46:37,4299,completed,COD
ORD_17981,CUST_1485,2026-05-13 16:54:11,799,completed,Debit Card
ORD_19781,CUST_0754,2026-05-13 18:45:50,999,completed,UPI
ORD_17780,CUST_0946,2026-05-13 19:16:48,4999,completed,UPI
ORD_16222,CUST_0888,2026-05-13 20:08:35,7998,completed,Credit Card
ORD_15507,CUST_1952,2026-05-13 20:10:28,1248,completed,UPI
ORD_17870,CUST_1011,2026-05-13 20:37:53,2499,completed,UPI
ORD_19776,CUST_1438,2026-05-13 20:56:32,3499,completed,Debit Card
ORD_19688,CUST_1553,2026-05-13 21:10:18,499,completed,UPI
ORD_15492,CUST_1208,2026-05-13 23:43:05,1248,completed,UPI
ORD_10578,CUST_0190,2026-05-14 00:02:00,6598,completed,UPI
ORD_10199,CUST_0067,2026-05-14 00:41:00,3499,completed,COD
ORD_19641,CUST_0889,2026-05-14 00:51:48,999,completed,COD
ORD_19407,CUST_0872,2026-05-14 01:01:31,3499,completed,Credit Card
ORD_10757,CUST_0235,2026-05-14 02:16:00,5499,completed,Credit Card
ORD_10384,CUST_0129,2026-05-14 02:33:00,1899,completed,COD
ORD_10413,CUST_0138,2026-05-14 03:04:00,3499,completed,Credit Card
ORD_18552,CUST_0411,2026-05-14 03:28:00,6999,completed,Credit Card
ORD_14999,CUST_1280,2026-05-14 03:30:37,898,completed,UPI
ORD_10722,CUST_0226,2026-05-14 04:21:00,10998,completed,UPI
ORD_19586,CUST_0834,2026-05-14 05:25:48,4299,completed,UPI
ORD_18820,CUST_0811,2026-05-14 05:27:36,299,completed,UPI
ORD_17867,CUST_0383,2026-05-14 05:35:11,4999,completed,Debit Card
ORD_18777,CUST_0346,2026-05-14 05:47:18,3499,completed,UPI
ORD_17925,CUST_0785,2026-05-14 05:58:09,1899,failed,UPI
ORD_19390,CUST_1430,2026-05-14 06:42:36,299,completed,UPI
ORD_19338,CUST_0283,2026-05-14 07:09:20,799,completed,UPI
ORD_10445,CUST_0149,2026-05-14 07:43:00,2199,completed,UPI
ORD_19569,CUST_1393,2026-05-14 07:51:23,699,completed,COD
ORD_18819,CUST_0665,2026-05-14 08:24:00,3999,completed,UPI
ORD_15253,CUST_1615,2026-05-14 08:40:17,1098,completed,Credit Card
ORD_16888,CUST_1611,2026-05-14 09:33:00,249,completed,UPI
ORD_14909,CUST_1739,2026-05-14 09:45:27,1598,completed,COD
ORD_19409,CUST_1857,2026-05-14 09:52:41,899,completed,COD
ORD_16652,CUST_1993,2026-05-14 09:53:34,499,completed,UPI
ORD_10642,CUST_0206,2026-05-14 10:59:00,3299,completed,Debit Card
ORD_16768,CUST_0536,2026-05-14 11:47:07,1499,completed,Credit Card
ORD_15356,CUST_1298,2026-05-14 11:47:47,798,completed,UPI
ORD_16218,CUST_1414,2026-05-14 11:52:48,4598,completed,Debit Card
ORD_19998,CUST_0542,2026-05-14 11:54:26,3499,completed,UPI
ORD_19332,CUST_0290,2026-05-14 14:15:10,1299,completed,Debit Card
ORD_17403,CUST_0505,2026-05-14 15:34:06,899,completed,UPI
ORD_19297,CUST_1766,2026-05-14 16:43:59,4999,completed,Credit Card
ORD_19900,CUST_1991,2026-05-14 16:49:37,999,completed,Credit Card
ORD_19160,CUST_1891,2026-05-14 18:52:50,1999,completed,UPI
ORD_16617,CUST_1364,2026-05-14 19:01:56,299,completed,UPI
ORD_16701,CUST_1198,2026-05-14 19:35:27,6999,completed,UPI
ORD_16101,CUST_1489,2026-05-14 22:34:27,4798,completed,UPI
ORD_10527,CUST_0176,2026-05-14 23:09:00,3999,completed,Credit Card
ORD_15882,CUST_1315,2026-05-14 23:17:59,4798,completed,Credit Card
ORD_16710,CUST_0942,2026-05-14 23:20:31,4999,failed,Debit Card
ORD_15552,CUST_0903,2026-05-14 23:20:50,1148,completed,UPI
ORD_19689,CUST_0279,2026-05-15 00:01:49,349,completed,Debit Card
ORD_14207,CUST_0756,2026-05-15 00:44:14,1198,completed,UPI
ORD_16640,CUST_0757,2026-05-15 01:04:17,799,completed,Debit Card
ORD_10351,CUST_0118,2026-05-15 01:31:00,5499,completed,UPI
ORD_19957,CUST_0506,2026-05-15 01:38:09,1499,completed,UPI
ORD_18864,CUST_1451,2026-05-15 02:00:06,799,completed,UPI
ORD_19127,CUST_1595,2026-05-15 02:15:34,1999,completed,Debit Card
ORD_15573,CUST_1411,2026-05-15 02:21:00,1498,completed,UPI
ORD_14908,CUST_0472,2026-05-15 02:24:24,1198,completed,Credit Card
ORD_14217,CUST_0428,2026-05-15 02:41:00,1598,completed,UPI
ORD_18157,CUST_0685,2026-05-15 02:50:41,349,completed,COD
ORD_10748,CUST_0233,2026-05-15 02:54:00,4999,completed,UPI
ORD_19282,CUST_0923,2026-05-15 02:54:55,349,failed,UPI
ORD_19575,CUST_1727,2026-05-15 02:59:46,1299,completed,Debit Card
ORD_15751,CUST_1310,2026-05-15 03:20:44,5498,completed,UPI
ORD_16442,CUST_0538,2026-05-15 05:00:45,3398,completed,Debit Card
ORD_18871,CUST_0348,2026-05-15 05:31:59,899,completed,COD
ORD_10746,CUST_0232,2026-05-15 05:51:00,2999,completed,UPI
ORD_16165,CUST_0563,2026-05-15 07:03:01,5498,completed,UPI
ORD_18020,CUST_0487,2026-05-15 07:38:27,899,completed,UPI
ORD_19869,CUST_0495,2026-05-15 08:32:06,4999,completed,Debit Card
ORD_10022,CUST_0008,2026-05-15 09:04:00,599,completed,UPI
ORD_14925,CUST_1991,2026-05-15 09:26:51,1698,completed,Credit Card
ORD_10078,CUST_0027,2026-05-15 09:29:00,899,completed,UPI
ORD_17987,CUST_0634,2026-05-15 10:01:58,699,completed,UPI
ORD_15937,CUST_1417,2026-05-15 12:31:22,7798,completed,Debit Card
ORD_17713,CUST_1966,2026-05-15 13:06:47,1299,completed,Credit Card
ORD_17214,CUST_0791,2026-05-15 14:53:04,299,completed,UPI
ORD_14703,CUST_0820,2026-05-15 16:03:49,1048,completed,COD
ORD_15412,CUST_0548,2026-05-15 16:09:05,1198,completed,Credit Card
ORD_15023,CUST_1470,2026-05-15 18:13:31,1498,completed,UPI
ORD_14025,CUST_1442,2026-05-15 18:43:14,748,completed,UPI
ORD_17278,CUST_0290,2026-05-15 20:41:22,1999,completed,COD
ORD_17622,CUST_1686,2026-05-15 21:01:04,3499,completed,UPI
ORD_10838,CUST_0255,2026-05-15 22:50:00,3299,completed,COD
ORD_18735,CUST_0498,2026-05-15 22:59:31,1299,completed,COD
ORD_15219,CUST_0530,2026-05-15 23:31:43,1248,completed,Debit Card
ORD_15575,CUST_1774,2026-05-15 23:35:56,748,completed,UPI
ORD_17273,CUST_1451,2026-05-16 00:15:35,2499,completed,Credit Card
ORD_16680,CUST_1502,2026-05-16 01:07:43,2499,completed,COD
ORD_16545,CUST_0768,2026-05-16 02:42:48,899,completed,Debit Card
ORD_10520,CUST_0174,2026-05-16 03:39:00,6999,completed,Credit Card
ORD_16463,CUST_1318,2026-05-16 04:26:40,8898,completed,Credit Card
ORD_10447,CUST_0150,2026-05-16 04:28:00,1299,completed,COD
ORD_15940,CUST_0706,2026-05-16 05:54:01,3498,completed,UPI
ORD_18945,CUST_0595,2026-05-16 06:04:56,999,completed,Debit Card
ORD_15008,CUST_1924,2026-05-16 06:04:57,1348,completed,UPI
ORD_14818,CUST_1730,2026-05-16 06:11:02,1198,completed,COD
ORD_10476,CUST_0159,2026-05-16 06:31:00,499,completed,Debit Card
ORD_19525,CUST_0478,2026-05-16 07:35:46,599,completed,Debit Card
ORD_10276,CUST_0093,2026-05-16 08:37:00,599,completed,Debit Card
ORD_10574,CUST_0189,2026-05-16 08:51:00,4998,completed,Credit Card
ORD_16443,CUST_1466,2026-05-16 09:17:15,2598,completed,COD
ORD_14097,CUST_1697,2026-05-16 09:28:49,1098,completed,UPI
ORD_18044,CUST_1915,2026-05-16 09:46:22,6999,completed,Debit Card
ORD_16204,CUST_0841,2026-05-16 11:00:38,3098,completed,Debit Card
ORD_19176,CUST_1840,2026-05-16 11:14:11,249,completed,UPI
ORD_15364,CUST_1719,2026-05-16 11:22:47,1348,completed,UPI
ORD_14134,CUST_1387,2026-05-16 11:39:59,1398,completed,Debit Card
ORD_17046,CUST_1629,2026-05-16 11:48:27,1999,completed,COD
ORD_18953,CUST_1343,2026-05-16 12:47:59,3299,completed,UPI
ORD_14282,CUST_1742,2026-05-16 14:10:18,1398,completed,Debit Card
ORD_17643,CUST_1641,2026-05-16 14:29:16,5499,completed,UPI
ORD_16748,CUST_0561,2026-05-16 15:26:42,5499,completed,Debit Card
ORD_19651,CUST_1444,2026-05-16 16:31:20,899,completed,UPI
ORD_19367,CUST_0960,2026-05-16 17:20:20,5499,completed,COD
ORD_15857,CUST_0469,2026-05-16 17:56:07,8298,completed,UPI
ORD_14441,CUST_1149,2026-05-16 18:52:08,848,completed,COD
ORD_19305,CUST_0983,2026-05-16 19:02:36,1999,completed,UPI
ORD_16243,CUST_0907,2026-05-16 19:26:56,8298,completed,Credit Card
ORD_15596,CUST_1117,2026-05-16 19:28:02,1298,completed,UPI
ORD_18690,CUST_1069,2026-05-16 20:16:45,1899,completed,UPI
ORD_17462,CUST_1956,2026-05-16 20:27:31,899,completed,UPI
ORD_18334,CUST_1267,2026-05-16 22:32:56,1299,completed,Debit Card
ORD_18452,CUST_1397,2026-05-16 22:33:01,5499,completed,UPI
ORD_14555,CUST_0345,2026-05-16 22:48:52,1298,completed,UPI
ORD_10087,CUST_0030,2026-05-16 22:54:00,5499,completed,UPI
ORD_18289,CUST_1200,2026-05-16 23:04:14,4999,completed,Credit Card
ORD_19083,CUST_1444,2026-05-16 23:26:08,3299,completed,UPI
ORD_14305,CUST_1919,2026-05-17 00:14:28,1348,completed,Debit Card
ORD_19334,CUST_0723,2026-05-17 00:22:18,2499,completed,COD
ORD_10842,CUST_0256,2026-05-17 01:37:00,3299,completed,Debit Card
ORD_15405,CUST_0753,2026-05-17 01:42:53,848,completed,Debit Card
ORD_15110,CUST_0727,2026-05-17 01:56:21,1498,completed,Debit Card
ORD_18127,CUST_1195,2026-05-17 02:21:45,2499,completed,UPI
ORD_16169,CUST_1170,2026-05-17 02:23:19,7998,completed,Debit Card
ORD_10586,CUST_0192,2026-05-17 02:37:00,6598,completed,UPI
ORD_17341,CUST_0475,2026-05-17 03:11:01,4299,completed,UPI
ORD_15664,CUST_1324,2026-05-17 03:29:13,998,completed,UPI
ORD_10334,CUST_0112,2026-05-17 03:35:00,1999,completed,UPI
ORD_18043,CUST_1549,2026-05-17 03:35:26,2499,completed,Debit Card
ORD_14602,CUST_1786,2026-05-17 03:48:05,1048,completed,Credit Card
ORD_16915,CUST_1156,2026-05-17 03:53:11,4999,completed,Credit Card
ORD_19628,CUST_1097,2026-05-17 04:09:07,2499,completed,UPI
ORD_10171,CUST_0058,2026-05-17 04:20:00,2199,completed,Credit Card
ORD_14651,CUST_0687,2026-05-17 04:48:08,1098,completed,Credit Card
ORD_17467,CUST_1519,2026-05-17 04:48:25,899,completed,Credit Card
ORD_10177,CUST_0060,2026-05-17 04:51:00,899,completed,Debit Card
ORD_10752,CUST_0234,2026-05-17 05:44:00,5998,completed,Debit Card
ORD_14101,CUST_0701,2026-05-17 06:31:07,1348,completed,UPI
ORD_17790,CUST_1157,2026-05-17 07:29:16,499,completed,Debit Card
ORD_19966,CUST_0835,2026-05-17 07:38:39,699,completed,COD
ORD_16212,CUST_1777,2026-05-17 10:40:43,3798,completed,COD
ORD_18744,CUST_0497,2026-05-17 10:58:36,2499,completed,Debit Card
ORD_10703,CUST_0221,2026-05-17 10:59:00,2499,completed,COD
ORD_19988,CUST_0601,2026-05-17 11:28:54,3999,completed,Debit Card
ORD_17863,CUST_1438,2026-05-17 13:04:34,3999,completed,Credit Card
ORD_17590,CUST_1766,2026-05-17 14:02:31,5499,completed,Credit Card
ORD_17633,CUST_1227,2026-05-17 14:12:41,799,completed,UPI
ORD_14365,CUST_0840,2026-05-17 15:35:18,1198,completed,UPI
ORD_17553,CUST_0787,2026-05-17 17:25:55,2199,failed,Debit Card
ORD_16831,CUST_1096,2026-05-17 17:59:00,2799,completed,UPI
ORD_16672,CUST_0798,2026-05-17 18:15:27,2799,completed,UPI
ORD_15048,CUST_1564,2026-05-17 19:11:55,1398,completed,UPI
ORD_14893,CUST_1829,2026-05-17 20:14:15,1248,completed,Credit Card
ORD_15847,CUST_1097,2026-05-17 20:20:41,5898,completed,UPI
ORD_14418,CUST_1589,2026-05-17 20:34:47,1298,completed,COD
ORD_18602,CUST_1897,2026-05-17 21:28:06,799,completed,COD
ORD_10088,CUST_0030,2026-05-17 22:09:00,699,completed,Credit Card
ORD_18226,CUST_0403,2026-05-17 22:46:06,4999,completed,Debit Card
ORD_15907,CUST_0935,2026-05-17 23:16:14,5198,completed,UPI
ORD_16966,CUST_0279,2026-05-18 00:00:12,2199,completed,Credit Card
ORD_18607,CUST_0535,2026-05-18 00:07:30,2799,completed,COD
ORD_15677,CUST_0629,2026-05-18 01:55:50,2498,completed,UPI
ORD_15612,CUST_1391,2026-05-18 02:18:42,1498,completed,UPI
ORD_19326,CUST_1150,2026-05-18 03:00:03,2499,completed,UPI
ORD_15024,CUST_0296,2026-05-18 03:14:49,1048,completed,UPI
ORD_15503,CUST_0271,2026-05-18 03:19:56,1098,completed,Debit Card
ORD_10547,CUST_0182,2026-05-18 04:40:00,4999,completed,UPI
ORD_14929,CUST_1006,2026-05-18 04:50:49,1698,completed,Debit Card
ORD_17693,CUST_0378,2026-05-18 07:08:37,2199,completed,Debit Card
ORD_14208,CUST_0637,2026-05-18 07:19:32,848,completed,UPI
ORD_19583,CUST_1997,2026-05-18 07:23:39,699,completed,Credit Card
ORD_19335,CUST_1413,2026-05-18 07:31:43,699,completed,UPI
ORD_18218,CUST_0831,2026-05-18 07:51:45,499,completed,Debit Card
ORD_19260,CUST_1514,2026-05-18 07:58:42,3299,completed,UPI
ORD_19273,CUST_0563,2026-05-18 08:23:37,999,completed,COD
ORD_10250,CUST_0084,2026-05-18 08:41:00,249,completed,UPI
ORD_16149,CUST_0778,2026-05-18 09:29:38,3698,completed,UPI
ORD_14400,CUST_0968,2026-05-18 09:31:21,848,completed,UPI
ORD_18465,CUST_1334,2026-05-18 09:56:11,499,failed,UPI
ORD_18057,CUST_1294,2026-05-18 09:58:06,2499,completed,UPI
ORD_17117,CUST_1519,2026-05-18 10:35:33,1299,completed,UPI
ORD_18935,CUST_0295,2026-05-18 10:35:37,2499,completed,UPI
ORD_17611,CUST_1615,2026-05-18 11:13:25,3499,completed,COD
ORD_14495,CUST_1275,2026-05-18 11:13:31,798,completed,Credit Card
ORD_15901,CUST_1804,2026-05-18 12:26:15,4798,completed,UPI
ORD_14316,CUST_1779,2026-05-18 13:27:14,1248,completed,Credit Card
ORD_17612,CUST_1551,2026-05-18 13:38:53,699,completed,COD
ORD_19770,CUST_1823,2026-05-18 14:25:29,349,completed,UPI
ORD_15174,CUST_0277,2026-05-18 14:35:22,948,completed,COD
ORD_15588,CUST_1248,2026-05-18 15:42:18,748,completed,UPI
ORD_15534,CUST_1584,2026-05-18 17:23:41,748,completed,UPI
ORD_16686,CUST_0597,2026-05-18 18:07:20,1899,completed,Credit Card
ORD_18535,CUST_0669,2026-05-18 19:58:14,2499,completed,COD
ORD_16914,CUST_0798,2026-05-18 20:00:44,1299,completed,UPI
ORD_15539,CUST_0560,2026-05-18 20:27:01,1148,completed,UPI
ORD_17975,CUST_1194,2026-05-18 20:43:21,3299,completed,UPI
ORD_17190,CUST_0712,2026-05-18 21:45:52,799,completed,UPI
ORD_14089,CUST_1006,2026-05-18 21:50:57,798,completed,UPI
ORD_17187,CUST_1219,2026-05-18 21:52:56,3299,completed,COD
ORD_18977,CUST_0755,2026-05-18 22:15:21,3999,completed,UPI
ORD_17023,CUST_1929,2026-05-18 22:18:20,3999,completed,UPI
ORD_15536,CUST_1088,2026-05-18 22:19:21,1198,completed,UPI
ORD_10430,CUST_0144,2026-05-18 22:31:00,2499,completed,UPI
ORD_18997,CUST_1929,2026-05-18 23:38:22,2499,completed,UPI
ORD_10772,CUST_0239,2026-05-19 00:16:00,2499,completed,COD
ORD_14782,CUST_0794,2026-05-19 00:34:40,1098,completed,UPI
ORD_16451,CUST_1355,2026-05-19 00:46:23,3698,completed,UPI
ORD_10478,CUST_0160,2026-05-19 00:47:00,1999,completed,UPI
ORD_16414,CUST_1241,2026-05-19 04:14:19,3298,completed,Debit Card
ORD_14295,CUST_1601,2026-05-19 04:45:05,1198,completed,UPI
ORD_17039,CUST_0621,2026-05-19 04:52:33,1999,completed,COD
ORD_16224,CUST_0959,2026-05-19 05:07:59,6398,completed,Credit Card
ORD_10000,CUST_0001,2026-05-19 05:53:00,249,completed,UPI
ORD_14708,CUST_1790,2026-05-19 06:28:52,1248,completed,Credit Card
ORD_10739,CUST_0230,2026-05-19 07:36:00,7998,completed,COD
ORD_17077,CUST_0811,2026-05-19 08:20:24,1899,completed,UPI
ORD_10831,CUST_0253,2026-05-19 08:52:00,3299,completed,COD
ORD_18155,CUST_1007,2026-05-19 09:07:56,899,refunded,UPI
ORD_17161,CUST_0841,2026-05-19 09:28:11,3299,completed,COD
ORD_10312,CUST_0105,2026-05-19 09:29:00,699,completed,Debit Card
ORD_18045,CUST_1061,2026-05-19 09:44:07,699,completed,Debit Card
ORD_14238,CUST_1854,2026-05-19 11:05:55,1098,completed,Debit Card
ORD_14371,CUST_1130,2026-05-19 11:27:44,1498,completed,Credit Card
ORD_19823,CUST_1131,2026-05-19 11:46:29,999,completed,Credit Card
ORD_17297,CUST_1747,2026-05-19 12:07:27,4999,completed,UPI
ORD_19064,CUST_0799,2026-05-19 12:37:39,2499,completed,UPI
ORD_16029,CUST_1384,2026-05-19 12:45:54,5498,completed,UPI
ORD_19015,CUST_1571,2026-05-19 13:37:21,249,completed,UPI
ORD_16111,CUST_1155,2026-05-19 15:09:39,1998,completed,UPI
ORD_14164,CUST_1058,2026-05-19 16:18:09,1298,completed,Debit Card
ORD_16154,CUST_1171,2026-05-19 18:02:26,6798,completed,Debit Card
ORD_16779,CUST_1448,2026-05-19 18:15:32,1899,completed,Credit Card
ORD_19065,CUST_0421,2026-05-19 19:02:35,3999,completed,UPI
ORD_17196,CUST_1906,2026-05-19 19:35:32,999,completed,Credit Card
ORD_18768,CUST_1186,2026-05-19 20:07:49,6999,completed,UPI
ORD_16960,CUST_1978,2026-05-19 20:58:57,599,completed,UPI
ORD_19166,CUST_0703,2026-05-19 21:11:38,899,completed,UPI
ORD_10867,CUST_0262,2026-05-19 22:50:00,2499,completed,Debit Card
ORD_14948,CUST_1337,2026-05-19 23:18:13,1398,completed,UPI
ORD_14326,CUST_1518,2026-05-19 23:42:26,1348,completed,Credit Card
ORD_14055,CUST_0368,2026-05-19 23:43:10,1698,completed,Debit Card
ORD_15571,CUST_1308,2026-05-19 23:51:21,1398,completed,COD
ORD_17883,CUST_1483,2026-05-20 00:48:45,3999,completed,Debit Card
ORD_17858,CUST_1340,2026-05-20 01:08:52,3299,completed,Credit Card
ORD_18514,CUST_1030,2026-05-20 01:45:50,999,refunded,COD
ORD_10246,CUST_0083,2026-05-20 01:52:00,3999,completed,COD
ORD_17164,CUST_1691,2026-05-20 01:55:38,1999,completed,UPI
ORD_14169,CUST_1700,2026-05-20 02:10:43,1098,completed,Debit Card
ORD_10837,CUST_0255,2026-05-20 02:44:00,8598,completed,UPI
ORD_10453,CUST_0152,2026-05-20 02:53:00,799,completed,UPI
ORD_15599,CUST_1795,2026-05-20 02:54:05,1148,completed,UPI
ORD_14830,CUST_0641,2026-05-20 03:17:47,898,completed,Debit Card
ORD_16662,CUST_0892,2026-05-20 03:38:18,999,completed,UPI
ORD_19492,CUST_0949,2026-05-20 04:19:47,1899,completed,Debit Card
ORD_19231,CUST_0996,2026-05-20 04:25:53,4999,completed,Debit Card
ORD_10539,CUST_0180,2026-05-20 04:40:00,2999,completed,UPI
ORD_10633,CUST_0204,2026-05-20 05:47:00,2999,completed,UPI
ORD_16581,CUST_0688,2026-05-20 07:14:32,1899,completed,UPI
ORD_18328,CUST_1993,2026-05-20 07:17:29,2499,completed,COD
ORD_18264,CUST_1716,2026-05-20 07:28:53,1299,completed,Debit Card
ORD_16294,CUST_1376,2026-05-20 07:36:08,8998,completed,Debit Card
ORD_14116,CUST_0609,2026-05-20 07:57:29,998,completed,UPI
ORD_18504,CUST_0377,2026-05-20 08:11:33,249,completed,UPI
ORD_15714,CUST_0706,2026-05-20 08:45:05,11998,completed,Debit Card
ORD_14330,CUST_0514,2026-05-20 09:15:56,1148,completed,Debit Card
ORD_15027,CUST_0636,2026-05-20 09:16:18,898,completed,COD
ORD_17103,CUST_1554,2026-05-20 09:26:34,999,completed,Debit Card
ORD_19734,CUST_1353,2026-05-20 09:54:38,699,completed,UPI
ORD_17753,CUST_0521,2026-05-20 10:43:13,299,completed,Credit Card
ORD_14153,CUST_0785,2026-05-20 10:54:04,1098,completed,COD
ORD_19241,CUST_0546,2026-05-20 11:08:18,1499,completed,Credit Card
ORD_17169,CUST_1223,2026-05-20 11:08:51,1899,completed,Debit Card
ORD_18110,CUST_0627,2026-05-20 11:14:11,3999,completed,Debit Card
ORD_14604,CUST_1932,2026-05-20 11:44:39,1048,completed,Debit Card
ORD_17796,CUST_0545,2026-05-20 12:06:39,2799,completed,COD
ORD_15327,CUST_0351,2026-05-20 12:32:59,1098,completed,Credit Card
ORD_17487,CUST_0666,2026-05-20 13:15:40,599,completed,UPI
ORD_16195,CUST_1825,2026-05-20 14:17:37,6198,completed,COD
ORD_19849,CUST_0367,2026-05-20 14:53:14,899,completed,Debit Card
ORD_19784,CUST_0377,2026-05-20 15:27:58,699,completed,Credit Card
ORD_19391,CUST_1380,2026-05-20 15:30:19,899,completed,UPI
ORD_18756,CUST_1304,2026-05-20 16:02:48,3999,completed,Credit Card
ORD_17831,CUST_1617,2026-05-20 16:35:08,4299,completed,Debit Card
ORD_16695,CUST_0650,2026-05-20 16:38:53,499,completed,Credit Card
ORD_18432,CUST_0559,2026-05-20 16:48:04,2799,completed,UPI
ORD_19342,CUST_1415,2026-05-20 16:50:07,499,completed,UPI
ORD_18583,CUST_0980,2026-05-20 18:05:45,249,completed,Credit Card
ORD_14487,CUST_0628,2026-05-20 19:10:49,898,completed,UPI
ORD_16589,CUST_1025,2026-05-20 19:15:10,1299,completed,UPI
ORD_18622,CUST_1168,2026-05-20 20:03:16,1299,completed,Credit Card
ORD_16060,CUST_1246,2026-05-20 21:24:47,4098,completed,Debit Card
ORD_14894,CUST_0797,2026-05-20 22:43:43,898,completed,Credit Card
ORD_15824,CUST_1746,2026-05-20 22:59:48,6998,completed,UPI
ORD_15071,CUST_1105,2026-05-20 23:09:12,848,completed,UPI
ORD_10606,CUST_0197,2026-05-20 23:11:00,2799,completed,Debit Card
ORD_15529,CUST_1246,2026-05-20 23:34:52,998,completed,UPI
ORD_17607,CUST_1017,2026-05-20 23:43:15,2199,completed,COD
ORD_10688,CUST_0218,2026-05-20 23:55:00,13998,completed,COD
ORD_10879,CUST_0265,2026-05-21 00:11:00,10998,completed,Debit Card
ORD_19812,CUST_1865,2026-05-21 00:35:36,1999,completed,Credit Card
ORD_17750,CUST_1372,2026-05-21 01:33:22,249,completed,UPI
ORD_10695,CUST_0219,2026-05-21 01:45:00,4299,completed,UPI
ORD_15819,CUST_0435,2026-05-21 01:48:57,4698,completed,Credit Card
ORD_16433,CUST_1772,2026-05-21 01:57:04,5198,completed,UPI
ORD_15530,CUST_1481,2026-05-21 02:09:54,998,completed,UPI
ORD_10841,CUST_0256,2026-05-21 02:13:00,4299,completed,UPI
ORD_14274,CUST_1625,2026-05-21 02:51:23,1048,completed,COD
ORD_18056,CUST_1622,2026-05-21 03:18:47,299,completed,Credit Card
ORD_10849,CUST_0258,2026-05-21 03:20:00,6998,completed,COD
ORD_17710,CUST_1061,2026-05-21 03:27:45,3299,completed,UPI
ORD_16513,CUST_1322,2026-05-21 03:29:44,2798,completed,UPI
ORD_10288,CUST_0097,2026-05-21 04:05:00,299,completed,UPI
ORD_18970,CUST_1811,2026-05-21 04:19:46,3299,completed,Debit Card
ORD_10684,CUST_0217,2026-05-21 04:21:00,5998,completed,UPI
ORD_10775,CUST_0239,2026-05-21 04:45:00,3999,completed,Credit Card
ORD_17592,CUST_1218,2026-05-21 04:47:35,1299,completed,UPI
ORD_19587,CUST_1496,2026-05-21 04:52:34,799,completed,COD
ORD_16299,CUST_1490,2026-05-21 05:52:07,3198,completed,Debit Card
ORD_16997,CUST_1333,2026-05-21 06:09:42,3999,completed,Debit Card
ORD_15215,CUST_1724,2026-05-21 06:26:29,1098,completed,UPI
ORD_16575,CUST_1083,2026-05-21 07:16:38,3299,completed,UPI
ORD_16859,CUST_1442,2026-05-21 07:16:45,3499,completed,UPI
ORD_14225,CUST_1146,2026-05-21 07:33:23,1698,completed,UPI
ORD_16855,CUST_0521,2026-05-21 08:42:33,3299,completed,COD
ORD_15250,CUST_1536,2026-05-21 09:17:54,1048,completed,Debit Card
ORD_15029,CUST_1745,2026-05-21 09:46:50,1498,completed,UPI
ORD_10227,CUST_0076,2026-05-21 09:52:00,699,completed,Credit Card
ORD_15442,CUST_1023,2026-05-21 09:55:43,1698,completed,COD
ORD_17745,CUST_1556,2026-05-21 10:06:57,899,completed,UPI
ORD_10588,CUST_0193,2026-05-21 10:15:00,13998,completed,Debit Card
ORD_16120,CUST_0817,2026-05-21 10:17:49,7998,completed,COD
ORD_14653,CUST_1493,2026-05-21 10:31:51,1398,completed,UPI
ORD_16229,CUST_1785,2026-05-21 14:10:27,3998,completed,Debit Card
ORD_17063,CUST_1914,2026-05-21 16:56:28,3999,completed,UPI
ORD_17567,CUST_0895,2026-05-21 17:50:14,2799,failed,COD
ORD_18365,CUST_0870,2026-05-21 17:56:13,3299,completed,UPI
ORD_17469,CUST_0841,2026-05-21 18:13:21,349,completed,Debit Card
ORD_18346,CUST_1612,2026-05-21 18:54:11,1899,completed,UPI
ORD_19714,CUST_1081,2026-05-21 19:15:11,6999,completed,UPI
ORD_17667,CUST_1944,2026-05-21 21:24:20,4999,completed,UPI
ORD_16562,CUST_1518,2026-05-21 21:31:34,2499,completed,Credit Card
ORD_10686,CUST_0217,2026-05-21 22:22:00,2999,completed,UPI
ORD_15607,CUST_1933,2026-05-21 22:56:14,848,completed,UPI
ORD_14760,CUST_0369,2026-05-21 23:12:36,1148,completed,UPI
ORD_18982,CUST_1509,2026-05-22 01:11:59,1299,completed,UPI
ORD_10118,CUST_0040,2026-05-22 01:32:00,1999,completed,UPI
ORD_15771,CUST_1064,2026-05-22 01:44:33,3798,completed,Credit Card
ORD_14910,CUST_0861,2026-05-22 02:04:50,1298,completed,COD
ORD_19707,CUST_0736,2026-05-22 02:21:00,249,completed,COD
ORD_10174,CUST_0059,2026-05-22 02:23:00,349,completed,UPI
ORD_10878,CUST_0265,2026-05-22 03:07:00,2999,completed,UPI
ORD_10436,CUST_0146,2026-05-22 03:11:00,2499,completed,COD
ORD_15138,CUST_1940,2026-05-22 03:20:48,898,completed,Debit Card
ORD_17724,CUST_1828,2026-05-22 03:23:33,1999,failed,UPI
ORD_19590,CUST_0568,2026-05-22 04:19:30,799,completed,Debit Card
ORD_15414,CUST_1713,2026-05-22 04:40:54,1048,completed,COD
ORD_16606,CUST_1263,2026-05-22 05:02:31,1899,completed,UPI
ORD_14263,CUST_0990,2026-05-22 05:33:51,1198,completed,UPI
ORD_14854,CUST_0313,2026-05-22 06:08:39,948,completed,UPI
ORD_18097,CUST_0761,2026-05-22 06:17:14,1299,completed,UPI
ORD_15162,CUST_0617,2026-05-22 06:29:09,1248,completed,UPI
ORD_10017,CUST_0006,2026-05-22 06:36:00,599,completed,COD
ORD_16058,CUST_0478,2026-05-22 07:56:05,4798,completed,Credit Card
ORD_16791,CUST_0616,2026-05-22 08:56:58,2499,completed,UPI
ORD_16293,CUST_0650,2026-05-22 09:14:23,3098,completed,COD
ORD_14291,CUST_1195,2026-05-22 10:01:11,748,completed,Debit Card
ORD_10693,CUST_0219,2026-05-22 10:05:00,5998,completed,Credit Card
ORD_16994,CUST_1500,2026-05-22 10:18:47,1499,completed,UPI
ORD_14066,CUST_0314,2026-05-22 10:40:11,1248,completed,UPI
ORD_19635,CUST_0313,2026-05-22 10:44:20,4299,completed,Credit Card
ORD_16560,CUST_1521,2026-05-22 11:18:17,799,completed,UPI
ORD_15759,CUST_0402,2026-05-22 12:31:13,10298,completed,UPI
ORD_14361,CUST_0808,2026-05-22 12:47:18,1098,completed,UPI
ORD_16491,CUST_0555,2026-05-22 12:56:17,8898,completed,UPI
ORD_16488,CUST_1201,2026-05-22 13:43:09,4798,completed,COD
ORD_15874,CUST_0378,2026-05-22 13:43:46,5498,completed,UPI
ORD_15905,CUST_0894,2026-05-22 13:48:24,4698,completed,UPI
ORD_18788,CUST_1696,2026-05-22 14:10:19,3299,completed,Credit Card
ORD_18197,CUST_0471,2026-05-22 14:27:44,499,completed,Credit Card
ORD_15926,CUST_0669,2026-05-22 14:44:22,6798,completed,Debit Card
ORD_17336,CUST_0981,2026-05-22 15:19:59,899,completed,UPI
ORD_18525,CUST_0701,2026-05-22 15:59:22,4299,completed,UPI
ORD_15845,CUST_0444,2026-05-22 16:01:11,5798,completed,UPI
ORD_19438,CUST_0901,2026-05-22 16:09:59,2199,completed,COD
ORD_15218,CUST_1349,2026-05-22 18:15:53,1248,completed,UPI
ORD_19161,CUST_1371,2026-05-22 18:24:23,999,completed,COD
ORD_19063,CUST_1472,2026-05-22 19:35:48,3299,completed,UPI
ORD_15467,CUST_0768,2026-05-22 20:23:34,1098,completed,Debit Card
ORD_14377,CUST_0785,2026-05-22 20:46:34,1298,completed,UPI
ORD_17778,CUST_0599,2026-05-22 21:16:53,799,refunded,Debit Card
ORD_15254,CUST_1526,2026-05-22 21:42:24,898,completed,Debit Card
ORD_18449,CUST_1211,2026-05-22 22:28:13,6999,completed,COD
ORD_19571,CUST_0860,2026-05-22 22:54:43,2799,completed,COD
ORD_19336,CUST_0539,2026-05-22 22:58:06,899,completed,UPI
ORD_16536,CUST_1772,2026-05-22 23:19:46,1299,completed,UPI
ORD_10505,CUST_0169,2026-05-22 23:21:00,2499,completed,Credit Card
ORD_16971,CUST_1261,2026-05-23 01:02:33,899,completed,UPI
ORD_14720,CUST_0668,2026-05-23 01:20:13,1148,completed,UPI
ORD_17337,CUST_1003,2026-05-23 02:49:31,349,completed,UPI
ORD_16745,CUST_0536,2026-05-23 03:39:10,1299,completed,Credit Card
ORD_17577,CUST_1526,2026-05-23 04:01:12,799,completed,Credit Card
ORD_19801,CUST_1663,2026-05-23 04:07:08,349,completed,UPI
ORD_19526,CUST_1594,2026-05-23 04:27:44,1899,completed,UPI
ORD_19287,CUST_1022,2026-05-23 06:07:29,4299,completed,UPI
ORD_10424,CUST_0142,2026-05-23 06:36:00,4299,completed,Debit Card
ORD_15120,CUST_1566,2026-05-23 07:22:21,848,completed,UPI
ORD_10319,CUST_0107,2026-05-23 07:23:00,299,completed,UPI
ORD_14223,CUST_1349,2026-05-23 09:02:09,1498,completed,UPI
ORD_15758,CUST_0371,2026-05-23 09:14:02,6298,completed,Credit Card
ORD_19911,CUST_1046,2026-05-23 09:14:16,699,completed,Credit Card
ORD_14792,CUST_1111,2026-05-23 09:56:18,1198,completed,UPI
ORD_17822,CUST_1054,2026-05-23 10:00:18,799,completed,UPI
ORD_17927,CUST_1286,2026-05-23 10:27:06,4999,completed,UPI
ORD_16440,CUST_1461,2026-05-23 12:14:08,2998,completed,Debit Card
ORD_16427,CUST_0532,2026-05-23 12:16:41,2998,completed,COD
ORD_15718,CUST_0318,2026-05-23 12:37:57,7298,completed,UPI
ORD_18492,CUST_1066,2026-05-23 15:27:51,699,completed,UPI
ORD_19528,CUST_0810,2026-05-23 15:44:15,6999,completed,UPI
ORD_19475,CUST_1880,2026-05-23 18:25:11,2199,completed,Debit Card
ORD_18656,CUST_1395,2026-05-23 19:35:42,899,completed,Debit Card
ORD_14035,CUST_1225,2026-05-23 19:40:18,1148,completed,Debit Card
ORD_19389,CUST_0647,2026-05-23 19:44:55,3299,completed,COD
ORD_19965,CUST_0470,2026-05-23 20:05:36,4999,completed,UPI
ORD_17056,CUST_0654,2026-05-23 20:51:47,3999,completed,COD
ORD_18296,CUST_1457,2026-05-23 20:54:44,899,completed,UPI
ORD_16406,CUST_1648,2026-05-23 20:56:23,4298,completed,UPI
ORD_18964,CUST_0482,2026-05-23 21:32:27,3299,completed,UPI
ORD_15716,CUST_1580,2026-05-23 21:34:08,2198,completed,Debit Card
ORD_19033,CUST_1283,2026-05-23 21:46:34,6999,completed,UPI
ORD_19035,CUST_1168,2026-05-23 23:03:28,799,completed,UPI
ORD_17735,CUST_0337,2026-05-23 23:14:39,2799,completed,Credit Card
ORD_16648,CUST_1428,2026-05-23 23:35:45,2499,completed,UPI
ORD_17499,CUST_0414,2026-05-23 23:42:44,499,completed,UPI
ORD_10144,CUST_0049,2026-05-24 00:01:00,2199,completed,COD
ORD_18440,CUST_1433,2026-05-24 00:01:47,3999,completed,UPI
ORD_15402,CUST_0420,2026-05-24 00:09:37,1198,completed,Credit Card
ORD_17546,CUST_0549,2026-05-24 01:58:15,999,completed,COD
ORD_10283,CUST_0095,2026-05-24 02:38:00,1499,completed,UPI
ORD_18902,CUST_0559,2026-05-24 03:20:39,999,completed,UPI
ORD_18570,CUST_0891,2026-05-24 03:30:24,249,completed,UPI
ORD_17530,CUST_0495,2026-05-24 03:36:07,1299,completed,Credit Card
ORD_16789,CUST_1097,2026-05-24 04:17:04,2799,completed,UPI
ORD_15698,CUST_0424,2026-05-24 05:20:51,1898,completed,UPI
ORD_18852,CUST_0432,2026-05-24 05:30:27,4299,completed,UPI
ORD_18980,CUST_0950,2026-05-24 05:33:35,599,completed,UPI
ORD_17826,CUST_1297,2026-05-24 05:36:57,799,completed,UPI
ORD_10497,CUST_0166,2026-05-24 05:37:00,3299,completed,UPI
ORD_19604,CUST_1507,2026-05-24 05:56:27,2499,completed,UPI
ORD_14879,CUST_0495,2026-05-24 06:22:42,1198,completed,UPI
ORD_18205,CUST_1525,2026-05-24 07:06:39,899,completed,UPI
ORD_16926,CUST_1985,2026-05-24 07:13:30,3299,completed,Debit Card
ORD_10492,CUST_0165,2026-05-24 08:06:00,2499,completed,Credit Card
ORD_10817,CUST_0250,2026-05-24 08:09:00,3299,completed,UPI
ORD_17438,CUST_1385,2026-05-24 08:45:02,2199,completed,UPI
ORD_10185,CUST_0062,2026-05-24 09:33:00,799,completed,Debit Card
ORD_18703,CUST_1147,2026-05-24 09:34:28,349,completed,UPI
ORD_19456,CUST_1633,2026-05-24 09:42:40,1999,completed,UPI
ORD_10422,CUST_0141,2026-05-24 10:49:00,6999,completed,Debit Card
ORD_19798,CUST_0891,2026-05-24 10:53:06,2499,completed,COD
ORD_15681,CUST_1119,2026-05-24 10:58:47,1598,completed,UPI
ORD_17183,CUST_0941,2026-05-24 11:40:54,1299,completed,Debit Card
ORD_19548,CUST_1805,2026-05-24 12:00:12,3499,completed,COD
ORD_16588,CUST_0639,2026-05-24 12:21:31,3999,completed,Debit Card
ORD_16492,CUST_0378,2026-05-24 13:14:57,3998,completed,Debit Card
ORD_18603,CUST_0820,2026-05-24 13:41:54,999,completed,UPI
ORD_16498,CUST_0555,2026-05-24 15:14:24,4098,completed,UPI
ORD_17629,CUST_1278,2026-05-24 15:55:45,1299,completed,UPI
ORD_19112,CUST_0694,2026-05-24 16:22:12,2499,completed,Credit Card
ORD_18554,CUST_0912,2026-05-24 16:34:31,5499,completed,UPI
ORD_14152,CUST_0457,2026-05-24 17:41:19,1298,completed,Credit Card
ORD_19371,CUST_0887,2026-05-24 18:06:46,3499,completed,COD
ORD_17346,CUST_0987,2026-05-24 19:44:40,599,completed,UPI
ORD_14808,CUST_1672,2026-05-24 21:09:25,998,completed,COD
ORD_15190,CUST_0420,2026-05-24 22:26:27,1198,completed,Credit Card
ORD_14822,CUST_1166,2026-05-24 22:30:14,1148,completed,Credit Card
ORD_10014,CUST_0005,2026-05-24 22:55:00,1999,completed,Credit Card
ORD_10779,CUST_0240,2026-05-24 23:04:00,3299,completed,UPI
ORD_10092,CUST_0031,2026-05-24 23:32:00,999,completed,COD
ORD_17213,CUST_0846,2026-05-24 23:49:46,799,completed,UPI
ORD_14841,CUST_1752,2026-05-24 23:58:06,848,completed,UPI
ORD_19381,CUST_1820,2026-05-25 01:20:12,349,completed,Debit Card
ORD_18917,CUST_0777,2026-05-25 01:39:37,249,completed,UPI
ORD_10444,CUST_0149,2026-05-25 01:58:00,2499,completed,UPI
ORD_18303,CUST_0541,2026-05-25 02:27:08,3299,completed,Credit Card
ORD_10691,CUST_0218,2026-05-25 03:55:00,4998,completed,COD
ORD_15096,CUST_1242,2026-05-25 04:22:56,1198,completed,COD
ORD_16902,CUST_0989,2026-05-25 05:30:16,4299,refunded,COD
ORD_19764,CUST_1644,2026-05-25 06:12:42,699,completed,UPI
ORD_14742,CUST_0640,2026-05-25 06:26:48,1348,completed,UPI
ORD_18844,CUST_1137,2026-05-25 06:41:22,499,completed,UPI
ORD_10187,CUST_0063,2026-05-25 06:51:00,349,completed,Debit Card
ORD_10855,CUST_0259,2026-05-25 07:35:00,6598,completed,UPI
ORD_10669,CUST_0213,2026-05-25 07:49:00,9998,completed,UPI
ORD_17490,CUST_1112,2026-05-25 08:25:45,6999,completed,COD
ORD_10080,CUST_0027,2026-05-25 08:30:00,3299,completed,COD
ORD_19814,CUST_0517,2026-05-25 08:40:53,6999,completed,COD
ORD_14589,CUST_0711,2026-05-25 09:19:54,798,completed,COD
ORD_10702,CUST_0221,2026-05-25 09:31:00,6998,completed,UPI
ORD_16678,CUST_0287,2026-05-25 11:40:26,1299,completed,Debit Card
ORD_14827,CUST_1409,2026-05-25 11:59:25,1198,completed,Credit Card
ORD_19810,CUST_1983,2026-05-25 12:09:07,3999,completed,UPI
ORD_18991,CUST_0426,2026-05-25 12:27:31,3999,completed,UPI
ORD_15968,CUST_0978,2026-05-25 12:34:43,4398,completed,COD
ORD_19373,CUST_1964,2026-05-25 12:46:51,3999,completed,UPI
ORD_18972,CUST_0372,2026-05-25 16:52:47,349,completed,Debit Card
ORD_14966,CUST_0484,2026-05-25 17:01:01,1098,completed,UPI
ORD_14514,CUST_1109,2026-05-25 17:33:44,1248,completed,UPI
ORD_18309,CUST_1456,2026-05-25 17:50:34,1899,completed,Credit Card
ORD_18377,CUST_1616,2026-05-25 17:59:48,1299,completed,UPI
ORD_18333,CUST_0997,2026-05-25 18:32:58,3999,completed,UPI
ORD_16334,CUST_1625,2026-05-25 19:18:38,10998,completed,Debit Card
ORD_19984,CUST_0517,2026-05-25 19:26:27,2799,completed,Debit Card
ORD_18336,CUST_1271,2026-05-25 19:44:35,1299,completed,UPI
ORD_14860,CUST_1347,2026-05-25 21:26:32,998,completed,Credit Card
ORD_16200,CUST_1881,2026-05-25 21:48:57,4598,completed,UPI
ORD_18814,CUST_1107,2026-05-25 22:34:26,599,completed,UPI
ORD_16236,CUST_1278,2026-05-25 23:12:30,3798,completed,UPI
ORD_19667,CUST_0458,2026-05-25 23:23:24,4299,completed,UPI
ORD_10423,CUST_0142,2026-05-25 23:41:00,1299,completed,UPI
ORD_16559,CUST_1275,2026-05-25 23:51:03,3999,completed,UPI
ORD_18401,CUST_1853,2026-05-25 23:56:27,899,completed,Credit Card
ORD_10229,CUST_0077,2026-05-26 00:40:00,699,completed,COD
ORD_10373,CUST_0125,2026-05-26 00:57:00,4299,completed,COD
ORD_16340,CUST_1041,2026-05-26 00:57:54,6798,completed,COD
ORD_19824,CUST_0853,2026-05-26 01:11:23,3999,completed,UPI
ORD_10060,CUST_0021,2026-05-26 01:37:00,3299,completed,UPI
ORD_14685,CUST_1580,2026-05-26 01:47:47,1148,completed,UPI
ORD_18092,CUST_1113,2026-05-26 02:34:26,699,completed,UPI
ORD_16917,CUST_0438,2026-05-26 02:34:51,1899,completed,UPI
ORD_14906,CUST_1778,2026-05-26 03:02:46,1198,completed,UPI
ORD_19986,CUST_1151,2026-05-26 03:07:23,349,completed,COD
ORD_10361,CUST_0121,2026-05-26 03:21:00,899,completed,UPI
ORD_10038,CUST_0013,2026-05-26 03:26:00,1899,completed,COD
ORD_19593,CUST_0985,2026-05-26 04:17:53,3299,completed,Credit Card
ORD_19818,CUST_1585,2026-05-26 04:38:30,699,completed,UPI
ORD_15739,CUST_0418,2026-05-26 04:49:13,6198,completed,Debit Card
ORD_16524,CUST_0977,2026-05-26 05:17:25,1899,completed,Credit Card
ORD_14571,CUST_0587,2026-05-26 05:26:01,1248,completed,COD
ORD_18500,CUST_0484,2026-05-26 06:06:53,499,completed,UPI
ORD_10793,CUST_0244,2026-05-26 06:52:00,4998,completed,Debit Card
ORD_15765,CUST_1001,2026-05-26 06:55:32,2198,completed,Debit Card
ORD_14965,CUST_1269,2026-05-26 06:57:38,1198,completed,Credit Card
ORD_10215,CUST_0072,2026-05-26 07:02:00,4299,completed,COD
ORD_19909,CUST_1026,2026-05-26 08:05:22,699,completed,UPI
ORD_16797,CUST_0287,2026-05-26 08:26:38,1999,completed,UPI
ORD_19722,CUST_1852,2026-05-26 08:44:04,2499,completed,UPI
ORD_10738,CUST_0230,2026-05-26 08:58:00,6999,completed,UPI
ORD_17994,CUST_1159,2026-05-26 09:02:07,2799,completed,Debit Card
ORD_17246,CUST_1590,2026-05-26 10:02:21,3999,completed,COD
ORD_10039,CUST_0014,2026-05-26 10:20:00,3999,completed,Debit Card
ORD_10705,CUST_0222,2026-05-26 10:35:00,5499,completed,UPI
ORD_15015,CUST_1478,2026-05-26 10:49:16,1098,completed,Debit Card
ORD_19538,CUST_1388,2026-05-26 10:53:08,499,completed,Credit Card
ORD_19056,CUST_1531,2026-05-26 11:36:26,349,completed,Credit Card
ORD_19549,CUST_1420,2026-05-26 12:16:42,799,completed,UPI
ORD_15422,CUST_1302,2026-05-26 13:07:34,748,completed,COD
ORD_14027,CUST_0646,2026-05-26 13:50:43,798,completed,COD
ORD_18368,CUST_1396,2026-05-26 14:24:11,699,completed,Debit Card
ORD_17846,CUST_1210,2026-05-26 15:05:07,3299,completed,UPI
ORD_19131,CUST_1308,2026-05-26 18:08:39,1999,completed,COD
ORD_19754,CUST_1809,2026-05-26 18:58:14,899,completed,Debit Card
ORD_14940,CUST_1119,2026-05-26 19:28:15,1498,completed,UPI
ORD_19069,CUST_1295,2026-05-26 20:08:35,899,completed,UPI
ORD_18299,CUST_1918,2026-05-26 20:45:47,5499,completed,UPI
ORD_18540,CUST_1161,2026-05-26 21:40:10,899,completed,UPI
ORD_17069,CUST_1555,2026-05-26 22:14:18,249,completed,UPI
ORD_19265,CUST_0908,2026-05-26 22:45:03,6999,completed,UPI
ORD_16810,CUST_0424,2026-05-26 22:56:43,899,completed,COD
ORD_16596,CUST_0471,2026-05-26 23:21:15,6999,completed,UPI
ORD_15369,CUST_0705,2026-05-27 00:28:41,1698,completed,UPI
ORD_16361,CUST_1154,2026-05-27 00:32:41,7498,completed,Debit Card
ORD_15050,CUST_1409,2026-05-27 01:56:15,1298,completed,UPI
ORD_10829,CUST_0253,2026-05-27 02:13:00,4998,completed,UPI
ORD_19826,CUST_0285,2026-05-27 02:38:08,4299,completed,COD
ORD_14353,CUST_1403,2026-05-27 03:04:58,748,completed,Debit Card
ORD_10732,CUST_0229,2026-05-27 03:37:00,5499,completed,COD
ORD_17722,CUST_1494,2026-05-27 04:09:28,4999,completed,UPI
ORD_16117,CUST_1758,2026-05-27 04:51:04,5198,completed,UPI
ORD_19343,CUST_0908,2026-05-27 06:04:20,3499,completed,COD
ORD_10563,CUST_0186,2026-05-27 06:48:00,8598,completed,UPI
ORD_15897,CUST_0642,2026-05-27 06:59:25,6498,completed,UPI
ORD_14123,CUST_0653,2026-05-27 08:41:54,1098,completed,COD
ORD_14714,CUST_1342,2026-05-27 09:30:01,1198,completed,UPI
ORD_16065,CUST_1136,2026-05-27 12:27:22,3298,completed,Debit Card
ORD_16802,CUST_1424,2026-05-27 12:35:46,3299,completed,Credit Card
ORD_16850,CUST_0379,2026-05-27 12:46:32,1899,completed,Credit Card
ORD_17866,CUST_0637,2026-05-27 12:53:22,1899,completed,UPI
ORD_17437,CUST_1542,2026-05-27 13:09:17,999,completed,Credit Card
ORD_16635,CUST_1378,2026-05-27 13:29:05,999,completed,UPI
ORD_17921,CUST_0950,2026-05-27 14:35:22,1299,completed,UPI
ORD_19124,CUST_1772,2026-05-27 14:54:13,1299,completed,UPI
ORD_15577,CUST_1460,2026-05-27 15:16:33,898,completed,Credit Card
ORD_19825,CUST_0467,2026-05-27 16:38:56,6999,completed,UPI
ORD_15474,CUST_1843,2026-05-27 17:07:49,748,completed,Credit Card
ORD_14127,CUST_0459,2026-05-27 19:21:03,798,completed,Debit Card
ORD_16073,CUST_0577,2026-05-27 19:48:48,5898,completed,Credit Card
ORD_14177,CUST_0541,2026-05-27 19:50:25,798,completed,UPI
ORD_16743,CUST_1992,2026-05-27 19:59:45,499,completed,COD
ORD_16314,CUST_0746,2026-05-27 20:01:30,2598,completed,UPI
ORD_18595,CUST_0657,2026-05-27 21:05:08,1299,completed,Debit Card
ORD_16138,CUST_1395,2026-05-27 21:11:51,6998,completed,COD
ORD_19331,CUST_1792,2026-05-27 22:09:08,1299,completed,COD
ORD_10750,CUST_0233,2026-05-27 22:15:00,2799,completed,Debit Card
ORD_18062,CUST_0788,2026-05-27 22:25:06,799,completed,UPI
ORD_18273,CUST_1994,2026-05-27 22:27:35,5499,completed,UPI
ORD_10745,CUST_0232,2026-05-27 23:11:00,2499,completed,UPI
ORD_14327,CUST_1612,2026-05-27 23:29:49,1148,completed,UPI
ORD_17572,CUST_1830,2026-05-27 23:35:09,5499,completed,Credit Card
ORD_15368,CUST_1080,2026-05-27 23:58:32,1698,completed,Debit Card
ORD_10594,CUST_0194,2026-05-28 00:44:00,2499,completed,Credit Card
ORD_16374,CUST_1576,2026-05-28 00:57:17,6298,completed,UPI
ORD_17616,CUST_0588,2026-05-28 01:36:07,699,completed,UPI
ORD_15841,CUST_1505,2026-05-28 01:38:07,6998,completed,COD
ORD_14819,CUST_1145,2026-05-28 02:18:03,1498,completed,COD
ORD_14048,CUST_1383,2026-05-28 03:12:44,1198,completed,Credit Card
ORD_18782,CUST_1426,2026-05-28 04:11:01,4999,completed,UPI
ORD_18561,CUST_1466,2026-05-28 04:55:48,1899,completed,UPI
ORD_17626,CUST_1077,2026-05-28 05:29:47,249,completed,COD
ORD_10182,CUST_0061,2026-05-28 06:20:00,999,completed,Credit Card
ORD_14462,CUST_1730,2026-05-28 06:27:37,1298,completed,UPI
ORD_18227,CUST_0957,2026-05-28 06:28:42,3999,completed,UPI
ORD_14958,CUST_0591,2026-05-28 07:27:52,748,completed,COD
ORD_17057,CUST_1551,2026-05-28 07:35:38,1899,completed,UPI
ORD_10711,CUST_0223,2026-05-28 07:37:00,3299,completed,Credit Card
ORD_10761,CUST_0236,2026-05-28 08:52:00,6999,completed,Credit Card
ORD_18537,CUST_1204,2026-05-28 08:59:48,999,completed,UPI
ORD_18631,CUST_0369,2026-05-28 09:00:07,799,completed,COD
ORD_10694,CUST_0219,2026-05-28 09:57:00,6998,completed,UPI
ORD_18272,CUST_0398,2026-05-28 09:57:08,899,completed,Credit Card
ORD_19043,CUST_1995,2026-05-28 10:14:18,1499,completed,UPI
ORD_15432,CUST_1188,2026-05-28 10:16:32,1298,completed,UPI
ORD_10148,CUST_0050,2026-05-28 10:33:00,3999,completed,Credit Card
ORD_10853,CUST_0259,2026-05-28 10:49:00,2499,completed,COD
ORD_17814,CUST_1200,2026-05-28 11:03:23,5499,completed,Credit Card
ORD_15056,CUST_1698,2026-05-28 11:42:02,1098,completed,Credit Card
ORD_15672,CUST_0772,2026-05-28 11:48:16,1298,completed,COD
ORD_18586,CUST_1366,2026-05-28 12:15:35,3999,completed,COD
ORD_14874,CUST_0687,2026-05-28 13:07:42,1498,completed,UPI
ORD_17210,CUST_0326,2026-05-28 13:21:40,349,completed,UPI
ORD_19473,CUST_1474,2026-05-28 13:22:45,2199,completed,Credit Card
ORD_17392,CUST_1678,2026-05-28 13:50:42,3499,completed,Credit Card
ORD_19106,CUST_0964,2026-05-28 13:53:36,2499,completed,Credit Card
ORD_15603,CUST_1751,2026-05-28 13:54:51,848,completed,UPI
ORD_18399,CUST_1871,2026-05-28 14:00:39,1899,completed,UPI
ORD_16750,CUST_0378,2026-05-28 14:19:06,1899,refunded,UPI
ORD_14515,CUST_1831,2026-05-28 14:38:05,1148,completed,Credit Card
ORD_16289,CUST_0482,2026-05-28 14:58:23,10298,completed,Debit Card
ORD_14616,CUST_1025,2026-05-28 15:24:58,1048,completed,UPI
ORD_14545,CUST_1956,2026-05-28 16:30:32,1248,completed,Credit Card
ORD_18511,CUST_0771,2026-05-28 17:44:36,2499,completed,UPI
ORD_16574,CUST_0714,2026-05-28 18:10:50,1899,completed,Debit Card
ORD_17868,CUST_1424,2026-05-28 19:06:14,799,completed,UPI
ORD_16920,CUST_1609,2026-05-28 19:24:05,899,completed,UPI
ORD_14149,CUST_1734,2026-05-28 19:27:12,948,completed,UPI
ORD_18789,CUST_1217,2026-05-28 19:47:10,699,completed,Debit Card
ORD_19868,CUST_0337,2026-05-28 21:13:33,1899,completed,UPI
ORD_15384,CUST_0604,2026-05-28 21:16:04,1098,completed,Debit Card
ORD_14228,CUST_1932,2026-05-28 21:25:07,1198,completed,UPI
ORD_17497,CUST_1023,2026-05-28 21:48:36,999,completed,COD
ORD_17466,CUST_1812,2026-05-28 22:10:58,3499,failed,Debit Card
ORD_16402,CUST_1025,2026-05-28 23:21:27,4098,completed,Credit Card
ORD_10063,CUST_0022,2026-05-28 23:32:00,299,completed,UPI
ORD_10354,CUST_0119,2026-05-28 23:45:00,4299,completed,Credit Card
ORD_10294,CUST_0099,2026-05-28 23:53:00,1499,completed,Debit Card
ORD_14155,CUST_1962,2026-05-29 00:24:37,1298,completed,UPI
ORD_10366,CUST_0123,2026-05-29 01:09:00,3299,completed,Credit Card
ORD_17952,CUST_0326,2026-05-29 01:19:34,899,completed,UPI
ORD_17576,CUST_1373,2026-05-29 01:45:04,699,completed,UPI
ORD_17827,CUST_1827,2026-05-29 02:14:41,2799,completed,COD
ORD_10081,CUST_0028,2026-05-29 02:26:00,799,completed,Credit Card
ORD_18460,CUST_1731,2026-05-29 02:43:11,899,completed,COD
ORD_10065,CUST_0022,2026-05-29 03:25:00,2799,completed,COD
ORD_16077,CUST_1849,2026-05-29 04:21:17,2398,completed,UPI
ORD_18122,CUST_0818,2026-05-29 04:26:43,1999,completed,UPI
ORD_17893,CUST_0751,2026-05-29 04:51:55,799,completed,UPI
ORD_18831,CUST_0784,2026-05-29 04:52:09,899,completed,COD
ORD_16485,CUST_1187,2026-05-29 04:58:51,6598,completed,COD
ORD_18463,CUST_1268,2026-05-29 05:18:51,799,completed,UPI
ORD_19079,CUST_1069,2026-05-29 05:20:20,5499,completed,COD
ORD_10420,CUST_0141,2026-05-29 05:47:00,1899,completed,COD
ORD_19554,CUST_1523,2026-05-29 06:14:08,799,completed,UPI
ORD_15902,CUST_1349,2026-05-29 06:32:44,1998,completed,Debit Card
ORD_17679,CUST_0797,2026-05-29 06:35:20,6999,completed,COD
ORD_19661,CUST_0526,2026-05-29 06:57:25,349,completed,Credit Card
ORD_10662,CUST_0211,2026-05-29 08:09:00,5598,completed,COD
ORD_17579,CUST_0914,2026-05-29 08:11:59,2799,completed,Credit Card
ORD_10603,CUST_0196,2026-05-29 09:29:00,7998,completed,UPI
ORD_10040,CUST_0014,2026-05-29 09:33:00,699,completed,Credit Card
ORD_15583,CUST_0396,2026-05-29 09:39:08,848,completed,UPI
ORD_14834,CUST_1383,2026-05-29 09:51:33,1248,completed,Debit Card
ORD_10184,CUST_0062,2026-05-29 10:35:00,799,completed,UPI
ORD_10256,CUST_0086,2026-05-29 10:38:00,3499,completed,UPI
ORD_19185,CUST_0478,2026-05-29 10:47:23,3999,completed,UPI
ORD_10715,CUST_0224,2026-05-29 10:52:00,3299,completed,Debit Card
ORD_17494,CUST_1443,2026-05-29 11:06:14,1299,completed,UPI
ORD_19595,CUST_1880,2026-05-29 11:16:21,799,completed,COD
ORD_15363,CUST_0895,2026-05-29 11:26:34,1248,completed,UPI
ORD_17005,CUST_0417,2026-05-29 11:29:57,3299,completed,Credit Card
ORD_14895,CUST_1906,2026-05-29 12:07:29,1298,completed,Credit Card
ORD_17889,CUST_0760,2026-05-29 13:03:17,3299,completed,COD
ORD_15152,CUST_1747,2026-05-29 13:30:47,1198,completed,Credit Card
ORD_19057,CUST_0716,2026-05-29 13:56:56,799,completed,UPI
ORD_14076,CUST_1832,2026-05-29 14:15:37,1298,completed,Credit Card
ORD_15792,CUST_1862,2026-05-29 14:30:44,8298,completed,COD
ORD_18307,CUST_1647,2026-05-29 15:05:24,999,completed,UPI
ORD_16039,CUST_1398,2026-05-29 16:14:28,2198,completed,COD
ORD_19119,CUST_0993,2026-05-29 16:24:18,1899,failed,UPI
ORD_19799,CUST_0683,2026-05-29 17:38:52,1299,completed,Credit Card
ORD_19058,CUST_1590,2026-05-29 18:14:59,5499,completed,UPI
ORD_15445,CUST_1672,2026-05-29 18:21:50,1248,completed,Debit Card
ORD_15271,CUST_0318,2026-05-29 18:52:13,1598,completed,UPI
ORD_15135,CUST_0773,2026-05-29 20:09:17,1698,completed,Debit Card
ORD_16583,CUST_1103,2026-05-29 21:16:31,499,completed,UPI
ORD_16407,CUST_1069,2026-05-29 21:30:08,5198,completed,COD
ORD_15922,CUST_0661,2026-05-29 22:29:11,4998,completed,Debit Card
ORD_18217,CUST_1803,2026-05-29 23:01:42,1899,completed,UPI
ORD_10124,CUST_0042,2026-05-29 23:11:00,999,completed,Credit Card
ORD_17148,CUST_0923,2026-05-29 23:27:54,3299,completed,UPI
ORD_16976,CUST_0503,2026-05-29 23:32:38,2499,completed,Credit Card
ORD_17514,CUST_1834,2026-05-29 23:56:49,899,completed,Debit Card
ORD_17140,CUST_0434,2026-05-30 00:30:46,6999,completed,UPI
ORD_15104,CUST_0714,2026-05-30 01:13:52,1348,completed,UPI
ORD_10247,CUST_0083,2026-05-30 01:26:00,799,completed,Credit Card
ORD_16798,CUST_0953,2026-05-30 01:52:26,499,completed,Credit Card
ORD_14054,CUST_0374,2026-05-30 02:15:19,948,completed,COD
ORD_10133,CUST_0045,2026-05-30 03:11:00,1499,completed,COD
ORD_10811,CUST_0248,2026-05-30 03:27:00,2499,completed,Credit Card
ORD_10157,CUST_0053,2026-05-30 05:42:00,4999,completed,Debit Card
ORD_16257,CUST_0499,2026-05-30 06:08:30,6498,completed,COD
ORD_19893,CUST_0694,2026-05-30 06:15:00,1299,completed,Debit Card
ORD_16202,CUST_0536,2026-05-30 06:24:30,8798,completed,UPI
ORD_10399,CUST_0134,2026-05-30 06:25:00,3299,completed,Credit Card
ORD_15457,CUST_1338,2026-05-30 06:25:30,1248,completed,Credit Card
ORD_18633,CUST_1929,2026-05-30 06:40:08,1299,completed,COD
ORD_17998,CUST_1148,2026-05-30 08:00:46,3999,completed,UPI
ORD_19157,CUST_0897,2026-05-30 08:07:57,499,completed,UPI
ORD_19848,CUST_0812,2026-05-30 08:45:48,499,completed,Debit Card
ORD_18089,CUST_0844,2026-05-30 09:13:25,1899,failed,UPI
ORD_15995,CUST_1622,2026-05-30 09:20:07,4898,completed,Debit Card
ORD_17963,CUST_1494,2026-05-30 09:30:04,899,completed,Debit Card
ORD_17292,CUST_1511,2026-05-30 10:30:58,499,completed,COD
ORD_15909,CUST_1803,2026-05-30 10:36:57,4798,completed,UPI
ORD_15353,CUST_0328,2026-05-30 12:10:36,848,completed,Credit Card
ORD_19093,CUST_1719,2026-05-30 12:14:19,699,refunded,Credit Card
ORD_19101,CUST_1943,2026-05-30 12:30:27,2499,completed,Credit Card
ORD_17009,CUST_1132,2026-05-30 12:36:52,6999,completed,UPI
ORD_16435,CUST_1799,2026-05-30 13:00:06,8498,completed,Credit Card
ORD_18352,CUST_0640,2026-05-30 14:06:10,2199,completed,UPI
ORD_18261,CUST_1932,2026-05-30 14:42:36,1299,completed,UPI
ORD_15770,CUST_0643,2026-05-30 15:01:08,5798,completed,UPI
ORD_14716,CUST_1083,2026-05-30 16:51:51,1098,completed,UPI
ORD_19697,CUST_0522,2026-05-30 17:40:39,2499,completed,Credit Card
ORD_17823,CUST_1642,2026-05-30 19:48:00,499,failed,UPI
ORD_17664,CUST_1781,2026-05-30 20:10:08,2499,completed,Debit Card
ORD_18154,CUST_1271,2026-05-30 21:16:45,599,completed,Debit Card
ORD_16349,CUST_0308,2026-05-30 22:03:54,8898,completed,UPI
ORD_19606,CUST_1398,2026-05-30 22:41:48,3499,completed,UPI
ORD_10280,CUST_0094,2026-05-30 23:25:00,1499,completed,Debit Card
ORD_19997,CUST_1914,2026-05-31 00:27:48,3999,completed,UPI
ORD_17198,CUST_1542,2026-05-31 01:26:13,499,completed,COD
ORD_18120,CUST_0743,2026-05-31 03:03:13,2499,completed,COD
ORD_14283,CUST_0923,2026-05-31 03:09:23,1598,completed,UPI
ORD_14481,CUST_0388,2026-05-31 04:17:13,848,completed,COD
ORD_16727,CUST_1751,2026-05-31 04:41:31,1499,completed,Credit Card
ORD_10233,CUST_0078,2026-05-31 04:50:00,699,completed,Credit Card
ORD_19696,CUST_0590,2026-05-31 05:13:11,1899,completed,Credit Card
ORD_18957,CUST_1035,2026-05-31 05:48:06,4299,completed,Debit Card
ORD_17203,CUST_1689,2026-05-31 06:04:14,4299,completed,UPI
ORD_19025,CUST_1115,2026-05-31 06:44:19,3299,completed,UPI
ORD_10235,CUST_0079,2026-05-31 07:52:00,699,completed,UPI
ORD_19807,CUST_0523,2026-05-31 08:10:08,899,completed,UPI
ORD_18182,CUST_0516,2026-05-31 08:44:28,5499,completed,UPI
ORD_17506,CUST_1289,2026-05-31 08:49:53,2199,refunded,UPI
ORD_10783,CUST_0241,2026-05-31 08:56:00,6999,completed,Credit Card
ORD_10471,CUST_0158,2026-05-31 09:22:00,999,completed,UPI
ORD_18738,CUST_1397,2026-05-31 09:23:11,2499,completed,UPI
ORD_10095,CUST_0032,2026-05-31 09:44:00,1499,completed,UPI
ORD_16944,CUST_0583,2026-05-31 10:03:53,999,completed,UPI
ORD_14430,CUST_0644,2026-05-31 10:06:22,1298,completed,UPI
ORD_15921,CUST_0865,2026-05-31 12:07:27,6098,completed,UPI
ORD_18028,CUST_1848,2026-05-31 12:13:40,249,completed,COD
ORD_17248,CUST_0711,2026-05-31 13:21:33,3999,completed,Credit Card
ORD_18886,CUST_1848,2026-05-31 13:51:49,1499,completed,Credit Card
ORD_19292,CUST_0581,2026-05-31 15:14:24,899,completed,UPI
ORD_14684,CUST_0518,2026-05-31 15:31:21,1498,completed,UPI
ORD_18095,CUST_0779,2026-05-31 16:20:41,999,completed,UPI
ORD_17460,CUST_1281,2026-05-31 16:46:37,799,completed,UPI
ORD_18507,CUST_0709,2026-05-31 20:11:20,1299,completed,UPI
ORD_18771,CUST_0608,2026-05-31 20:24:51,2499,completed,COD
ORD_15537,CUST_0362,2026-05-31 20:58:11,1398,completed,UPI
ORD_19000,CUST_1270,2026-05-31 21:23:58,299,completed,COD
ORD_19027,CUST_1292,2026-05-31 21:24:15,1999,completed,UPI
ORD_19529,CUST_0335,2026-05-31 21:46:14,499,completed,UPI
ORD_10228,CUST_0077,2026-05-31 22:48:00,4299,completed,COD
ORD_16455,CUST_0800,2026-05-31 23:25:09,1398,completed,UPI
ORD_17082,CUST_1743,2026-06-01 00:11:29,599,completed,UPI
ORD_16148,CUST_1117,2026-06-01 01:22:41,5898,completed,Credit Card
ORD_19281,CUST_0705,2026-06-01 01:52:13,699,completed,Debit Card
ORD_10611,CUST_0198,2026-06-01 02:28:00,2499,completed,UPI
ORD_15987,CUST_1226,2026-06-01 02:33:26,1798,completed,Debit Card
ORD_14306,CUST_1576,2026-06-01 03:33:21,1698,completed,UPI
ORD_19424,CUST_1199,2026-06-01 03:59:20,3999,completed,COD
ORD_15195,CUST_0511,2026-06-01 04:27:47,998,completed,Credit Card
ORD_18442,CUST_1991,2026-06-01 05:03:56,4999,completed,UPI
ORD_10519,CUST_0174,2026-06-01 05:38:00,1899,completed,Debit Card
ORD_10546,CUST_0182,2026-06-01 05:45:00,7998,completed,UPI
ORD_18096,CUST_1128,2026-06-01 07:19:17,2799,completed,COD
ORD_15122,CUST_0700,2026-06-01 07:56:38,1198,completed,COD
ORD_10082,CUST_0028,2026-06-01 08:15:00,2499,completed,UPI
ORD_10344,CUST_0115,2026-06-01 09:05:00,2499,completed,UPI
ORD_18579,CUST_1512,2026-06-01 09:54:49,3999,completed,COD
ORD_18423,CUST_1641,2026-06-01 09:59:07,299,completed,UPI
ORD_15160,CUST_0451,2026-06-01 10:17:46,748,completed,Credit Card
ORD_14118,CUST_0555,2026-06-01 10:26:43,1348,completed,Debit Card
ORD_15187,CUST_0305,2026-06-01 10:46:20,1048,completed,Debit Card
ORD_17251,CUST_1224,2026-06-01 13:07:31,1999,refunded,UPI
ORD_14387,CUST_0872,2026-06-01 14:32:39,748,completed,COD
ORD_15203,CUST_0722,2026-06-01 14:54:05,1498,completed,UPI
ORD_17290,CUST_0754,2026-06-01 15:09:55,5499,completed,Credit Card
ORD_18189,CUST_0427,2026-06-01 15:36:15,1899,completed,UPI
ORD_16231,CUST_0690,2026-06-01 16:00:22,2798,completed,Debit Card
ORD_14980,CUST_1976,2026-06-01 16:20:24,1148,completed,UPI
ORD_19479,CUST_0450,2026-06-01 19:15:17,899,completed,UPI
ORD_15817,CUST_1126,2026-06-01 20:20:48,7998,completed,Credit Card
ORD_15094,CUST_0668,2026-06-01 20:40:05,1498,completed,Credit Card
ORD_19060,CUST_0267,2026-06-01 21:45:29,3299,completed,COD
ORD_10595,CUST_0194,2026-06-01 22:15:00,8598,completed,COD
ORD_15543,CUST_0937,2026-06-01 22:52:53,1148,completed,Credit Card
ORD_10610,CUST_0198,2026-06-01 22:53:00,3999,completed,Credit Card
ORD_18797,CUST_1167,2026-06-01 23:50:49,2799,completed,UPI
ORD_19862,CUST_1677,2026-06-02 00:03:21,899,failed,UPI
ORD_16184,CUST_1657,2026-06-02 00:07:45,4798,completed,UPI
ORD_16470,CUST_1037,2026-06-02 01:05:24,6498,completed,UPI
ORD_17406,CUST_1836,2026-06-02 01:31:03,1299,refunded,Credit Card
ORD_10724,CUST_0227,2026-06-02 01:44:00,13998,completed,UPI
ORD_16405,CUST_0997,2026-06-02 02:20:29,3298,completed,UPI
ORD_15435,CUST_1730,2026-06-02 02:51:32,1598,completed,UPI
ORD_17945,CUST_0334,2026-06-02 03:11:49,299,completed,COD
ORD_19488,CUST_1928,2026-06-02 03:35:19,499,completed,COD
ORD_10337,CUST_0113,2026-06-02 04:01:00,499,completed,UPI
ORD_17802,CUST_1715,2026-06-02 04:05:50,1899,completed,UPI
ORD_19805,CUST_0448,2026-06-02 04:46:32,3499,completed,UPI
ORD_10727,CUST_0227,2026-06-02 05:18:00,4299,completed,UPI
ORD_17993,CUST_1118,2026-06-02 06:21:15,3999,completed,UPI
ORD_19314,CUST_1099,2026-06-02 06:24:01,349,completed,UPI
ORD_18638,CUST_0911,2026-06-02 06:53:14,2199,completed,UPI
ORD_14988,CUST_0526,2026-06-02 07:09:24,1498,completed,UPI
ORD_15978,CUST_1957,2026-06-02 07:11:48,9498,completed,Credit Card
ORD_19432,CUST_0850,2026-06-02 07:38:29,1499,completed,COD
ORD_14624,CUST_0433,2026-06-02 07:38:42,848,completed,Debit Card
ORD_10760,CUST_0236,2026-06-02 08:12:00,6598,completed,Debit Card
ORD_16696,CUST_0288,2026-06-02 08:48:27,6999,completed,UPI
ORD_10638,CUST_0205,2026-06-02 09:14:00,4998,completed,Debit Card
ORD_14392,CUST_1385,2026-06-02 09:43:55,1198,completed,COD
ORD_18424,CUST_1283,2026-06-02 10:02:41,5499,completed,Debit Card
ORD_14062,CUST_0471,2026-06-02 10:20:13,1598,completed,UPI
ORD_14290,CUST_1092,2026-06-02 10:36:21,1148,completed,COD
ORD_14621,CUST_1461,2026-06-02 10:37:17,1148,completed,COD
ORD_17366,CUST_1349,2026-06-02 10:39:25,499,refunded,COD
ORD_14224,CUST_1176,2026-06-02 10:48:00,1098,completed,Debit Card
ORD_19675,CUST_1940,2026-06-02 11:18:14,4299,completed,Debit Card
ORD_18033,CUST_0793,2026-06-02 12:12:09,599,completed,UPI
ORD_18373,CUST_1294,2026-06-02 12:36:09,3999,completed,UPI
ORD_14439,CUST_0766,2026-06-02 13:00:20,1498,completed,UPI
ORD_18387,CUST_0606,2026-06-02 15:04:30,299,completed,Credit Card
ORD_18922,CUST_1869,2026-06-02 15:21:31,3999,completed,Credit Card
ORD_14026,CUST_1994,2026-06-02 15:33:59,798,completed,UPI
ORD_19195,CUST_1673,2026-06-02 16:39:06,799,completed,UPI
ORD_18151,CUST_1471,2026-06-02 17:04:35,2799,completed,Debit Card
ORD_14308,CUST_1415,2026-06-02 17:38:31,948,completed,UPI
ORD_14811,CUST_0390,2026-06-02 19:25:04,1398,completed,UPI
ORD_15806,CUST_0731,2026-06-02 19:28:06,8298,completed,UPI
ORD_18834,CUST_0391,2026-06-02 19:44:29,999,completed,UPI
ORD_16624,CUST_0303,2026-06-02 21:07:20,3299,completed,Debit Card
ORD_17537,CUST_0292,2026-06-02 21:37:54,3299,completed,COD
ORD_17339,CUST_1927,2026-06-02 22:36:48,3499,completed,UPI
ORD_17599,CUST_0738,2026-06-02 22:42:08,2799,completed,UPI
ORD_10128,CUST_0043,2026-06-03 02:35:00,3499,completed,UPI
ORD_17163,CUST_0525,2026-06-03 04:14:41,3299,completed,UPI
ORD_14868,CUST_1950,2026-06-03 04:40:32,1598,completed,UPI
ORD_16812,CUST_1878,2026-06-03 04:43:32,1499,completed,Credit Card
ORD_18061,CUST_0605,2026-06-03 05:52:30,4299,completed,UPI
ORD_19627,CUST_1882,2026-06-03 05:58:55,1899,completed,UPI
ORD_17970,CUST_1590,2026-06-03 06:33:16,699,completed,Debit Card
ORD_10029,CUST_0010,2026-06-03 06:43:00,4999,completed,UPI
ORD_10560,CUST_0186,2026-06-03 07:08:00,9998,completed,UPI
ORD_16999,CUST_0408,2026-06-03 07:45:44,2499,completed,UPI
ORD_10665,CUST_0212,2026-06-03 07:57:00,3499,completed,Credit Card
ORD_18147,CUST_1604,2026-06-03 08:01:28,1999,completed,UPI
ORD_15401,CUST_1186,2026-06-03 08:25:32,1098,completed,UPI
ORD_16123,CUST_1693,2026-06-03 08:25:51,6498,completed,COD
ORD_15336,CUST_1430,2026-06-03 08:39:55,1248,completed,UPI
ORD_18686,CUST_1383,2026-06-03 10:16:54,899,completed,COD
ORD_19252,CUST_1979,2026-06-03 10:59:06,1899,completed,UPI
ORD_14635,CUST_1177,2026-06-03 11:05:10,1198,completed,UPI
ORD_14226,CUST_0665,2026-06-03 11:10:50,798,completed,UPI
ORD_16645,CUST_1502,2026-06-03 11:28:59,1899,completed,COD
ORD_16947,CUST_1788,2026-06-03 11:29:37,2499,completed,UPI
ORD_18355,CUST_1779,2026-06-03 12:15:13,1299,completed,UPI
ORD_15299,CUST_1504,2026-06-03 13:00:29,1348,completed,UPI
ORD_19413,CUST_1140,2026-06-03 14:06:54,1999,completed,Credit Card
ORD_16677,CUST_0862,2026-06-03 14:21:36,1299,completed,Debit Card
ORD_15864,CUST_1551,2026-06-03 14:24:28,5798,completed,UPI
ORD_17869,CUST_1536,2026-06-03 15:34:12,3299,completed,COD
ORD_18870,CUST_0298,2026-06-03 15:54:53,1899,completed,UPI
ORD_16098,CUST_0755,2026-06-03 18:22:16,1998,completed,COD
ORD_18955,CUST_1470,2026-06-03 20:00:51,3299,completed,UPI
ORD_19981,CUST_1437,2026-06-03 20:27:28,899,completed,UPI
ORD_14315,CUST_0717,2026-06-03 21:34:09,1098,completed,Debit Card
ORD_18999,CUST_1120,2026-06-03 22:27:19,899,completed,UPI
ORD_16307,CUST_1539,2026-06-03 22:32:32,2698,completed,Credit Card
ORD_10333,CUST_0112,2026-06-03 22:33:00,2499,completed,Credit Card
ORD_18866,CUST_1617,2026-06-03 22:51:57,249,completed,Credit Card
ORD_10609,CUST_0198,2026-06-03 22:57:00,3999,completed,Credit Card
ORD_18321,CUST_1392,2026-06-03 23:04:17,2499,completed,COD
ORD_19579,CUST_1562,2026-06-03 23:34:18,4999,completed,Debit Card
ORD_15144,CUST_1059,2026-06-03 23:45:08,1048,completed,Credit Card
ORD_16603,CUST_1365,2026-06-03 23:51:24,3299,completed,Credit Card
ORD_19692,CUST_0586,2026-06-04 00:08:52,1299,completed,UPI
ORD_15871,CUST_1615,2026-06-04 00:41:57,4098,completed,UPI
ORD_15491,CUST_1207,2026-06-04 01:47:16,1248,completed,Credit Card
ORD_16419,CUST_1810,2026-06-04 01:52:44,3798,completed,UPI
ORD_17602,CUST_1735,2026-06-04 03:30:46,1999,completed,COD
ORD_19229,CUST_0412,2026-06-04 04:07:14,899,completed,UPI
ORD_10156,CUST_0053,2026-06-04 04:31:00,3299,completed,Debit Card
ORD_18677,CUST_1999,2026-06-04 05:02:45,4299,completed,UPI
ORD_10242,CUST_0081,2026-06-04 06:27:00,249,completed,COD
ORD_10101,CUST_0034,2026-06-04 06:44:00,3299,completed,Credit Card
ORD_10623,CUST_0201,2026-06-04 06:50:00,2499,completed,UPI
ORD_14916,CUST_0921,2026-06-04 07:49:00,1048,completed,UPI
ORD_16223,CUST_1506,2026-06-04 08:31:35,4298,completed,UPI
ORD_16736,CUST_1445,2026-06-04 08:44:19,349,completed,Credit Card
ORD_10365,CUST_0122,2026-06-04 10:26:00,1499,completed,COD
ORD_10370,CUST_0124,2026-06-04 10:33:00,1999,completed,UPI
ORD_10374,CUST_0125,2026-06-04 10:42:00,3299,completed,UPI
ORD_14835,CUST_0866,2026-06-04 11:45:39,898,completed,COD
ORD_17421,CUST_0543,2026-06-04 13:03:45,499,completed,UPI
ORD_19395,CUST_1574,2026-06-04 14:11:22,4999,completed,Debit Card
ORD_17522,CUST_1792,2026-06-04 14:21:11,3999,completed,COD
ORD_16147,CUST_0543,2026-06-04 14:33:48,8798,completed,UPI
ORD_14715,CUST_0368,2026-06-04 19:09:11,998,completed,Debit Card
ORD_14692,CUST_1824,2026-06-04 19:10:38,898,completed,UPI
ORD_15942,CUST_0490,2026-06-04 20:33:43,2298,completed,COD
ORD_19679,CUST_1938,2026-06-04 20:41:50,699,completed,Credit Card
ORD_16567,CUST_1444,2026-06-04 21:31:28,499,completed,UPI
ORD_18623,CUST_0997,2026-06-04 23:27:35,5499,completed,UPI
ORD_10644,CUST_0207,2026-06-05 01:15:00,5499,completed,Debit Card
ORD_15724,CUST_0707,2026-06-05 01:25:48,4798,completed,COD
ORD_10338,CUST_0113,2026-06-05 01:30:00,999,completed,Credit Card
ORD_19502,CUST_1759,2026-06-05 02:16:28,1899,completed,UPI
ORD_16822,CUST_1007,2026-06-05 02:53:51,899,completed,Credit Card
ORD_17384,CUST_1117,2026-06-05 03:28:18,1299,completed,Debit Card
ORD_14138,CUST_1810,2026-06-05 03:55:07,1098,completed,UPI
ORD_10733,CUST_0229,2026-06-05 04:15:00,2499,completed,UPI
ORD_18433,CUST_1713,2026-06-05 04:37:38,699,completed,COD
ORD_10833,CUST_0254,2026-06-05 05:48:00,3299,completed,UPI
ORD_10729,CUST_0228,2026-06-05 07:06:00,3999,completed,Credit Card
ORD_19560,CUST_0779,2026-06-05 07:10:44,1299,completed,UPI
ORD_10510,CUST_0171,2026-06-05 07:28:00,799,completed,UPI
ORD_18477,CUST_1552,2026-06-05 07:43:35,2199,completed,UPI
ORD_10307,CUST_0103,2026-06-05 07:52:00,5499,completed,UPI
ORD_17017,CUST_1522,2026-06-05 07:52:56,3999,completed,Credit Card
ORD_10332,CUST_0111,2026-06-05 07:59:00,3999,completed,UPI
ORD_10774,CUST_0239,2026-06-05 08:23:00,3299,completed,COD
ORD_16830,CUST_0733,2026-06-05 09:05:33,699,completed,UPI
ORD_18942,CUST_1955,2026-06-05 09:34:31,799,completed,COD
ORD_18824,CUST_0946,2026-06-05 09:52:49,699,completed,UPI
ORD_16308,CUST_0324,2026-06-05 10:39:44,3698,completed,Credit Card
ORD_18323,CUST_1441,2026-06-05 10:47:37,2499,completed,UPI
ORD_19509,CUST_1949,2026-06-05 10:50:40,2499,completed,UPI
ORD_15374,CUST_1687,2026-06-05 10:53:37,898,completed,Debit Card
ORD_14600,CUST_1670,2026-06-05 11:20:52,1148,completed,UPI
ORD_17431,CUST_1939,2026-06-05 11:45:07,3999,completed,COD
ORD_18059,CUST_1799,2026-06-05 14:11:49,249,completed,UPI
ORD_16460,CUST_1283,2026-06-05 14:36:33,1598,completed,UPI
ORD_16242,CUST_0802,2026-06-05 15:13:25,8298,completed,Credit Card
ORD_19610,CUST_0477,2026-06-05 16:21:58,1899,completed,Credit Card
ORD_14135,CUST_1457,2026-06-05 17:03:36,1048,completed,UPI
ORD_19888,CUST_0775,2026-06-05 19:08:25,2499,refunded,UPI
ORD_18836,CUST_0835,2026-06-05 19:27:38,999,completed,UPI
ORD_19532,CUST_1371,2026-06-05 19:48:55,999,completed,UPI
ORD_19041,CUST_1204,2026-06-05 20:09:51,699,completed,UPI
ORD_16368,CUST_1069,2026-06-05 20:59:12,1798,completed,Credit Card
ORD_19295,CUST_1487,2026-06-05 21:00:55,599,completed,Credit Card
ORD_14457,CUST_1340,2026-06-05 21:01:11,1148,completed,Debit Card
ORD_15989,CUST_1766,2026-06-05 22:22:15,2798,completed,UPI
ORD_17797,CUST_0336,2026-06-05 22:31:32,699,completed,UPI
ORD_18913,CUST_0401,2026-06-05 23:27:02,2199,completed,Credit Card
ORD_10651,CUST_0208,2026-06-06 00:16:00,10998,completed,UPI
ORD_16448,CUST_1982,2026-06-06 00:27:18,7298,completed,Credit Card
ORD_16793,CUST_0379,2026-06-06 00:56:02,1499,completed,Debit Card
ORD_16600,CUST_0341,2026-06-06 01:31:39,3499,completed,UPI
ORD_18967,CUST_0982,2026-06-06 01:37:59,999,completed,Credit Card
ORD_18457,CUST_1270,2026-06-06 02:02:31,6999,completed,Debit Card
ORD_10852,CUST_0259,2026-06-06 02:11:00,2799,completed,Debit Card
ORD_10359,CUST_0120,2026-06-06 02:45:00,699,completed,Debit Card
ORD_17320,CUST_0478,2026-06-06 03:15:09,3999,completed,UPI
ORD_16287,CUST_0579,2026-06-06 03:29:10,8898,completed,Debit Card
ORD_10008,CUST_0003,2026-06-06 04:13:00,899,completed,UPI
ORD_16528,CUST_0838,2026-06-06 04:15:24,6999,completed,Credit Card
ORD_10721,CUST_0226,2026-06-06 04:19:00,3999,completed,UPI
ORD_17894,CUST_1848,2026-06-06 04:27:59,2499,completed,Debit Card
ORD_17200,CUST_0814,2026-06-06 04:36:56,3299,completed,Credit Card
ORD_19113,CUST_1351,2026-06-06 05:05:45,899,completed,COD
ORD_16711,CUST_1712,2026-06-06 05:10:23,2499,completed,UPI
ORD_10056,CUST_0019,2026-06-06 05:21:00,3299,completed,COD
ORD_15058,CUST_1080,2026-06-06 05:28:16,1048,completed,UPI
ORD_10816,CUST_0250,2026-06-06 06:39:00,4299,completed,Debit Card
ORD_14598,CUST_0729,2026-06-06 07:13:23,1198,completed,UPI
ORD_19503,CUST_0593,2026-06-06 07:41:16,799,completed,Debit Card
ORD_10188,CUST_0063,2026-06-06 08:03:00,3299,completed,UPI
ORD_10285,CUST_0096,2026-06-06 09:58:00,899,completed,UPI
ORD_16593,CUST_1200,2026-06-06 10:13:20,299,completed,UPI
ORD_10480,CUST_0161,2026-06-06 10:17:00,999,completed,COD
ORD_19227,CUST_0372,2026-06-06 10:21:10,3999,completed,Credit Card
ORD_14485,CUST_1934,2026-06-06 11:58:57,898,completed,Debit Card
ORD_18727,CUST_1139,2026-06-06 13:10:04,999,completed,UPI
ORD_19961,CUST_1912,2026-06-06 14:30:08,499,completed,UPI
ORD_17654,CUST_0453,2026-06-06 15:12:21,249,completed,Debit Card
ORD_15248,CUST_1433,2026-06-06 15:50:13,1298,completed,Debit Card
ORD_19642,CUST_0465,2026-06-06 15:59:44,4299,completed,UPI
ORD_15220,CUST_1938,2026-06-06 16:24:30,1298,completed,COD
ORD_19720,CUST_1002,2026-06-06 16:48:22,1899,completed,UPI
ORD_14408,CUST_1954,2026-06-06 17:00:41,1298,completed,COD
ORD_15475,CUST_1487,2026-06-06 17:17:22,1598,completed,UPI
ORD_15041,CUST_1170,2026-06-06 18:47:50,1598,completed,COD
ORD_15843,CUST_0469,2026-06-06 20:00:06,6198,completed,Debit Card
ORD_14466,CUST_1766,2026-06-06 21:02:54,1148,completed,COD
ORD_10709,CUST_0223,2026-06-06 22:19:00,2499,completed,Credit Card
ORD_15319,CUST_1889,2026-06-06 22:32:24,1298,completed,UPI
ORD_10720,CUST_0226,2026-06-06 22:59:00,4999,completed,Credit Card
ORD_15324,CUST_1031,2026-06-06 23:40:41,1598,completed,UPI
ORD_17002,CUST_1176,2026-06-07 00:15:35,5499,completed,UPI
ORD_15879,CUST_1666,2026-06-07 00:17:46,4198,completed,UPI
ORD_19414,CUST_1576,2026-06-07 00:33:58,3999,completed,COD
ORD_14673,CUST_0558,2026-06-07 01:45:00,1098,completed,Credit Card
ORD_18678,CUST_1884,2026-06-07 02:08:19,499,completed,Debit Card
ORD_14090,CUST_1100,2026-06-07 03:05:05,1148,completed,UPI
ORD_18498,CUST_0483,2026-06-07 03:33:22,499,completed,UPI
ORD_15955,CUST_0491,2026-06-07 03:51:21,5798,completed,UPI
ORD_10868,CUST_0263,2026-06-07 03:54:00,3299,completed,UPI
ORD_10607,CUST_0197,2026-06-07 04:10:00,3499,completed,COD
ORD_10630,CUST_0203,2026-06-07 04:48:00,3299,completed,UPI
ORD_14142,CUST_0836,2026-06-07 04:51:52,1498,completed,COD
ORD_17217,CUST_1286,2026-06-07 04:55:45,1899,completed,UPI
ORD_10224,CUST_0075,2026-06-07 04:59:00,1899,completed,COD
ORD_14659,CUST_1463,2026-06-07 05:11:05,1398,completed,UPI
ORD_10267,CUST_0090,2026-06-07 05:48:00,2799,completed,Debit Card
ORD_17551,CUST_0270,2026-06-07 06:34:22,899,completed,Credit Card
ORD_19917,CUST_0737,2026-06-07 06:41:18,3299,completed,Credit Card
ORD_10792,CUST_0244,2026-06-07 08:36:00,5499,completed,UPI
ORD_10786,CUST_0242,2026-06-07 08:58:00,6999,completed,Debit Card
ORD_15604,CUST_1128,2026-06-07 09:16:48,1248,completed,COD
ORD_19226,CUST_1221,2026-06-07 09:18:03,799,completed,Debit Card
ORD_16906,CUST_1729,2026-06-07 09:31:37,799,completed,COD
ORD_17185,CUST_0345,2026-06-07 11:59:58,899,completed,Credit Card
ORD_15377,CUST_1151,2026-06-07 12:17:39,1298,completed,UPI
ORD_16852,CUST_1296,2026-06-07 12:23:41,1899,completed,COD
ORD_18542,CUST_0614,2026-06-07 13:03:29,4999,completed,UPI
ORD_17451,CUST_1082,2026-06-07 13:09:59,1999,refunded,COD
ORD_14995,CUST_1470,2026-06-07 14:04:46,1248,completed,COD
ORD_14577,CUST_0937,2026-06-07 14:05:12,1248,completed,UPI
ORD_18621,CUST_0717,2026-06-07 15:19:23,249,completed,UPI
ORD_16394,CUST_1716,2026-06-07 16:17:11,3498,completed,Debit Card
ORD_17102,CUST_0594,2026-06-07 17:49:47,249,completed,UPI
ORD_18163,CUST_0497,2026-06-07 17:51:55,3299,completed,Credit Card
ORD_19578,CUST_1341,2026-06-07 17:58:11,3299,completed,UPI
ORD_14883,CUST_1251,2026-06-07 19:28:34,748,completed,UPI
ORD_14672,CUST_0543,2026-06-07 19:29:57,1098,completed,UPI
ORD_16384,CUST_1711,2026-06-07 19:54:23,6298,completed,Credit Card
ORD_14758,CUST_0332,2026-06-07 20:48:27,1248,completed,Debit Card
ORD_14098,CUST_1070,2026-06-07 21:11:03,1298,completed,UPI
ORD_17477,CUST_1859,2026-06-07 21:51:12,699,completed,COD
ORD_17754,CUST_1793,2026-06-07 22:33:31,699,completed,UPI
ORD_10178,CUST_0060,2026-06-07 23:45:00,2199,completed,Debit Card
ORD_10740,CUST_0231,2026-06-07 23:50:00,2499,completed,Credit Card
ORD_17348,CUST_0295,2026-06-08 00:45:18,999,completed,Credit Card
ORD_18556,CUST_1086,2026-06-08 00:47:23,2499,completed,Credit Card
ORD_16939,CUST_0302,2026-06-08 01:34:29,6999,completed,Debit Card
ORD_18366,CUST_1635,2026-06-08 01:52:00,2499,completed,UPI
ORD_10208,CUST_0070,2026-06-08 01:59:00,349,completed,UPI
ORD_17545,CUST_1614,2026-06-08 02:37:08,899,completed,UPI
ORD_10084,CUST_0029,2026-06-08 03:37:00,2499,completed,Debit Card
ORD_10805,CUST_0247,2026-06-08 03:57:00,2499,completed,COD
ORD_10376,CUST_0126,2026-06-08 03:58:00,999,completed,UPI
ORD_10735,CUST_0229,2026-06-08 04:49:00,3299,completed,Credit Card
ORD_16266,CUST_0423,2026-06-08 05:17:27,3798,completed,Credit Card
ORD_15047,CUST_1255,2026-06-08 05:51:37,1198,completed,Credit Card
ORD_19052,CUST_1353,2026-06-08 06:15:13,4299,refunded,Credit Card
ORD_14182,CUST_1771,2026-06-08 07:30:38,1148,completed,UPI
ORD_10318,CUST_0107,2026-06-08 07:46:00,3999,completed,UPI
ORD_17458,CUST_0322,2026-06-08 07:58:43,1299,completed,Debit Card
ORD_10190,CUST_0064,2026-06-08 08:48:00,6999,completed,Credit Card
ORD_10854,CUST_0259,2026-06-08 09:24:00,7998,completed,COD
ORD_16090,CUST_0339,2026-06-08 09:26:46,12498,completed,Debit Card
ORD_16795,CUST_1305,2026-06-08 09:27:47,499,completed,COD
ORD_14689,CUST_1304,2026-06-08 09:29:34,1048,completed,Credit Card
ORD_18488,CUST_1132,2026-06-08 10:27:31,799,completed,Credit Card
ORD_18954,CUST_0789,2026-06-08 10:51:27,2499,completed,Debit Card
ORD_16276,CUST_1138,2026-06-08 11:02:57,2898,completed,COD
ORD_18717,CUST_1277,2026-06-08 11:26:13,1899,completed,Debit Card
ORD_15523,CUST_0922,2026-06-08 12:43:52,1198,completed,Debit Card
ORD_19307,CUST_2000,2026-06-08 13:09:06,3999,completed,Credit Card
ORD_16192,CUST_1413,2026-06-08 13:55:06,5498,completed,UPI
ORD_14777,CUST_1669,2026-06-08 14:24:25,1498,completed,COD
ORD_18364,CUST_0901,2026-06-08 14:29:24,1299,refunded,UPI
ORD_18609,CUST_1583,2026-06-08 14:36:41,999,completed,Debit Card
ORD_15371,CUST_1509,2026-06-08 16:22:59,1248,completed,Credit Card
ORD_18034,CUST_1825,2026-06-08 16:25:23,249,completed,Credit Card
ORD_18663,CUST_0906,2026-06-08 17:14:29,899,completed,UPI
ORD_16925,CUST_1041,2026-06-08 17:28:07,1299,completed,UPI
ORD_16548,CUST_1574,2026-06-08 17:50:29,4999,completed,Credit Card
ORD_17314,CUST_1527,2026-06-08 18:27:07,2799,completed,UPI
ORD_14729,CUST_1064,2026-06-08 19:43:47,1298,completed,UPI
ORD_18286,CUST_0272,2026-06-08 19:44:54,1299,completed,COD
ORD_17931,CUST_0349,2026-06-08 21:19:54,4299,failed,Debit Card
ORD_17708,CUST_1230,2026-06-08 21:39:07,299,completed,UPI
ORD_14287,CUST_1601,2026-06-08 22:08:07,998,completed,COD
ORD_16883,CUST_0999,2026-06-08 22:21:19,899,completed,Credit Card
ORD_15261,CUST_0372,2026-06-08 22:27:45,1298,completed,UPI
ORD_19990,CUST_1452,2026-06-08 22:32:25,2499,completed,UPI
ORD_10598,CUST_0195,2026-06-08 23:32:00,9998,completed,Credit Card
ORD_17511,CUST_0577,2026-06-09 00:03:29,499,failed,Debit Card
ORD_14601,CUST_1047,2026-06-09 00:09:21,1198,completed,Credit Card
ORD_16502,CUST_0820,2026-06-09 00:10:51,8298,completed,COD
ORD_17986,CUST_1551,2026-06-09 00:34:12,3299,completed,Debit Card
ORD_10689,CUST_0218,2026-06-09 01:23:00,7998,completed,Debit Card
ORD_17557,CUST_0759,2026-06-09 02:22:55,1299,failed,Debit Card
ORD_16586,CUST_1645,2026-06-09 02:46:54,3999,completed,UPI
ORD_16053,CUST_1152,2026-06-09 03:05:42,4398,completed,Debit Card
ORD_10513,CUST_0172,2026-06-09 03:19:00,4999,completed,UPI
ORD_10771,CUST_0238,2026-06-09 04:11:00,5998,completed,Credit Card
ORD_10503,CUST_0168,2026-06-09 04:14:00,1499,completed,Credit Card
ORD_10723,CUST_0226,2026-06-09 04:25:00,6998,completed,UPI
ORD_10297,CUST_0100,2026-06-09 04:51:00,1499,completed,Debit Card
ORD_19653,CUST_0416,2026-06-09 05:59:33,2499,failed,Debit Card
ORD_14518,CUST_1658,2026-06-09 06:59:25,1248,completed,UPI
ORD_10440,CUST_0147,2026-06-09 07:37:00,2999,completed,Credit Card
ORD_19663,CUST_0992,2026-06-09 07:38:51,1899,completed,UPI
ORD_19859,CUST_1261,2026-06-09 08:34:07,2799,completed,COD
ORD_17582,CUST_0821,2026-06-09 08:46:03,1299,completed,UPI
ORD_16225,CUST_1142,2026-06-09 09:15:15,7298,completed,Credit Card
ORD_15567,CUST_1819,2026-06-09 09:41:12,1398,completed,UPI
ORD_10864,CUST_0262,2026-06-09 10:00:00,2499,completed,Credit Card
ORD_10808,CUST_0248,2026-06-09 10:49:00,10998,completed,UPI
ORD_14561,CUST_0795,2026-06-09 11:03:39,1698,completed,Credit Card
ORD_15869,CUST_1190,2026-06-09 11:17:26,1598,completed,COD
ORD_16682,CUST_0458,2026-06-09 11:27:03,499,completed,Debit Card
ORD_18164,CUST_0843,2026-06-09 12:05:46,2499,completed,UPI
ORD_14194,CUST_0816,2026-06-09 13:16:37,1698,completed,Credit Card
ORD_18148,CUST_0544,2026-06-09 14:16:38,349,completed,Debit Card
ORD_18665,CUST_1992,2026-06-09 14:45:33,349,completed,Credit Card
ORD_14957,CUST_1214,2026-06-09 15:17:24,1348,completed,UPI
ORD_17310,CUST_0507,2026-06-09 16:32:31,899,completed,COD
ORD_15699,CUST_1645,2026-06-09 16:36:09,4198,completed,Credit Card
ORD_16800,CUST_0966,2026-06-09 16:57:00,3299,completed,Credit Card
ORD_18381,CUST_1782,2026-06-09 17:09:10,499,completed,Debit Card
ORD_15694,CUST_0938,2026-06-09 17:09:12,4798,completed,COD
ORD_14838,CUST_0887,2026-06-09 18:57:29,1598,completed,UPI
ORD_18318,CUST_0404,2026-06-09 19:53:46,499,completed,COD
ORD_19598,CUST_1640,2026-06-09 19:57:49,1899,completed,UPI
ORD_16898,CUST_1340,2026-06-09 20:04:03,3299,completed,UPI
ORD_15114,CUST_0731,2026-06-09 20:10:33,1348,completed,Credit Card
ORD_15495,CUST_0273,2026-06-09 20:10:40,1398,completed,Debit Card
ORD_19238,CUST_0697,2026-06-09 21:09:31,499,completed,UPI
ORD_18720,CUST_0462,2026-06-09 21:38:28,299,completed,UPI
ORD_18564,CUST_1409,2026-06-09 22:07:50,3299,refunded,Credit Card
ORD_10486,CUST_0163,2026-06-09 22:56:00,899,completed,UPI
ORD_15044,CUST_0457,2026-06-10 00:10:37,1398,completed,COD
ORD_10025,CUST_0009,2026-06-10 01:20:00,999,completed,UPI
ORD_18801,CUST_1717,2026-06-10 01:38:07,3299,completed,Credit Card
ORD_15648,CUST_0644,2026-06-10 02:25:59,948,completed,COD
ORD_14421,CUST_0890,2026-06-10 02:26:14,1598,completed,Debit Card
ORD_10083,CUST_0028,2026-06-10 02:31:00,1999,completed,Debit Card
ORD_16977,CUST_0344,2026-06-10 03:01:06,299,completed,Debit Card
ORD_16411,CUST_1984,2026-06-10 03:31:07,4698,completed,Debit Card
ORD_18544,CUST_1503,2026-06-10 06:40:38,4999,completed,Credit Card
ORD_10446,CUST_0149,2026-06-10 06:41:00,899,completed,UPI
ORD_10540,CUST_0181,2026-06-10 07:37:00,6598,completed,UPI
ORD_10626,CUST_0202,2026-06-10 09:20:00,7998,completed,UPI
ORD_18238,CUST_0819,2026-06-10 09:46:18,899,completed,UPI
ORD_10140,CUST_0047,2026-06-10 09:49:00,1899,completed,COD
ORD_10109,CUST_0037,2026-06-10 10:07:00,1999,completed,UPI
ORD_16013,CUST_0328,2026-06-10 10:26:04,4998,completed,Credit Card
ORD_14521,CUST_1908,2026-06-10 11:07:43,1298,completed,Credit Card
ORD_15011,CUST_1455,2026-06-10 12:10:43,1148,completed,UPI
ORD_17399,CUST_1743,2026-06-10 13:23:40,3299,completed,Credit Card
ORD_17928,CUST_1686,2026-06-10 15:35:01,2499,completed,UPI
ORD_16519,CUST_1462,2026-06-10 15:44:51,2698,completed,Credit Card
ORD_19155,CUST_0590,2026-06-10 15:52:22,499,completed,UPI
ORD_19450,CUST_0668,2026-06-10 16:19:00,499,completed,UPI
ORD_15121,CUST_1199,2026-06-10 16:21:02,1248,completed,UPI
ORD_18076,CUST_1905,2026-06-10 17:21:58,1299,completed,Credit Card
ORD_16808,CUST_0963,2026-06-10 17:53:52,799,completed,UPI
ORD_16761,CUST_0545,2026-06-10 19:25:26,1499,completed,COD
ORD_19638,CUST_1954,2026-06-10 21:06:21,4299,completed,UPI
ORD_17505,CUST_1043,2026-06-10 22:43:39,3999,completed,UPI
ORD_16781,CUST_1406,2026-06-10 22:43:59,2499,completed,UPI
ORD_15142,CUST_1591,2026-06-11 01:06:07,948,completed,UPI
ORD_10700,CUST_0221,2026-06-11 02:14:00,6598,completed,COD
ORD_10561,CUST_0186,2026-06-11 02:18:00,5998,completed,Credit Card
ORD_17182,CUST_1188,2026-06-11 02:34:36,5499,completed,Credit Card
ORD_10612,CUST_0199,2026-06-11 04:49:00,3299,completed,UPI
ORD_18437,CUST_1489,2026-06-11 07:51:14,3999,completed,UPI
ORD_18649,CUST_1211,2026-06-11 08:18:19,1999,completed,Debit Card
ORD_16359,CUST_1393,2026-06-11 08:31:17,4398,completed,UPI
ORD_10625,CUST_0202,2026-06-11 09:08:00,2999,completed,COD
ORD_14681,CUST_1522,2026-06-11 10:47:57,948,completed,UPI
ORD_19376,CUST_1539,2026-06-11 11:16:08,3999,completed,COD
ORD_19417,CUST_0737,2026-06-11 11:29:43,3999,completed,Credit Card
ORD_14728,CUST_1788,2026-06-11 11:35:06,898,completed,COD
ORD_16408,CUST_0350,2026-06-11 12:09:49,7298,completed,Credit Card
ORD_19102,CUST_0762,2026-06-11 13:50:14,799,completed,Credit Card
ORD_18343,CUST_1105,2026-06-11 13:52:04,2199,completed,Credit Card
ORD_17623,CUST_1482,2026-06-11 13:52:59,299,completed,COD
ORD_18769,CUST_0961,2026-06-11 14:28:41,5499,completed,COD
ORD_19396,CUST_1383,2026-06-11 14:31:16,899,completed,UPI
ORD_19498,CUST_1178,2026-06-11 16:43:06,3999,completed,COD
ORD_16244,CUST_1480,2026-06-11 17:10:00,5298,completed,UPI
ORD_17983,CUST_1307,2026-06-11 18:24:20,1299,completed,Debit Card
ORD_17236,CUST_0563,2026-06-11 19:00:11,5499,completed,Credit Card
ORD_19186,CUST_0674,2026-06-11 19:57:22,3299,completed,COD
ORD_19141,CUST_1675,2026-06-11 20:35:33,499,completed,Credit Card
ORD_17094,CUST_0551,2026-06-11 20:43:13,3999,completed,UPI
ORD_16240,CUST_0871,2026-06-11 21:06:15,4898,completed,Debit Card
ORD_14249,CUST_0359,2026-06-11 21:31:58,1498,completed,Debit Card
ORD_15100,CUST_0470,2026-06-11 22:12:54,1598,completed,UPI
ORD_17398,CUST_1445,2026-06-11 22:28:19,3499,completed,UPI
ORD_15527,CUST_1393,2026-06-11 22:49:04,1298,completed,UPI
ORD_16738,CUST_0572,2026-06-11 22:51:46,3999,completed,Credit Card
ORD_15670,CUST_1461,2026-06-12 00:05:14,1298,completed,UPI
ORD_15823,CUST_0307,2026-06-12 00:13:28,8898,completed,Credit Card
ORD_17933,CUST_0816,2026-06-12 01:26:45,599,completed,UPI
ORD_15465,CUST_0300,2026-06-12 02:41:47,1148,completed,Credit Card
ORD_17447,CUST_0339,2026-06-12 05:23:29,499,completed,UPI
ORD_10110,CUST_0037,2026-06-12 05:48:00,349,completed,UPI
ORD_14405,CUST_1203,2026-06-12 07:08:34,998,completed,COD
ORD_17640,CUST_0385,2026-06-12 07:18:20,3299,completed,UPI
ORD_17351,CUST_0944,2026-06-12 07:32:48,349,completed,UPI
ORD_14137,CUST_0462,2026-06-12 09:00:40,1298,completed,COD
ORD_17937,CUST_0644,2026-06-12 09:45:09,1999,completed,UPI
ORD_18654,CUST_0966,2026-06-12 11:38:44,249,completed,Credit Card
ORD_18664,CUST_1940,2026-06-12 12:33:08,299,completed,COD
ORD_16322,CUST_1772,2026-06-12 12:55:36,4098,completed,UPI
ORD_15229,CUST_1404,2026-06-12 12:59:31,1298,completed,Credit Card
ORD_16522,CUST_0717,2026-06-12 13:15:02,7298,completed,Debit Card
ORD_19363,CUST_0928,2026-06-12 14:00:15,2499,completed,COD
ORD_15700,CUST_1866,2026-06-12 15:19:40,4398,completed,UPI
ORD_19018,CUST_1456,2026-06-12 16:02:19,6999,completed,UPI
ORD_15977,CUST_1881,2026-06-12 16:07:02,3798,completed,UPI
ORD_18614,CUST_0643,2026-06-12 16:21:50,1999,completed,COD
ORD_18194,CUST_0822,2026-06-12 16:43:36,4299,completed,UPI
ORD_15112,CUST_0671,2026-06-12 17:25:07,948,completed,UPI
ORD_19892,CUST_0376,2026-06-12 18:06:08,2499,completed,Debit Card
ORD_15960,CUST_1015,2026-06-12 18:32:00,2298,completed,Debit Card
ORD_16264,CUST_0994,2026-06-12 22:23:12,4198,completed,Debit Card
ORD_10573,CUST_0189,2026-06-12 22:59:00,4299,completed,UPI
ORD_10534,CUST_0179,2026-06-12 23:21:00,599,completed,UPI
ORD_18899,CUST_1627,2026-06-12 23:25:37,1499,completed,Credit Card
ORD_10114,CUST_0039,2026-06-12 23:58:00,599,completed,Debit Card
ORD_16816,CUST_0429,2026-06-13 00:00:26,1899,completed,UPI
ORD_17958,CUST_1053,2026-06-13 00:13:41,2799,completed,UPI
ORD_10310,CUST_0104,2026-06-13 00:53:00,299,completed,UPI
ORD_19921,CUST_1025,2026-06-13 01:04:16,2799,completed,UPI
ORD_10367,CUST_0123,2026-06-13 01:08:00,349,completed,Credit Card
ORD_19905,CUST_0741,2026-06-13 01:36:19,999,completed,UPI
ORD_15128,CUST_1938,2026-06-13 01:51:39,1148,completed,UPI
ORD_17934,CUST_0786,2026-06-13 01:55:57,799,completed,Credit Card
ORD_17548,CUST_0965,2026-06-13 02:26:08,2799,completed,COD
ORD_10352,CUST_0118,2026-06-13 03:49:00,3499,completed,Debit Card
ORD_10415,CUST_0139,2026-06-13 04:30:00,899,completed,UPI
ORD_18025,CUST_1182,2026-06-13 07:35:48,799,completed,UPI
ORD_10356,CUST_0119,2026-06-13 07:39:00,2199,completed,Debit Card
ORD_16821,CUST_1213,2026-06-13 08:12:43,3299,completed,Credit Card
ORD_10216,CUST_0073,2026-06-13 08:15:00,5499,completed,Debit Card
ORD_10393,CUST_0132,2026-06-13 09:36:00,899,completed,COD
ORD_10061,CUST_0021,2026-06-13 10:17:00,999,completed,UPI
ORD_18741,CUST_1738,2026-06-13 11:51:32,2499,completed,Debit Card
ORD_18027,CUST_1187,2026-06-13 12:07:54,3299,completed,Credit Card
ORD_15815,CUST_0579,2026-06-13 12:32:44,4098,completed,UPI
ORD_17570,CUST_1264,2026-06-13 14:14:51,1999,completed,Debit Card
ORD_14373,CUST_0539,2026-06-13 14:50:19,1048,completed,UPI
ORD_18246,CUST_1317,2026-06-13 16:02:28,349,completed,Debit Card
ORD_15488,CUST_0946,2026-06-13 16:05:58,1248,completed,UPI
ORD_17165,CUST_0698,2026-06-13 17:25:58,3299,completed,Debit Card
ORD_18281,CUST_0427,2026-06-13 18:20:09,299,completed,UPI
ORD_14773,CUST_1323,2026-06-13 18:27:57,1148,completed,UPI
ORD_17676,CUST_0276,2026-06-13 18:33:45,4299,completed,UPI
ORD_19426,CUST_1913,2026-06-13 18:48:30,799,completed,UPI
ORD_16172,CUST_0440,2026-06-13 19:36:28,2598,completed,UPI
ORD_18510,CUST_1489,2026-06-13 20:32:19,499,completed,UPI
ORD_17096,CUST_1732,2026-06-13 21:18:34,599,completed,COD
ORD_16839,CUST_0400,2026-06-13 21:18:49,6999,completed,Debit Card
ORD_10079,CUST_0027,2026-06-13 22:09:00,5499,completed,UPI
ORD_18606,CUST_0340,2026-06-13 22:20:27,499,completed,COD
ORD_14612,CUST_1624,2026-06-13 23:00:34,1348,completed,UPI
ORD_10248,CUST_0083,2026-06-14 00:01:00,3999,completed,UPI
ORD_10410,CUST_0137,2026-06-14 00:09:00,499,completed,UPI
ORD_19808,CUST_1627,2026-06-14 00:18:54,2199,completed,UPI
ORD_17618,CUST_1143,2026-06-14 00:32:09,299,completed,UPI
ORD_10496,CUST_0166,2026-06-14 01:04:00,699,completed,UPI
ORD_10508,CUST_0170,2026-06-14 01:57:00,899,completed,COD
ORD_10042,CUST_0015,2026-06-14 02:14:00,2499,completed,UPI
ORD_10013,CUST_0005,2026-06-14 03:40:00,249,completed,COD
ORD_18576,CUST_0968,2026-06-14 03:41:01,3299,completed,UPI
ORD_16656,CUST_1829,2026-06-14 03:46:33,499,completed,Debit Card
ORD_19755,CUST_1977,2026-06-14 04:28:44,1899,completed,UPI
ORD_10346,CUST_0116,2026-06-14 04:31:00,6999,completed,UPI
ORD_10635,CUST_0204,2026-06-14 04:41:00,2799,completed,UPI
ORD_18017,CUST_0339,2026-06-14 05:44:36,4999,completed,COD
ORD_10100,CUST_0034,2026-06-14 06:39:00,3299,completed,Debit Card
ORD_17877,CUST_1814,2026-06-14 06:49:51,1499,completed,Credit Card
ORD_19163,CUST_1658,2026-06-14 07:19:30,999,completed,Debit Card
ORD_15944,CUST_0709,2026-06-14 07:39:23,6298,completed,COD
ORD_17627,CUST_1595,2026-06-14 08:03:17,349,completed,UPI
ORD_16775,CUST_1424,2026-06-14 10:16:12,1299,completed,Debit Card
ORD_16113,CUST_1013,2026-06-14 10:27:47,5298,completed,Debit Card
ORD_16312,CUST_1529,2026-06-14 13:39:30,6198,completed,Credit Card
ORD_18221,CUST_1434,2026-06-14 14:57:30,1299,completed,Debit Card
ORD_16153,CUST_0793,2026-06-14 16:01:42,2198,completed,COD
ORD_16259,CUST_1183,2026-06-14 16:30:00,8298,completed,Debit Card
ORD_14334,CUST_0301,2026-06-14 16:31:11,1398,completed,UPI
ORD_18456,CUST_1890,2026-06-14 16:49:09,2799,completed,Credit Card
ORD_16062,CUST_1381,2026-06-14 17:10:21,2298,completed,UPI
ORD_17356,CUST_1506,2026-06-14 17:12:28,1899,completed,Debit Card
ORD_16936,CUST_0775,2026-06-14 18:02:44,5499,completed,UPI
ORD_18568,CUST_1587,2026-06-14 18:12:25,249,completed,UPI
ORD_19527,CUST_1106,2026-06-14 18:29:37,1899,completed,Credit Card
ORD_19427,CUST_0843,2026-06-14 18:52:59,1899,completed,UPI
ORD_17786,CUST_1220,2026-06-14 19:08:22,999,completed,UPI
ORD_16496,CUST_1754,2026-06-14 19:22:15,8298,completed,COD
ORD_15360,CUST_0976,2026-06-14 19:56:39,848,completed,UPI
ORD_16980,CUST_1205,2026-06-14 19:58:49,899,completed,UPI
ORD_15186,CUST_1991,2026-06-14 20:01:41,1298,completed,COD
ORD_16041,CUST_0621,2026-06-14 20:43:38,5898,completed,COD
ORD_19792,CUST_0912,2026-06-14 21:38:28,3999,completed,Debit Card
ORD_19181,CUST_0905,2026-06-14 22:13:29,249,completed,Credit Card
ORD_18610,CUST_1815,2026-06-14 22:14:39,699,completed,UPI
ORD_10287,CUST_0096,2026-06-14 22:47:00,1999,completed,Debit Card
ORD_10343,CUST_0115,2026-06-15 00:39:00,599,completed,UPI
ORD_18763,CUST_0271,2026-06-15 00:52:36,3999,completed,UPI
ORD_17632,CUST_0739,2026-06-15 01:26:00,1499,completed,UPI
ORD_15234,CUST_1501,2026-06-15 02:06:00,1048,completed,UPI
ORD_17334,CUST_1989,2026-06-15 02:35:32,699,completed,Credit Card
ORD_18109,CUST_1712,2026-06-15 02:43:08,5499,completed,UPI
ORD_17959,CUST_0882,2026-06-15 04:16:06,899,completed,UPI
ORD_16742,CUST_1044,2026-06-15 04:38:15,799,completed,UPI
ORD_18207,CUST_0696,2026-06-15 05:46:40,1899,completed,COD
ORD_10355,CUST_0119,2026-06-15 05:53:00,3299,completed,UPI
ORD_18078,CUST_0432,2026-06-15 06:07:46,6999,completed,COD
ORD_14351,CUST_0995,2026-06-15 06:13:24,1598,completed,UPI
ORD_17840,CUST_1547,2026-06-15 07:26:43,3299,completed,Credit Card
ORD_10418,CUST_0140,2026-06-15 07:42:00,499,completed,Credit Card
ORD_16220,CUST_0279,2026-06-15 07:43:15,4298,completed,UPI
ORD_17049,CUST_0803,2026-06-15 08:22:07,899,completed,Credit Card
ORD_15464,CUST_0678,2026-06-15 08:38:26,848,completed,Credit Card
ORD_10728,CUST_0228,2026-06-15 09:12:00,3299,completed,UPI
ORD_15505,CUST_1928,2026-06-15 10:15:34,1198,completed,Debit Card
ORD_18106,CUST_0824,2026-06-15 10:41:53,699,completed,COD
ORD_14047,CUST_1127,2026-06-15 11:41:52,1198,completed,UPI
ORD_17294,CUST_1981,2026-06-15 12:53:07,999,completed,UPI
ORD_17862,CUST_0725,2026-06-15 13:26:58,3499,completed,Debit Card
ORD_18175,CUST_1071,2026-06-15 13:42:01,2799,completed,COD
ORD_16274,CUST_1068,2026-06-15 13:50:56,7698,completed,UPI
ORD_17154,CUST_0996,2026-06-15 14:48:26,3999,completed,UPI
ORD_17961,CUST_0874,2026-06-15 15:10:44,699,completed,UPI
ORD_19612,CUST_1027,2026-06-15 15:13:02,899,completed,Debit Card
ORD_17375,CUST_0961,2026-06-15 15:25:48,799,completed,Credit Card
ORD_15329,CUST_1762,2026-06-15 16:10:54,1198,completed,UPI
ORD_15458,CUST_1921,2026-06-15 16:25:38,1148,completed,COD
ORD_16763,CUST_0785,2026-06-15 16:55:50,1499,completed,Credit Card
ORD_16241,CUST_1078,2026-06-15 20:40:01,2698,completed,Credit Card
ORD_14465,CUST_0784,2026-06-15 20:49:19,1098,completed,UPI
ORD_19484,CUST_0933,2026-06-15 21:23:16,2499,completed,Credit Card
ORD_17698,CUST_1109,2026-06-15 22:29:13,2499,completed,Credit Card
ORD_14608,CUST_0364,2026-06-15 22:32:21,1148,completed,UPI
ORD_18026,CUST_1412,2026-06-15 22:40:41,899,completed,UPI
ORD_16472,CUST_0903,2026-06-15 23:35:58,8298,completed,Debit Card
ORD_10313,CUST_0105,2026-06-16 02:21:00,799,completed,UPI
ORD_10293,CUST_0098,2026-06-16 02:57:00,899,completed,UPI
ORD_17911,CUST_1912,2026-06-16 03:27:03,899,completed,Debit Card
ORD_19239,CUST_1884,2026-06-16 04:11:22,699,completed,UPI
ORD_15118,CUST_1242,2026-06-16 04:53:54,848,completed,COD
ORD_16046,CUST_0614,2026-06-16 05:38:23,2598,completed,UPI
ORD_16642,CUST_0538,2026-06-16 06:31:12,899,completed,UPI
ORD_10429,CUST_0144,2026-06-16 06:38:00,699,completed,Credit Card
ORD_16872,CUST_0930,2026-06-16 08:07:05,3299,completed,Debit Card
ORD_14446,CUST_1441,2026-06-16 08:38:12,1298,completed,UPI
ORD_15323,CUST_1781,2026-06-16 09:30:44,1298,completed,UPI
ORD_15638,CUST_1251,2026-06-16 10:37:53,1098,completed,COD
ORD_14133,CUST_1246,2026-06-16 11:10:41,1398,completed,UPI
ORD_18312,CUST_0299,2026-06-16 11:27:45,4999,completed,UPI
ORD_17515,CUST_0740,2026-06-16 11:39:01,299,completed,UPI
ORD_17080,CUST_0414,2026-06-16 12:09:14,2499,completed,UPI
ORD_19557,CUST_1519,2026-06-16 12:18:22,3999,failed,UPI
ORD_16206,CUST_0747,2026-06-16 13:13:29,8798,completed,UPI
ORD_16071,CUST_1424,2026-06-16 13:25:38,3698,completed,UPI
ORD_18872,CUST_1643,2026-06-16 13:32:34,3299,completed,UPI
ORD_16809,CUST_0969,2026-06-16 13:43:59,299,completed,UPI
ORD_19615,CUST_0673,2026-06-16 14:41:01,349,completed,COD
ORD_15556,CUST_1086,2026-06-16 14:47:43,898,completed,UPI
ORD_14451,CUST_1120,2026-06-16 14:56:28,1298,completed,UPI
ORD_15635,CUST_1692,2026-06-16 15:32:17,1098,completed,UPI
ORD_15591,CUST_0522,2026-06-16 16:00:31,948,completed,COD
ORD_15780,CUST_0543,2026-06-16 17:19:58,4098,completed,Credit Card
ORD_14524,CUST_1456,2026-06-16 17:58:02,1198,completed,Credit Card
ORD_18166,CUST_0708,2026-06-16 20:49:13,1899,completed,Debit Card
ORD_10754,CUST_0234,2026-06-16 22:15:00,2499,completed,UPI
ORD_17606,CUST_1549,2026-06-16 22:29:39,4999,completed,UPI
ORD_10106,CUST_0036,2026-06-16 23:14:00,899,completed,COD
ORD_10086,CUST_0029,2026-06-16 23:23:00,1299,completed,COD
ORD_17107,CUST_1676,2026-06-17 00:10:19,3999,completed,UPI
ORD_18139,CUST_1226,2026-06-17 01:11:24,999,completed,COD
ORD_10685,CUST_0217,2026-06-17 01:23:00,7998,completed,Credit Card
ORD_14450,CUST_1028,2026-06-17 02:46:58,1498,completed,Debit Card
ORD_10713,CUST_0224,2026-06-17 02:53:00,6598,completed,COD
ORD_15696,CUST_1762,2026-06-17 03:07:31,3498,completed,Debit Card
ORD_18484,CUST_1342,2026-06-17 03:15:38,1999,completed,UPI
ORD_10839,CUST_0255,2026-06-17 04:31:00,3999,completed,UPI
ORD_16026,CUST_1070,2026-06-17 04:38:43,8898,completed,Debit Card
ORD_10467,CUST_0156,2026-06-17 04:52:00,999,completed,Credit Card
ORD_10566,CUST_0187,2026-06-17 05:21:00,4999,completed,UPI
ORD_10451,CUST_0151,2026-06-17 05:53:00,3999,completed,COD
ORD_10104,CUST_0035,2026-06-17 05:56:00,3299,completed,UPI
ORD_16325,CUST_1537,2026-06-17 06:37:44,5198,completed,Credit Card
ORD_18541,CUST_1823,2026-06-17 06:55:07,3299,completed,UPI
ORD_10472,CUST_0158,2026-06-17 07:40:00,6999,completed,COD
ORD_10119,CUST_0040,2026-06-17 07:48:00,1499,completed,Debit Card
ORD_10743,CUST_0231,2026-06-17 09:01:00,10998,completed,UPI
ORD_17665,CUST_1809,2026-06-17 09:23:53,4999,completed,Credit Card
ORD_10585,CUST_0192,2026-06-17 09:42:00,3999,completed,Debit Card
ORD_16669,CUST_1583,2026-06-17 09:59:59,3299,completed,UPI
ORD_10649,CUST_0208,2026-06-17 10:30:00,4998,completed,Credit Card
ORD_18494,CUST_0479,2026-06-17 11:24:21,899,completed,COD
ORD_14053,CUST_0548,2026-06-17 11:28:39,848,completed,UPI
ORD_18919,CUST_1399,2026-06-17 11:55:16,1999,completed,COD
ORD_17791,CUST_0529,2026-06-17 12:08:47,3299,completed,COD
ORD_14623,CUST_1349,2026-06-17 12:40:11,1048,completed,Credit Card
ORD_14727,CUST_0684,2026-06-17 13:04:46,848,completed,UPI
ORD_19622,CUST_1552,2026-06-17 13:16:59,999,completed,Debit Card
ORD_16717,CUST_0784,2026-06-17 14:38:23,5499,completed,COD
ORD_17036,CUST_1749,2026-06-17 15:16:21,349,completed,COD
ORD_14562,CUST_0887,2026-06-17 16:05:58,1348,completed,UPI
ORD_18162,CUST_1009,2026-06-17 16:49:36,899,completed,COD
ORD_19576,CUST_1639,2026-06-17 18:30:55,3499,completed,UPI
ORD_16675,CUST_0612,2026-06-17 18:31:02,899,completed,UPI
ORD_14780,CUST_0284,2026-06-17 18:51:50,1348,completed,Debit Card
ORD_14904,CUST_0856,2026-06-17 19:06:27,1248,completed,UPI
ORD_17692,CUST_0459,2026-06-17 19:47:48,2199,completed,Debit Card
ORD_19430,CUST_1267,2026-06-17 19:59:47,4999,completed,UPI
ORD_15004,CUST_0796,2026-06-17 20:53:59,1198,completed,Debit Card
ORD_18786,CUST_0770,2026-06-17 21:48:28,899,completed,UPI
ORD_10872,CUST_0264,2026-06-17 22:06:00,13998,completed,UPI
ORD_14433,CUST_0981,2026-06-17 23:20:15,998,completed,Debit Card
ORD_17259,CUST_1080,2026-06-17 23:23:32,4999,completed,UPI
ORD_10006,CUST_0003,2026-06-17 23:28:00,3999,completed,UPI
ORD_16729,CUST_0884,2026-06-17 23:50:30,6999,completed,UPI
ORD_15052,CUST_1733,2026-06-18 00:06:19,1698,completed,UPI
ORD_10762,CUST_0236,2026-06-18 00:20:00,9998,completed,Credit Card
ORD_15449,CUST_1985,2026-06-18 00:34:42,748,completed,UPI
ORD_19524,CUST_0560,2026-06-18 01:20:44,2499,completed,Credit Card
ORD_16254,CUST_0433,2026-06-18 01:34:13,7998,completed,UPI
ORD_10181,CUST_0061,2026-06-18 02:32:00,6999,completed,Credit Card
ORD_10077,CUST_0026,2026-06-18 02:53:00,6999,completed,Credit Card
ORD_10377,CUST_0126,2026-06-18 02:57:00,3299,completed,Debit Card
ORD_17519,CUST_0333,2026-06-18 03:20:24,899,completed,Credit Card
ORD_18247,CUST_0874,2026-06-18 04:06:04,1299,completed,UPI
ORD_10815,CUST_0249,2026-06-18 04:12:00,3999,completed,COD
ORD_10349,CUST_0117,2026-06-18 06:02:00,1999,completed,UPI
ORD_15602,CUST_1471,2026-06-18 06:14:20,798,completed,UPI
ORD_17400,CUST_0560,2026-06-18 06:37:48,5499,completed,Credit Card
ORD_19189,CUST_1383,2026-06-18 06:50:35,699,completed,Credit Card
ORD_16770,CUST_1180,2026-06-18 06:53:05,349,completed,UPI
ORD_17391,CUST_0846,2026-06-18 06:54:56,1499,completed,Credit Card
ORD_18714,CUST_0773,2026-06-18 07:20:47,3499,completed,Debit Card
ORD_10562,CUST_0186,2026-06-18 07:48:00,3999,completed,Credit Card
ORD_10719,CUST_0225,2026-06-18 09:13:00,3299,completed,COD
ORD_17364,CUST_1250,2026-06-18 10:32:12,499,completed,Debit Card
ORD_10592,CUST_0194,2026-06-18 10:54:00,8598,completed,UPI
ORD_15969,CUST_0573,2026-06-18 11:53:56,4998,completed,UPI
ORD_19656,CUST_1549,2026-06-18 12:33:26,699,completed,UPI
ORD_15000,CUST_0357,2026-06-18 12:52:05,798,completed,Debit Card
ORD_17253,CUST_0579,2026-06-18 13:24:24,1899,completed,Debit Card
ORD_17168,CUST_0480,2026-06-18 15:00:07,3999,completed,Debit Card
ORD_19419,CUST_1581,2026-06-18 15:44:34,2499,completed,Credit Card
ORD_16263,CUST_0837,2026-06-18 15:52:25,2698,completed,Credit Card
ORD_18422,CUST_0875,2026-06-18 16:06:48,249,completed,COD
ORD_14975,CUST_1130,2026-06-18 16:15:20,798,completed,Credit Card
ORD_17315,CUST_0873,2026-06-18 17:34:07,799,completed,Debit Card
ORD_15439,CUST_1612,2026-06-18 17:35:58,1298,completed,Credit Card
ORD_15372,CUST_1076,2026-06-18 18:55:07,848,completed,COD
ORD_14051,CUST_0665,2026-06-18 19:57:42,1498,completed,UPI
ORD_17992,CUST_0848,2026-06-18 21:09:29,1899,completed,COD
ORD_17249,CUST_1279,2026-06-18 21:19:30,3999,completed,UPI
ORD_14092,CUST_1954,2026-06-18 21:31:32,798,completed,Debit Card
ORD_17850,CUST_0314,2026-06-18 22:35:14,1899,completed,Credit Card
ORD_19313,CUST_1314,2026-06-18 22:44:14,3299,completed,COD
ORD_10495,CUST_0166,2026-06-18 22:52:00,1899,completed,Debit Card
ORD_15428,CUST_1737,2026-06-19 00:06:37,1148,completed,COD
ORD_15975,CUST_1142,2026-06-19 00:06:43,5898,completed,UPI
ORD_10275,CUST_0092,2026-06-19 00:47:00,1299,completed,UPI
ORD_17150,CUST_1899,2026-06-19 01:02:21,5499,completed,UPI
ORD_19564,CUST_0432,2026-06-19 01:11:29,1299,completed,Credit Card
ORD_14943,CUST_1754,2026-06-19 02:08:52,1298,completed,Credit Card
ORD_18772,CUST_0547,2026-06-19 02:11:07,999,completed,UPI
ORD_15484,CUST_1825,2026-06-19 02:13:37,998,completed,COD
ORD_14770,CUST_0303,2026-06-19 02:23:56,1598,completed,UPI
ORD_15640,CUST_0424,2026-06-19 03:33:32,898,completed,UPI
ORD_18234,CUST_1235,2026-06-19 03:36:47,799,completed,COD
ORD_18179,CUST_1854,2026-06-19 03:52:32,3299,completed,Debit Card
ORD_18706,CUST_1932,2026-06-19 04:02:51,499,completed,COD
ORD_16487,CUST_1523,2026-06-19 04:39:47,2598,completed,UPI
ORD_19274,CUST_0593,2026-06-19 05:32:07,1299,completed,UPI
ORD_16391,CUST_1165,2026-06-19 05:47:26,6498,completed,Debit Card
ORD_18036,CUST_1685,2026-06-19 07:37:47,1299,completed,UPI
ORD_16638,CUST_1627,2026-06-19 07:40:53,249,completed,COD
ORD_16805,CUST_0582,2026-06-19 07:49:41,799,completed,UPI
ORD_14478,CUST_0747,2026-06-19 08:24:32,848,completed,Debit Card
ORD_10342,CUST_0115,2026-06-19 08:41:00,1499,completed,Credit Card
ORD_15526,CUST_1959,2026-06-19 08:51:02,1048,completed,UPI
ORD_16182,CUST_1481,2026-06-19 08:55:44,5498,completed,Debit Card
ORD_10428,CUST_0143,2026-06-19 09:53:00,699,completed,UPI
ORD_15185,CUST_1115,2026-06-19 10:26:01,1148,completed,UPI
ORD_16069,CUST_0649,2026-06-19 10:34:10,4598,completed,Credit Card
ORD_10265,CUST_0089,2026-06-19 10:59:00,5499,completed,Debit Card
ORD_14129,CUST_1392,2026-06-19 11:59:13,748,completed,UPI
ORD_14357,CUST_1376,2026-06-19 12:35:17,1298,completed,UPI
ORD_14077,CUST_1484,2026-06-19 12:39:20,848,completed,COD
ORD_17534,CUST_0701,2026-06-19 12:55:37,5499,completed,Credit Card
ORD_15397,CUST_0679,2026-06-19 14:22:40,1098,completed,UPI
ORD_14139,CUST_0629,2026-06-19 14:46:38,1048,completed,UPI
ORD_16245,CUST_1038,2026-06-19 14:48:30,7298,completed,UPI
ORD_14443,CUST_1635,2026-06-19 14:53:38,1298,completed,UPI
ORD_15204,CUST_0640,2026-06-19 15:20:09,1248,completed,Credit Card
ORD_18275,CUST_1914,2026-06-19 15:23:35,799,completed,Debit Card
ORD_16078,CUST_1254,2026-06-19 15:52:41,6898,completed,Debit Card
ORD_18287,CUST_1409,2026-06-19 16:32:33,1899,completed,COD
ORD_19903,CUST_0806,2026-06-19 17:25:59,3299,completed,Debit Card
ORD_17876,CUST_1307,2026-06-19 17:41:21,699,completed,UPI
ORD_14488,CUST_1154,2026-06-19 19:12:19,1298,completed,UPI
ORD_17139,CUST_1378,2026-06-19 19:16:02,999,completed,UPI
ORD_14364,CUST_0332,2026-06-19 19:17:37,1498,completed,Debit Card
ORD_16514,CUST_0855,2026-06-19 20:27:17,6798,completed,UPI
ORD_17842,CUST_1945,2026-06-19 20:45:57,299,completed,UPI
ORD_19108,CUST_1410,2026-06-19 21:38:13,2799,completed,UPI
ORD_14994,CUST_0606,2026-06-19 23:00:09,1348,completed,UPI
ORD_17663,CUST_0445,2026-06-19 23:45:11,599,completed,UPI
ORD_18725,CUST_1481,2026-06-20 00:37:34,999,completed,Credit Card
ORD_14538,CUST_0483,2026-06-20 00:42:54,1698,completed,UPI
ORD_18496,CUST_1599,2026-06-20 01:13:42,6999,completed,UPI
ORD_15307,CUST_0830,2026-06-20 01:42:21,1248,completed,UPI
ORD_19596,CUST_0912,2026-06-20 02:02:11,2199,completed,Debit Card
ORD_19634,CUST_1578,2026-06-20 02:34:21,2799,completed,Credit Card
ORD_16751,CUST_0532,2026-06-20 03:21:17,699,completed,COD
ORD_10162,CUST_0055,2026-06-20 03:22:00,2499,completed,COD
ORD_16907,CUST_1573,2026-06-20 03:42:50,899,completed,UPI
ORD_18856,CUST_0389,2026-06-20 04:41:07,349,completed,UPI
ORD_18825,CUST_1559,2026-06-20 04:49:20,1899,completed,COD
ORD_10802,CUST_0246,2026-06-20 05:10:00,8598,completed,COD
ORD_10131,CUST_0044,2026-06-20 05:14:00,499,completed,UPI
ORD_10556,CUST_0185,2026-06-20 06:32:00,6999,completed,UPI
ORD_16900,CUST_0763,2026-06-20 07:50:49,899,completed,Debit Card
ORD_10454,CUST_0152,2026-06-20 08:13:00,1299,completed,UPI
ORD_17277,CUST_1282,2026-06-20 09:44:00,299,completed,UPI
ORD_10591,CUST_0193,2026-06-20 09:50:00,5598,completed,Debit Card
ORD_10203,CUST_0068,2026-06-20 09:53:00,899,completed,UPI
ORD_16959,CUST_1687,2026-06-20 09:59:07,499,completed,Debit Card
ORD_19664,CUST_0342,2026-06-20 10:13:32,1999,completed,COD
ORD_18800,CUST_1421,2026-06-20 11:25:04,1299,completed,UPI
ORD_15801,CUST_1227,2026-06-20 11:36:38,3298,completed,UPI
ORD_18501,CUST_1170,2026-06-20 12:44:28,699,completed,COD
ORD_19272,CUST_1166,2026-06-20 12:49:46,699,completed,UPI
ORD_18015,CUST_1066,2026-06-20 13:05:30,499,completed,Debit Card
ORD_14752,CUST_1246,2026-06-20 13:09:35,848,completed,COD
ORD_17444,CUST_0369,2026-06-20 13:25:05,1299,completed,COD
ORD_15784,CUST_0624,2026-06-20 13:27:26,3498,completed,UPI
ORD_14384,CUST_1457,2026-06-20 13:44:49,1698,completed,UPI
ORD_19608,CUST_1933,2026-06-20 16:37:27,499,completed,COD
ORD_19008,CUST_0503,2026-06-20 16:49:35,4999,completed,UPI
ORD_16904,CUST_1819,2026-06-20 16:53:46,799,completed,UPI
ORD_18438,CUST_1207,2026-06-20 16:55:34,799,completed,UPI
ORD_18174,CUST_1245,2026-06-20 16:55:44,899,completed,COD
ORD_16955,CUST_1461,2026-06-20 17:13:12,499,completed,Credit Card
ORD_19684,CUST_0442,2026-06-20 17:44:44,599,completed,Credit Card
ORD_14167,CUST_1097,2026-06-20 18:38:49,1698,completed,Credit Card
ORD_14745,CUST_1740,2026-06-20 18:41:59,998,completed,UPI
ORD_18618,CUST_1636,2026-06-20 19:01:48,999,completed,UPI
ORD_19885,CUST_0334,2026-06-20 21:08:40,1299,completed,Debit Card
ORD_19418,CUST_1998,2026-06-20 21:34:43,999,completed,UPI
ORD_17302,CUST_1448,2026-06-20 21:43:40,249,completed,UPI
ORD_18854,CUST_0604,2026-06-20 22:06:15,699,completed,Debit Card
ORD_14544,CUST_0464,2026-06-20 22:16:24,1248,completed,UPI
ORD_14876,CUST_0606,2026-06-20 22:59:20,1598,completed,Debit Card
ORD_16490,CUST_1869,2026-06-21 00:09:15,10498,completed,UPI
ORD_16719,CUST_1054,2026-06-21 01:20:14,3999,completed,Debit Card
ORD_10567,CUST_0187,2026-06-21 01:27:00,9998,completed,UPI
ORD_10362,CUST_0121,2026-06-21 01:28:00,499,completed,UPI
ORD_18356,CUST_1205,2026-06-21 02:45:56,6999,completed,COD
ORD_18013,CUST_1231,2026-06-21 03:51:11,999,completed,UPI
ORD_17890,CUST_0277,2026-06-21 03:51:57,6999,completed,COD
ORD_10502,CUST_0168,2026-06-21 04:25:00,2199,completed,Debit Card
ORD_18335,CUST_1819,2026-06-21 04:32:14,3299,completed,Credit Card
ORD_18946,CUST_1835,2026-06-21 04:42:36,2199,completed,COD
ORD_10794,CUST_0244,2026-06-21 05:03:00,2999,completed,Debit Card
ORD_10330,CUST_0111,2026-06-21 05:47:00,3999,completed,UPI
ORD_14885,CUST_1124,2026-06-21 06:11:46,798,completed,UPI
ORD_10531,CUST_0178,2026-06-21 06:15:00,799,completed,UPI
ORD_14186,CUST_0677,2026-06-21 06:25:02,1498,completed,UPI
ORD_10542,CUST_0181,2026-06-21 06:37:00,3999,completed,COD
ORD_19978,CUST_1278,2026-06-21 08:29:15,3499,completed,Credit Card
ORD_19298,CUST_1978,2026-06-21 09:09:03,1899,failed,Credit Card
ORD_17559,CUST_1226,2026-06-21 09:16:07,899,completed,UPI
ORD_10636,CUST_0205,2026-06-21 09:21:00,2999,completed,UPI
ORD_10717,CUST_0225,2026-06-21 09:36:00,3999,completed,Credit Card
ORD_16014,CUST_0980,2026-06-21 10:14:09,6898,completed,COD
ORD_16535,CUST_0528,2026-06-21 11:29:26,1899,completed,UPI
ORD_17167,CUST_1582,2026-06-21 11:37:03,4999,completed,COD
ORD_16379,CUST_1894,2026-06-21 12:24:11,4098,completed,Credit Card
ORD_17368,CUST_1185,2026-06-21 12:37:37,5499,completed,Credit Card
ORD_18143,CUST_0514,2026-06-21 12:58:34,249,completed,UPI
ORD_15686,CUST_0692,2026-06-21 13:20:56,5798,completed,UPI
ORD_14271,CUST_1603,2026-06-21 15:38:24,1498,completed,UPI
ORD_15733,CUST_1350,2026-06-21 16:16:36,1598,completed,UPI
ORD_15158,CUST_0511,2026-06-21 16:25:17,1498,completed,COD
ORD_19339,CUST_0339,2026-06-21 17:42:42,349,completed,UPI
ORD_18559,CUST_0361,2026-06-21 17:45:23,799,completed,Debit Card
ORD_19276,CUST_1818,2026-06-21 18:05:58,4999,completed,COD
ORD_16891,CUST_1509,2026-06-21 18:52:00,499,completed,UPI
ORD_15430,CUST_0856,2026-06-21 18:54:12,1498,completed,UPI
ORD_15589,CUST_1939,2026-06-21 19:13:10,1498,completed,Credit Card
ORD_17706,CUST_0352,2026-06-21 19:36:54,3999,completed,UPI
ORD_14936,CUST_0597,2026-06-21 20:00:39,1148,completed,UPI
ORD_14984,CUST_0721,2026-06-21 20:56:20,1198,completed,UPI
ORD_19983,CUST_0494,2026-06-21 21:19:02,3299,completed,Credit Card
ORD_14982,CUST_0593,2026-06-21 22:42:31,1698,completed,Credit Card
ORD_10778,CUST_0240,2026-06-21 23:19:00,10998,completed,UPI
ORD_19719,CUST_0759,2026-06-21 23:29:03,1299,completed,UPI
ORD_10650,CUST_0208,2026-06-21 23:48:00,2799,completed,Debit Card
ORD_19842,CUST_1894,2026-06-22 00:08:31,899,completed,UPI
ORD_16604,CUST_1905,2026-06-22 00:55:35,999,failed,COD
ORD_18898,CUST_1463,2026-06-22 01:13:00,1999,completed,UPI
ORD_10844,CUST_0257,2026-06-22 01:18:00,6598,completed,Debit Card
ORD_18671,CUST_0283,2026-06-22 02:12:52,799,completed,UPI
ORD_19938,CUST_0285,2026-06-22 02:19:16,999,completed,COD
ORD_15240,CUST_1763,2026-06-22 02:32:15,998,completed,UPI
ORD_19617,CUST_0982,2026-06-22 02:59:53,799,completed,UPI
ORD_19047,CUST_0692,2026-06-22 03:55:32,299,failed,Debit Card
ORD_10132,CUST_0045,2026-06-22 04:12:00,1999,completed,Credit Card
ORD_16537,CUST_1945,2026-06-22 04:17:31,1499,completed,UPI
ORD_10066,CUST_0023,2026-06-22 04:23:00,799,completed,UPI
ORD_10153,CUST_0052,2026-06-22 04:28:00,249,completed,UPI
ORD_14599,CUST_1314,2026-06-22 04:52:38,848,completed,Credit Card
ORD_16691,CUST_0333,2026-06-22 05:02:20,3299,completed,UPI
ORD_19090,CUST_0908,2026-06-22 05:46:19,2499,completed,COD
ORD_18634,CUST_1970,2026-06-22 06:57:34,1299,completed,Debit Card
ORD_10268,CUST_0090,2026-06-22 08:40:00,699,completed,UPI
ORD_17279,CUST_0857,2026-06-22 08:42:12,1299,completed,COD
ORD_18125,CUST_1944,2026-06-22 08:56:36,1299,completed,COD
ORD_10340,CUST_0114,2026-06-22 09:42:00,249,completed,UPI
ORD_17221,CUST_1085,2026-06-22 09:43:28,499,completed,UPI
ORD_17634,CUST_0987,2026-06-22 11:39:20,349,completed,COD
ORD_17540,CUST_1859,2026-06-22 13:02:57,1899,completed,UPI
ORD_15814,CUST_1146,2026-06-22 13:47:44,2898,completed,UPI
ORD_15157,CUST_1644,2026-06-22 14:46:55,1398,completed,Credit Card
ORD_14346,CUST_0835,2026-06-22 14:56:36,948,completed,Credit Card
ORD_14088,CUST_1670,2026-06-22 16:47:40,1498,completed,UPI
ORD_17012,CUST_0734,2026-06-22 18:57:37,3299,completed,COD
ORD_16661,CUST_1385,2026-06-22 19:14:54,499,completed,Debit Card
ORD_17245,CUST_1995,2026-06-22 20:27:27,699,completed,UPI
ORD_17018,CUST_0709,2026-06-22 20:43:20,1899,completed,COD
ORD_17630,CUST_1963,2026-06-22 22:11:47,249,completed,Debit Card
ORD_18421,CUST_1057,2026-06-22 22:28:12,4999,completed,Credit Card
ORD_17409,CUST_0963,2026-06-22 22:41:03,1499,completed,UPI
ORD_19932,CUST_0468,2026-06-22 22:47:49,699,completed,COD
ORD_10286,CUST_0096,2026-06-22 22:51:00,3999,completed,UPI
ORD_18978,CUST_0965,2026-06-23 00:12:50,299,completed,COD
ORD_16336,CUST_0457,2026-06-23 00:14:46,10298,completed,UPI
ORD_18158,CUST_1973,2026-06-23 01:25:23,3999,completed,COD
ORD_19584,CUST_1612,2026-06-23 03:30:57,3299,completed,UPI
ORD_14732,CUST_0493,2026-06-23 03:57:59,1048,completed,UPI
ORD_14546,CUST_1185,2026-06-23 03:58:46,748,completed,Credit Card
ORD_10582,CUST_0191,2026-06-23 04:25:00,4299,completed,UPI
ORD_16020,CUST_1232,2026-06-23 07:01:07,10298,completed,Credit Card
ORD_15108,CUST_1184,2026-06-23 07:39:46,998,completed,UPI
ORD_14096,CUST_0662,2026-06-23 07:40:43,1348,completed,Debit Card
ORD_10736,CUST_0230,2026-06-23 08:24:00,5598,completed,UPI
ORD_17861,CUST_1500,2026-06-23 09:35:35,2199,completed,Credit Card
ORD_10244,CUST_0082,2026-06-23 10:17:00,3999,completed,COD
ORD_14185,CUST_1496,2026-06-23 10:33:25,948,completed,UPI
ORD_19449,CUST_1264,2026-06-23 10:48:26,249,completed,COD
ORD_14618,CUST_1720,2026-06-23 11:07:16,1248,completed,UPI
ORD_18986,CUST_1252,2026-06-23 11:22:17,4999,completed,Credit Card
ORD_17566,CUST_1963,2026-06-23 11:28:34,299,completed,Credit Card
ORD_16804,CUST_0416,2026-06-23 13:11:02,2799,completed,Debit Card
ORD_14289,CUST_0679,2026-06-23 13:43:34,1498,completed,Debit Card
ORD_16838,CUST_1128,2026-06-23 13:44:45,2499,completed,COD
ORD_18067,CUST_0455,2026-06-23 14:04:41,799,completed,COD
ORD_15255,CUST_1147,2026-06-23 15:06:42,1698,completed,UPI
ORD_16628,CUST_0920,2026-06-23 15:16:24,1499,refunded,Debit Card
ORD_17446,CUST_1954,2026-06-23 17:00:50,3299,completed,Debit Card
ORD_14310,CUST_0875,2026-06-23 17:33:28,848,completed,Credit Card
ORD_15086,CUST_0296,2026-06-23 17:46:38,1498,completed,Credit Card
ORD_16634,CUST_1208,2026-06-23 19:20:30,6999,completed,Credit Card
ORD_16387,CUST_0854,2026-06-23 20:14:05,4798,completed,Debit Card
ORD_14534,CUST_1371,2026-06-23 20:59:59,1398,completed,COD
ORD_18758,CUST_1525,2026-06-23 22:06:30,1899,completed,COD
ORD_14375,CUST_1087,2026-06-23 23:14:54,998,completed,UPI
ORD_18339,CUST_1357,2026-06-23 23:55:07,5499,completed,COD
ORD_16272,CUST_0447,2026-06-24 00:50:29,3198,completed,COD
ORD_16446,CUST_0635,2026-06-24 02:12:22,9498,completed,Credit Card
ORD_10400,CUST_0134,2026-06-24 02:37:00,3999,completed,COD
ORD_15337,CUST_0495,2026-06-24 03:15:43,1498,completed,UPI
ORD_17682,CUST_1754,2026-06-24 03:36:38,349,completed,UPI
ORD_16849,CUST_0298,2026-06-24 04:03:36,4299,completed,COD
ORD_14793,CUST_1034,2026-06-24 04:32:54,1148,completed,UPI
ORD_19899,CUST_0778,2026-06-24 05:03:19,6999,completed,UPI
ORD_10640,CUST_0206,2026-06-24 05:04:00,3299,completed,COD
ORD_14333,CUST_0729,2026-06-24 05:19:15,1698,completed,UPI
ORD_19259,CUST_0954,2026-06-24 05:31:37,1299,completed,UPI
ORD_18508,CUST_0836,2026-06-24 05:39:08,899,completed,UPI
ORD_14678,CUST_1109,2026-06-24 06:18:45,1198,completed,Credit Card
ORD_17973,CUST_0519,2026-06-24 06:34:05,249,completed,Debit Card
ORD_18805,CUST_0763,2026-06-24 07:12:52,4999,completed,Credit Card
ORD_14337,CUST_0713,2026-06-24 08:34:52,1148,completed,Debit Card
ORD_19309,CUST_1183,2026-06-24 08:44:18,3999,completed,Credit Card
ORD_15813,CUST_0648,2026-06-24 09:56:49,2098,completed,Debit Card
ORD_10847,CUST_0257,2026-06-24 10:03:00,3999,completed,UPI
ORD_15321,CUST_1820,2026-06-24 11:22:14,898,completed,UPI
ORD_18547,CUST_0714,2026-06-24 11:28:53,799,completed,Debit Card
ORD_15932,CUST_1649,2026-06-24 11:33:11,2798,completed,Debit Card
ORD_14633,CUST_0955,2026-06-24 12:23:40,798,completed,COD
ORD_17705,CUST_0838,2026-06-24 12:37:35,799,completed,UPI
ORD_19832,CUST_1143,2026-06-24 13:09:46,999,completed,Credit Card
ORD_16739,CUST_1665,2026-06-24 13:13:17,899,completed,UPI
ORD_19882,CUST_1095,2026-06-24 13:57:11,6999,failed,UPI
ORD_14296,CUST_1690,2026-06-24 13:58:09,1148,completed,Debit Card
ORD_15130,CUST_0607,2026-06-24 14:23:03,798,completed,Debit Card
ORD_17242,CUST_1129,2026-06-24 14:38:56,1999,completed,UPI
ORD_19542,CUST_1248,2026-06-24 15:44:49,499,completed,COD
ORD_19095,CUST_1338,2026-06-24 16:07:36,999,completed,UPI
ORD_18171,CUST_0495,2026-06-24 16:33:21,2199,completed,Debit Card
ORD_19089,CUST_1621,2026-06-24 16:56:17,699,completed,UPI
ORD_14981,CUST_1037,2026-06-24 17:40:51,1098,completed,Credit Card
ORD_18119,CUST_0271,2026-06-24 17:59:32,699,completed,UPI
ORD_14952,CUST_0675,2026-06-24 18:19:33,898,completed,UPI
ORD_18170,CUST_1577,2026-06-24 19:20:54,899,completed,Credit Card
ORD_14836,CUST_0592,2026-06-24 20:31:09,998,completed,UPI
ORD_15906,CUST_1112,2026-06-24 22:26:44,7798,completed,Credit Card
ORD_10152,CUST_0051,2026-06-24 23:24:00,699,completed,UPI
ORD_10615,CUST_0199,2026-06-24 23:51:00,3999,completed,COD
ORD_18100,CUST_1138,2026-06-25 00:33:21,2499,completed,UPI
ORD_10381,CUST_0128,2026-06-25 02:05:00,3499,completed,Debit Card
ORD_16362,CUST_1517,2026-06-25 02:09:23,9498,completed,UPI
ORD_10348,CUST_0117,2026-06-25 02:22:00,499,completed,UPI
ORD_15188,CUST_1617,2026-06-25 02:26:58,1248,completed,UPI
ORD_19652,CUST_1422,2026-06-25 02:53:48,4999,completed,UPI
ORD_14775,CUST_0313,2026-06-25 03:20:30,1198,completed,Debit Card
ORD_18985,CUST_1060,2026-06-25 03:45:20,3299,completed,Debit Card
ORD_19150,CUST_1669,2026-06-25 03:54:11,3999,completed,UPI
ORD_19721,CUST_0916,2026-06-25 04:04:23,2199,completed,Credit Card
ORD_15176,CUST_1346,2026-06-25 04:31:20,798,completed,Credit Card
ORD_10589,CUST_0193,2026-06-25 05:29:00,3999,completed,COD
ORD_17124,CUST_0558,2026-06-25 05:29:37,699,completed,UPI
ORD_14422,CUST_1493,2026-06-25 05:30:40,1298,completed,UPI
ORD_16726,CUST_0807,2026-06-25 05:40:03,699,completed,COD
ORD_18241,CUST_0654,2026-06-25 07:16:08,899,completed,UPI
ORD_10489,CUST_0164,2026-06-25 07:51:00,2499,completed,COD
ORD_19504,CUST_0915,2026-06-25 08:28:03,349,completed,Credit Card
ORD_16070,CUST_0862,2026-06-25 08:37:54,8998,completed,UPI
ORD_10089,CUST_0030,2026-06-25 09:08:00,999,completed,UPI
ORD_15517,CUST_1180,2026-06-25 09:18:23,1348,completed,UPI
ORD_10213,CUST_0072,2026-06-25 10:59:00,2799,completed,UPI
ORD_14749,CUST_1365,2026-06-25 11:43:01,998,completed,Credit Card
ORD_18314,CUST_1866,2026-06-25 11:49:29,3999,completed,UPI
ORD_14438,CUST_1701,2026-06-25 12:17:32,1098,completed,Credit Card
ORD_18108,CUST_1171,2026-06-25 12:49:59,699,completed,UPI
ORD_14778,CUST_1969,2026-06-25 14:11:14,1148,completed,COD
ORD_14794,CUST_0846,2026-06-25 14:20:17,1698,completed,Credit Card
ORD_15568,CUST_0993,2026-06-25 15:40:41,948,completed,Credit Card
ORD_14352,CUST_0943,2026-06-25 15:56:56,1698,completed,UPI
ORD_15997,CUST_1453,2026-06-25 16:56:45,4898,completed,Credit Card
ORD_17262,CUST_1220,2026-06-25 17:16:04,599,completed,UPI
ORD_18426,CUST_0308,2026-06-25 18:05:22,3299,completed,UPI
ORD_17430,CUST_0915,2026-06-25 18:57:06,1999,completed,UPI
ORD_17885,CUST_1943,2026-06-25 20:41:21,3999,failed,COD
ORD_17815,CUST_0856,2026-06-25 20:42:29,4299,failed,UPI
ORD_10657,CUST_0210,2026-06-25 22:58:00,6998,completed,Debit Card
ORD_10830,CUST_0253,2026-06-25 23:08:00,3999,completed,UPI
ORD_16221,CUST_1865,2026-06-26 00:17:36,10298,completed,COD
ORD_10861,CUST_0261,2026-06-26 00:52:00,5499,completed,UPI
ORD_15911,CUST_1168,2026-06-26 01:04:01,8898,completed,COD
ORD_18478,CUST_1335,2026-06-26 01:14:12,6999,completed,UPI
ORD_18436,CUST_1857,2026-06-26 01:54:43,1899,completed,COD
ORD_14971,CUST_0690,2026-06-26 02:01:59,1298,completed,UPI
ORD_10341,CUST_0114,2026-06-26 02:46:00,799,completed,Credit Card
ORD_19506,CUST_1479,2026-06-26 03:13:39,4299,completed,UPI
ORD_17857,CUST_0801,2026-06-26 04:25:08,2499,completed,COD
ORD_10069,CUST_0024,2026-06-26 05:47:00,499,completed,Credit Card
ORD_18808,CUST_0774,2026-06-26 06:47:46,5499,completed,Credit Card
ORD_19445,CUST_1874,2026-06-26 07:54:38,2799,completed,UPI
ORD_17689,CUST_0608,2026-06-26 09:31:17,1499,completed,Credit Card
ORD_10876,CUST_0265,2026-06-26 09:52:00,6998,completed,UPI
ORD_14996,CUST_1549,2026-06-26 10:44:53,1298,completed,Credit Card
ORD_19341,CUST_1645,2026-06-26 12:07:20,249,completed,UPI
ORD_17989,CUST_1774,2026-06-26 12:39:40,1899,completed,Credit Card
ORD_19300,CUST_0650,2026-06-26 13:28:29,499,completed,COD
ORD_16964,CUST_1558,2026-06-26 14:21:57,899,completed,UPI
ORD_18419,CUST_1892,2026-06-26 15:01:07,1899,completed,Credit Card
ORD_17678,CUST_0879,2026-06-26 15:30:28,1999,completed,Credit Card
ORD_19550,CUST_0993,2026-06-26 15:56:24,3299,completed,Credit Card
ORD_19507,CUST_1686,2026-06-26 17:25:05,499,completed,Debit Card
ORD_19347,CUST_0778,2026-06-26 18:05:58,1499,completed,UPI
ORD_18799,CUST_1568,2026-06-26 18:32:23,999,completed,Debit Card
ORD_14049,CUST_0662,2026-06-26 19:36:41,1398,completed,COD
ORD_18528,CUST_0522,2026-06-26 19:42:30,4999,completed,COD
ORD_15628,CUST_1866,2026-06-26 19:57:26,848,completed,Debit Card
ORD_16420,CUST_1539,2026-06-26 19:57:32,4398,completed,COD
ORD_15290,CUST_0694,2026-06-26 20:55:04,1298,completed,UPI
ORD_16358,CUST_1900,2026-06-26 21:33:16,8898,completed,UPI
ORD_10426,CUST_0143,2026-06-26 22:07:00,4999,completed,UPI
ORD_16031,CUST_0442,2026-06-27 00:00:10,4598,completed,UPI
ORD_10137,CUST_0046,2026-06-27 00:04:00,1499,completed,UPI
ORD_10032,CUST_0011,2026-06-27 00:18:00,1999,completed,UPI
ORD_19091,CUST_1946,2026-06-27 01:51:43,4299,completed,UPI
ORD_15629,CUST_1221,2026-06-27 01:56:48,1498,completed,UPI
ORD_10577,CUST_0190,2026-06-27 02:05:00,4299,completed,COD
ORD_17325,CUST_1197,2026-06-27 02:06:33,3999,completed,UPI
ORD_10055,CUST_0019,2026-06-27 02:48:00,2799,completed,Debit Card
ORD_10411,CUST_0138,2026-06-27 02:56:00,3999,completed,UPI
ORD_16626,CUST_1637,2026-06-27 02:58:49,3299,completed,COD
ORD_14078,CUST_1787,2026-06-27 03:04:24,1298,completed,UPI
ORD_16273,CUST_1721,2026-06-27 03:29:38,9998,completed,UPI
ORD_15226,CUST_1515,2026-06-27 03:38:20,1398,completed,Debit Card
ORD_10202,CUST_0068,2026-06-27 03:42:00,1299,completed,Credit Card
ORD_17917,CUST_1347,2026-06-27 03:47:43,899,completed,UPI
ORD_10071,CUST_0024,2026-06-27 04:08:00,1299,completed,UPI
ORD_15697,CUST_1229,2026-06-27 04:42:25,7298,completed,COD
ORD_18167,CUST_1451,2026-06-27 04:47:10,1299,completed,UPI
ORD_15731,CUST_1720,2026-06-27 05:04:00,4598,completed,UPI
ORD_10031,CUST_0011,2026-06-27 05:05:00,1299,completed,Credit Card
ORD_10697,CUST_0220,2026-06-27 05:07:00,3999,completed,UPI
ORD_15341,CUST_1556,2026-06-27 06:05:47,1098,completed,UPI
ORD_16718,CUST_1403,2026-06-27 06:22:47,999,completed,Credit Card
ORD_14688,CUST_0692,2026-06-27 06:37:02,1148,completed,UPI
ORD_16453,CUST_1396,2026-06-27 07:14:16,10298,completed,Credit Card
ORD_10335,CUST_0112,2026-06-27 08:26:00,2499,completed,UPI
ORD_17304,CUST_1774,2026-06-27 09:01:00,3299,completed,UPI
ORD_10015,CUST_0006,2026-06-27 09:21:00,3299,completed,UPI
ORD_14437,CUST_0576,2026-06-27 10:10:53,1348,completed,COD
ORD_18195,CUST_1045,2026-06-27 10:42:08,299,completed,UPI
ORD_16526,CUST_1993,2026-06-27 10:57:15,3499,completed,UPI
ORD_15433,CUST_1938,2026-06-27 10:57:18,1248,completed,Credit Card
ORD_17670,CUST_1586,2026-06-27 11:29:15,499,completed,Debit Card
ORD_16774,CUST_0693,2026-06-27 12:17:52,2799,completed,Credit Card
ORD_18394,CUST_0498,2026-06-27 12:19:34,3499,completed,UPI
ORD_17913,CUST_0803,2026-06-27 12:26:59,3999,completed,COD
ORD_15793,CUST_1352,2026-06-27 13:08:48,4098,completed,Credit Card
ORD_14864,CUST_1961,2026-06-27 13:58:34,1148,completed,UPI
ORD_16213,CUST_1311,2026-06-27 15:18:04,4698,completed,Credit Card
ORD_15979,CUST_1146,2026-06-27 15:22:32,7298,completed,UPI
ORD_17032,CUST_1944,2026-06-27 15:23:17,2499,completed,UPI
ORD_17394,CUST_1986,2026-06-27 16:45:46,6999,failed,Credit Card
ORD_15034,CUST_1435,2026-06-27 18:00:24,1048,completed,UPI
ORD_17697,CUST_1926,2026-06-27 18:07:08,5499,completed,Debit Card
ORD_18410,CUST_1024,2026-06-27 18:20:04,5499,completed,Debit Card
ORD_14115,CUST_0616,2026-06-27 19:32:00,1598,completed,UPI
ORD_17594,CUST_1443,2026-06-27 20:09:55,3499,completed,UPI
ORD_10197,CUST_0066,2026-06-27 22:12:00,499,completed,UPI
ORD_15068,CUST_0624,2026-06-27 22:20:29,798,completed,Debit Card
ORD_19434,CUST_1887,2026-06-27 22:30:55,1899,completed,Credit Card
ORD_17752,CUST_1389,2026-06-28 00:33:08,699,completed,UPI
ORD_14664,CUST_1381,2026-06-28 00:34:37,1298,completed,Credit Card
ORD_10326,CUST_0109,2026-06-28 00:47:00,699,completed,Credit Card
ORD_10584,CUST_0192,2026-06-28 01:08:00,6598,completed,Credit Card
ORD_10115,CUST_0039,2026-06-28 01:11:00,999,completed,UPI
ORD_17396,CUST_1402,2026-06-28 01:13:21,999,completed,UPI
ORD_14198,CUST_1757,2026-06-28 01:15:25,1598,completed,UPI
ORD_19566,CUST_1933,2026-06-28 01:15:51,4299,completed,UPI
ORD_17673,CUST_1096,2026-06-28 02:16:12,1499,completed,UPI
ORD_19915,CUST_0318,2026-06-28 02:45:41,1899,completed,COD
ORD_14537,CUST_1533,2026-06-28 02:55:17,948,completed,COD
ORD_14517,CUST_1867,2026-06-28 04:14:52,948,completed,COD
ORD_10677,CUST_0215,2026-06-28 04:28:00,3999,completed,COD
ORD_14882,CUST_1652,2026-06-28 06:15:54,1598,completed,UPI
ORD_19746,CUST_0578,2026-06-28 07:48:49,899,completed,Debit Card
ORD_19673,CUST_1778,2026-06-28 07:53:02,699,completed,UPI
ORD_16693,CUST_1710,2026-06-28 08:24:51,2499,completed,UPI
ORD_16268,CUST_0610,2026-06-28 09:19:17,3498,completed,UPI
ORD_14799,CUST_1180,2026-06-28 09:43:17,1298,completed,UPI
ORD_17636,CUST_0732,2026-06-28 10:13:17,3999,completed,Debit Card
ORD_10751,CUST_0233,2026-06-28 10:18:00,7998,completed,UPI
ORD_10121,CUST_0041,2026-06-28 10:34:00,1499,completed,COD
ORD_16270,CUST_1123,2026-06-28 10:44:47,1498,completed,UPI
ORD_19940,CUST_1773,2026-06-28 11:04:07,1899,completed,UPI
ORD_17751,CUST_0897,2026-06-28 11:07:20,2799,completed,Credit Card
ORD_19710,CUST_1187,2026-06-28 11:37:46,2499,completed,UPI
ORD_15764,CUST_1377,2026-06-28 13:12:12,8298,completed,Debit Card
ORD_15424,CUST_0843,2026-06-28 13:13:31,1298,completed,Credit Card
ORD_15766,CUST_1433,2026-06-28 16:20:33,6198,completed,UPI
ORD_19165,CUST_1332,2026-06-28 16:48:42,699,completed,COD
ORD_19780,CUST_1013,2026-06-28 17:21:07,299,completed,Credit Card
ORD_14409,CUST_0727,2026-06-28 18:06:48,1148,completed,UPI
ORD_16251,CUST_0941,2026-06-28 18:19:38,10998,completed,UPI
ORD_17647,CUST_0703,2026-06-28 18:41:50,1299,completed,Credit Card
ORD_16912,CUST_1822,2026-06-28 18:48:58,299,completed,UPI
ORD_15795,CUST_0349,2026-06-28 20:35:12,3798,completed,UPI
ORD_14399,CUST_0914,2026-06-28 20:35:50,748,completed,COD
ORD_18865,CUST_1781,2026-06-28 21:25:21,6999,completed,UPI
ORD_17229,CUST_1159,2026-06-28 22:09:37,1299,completed,UPI
ORD_16582,CUST_0485,2026-06-28 22:56:38,499,completed,UPI
ORD_18637,CUST_0975,2026-06-28 23:39:35,1899,completed,UPI
ORD_15443,CUST_1443,2026-06-28 23:40:42,1248,completed,Credit Card
ORD_16432,CUST_0427,2026-06-29 02:14:07,6298,completed,Debit Card
ORD_15842,CUST_1530,2026-06-29 02:38:30,5798,completed,UPI
ORD_17703,CUST_0473,2026-06-29 02:57:37,249,completed,Debit Card
ORD_17950,CUST_0309,2026-06-29 04:03:13,799,completed,UPI
ORD_15728,CUST_1276,2026-06-29 04:30:41,4098,completed,UPI
ORD_18636,CUST_1676,2026-06-29 04:35:56,899,completed,Credit Card
ORD_15312,CUST_0728,2026-06-29 05:05:26,898,completed,Credit Card
ORD_17510,CUST_0455,2026-06-29 06:44:25,699,completed,UPI
ORD_15020,CUST_1518,2026-06-29 07:31:54,1398,completed,UPI
ORD_18651,CUST_0381,2026-06-29 09:35:18,899,completed,UPI
ORD_14294,CUST_1900,2026-06-29 11:15:12,1298,completed,Credit Card
ORD_14510,CUST_0723,2026-06-29 13:07:34,1698,completed,COD
ORD_17282,CUST_1885,2026-06-29 16:23:54,1299,completed,Credit Card
ORD_15227,CUST_1775,2026-06-29 17:07:38,1398,completed,UPI
ORD_16247,CUST_1664,2026-06-29 17:49:16,5498,completed,COD
ORD_16702,CUST_1992,2026-06-29 18:26:24,5499,completed,UPI
ORD_16156,CUST_0437,2026-06-29 18:32:53,4798,completed,UPI
ORD_14987,CUST_1697,2026-06-29 19:05:15,1048,completed,UPI
ORD_16143,CUST_1900,2026-06-29 19:06:45,8298,completed,UPI
ORD_17266,CUST_1447,2026-06-29 20:31:08,2199,failed,Debit Card
ORD_18499,CUST_0871,2026-06-30 00:27:06,599,completed,UPI
ORD_16177,CUST_1223,2026-06-30 01:18:08,4298,completed,UPI
ORD_19951,CUST_1455,2026-06-30 01:33:29,499,completed,Credit Card
ORD_18300,CUST_1769,2026-06-30 03:23:51,2499,completed,UPI
ORD_17225,CUST_1849,2026-06-30 03:47:52,4299,completed,Credit Card
ORD_18681,CUST_0655,2026-06-30 06:40:52,499,completed,COD
ORD_16056,CUST_1130,2026-06-30 08:02:52,7998,completed,Credit Card
ORD_19967,CUST_1300,2026-06-30 10:32:29,999,completed,UPI
ORD_19636,CUST_0901,2026-06-30 10:44:29,1899,completed,UPI
ORD_18846,CUST_0899,2026-06-30 11:27:30,3299,completed,UPI
ORD_16000,CUST_0349,2026-06-30 12:00:59,2798,completed,UPI
ORD_19208,CUST_1120,2026-06-30 12:07:02,249,completed,UPI
ORD_19646,CUST_1640,2026-06-30 13:00:31,4299,completed,COD
ORD_15541,CUST_0888,2026-06-30 13:01:27,898,completed,UPI
ORD_14761,CUST_1070,2026-06-30 15:09:23,1298,completed,UPI
ORD_14124,CUST_1894,2026-06-30 15:27:33,1098,completed,UPI
ORD_15295,CUST_0588,2026-06-30 15:51:37,1298,completed,Credit Card
ORD_18615,CUST_1423,2026-06-30 15:57:28,3999,completed,UPI
ORD_17407,CUST_1015,2026-06-30 16:11:53,249,completed,UPI
ORD_18904,CUST_1649,2026-06-30 16:45:07,1299,completed,UPI
ORD_18761,CUST_0424,2026-06-30 17:02:37,6999,completed,UPI
ORD_19523,CUST_0629,2026-06-30 17:07:47,5499,completed,UPI
ORD_16987,CUST_0771,2026-06-30 17:37:21,3299,completed,Credit Card
ORD_19128,CUST_0284,2026-06-30 17:54:30,599,completed,UPI
ORD_17718,CUST_1994,2026-06-30 18:45:00,5499,completed,UPI
ORD_17387,CUST_1044,2026-06-30 18:51:03,2499,completed,UPI
ORD_16352,CUST_1030,2026-06-30 19:06:50,10998,completed,COD
ORD_17318,CUST_0789,2026-06-30 19:26:51,6999,completed,Credit Card
ORD_16741,CUST_0287,2026-06-30 19:28:13,4999,completed,COD
ORD_14559,CUST_0521,2026-06-30 20:05:30,848,completed,UPI
ORD_17955,CUST_1552,2026-06-30 21:20:52,799,completed,Debit Card
ORD_18037,CUST_0824,2026-06-30 21:56:05,799,completed,Debit Card
ORD_18288,CUST_1449,2026-06-30 22:06:38,349,completed,UPI
ORD_17075,CUST_1246,2026-06-30 23:38:24,1999,completed,UPI
ORD_18766,CUST_1191,2026-07-01 00:40:25,3299,completed,UPI
ORD_16510,CUST_0562,2026-07-01 01:05:12,4298,completed,UPI
ORD_14043,CUST_1625,2026-07-01 04:24:45,1098,completed,COD
ORD_17891,CUST_1339,2026-07-01 06:07:31,349,completed,UPI
ORD_16303,CUST_1800,2026-07-01 06:45:59,6398,completed,Credit Card
ORD_17585,CUST_1079,2026-07-01 07:35:35,5499,completed,UPI
ORD_14084,CUST_1303,2026-07-01 08:08:40,1298,completed,UPI
ORD_19097,CUST_1421,2026-07-01 09:37:58,1299,completed,Debit Card
ORD_19397,CUST_1153,2026-07-01 09:43:09,499,completed,Debit Card
ORD_19589,CUST_1170,2026-07-01 10:50:38,5499,completed,COD
ORD_17298,CUST_1470,2026-07-01 11:24:21,4299,completed,UPI
ORD_18295,CUST_0936,2026-07-01 11:40:54,1299,completed,UPI
ORD_17201,CUST_1888,2026-07-01 11:52:14,1499,completed,Debit Card
ORD_14848,CUST_1720,2026-07-01 12:15:58,1098,completed,Debit Card
ORD_18233,CUST_1590,2026-07-01 13:02:09,3299,completed,COD
ORD_14986,CUST_1758,2026-07-01 13:36:48,1248,completed,UPI
ORD_16601,CUST_1751,2026-07-01 13:39:17,3999,completed,COD
ORD_16688,CUST_1471,2026-07-01 14:12:05,2199,completed,UPI
ORD_14469,CUST_1482,2026-07-01 14:37:47,1248,completed,COD
ORD_18632,CUST_1371,2026-07-01 14:56:45,1499,completed,UPI
ORD_15566,CUST_0541,2026-07-01 15:30:50,1698,completed,UPI
ORD_15799,CUST_0424,2026-07-01 16:01:09,4698,completed,Debit Card
ORD_15704,CUST_1364,2026-07-01 17:19:30,4798,completed,Debit Card
ORD_15660,CUST_1779,2026-07-01 19:12:38,798,completed,UPI
ORD_17653,CUST_0997,2026-07-01 19:37:23,299,completed,UPI
ORD_16646,CUST_0900,2026-07-01 21:42:52,5499,completed,COD
ORD_17563,CUST_0389,2026-07-01 21:47:58,699,completed,Credit Card
ORD_15075,CUST_0740,2026-07-01 21:53:09,798,completed,COD
ORD_16687,CUST_0791,2026-07-01 22:58:52,249,completed,UPI
ORD_16988,CUST_1797,2026-07-01 23:30:17,699,completed,COD
ORD_16938,CUST_0588,2026-07-02 00:31:04,1899,completed,UPI
ORD_17806,CUST_1990,2026-07-02 01:20:18,3999,completed,UPI
ORD_19179,CUST_1195,2026-07-02 01:36:20,499,completed,Debit Card
ORD_19358,CUST_0414,2026-07-02 02:04:53,6999,completed,Debit Card
ORD_16508,CUST_0961,2026-07-02 03:17:53,6798,completed,UPI
ORD_19870,CUST_1717,2026-07-02 06:50:04,699,completed,UPI
ORD_17779,CUST_1847,2026-07-02 07:20:26,249,completed,COD
ORD_15608,CUST_0321,2026-07-02 08:24:34,1298,completed,UPI
ORD_16755,CUST_0707,2026-07-02 08:24:54,5499,completed,Credit Card
ORD_14967,CUST_0588,2026-07-02 08:26:26,1248,completed,UPI
ORD_19665,CUST_1301,2026-07-02 08:56:25,2499,completed,UPI
ORD_15168,CUST_0396,2026-07-02 09:06:11,1248,completed,Credit Card
ORD_15238,CUST_1986,2026-07-02 09:08:50,848,completed,COD
ORD_14741,CUST_1035,2026-07-02 09:32:26,998,completed,COD
ORD_17015,CUST_0903,2026-07-02 10:18:29,999,completed,Credit Card
ORD_14634,CUST_1894,2026-07-02 10:20:16,1398,completed,UPI
ORD_17160,CUST_1467,2026-07-02 11:25:16,5499,completed,Credit Card
ORD_14519,CUST_1670,2026-07-02 13:11:20,1248,completed,Credit Card
ORD_15550,CUST_1245,2026-07-02 13:28:13,1398,completed,Debit Card
ORD_19890,CUST_1248,2026-07-02 13:57:01,799,completed,UPI
ORD_18080,CUST_1007,2026-07-02 14:42:57,3499,completed,UPI
ORD_15009,CUST_0498,2026-07-02 14:58:56,1148,completed,UPI
ORD_19694,CUST_1610,2026-07-02 15:30:06,899,completed,UPI
ORD_18832,CUST_1539,2026-07-02 15:35:06,3299,completed,COD
ORD_14202,CUST_1983,2026-07-02 15:36:18,1248,completed,UPI
ORD_19444,CUST_0932,2026-07-02 15:57:14,699,completed,UPI
ORD_18858,CUST_1212,2026-07-02 16:18:45,349,completed,Debit Card
ORD_18491,CUST_0873,2026-07-02 16:56:43,2499,completed,UPI
ORD_16188,CUST_1782,2026-07-02 17:35:09,4298,completed,UPI
ORD_19448,CUST_0444,2026-07-02 17:41:24,6999,completed,Credit Card
ORD_18802,CUST_0617,2026-07-02 20:36:33,599,completed,COD
ORD_14410,CUST_1469,2026-07-02 20:44:09,1248,completed,COD
ORD_18944,CUST_1304,2026-07-02 23:25:40,899,completed,UPI
ORD_19845,CUST_1776,2026-07-03 00:07:28,799,completed,UPI
ORD_17483,CUST_0699,2026-07-03 00:22:12,899,completed,Credit Card
ORD_18503,CUST_0820,2026-07-03 02:10:43,1299,failed,UPI
ORD_18481,CUST_1926,2026-07-03 02:35:05,3999,completed,UPI
ORD_14325,CUST_1340,2026-07-03 02:58:27,1148,completed,UPI
ORD_19420,CUST_1875,2026-07-03 03:28:33,799,completed,UPI
ORD_15246,CUST_0940,2026-07-03 04:27:52,1098,completed,Debit Card
ORD_19592,CUST_0947,2026-07-03 04:46:41,1899,completed,COD
ORD_17677,CUST_1125,2026-07-03 08:15:13,699,completed,UPI
ORD_16465,CUST_0696,2026-07-03 08:44:01,4598,completed,UPI
ORD_15026,CUST_0966,2026-07-03 09:21:18,748,completed,UPI
ORD_14440,CUST_1959,2026-07-03 10:42:04,1498,completed,UPI
ORD_18728,CUST_0640,2026-07-03 10:42:41,799,completed,UPI
ORD_16072,CUST_0965,2026-07-03 10:59:56,7998,completed,Credit Card
ORD_18005,CUST_0994,2026-07-03 10:59:59,1499,completed,UPI
ORD_15500,CUST_1733,2026-07-03 12:02:29,1498,completed,Credit Card
ORD_14183,CUST_1781,2026-07-03 12:20:25,1098,completed,COD
ORD_15508,CUST_1114,2026-07-03 12:43:35,1148,completed,UPI
ORD_18165,CUST_1523,2026-07-03 13:09:50,1499,completed,UPI
ORD_18563,CUST_1439,2026-07-03 14:20:46,3299,completed,Debit Card
ORD_18740,CUST_0361,2026-07-03 14:31:48,1899,completed,COD
ORD_19948,CUST_0781,2026-07-03 14:38:57,3999,completed,UPI
ORD_15338,CUST_0367,2026-07-03 14:41:59,1598,completed,UPI
ORD_14668,CUST_0480,2026-07-03 15:29:46,948,completed,COD
ORD_14442,CUST_0796,2026-07-03 15:43:54,1198,completed,COD
ORD_17390,CUST_0631,2026-07-03 16:11:06,1299,failed,UPI
ORD_15098,CUST_0634,2026-07-03 16:32:21,848,completed,Credit Card
ORD_19744,CUST_1185,2026-07-03 16:39:31,799,completed,UPI
ORD_17892,CUST_1580,2026-07-03 16:51:18,3999,completed,UPI
ORD_19324,CUST_1702,2026-07-03 17:16:15,1299,completed,UPI
ORD_19111,CUST_1297,2026-07-03 19:11:45,999,completed,UPI
ORD_18928,CUST_1047,2026-07-03 19:16:16,899,completed,UPI
ORD_17414,CUST_0725,2026-07-03 19:17:19,799,completed,COD
ORD_16261,CUST_1185,2026-07-03 19:21:56,4098,completed,UPI
ORD_15953,CUST_0352,2026-07-03 20:13:10,2198,completed,Credit Card
ORD_17401,CUST_1391,2026-07-03 20:38:02,1999,completed,Debit Card
ORD_15511,CUST_1188,2026-07-03 21:11:27,1148,completed,UPI
ORD_18407,CUST_1579,2026-07-03 22:05:12,299,completed,UPI
ORD_15674,CUST_1570,2026-07-03 23:06:52,6498,completed,Debit Card
ORD_15692,CUST_1791,2026-07-04 00:05:32,7298,completed,UPI
ORD_19516,CUST_1700,2026-07-04 00:35:37,299,completed,Debit Card
ORD_17347,CUST_0532,2026-07-04 01:14:35,1299,completed,COD
ORD_15876,CUST_1245,2026-07-04 03:40:03,5798,completed,UPI
ORD_18737,CUST_1218,2026-07-04 05:01:51,1999,completed,COD
ORD_15889,CUST_1615,2026-07-04 05:05:29,2798,completed,Credit Card
ORD_18347,CUST_0773,2026-07-04 05:08:08,3299,completed,Credit Card
ORD_17189,CUST_1580,2026-07-04 05:19:11,2499,completed,Debit Card
ORD_14655,CUST_0280,2026-07-04 06:18:49,1248,completed,UPI
ORD_18464,CUST_1552,2026-07-04 06:21:20,3999,failed,COD
ORD_16540,CUST_1934,2026-07-04 07:03:02,699,completed,UPI
ORD_17810,CUST_1112,2026-07-04 07:33:38,1299,completed,Debit Card
ORD_14513,CUST_0815,2026-07-04 09:54:11,1098,completed,Debit Card
ORD_18002,CUST_1686,2026-07-04 10:53:53,599,completed,Credit Card
ORD_17093,CUST_0606,2026-07-04 13:59:26,3999,refunded,Debit Card
ORD_19992,CUST_0319,2026-07-04 14:19:35,299,completed,Credit Card
ORD_17033,CUST_1623,2026-07-04 14:31:10,999,completed,UPI
ORD_17353,CUST_0604,2026-07-04 14:55:23,999,completed,UPI
ORD_14060,CUST_1276,2026-07-04 17:05:30,1298,completed,COD
ORD_16663,CUST_1554,2026-07-04 17:53:26,6999,completed,UPI
ORD_14496,CUST_1813,2026-07-04 18:02:59,1248,completed,UPI
ORD_17418,CUST_1515,2026-07-04 18:03:44,999,completed,UPI
ORD_15877,CUST_1057,2026-07-04 18:16:56,4798,completed,UPI
ORD_15346,CUST_0978,2026-07-04 18:31:11,1248,completed,UPI
ORD_16291,CUST_0402,2026-07-04 18:59:05,10998,completed,Credit Card
ORD_16834,CUST_1966,2026-07-04 19:49:04,1999,completed,COD
ORD_19630,CUST_1017,2026-07-04 20:33:04,499,failed,UPI
ORD_17055,CUST_1572,2026-07-04 20:34:57,5499,completed,UPI
ORD_14300,CUST_0453,2026-07-04 21:51:03,948,completed,UPI
ORD_19761,CUST_0460,2026-07-04 22:42:30,1299,completed,UPI
ORD_15407,CUST_0543,2026-07-04 22:49:33,1298,completed,COD
ORD_18813,CUST_1065,2026-07-05 01:35:43,799,completed,UPI
ORD_14549,CUST_0497,2026-07-05 02:46:55,1498,completed,UPI
ORD_16933,CUST_1088,2026-07-05 03:07:37,3999,completed,Debit Card
ORD_18142,CUST_1966,2026-07-05 05:22:33,499,completed,UPI
ORD_19960,CUST_0411,2026-07-05 07:07:01,249,completed,Credit Card
ORD_18936,CUST_0921,2026-07-05 08:27:40,899,completed,UPI
ORD_19447,CUST_0736,2026-07-05 09:55:48,1499,failed,UPI
ORD_19143,CUST_0707,2026-07-05 10:06:28,1299,completed,COD
ORD_19672,CUST_1781,2026-07-05 11:23:54,499,completed,Credit Card
ORD_18546,CUST_0434,2026-07-05 11:57:38,799,completed,COD
ORD_15762,CUST_0550,2026-07-05 11:58:40,1698,completed,Credit Card
ORD_18695,CUST_1878,2026-07-05 12:58:48,249,completed,Credit Card
ORD_19394,CUST_0821,2026-07-05 14:16:26,6999,completed,COD
ORD_16625,CUST_1176,2026-07-05 14:46:59,3299,completed,Credit Card
ORD_15687,CUST_1826,2026-07-05 15:40:37,8298,completed,UPI
ORD_18591,CUST_0893,2026-07-05 15:49:05,1299,completed,UPI
ORD_18673,CUST_1469,2026-07-05 16:10:36,299,completed,UPI
ORD_18601,CUST_0350,2026-07-05 16:14:31,6999,completed,COD
ORD_19539,CUST_1875,2026-07-05 16:39:13,699,completed,UPI
ORD_16873,CUST_0812,2026-07-05 16:53:12,1999,completed,UPI
ORD_16332,CUST_0338,2026-07-05 17:27:42,9498,completed,Credit Card
ORD_15415,CUST_0996,2026-07-05 18:01:06,948,completed,Credit Card
ORD_14497,CUST_0278,2026-07-05 20:24:04,1148,completed,UPI
ORD_16125,CUST_0818,2026-07-05 21:01:02,2298,completed,UPI
ORD_14486,CUST_0954,2026-07-05 21:18:47,748,completed,Credit Card
ORD_19850,CUST_1506,2026-07-05 21:48:31,999,completed,Credit Card
ORD_14560,CUST_0707,2026-07-05 22:15:25,1698,completed,UPI
ORD_17342,CUST_1186,2026-07-06 00:24:59,1899,completed,UPI
ORD_19928,CUST_1544,2026-07-06 00:44:36,899,completed,Credit Card
ORD_15881,CUST_1942,2026-07-06 00:51:04,1998,completed,COD
ORD_17377,CUST_1792,2026-07-06 02:06:25,2799,completed,UPI
ORD_16304,CUST_1256,2026-07-06 02:12:47,3798,completed,COD
ORD_16556,CUST_1711,2026-07-06 02:30:13,699,failed,Credit Card
ORD_18527,CUST_1949,2026-07-06 06:02:28,349,completed,UPI
ORD_19704,CUST_0975,2026-07-06 07:35:46,3299,completed,COD
ORD_17385,CUST_1128,2026-07-06 09:34:46,699,completed,COD
ORD_19896,CUST_1175,2026-07-06 11:03:34,6999,refunded,Credit Card
ORD_19278,CUST_0318,2026-07-06 12:06:54,699,completed,COD
ORD_14629,CUST_0711,2026-07-06 12:12:20,998,completed,Debit Card
ORD_19727,CUST_0480,2026-07-06 12:49:25,499,completed,Credit Card
ORD_18680,CUST_1006,2026-07-06 13:02:22,499,completed,COD
ORD_19756,CUST_1002,2026-07-06 13:44:33,299,completed,UPI
ORD_16602,CUST_0696,2026-07-06 14:18:39,1899,completed,Credit Card
ORD_19197,CUST_0974,2026-07-06 14:31:46,3499,completed,Credit Card
ORD_18459,CUST_1945,2026-07-06 14:47:45,3999,completed,UPI
ORD_18855,CUST_0730,2026-07-06 15:21:28,2799,completed,UPI
ORD_18474,CUST_1508,2026-07-06 15:29:42,3499,completed,Credit Card
ORD_15333,CUST_0751,2026-07-06 16:23:47,998,completed,UPI
ORD_19726,CUST_1396,2026-07-06 16:24:36,2799,completed,UPI
ORD_15482,CUST_1577,2026-07-06 16:41:36,1048,completed,UPI
ORD_11931,CUST_0317,2026-07-06 18:00:00,1299,completed,UPI
ORD_12397,CUST_0783,2026-07-06 18:00:00,799,completed,Credit Card
ORD_12840,CUST_1226,2026-07-06 18:00:00,3999,completed,UPI
ORD_13441,CUST_1827,2026-07-06 18:00:00,999,completed,Credit Card
ORD_13534,CUST_1920,2026-07-06 18:00:00,4999,completed,UPI
ORD_12573,CUST_0959,2026-07-06 19:00:00,2199,completed,UPI
ORD_12140,CUST_0526,2026-07-06 20:00:00,3999,completed,COD
ORD_13017,CUST_1403,2026-07-06 20:00:00,3999,completed,Credit Card
ORD_12073,CUST_0459,2026-07-06 21:00:00,1299,completed,UPI
ORD_12192,CUST_0578,2026-07-06 21:00:00,3999,completed,Credit Card
ORD_12753,CUST_1139,2026-07-06 21:00:00,1299,completed,Debit Card
ORD_13501,CUST_1887,2026-07-06 21:00:00,3299,completed,COD
ORD_14570,CUST_1860,2026-07-06 21:02:50,1498,completed,Credit Card
ORD_19701,CUST_1180,2026-07-06 21:23:10,3999,completed,Debit Card
ORD_19561,CUST_1164,2026-07-06 21:35:41,799,completed,UPI
ORD_18893,CUST_1997,2026-07-06 21:39:12,1999,completed,Credit Card
ORD_12072,CUST_0458,2026-07-06 22:00:00,2499,completed,UPI
ORD_12257,CUST_0643,2026-07-06 22:00:00,3299,completed,COD
ORD_13470,CUST_1856,2026-07-06 22:00:00,5499,completed,UPI
ORD_13505,CUST_1891,2026-07-06 22:00:00,1899,completed,UPI
ORD_12301,CUST_0687,2026-07-06 23:00:00,1899,completed,UPI
ORD_12681,CUST_1067,2026-07-06 23:00:00,1299,completed,Credit Card
ORD_12787,CUST_1173,2026-07-06 23:00:00,2799,completed,UPI
ORD_13236,CUST_1622,2026-07-06 23:00:00,799,completed,Debit Card
ORD_16010,CUST_1881,2026-07-06 23:07:53,5898,completed,UPI
ORD_15183,CUST_1326,2026-07-06 23:30:51,1198,completed,UPI
ORD_17769,CUST_1696,2026-07-06 23:45:46,1299,completed,UPI
ORD_12731,CUST_1117,2026-07-07 00:00:00,2499,completed,UPI
ORD_12760,CUST_1146,2026-07-07 00:00:00,6999,completed,UPI
ORD_12229,CUST_0615,2026-07-07 01:00:00,5499,completed,UPI
ORD_17027,CUST_1411,2026-07-07 01:40:03,3299,completed,UPI
ORD_11901,CUST_0287,2026-07-07 02:00:00,4999,completed,UPI
ORD_11974,CUST_0360,2026-07-07 02:00:00,999,completed,UPI
ORD_18674,CUST_1194,2026-07-07 02:05:15,2799,completed,Credit Card
ORD_18983,CUST_0563,2026-07-07 02:23:26,249,completed,Credit Card
ORD_12547,CUST_0933,2026-07-07 03:00:00,3299,completed,Debit Card
ORD_11971,CUST_0357,2026-07-07 04:00:00,5499,completed,UPI
ORD_18862,CUST_0294,2026-07-07 04:15:09,1299,completed,Credit Card
ORD_18959,CUST_1819,2026-07-07 04:26:40,1499,completed,COD
ORD_15663,CUST_0732,2026-07-07 04:44:10,1148,completed,UPI
ORD_12713,CUST_1099,2026-07-07 05:00:00,6999,completed,UPI
ORD_12965,CUST_1351,2026-07-07 05:00:00,2199,completed,UPI
ORD_12825,CUST_1211,2026-07-07 06:00:00,6999,completed,COD
ORD_12934,CUST_1320,2026-07-07 06:00:00,3999,completed,UPI
ORD_13194,CUST_1580,2026-07-07 06:00:00,3299,completed,UPI
ORD_13578,CUST_1964,2026-07-07 06:00:00,6999,completed,UPI
ORD_14447,CUST_1943,2026-07-07 07:38:36,998,completed,UPI
ORD_19733,CUST_1244,2026-07-07 08:34:49,799,completed,Credit Card
ORD_15469,CUST_1315,2026-07-07 10:32:24,898,completed,UPI
ORD_18479,CUST_1487,2026-07-07 11:26:17,999,completed,UPI
ORD_14502,CUST_1358,2026-07-07 11:46:09,1048,completed,COD
ORD_16187,CUST_1171,2026-07-07 12:47:03,1698,completed,Debit Card
ORD_17084,CUST_1421,2026-07-07 12:55:17,499,completed,Credit Card
ORD_15967,CUST_0996,2026-07-07 13:30:15,6598,completed,Debit Card
ORD_16940,CUST_1425,2026-07-07 14:24:33,699,completed,UPI
ORD_19977,CUST_0582,2026-07-07 16:56:19,699,completed,Debit Card
ORD_15244,CUST_1156,2026-07-07 17:14:57,1698,completed,UPI
ORD_13599,CUST_1985,2026-07-07 18:00:00,6999,completed,Credit Card
ORD_15137,CUST_1255,2026-07-07 18:06:36,1098,completed,UPI
ORD_19912,CUST_0390,2026-07-07 18:12:11,349,completed,UPI
ORD_18184,CUST_1168,2026-07-07 18:56:06,3999,completed,UPI
ORD_19454,CUST_1736,2026-07-07 19:00:23,899,completed,UPI
ORD_12107,CUST_0493,2026-07-07 20:00:00,3999,completed,UPI
ORD_17170,CUST_0283,2026-07-07 20:09:01,2499,completed,Credit Card
ORD_16458,CUST_1250,2026-07-07 20:34:08,4998,completed,UPI
ORD_19437,CUST_0533,2026-07-07 20:54:55,1999,completed,UPI
ORD_12867,CUST_1253,2026-07-07 21:00:00,699,completed,UPI
ORD_13047,CUST_1433,2026-07-07 21:00:00,4999,completed,Debit Card
ORD_13451,CUST_1837,2026-07-07 21:00:00,699,completed,UPI
ORD_16507,CUST_0361,2026-07-07 21:43:41,9498,completed,Debit Card
ORD_12452,CUST_0838,2026-07-07 22:00:00,6999,completed,UPI
ORD_12680,CUST_1066,2026-07-07 22:00:00,1899,completed,UPI
ORD_13370,CUST_1756,2026-07-07 22:00:00,799,completed,COD
ORD_15586,CUST_0413,2026-07-07 22:23:23,1298,completed,UPI
ORD_14227,CUST_0392,2026-07-07 23:12:20,848,completed,UPI
ORD_15594,CUST_1752,2026-07-07 23:41:27,1598,completed,COD
ORD_12304,CUST_0690,2026-07-08 00:00:00,5499,completed,UPI
ORD_12910,CUST_1296,2026-07-08 00:00:00,2499,completed,Debit Card
ORD_14993,CUST_1075,2026-07-08 00:01:36,1498,completed,Credit Card
ORD_19939,CUST_1072,2026-07-08 00:31:30,3299,completed,Debit Card
ORD_19853,CUST_1316,2026-07-08 00:57:17,3499,completed,Debit Card
ORD_11982,CUST_0368,2026-07-08 01:00:00,1299,completed,UPI
ORD_17218,CUST_0741,2026-07-08 01:21:06,2799,completed,UPI
ORD_16191,CUST_1855,2026-07-08 01:31:09,2798,completed,UPI
ORD_17628,CUST_1091,2026-07-08 01:39:39,3999,completed,UPI
ORD_12145,CUST_0531,2026-07-08 02:00:00,999,completed,UPI
ORD_12540,CUST_0926,2026-07-08 02:00:00,1899,completed,Debit Card
ORD_13179,CUST_1565,2026-07-08 02:00:00,1899,completed,COD
ORD_13238,CUST_1624,2026-07-08 02:00:00,699,completed,COD
ORD_13287,CUST_1673,2026-07-08 03:00:00,6999,completed,Credit Card
ORD_15284,CUST_0362,2026-07-08 03:25:56,1298,completed,UPI
ORD_12526,CUST_0912,2026-07-08 04:00:00,1499,completed,UPI
ORD_12542,CUST_0928,2026-07-08 04:00:00,1899,completed,UPI
ORD_13291,CUST_1677,2026-07-08 04:00:00,3999,completed,UPI
ORD_13536,CUST_1922,2026-07-08 04:00:00,1899,completed,COD
ORD_15189,CUST_1579,2026-07-08 04:31:12,948,completed,UPI
ORD_11943,CUST_0329,2026-07-08 05:00:00,2799,completed,Debit Card
ORD_16807,CUST_1444,2026-07-08 07:18:48,599,completed,Debit Card
ORD_18153,CUST_1140,2026-07-08 07:28:24,349,completed,UPI
ORD_16824,CUST_1651,2026-07-08 07:59:08,4299,completed,Debit Card
ORD_17905,CUST_0841,2026-07-08 08:35:18,249,completed,Credit Card
ORD_19631,CUST_0739,2026-07-08 09:27:01,699,completed,UPI
ORD_16438,CUST_1830,2026-07-08 09:28:42,2098,completed,Credit Card
ORD_15150,CUST_0803,2026-07-08 09:29:14,1598,completed,COD
ORD_17132,CUST_1199,2026-07-08 09:32:01,2499,completed,UPI
ORD_19499,CUST_2000,2026-07-08 09:46:45,1999,completed,Debit Card
ORD_15410,CUST_1649,2026-07-08 09:54:59,1298,completed,UPI
ORD_19989,CUST_1613,2026-07-08 12:53:48,899,completed,Credit Card
ORD_17345,CUST_1567,2026-07-08 13:09:42,799,completed,Credit Card
ORD_14297,CUST_1239,2026-07-08 13:23:11,1598,completed,UPI
ORD_17233,CUST_1869,2026-07-08 13:37:06,499,completed,UPI
ORD_16116,CUST_1964,2026-07-08 13:45:25,7698,completed,UPI
ORD_15438,CUST_1384,2026-07-08 14:14:24,898,completed,UPI
ORD_15206,CUST_1037,2026-07-08 14:40:35,898,completed,UPI
ORD_18435,CUST_0386,2026-07-08 14:57:16,5499,completed,COD
ORD_19637,CUST_1161,2026-07-08 15:08:19,799,completed,COD
ORD_17383,CUST_1204,2026-07-08 15:40:23,4299,completed,UPI
ORD_19804,CUST_0516,2026-07-08 17:01:29,2199,completed,Credit Card
ORD_16885,CUST_1559,2026-07-08 17:19:57,2799,refunded,Credit Card
ORD_18396,CUST_1089,2026-07-08 17:25:35,899,completed,UPI
ORD_15920,CUST_0737,2026-07-08 17:57:41,4098,completed,UPI
ORD_12159,CUST_0545,2026-07-08 18:00:00,799,completed,COD
ORD_13130,CUST_1516,2026-07-08 18:00:00,699,completed,Debit Card
ORD_12831,CUST_1217,2026-07-08 19:00:00,1899,completed,COD
ORD_13215,CUST_1601,2026-07-08 19:00:00,5499,completed,UPI
ORD_19017,CUST_0416,2026-07-08 19:25:28,1899,completed,UPI
ORD_17417,CUST_1073,2026-07-08 19:44:18,999,completed,UPI
ORD_12274,CUST_0660,2026-07-08 20:00:00,799,completed,COD
ORD_12581,CUST_0967,2026-07-08 20:00:00,3999,completed,COD
ORD_15581,CUST_0846,2026-07-08 20:37:32,1198,completed,UPI
ORD_13338,CUST_1724,2026-07-08 21:00:00,3299,completed,UPI
ORD_19865,CUST_0912,2026-07-08 21:49:13,3299,completed,Credit Card
ORD_12704,CUST_1090,2026-07-08 22:00:00,1499,completed,UPI
ORD_12919,CUST_1305,2026-07-08 22:00:00,799,completed,UPI
ORD_12996,CUST_1382,2026-07-08 22:00:00,699,completed,UPI
ORD_13323,CUST_1709,2026-07-08 22:00:00,1899,completed,UPI
ORD_16300,CUST_0360,2026-07-08 22:04:21,5798,completed,COD
ORD_15632,CUST_1280,2026-07-08 22:09:45,1298,completed,UPI
ORD_12327,CUST_0713,2026-07-08 23:00:00,4999,completed,COD
ORD_12575,CUST_0961,2026-07-08 23:00:00,3299,completed,UPI
ORD_12865,CUST_1251,2026-07-08 23:00:00,899,completed,UPI
ORD_18835,CUST_1020,2026-07-08 23:28:49,1299,completed,UPI
ORD_19016,CUST_1069,2026-07-08 23:33:40,1899,completed,Debit Card
ORD_12964,CUST_1350,2026-07-09 00:00:00,699,completed,UPI
ORD_12375,CUST_0761,2026-07-09 01:00:00,2499,completed,Debit Card
ORD_12427,CUST_0813,2026-07-09 01:00:00,3999,completed,Debit Card
ORD_14889,CUST_0613,2026-07-09 01:25:35,1348,completed,UPI
ORD_12538,CUST_0924,2026-07-09 02:00:00,999,completed,Credit Card
ORD_14744,CUST_0427,2026-07-09 02:25:22,848,completed,UPI
ORD_12300,CUST_0686,2026-07-09 03:00:00,3299,completed,Debit Card
ORD_13068,CUST_1454,2026-07-09 03:00:00,799,completed,UPI
ORD_13077,CUST_1463,2026-07-09 03:00:00,1899,completed,UPI
ORD_16033,CUST_1086,2026-07-09 03:09:12,4098,completed,COD
ORD_14158,CUST_0312,2026-07-09 03:25:39,1048,completed,UPI
ORD_12839,CUST_1225,2026-07-09 04:00:00,3299,completed,UPI
ORD_14690,CUST_1173,2026-07-09 04:04:19,1248,completed,UPI
ORD_12041,CUST_0427,2026-07-09 05:00:00,3299,completed,UPI
ORD_19994,CUST_1476,2026-07-09 05:05:33,699,completed,COD
ORD_16892,CUST_1633,2026-07-09 05:09:03,699,completed,Credit Card
ORD_12487,CUST_0873,2026-07-09 06:00:00,699,completed,UPI
ORD_12773,CUST_1159,2026-07-09 06:00:00,1299,completed,Debit Card
ORD_12835,CUST_1221,2026-07-09 06:00:00,799,completed,Credit Card
ORD_13274,CUST_1660,2026-07-09 06:00:00,999,completed,Credit Card
ORD_13573,CUST_1959,2026-07-09 06:00:00,899,completed,UPI
ORD_15237,CUST_0367,2026-07-09 06:16:16,1298,completed,UPI
ORD_14941,CUST_1178,2026-07-09 07:48:53,1098,completed,UPI
ORD_17088,CUST_1070,2026-07-09 08:54:08,3999,completed,UPI
ORD_18506,CUST_0749,2026-07-09 09:45:14,2499,completed,UPI
ORD_16817,CUST_0881,2026-07-09 09:49:51,1299,completed,UPI
ORD_19828,CUST_1240,2026-07-09 10:25:57,3299,completed,COD
ORD_16620,CUST_0466,2026-07-09 12:05:42,699,completed,UPI
ORD_16339,CUST_0840,2026-07-09 12:29:10,3498,completed,UPI
ORD_19067,CUST_1391,2026-07-09 12:56:24,3299,completed,UPI
ORD_14366,CUST_1914,2026-07-09 13:00:55,1198,completed,Credit Card
ORD_17111,CUST_1793,2026-07-09 14:45:49,5499,completed,UPI
ORD_15950,CUST_1565,2026-07-09 16:19:53,7898,completed,Debit Card
ORD_19802,CUST_0916,2026-07-09 16:54:32,1999,completed,Credit Card
ORD_16063,CUST_1758,2026-07-09 17:18:40,6998,completed,Credit Card
ORD_12061,CUST_0447,2026-07-09 18:00:00,5499,completed,UPI
ORD_12918,CUST_1304,2026-07-09 18:00:00,6999,completed,Debit Card
ORD_12943,CUST_1329,2026-07-09 18:00:00,3299,completed,UPI
ORD_13095,CUST_1481,2026-07-09 18:00:00,1299,completed,UPI
ORD_13443,CUST_1829,2026-07-09 18:00:00,799,completed,Credit Card
ORD_13531,CUST_1917,2026-07-09 18:00:00,2199,completed,UPI
ORD_16109,CUST_0989,2026-07-09 18:07:15,4098,completed,COD
ORD_18767,CUST_1411,2026-07-09 18:45:30,5499,refunded,COD
ORD_11938,CUST_0324,2026-07-09 19:00:00,5499,completed,COD
ORD_13603,CUST_1989,2026-07-09 19:00:00,799,completed,Debit Card
ORD_13608,CUST_1994,2026-07-09 19:00:00,999,completed,Credit Card
ORD_15069,CUST_1704,2026-07-09 19:06:01,1298,completed,UPI
ORD_14698,CUST_0404,2026-07-09 19:29:39,1298,completed,UPI
ORD_12256,CUST_0642,2026-07-09 20:00:00,4999,completed,UPI
ORD_19639,CUST_1880,2026-07-09 20:27:26,349,completed,UPI
ORD_12203,CUST_0589,2026-07-09 21:00:00,3999,completed,COD
ORD_18748,CUST_0568,2026-07-09 21:02:26,4299,completed,UPI
ORD_12485,CUST_0871,2026-07-09 22:00:00,699,completed,UPI
ORD_12629,CUST_1015,2026-07-09 22:00:00,2199,completed,UPI
ORD_12948,CUST_1334,2026-07-09 22:00:00,1499,completed,UPI
ORD_13285,CUST_1671,2026-07-09 22:00:00,1899,completed,Debit Card
ORD_17884,CUST_1176,2026-07-09 22:21:18,499,completed,UPI
ORD_12009,CUST_0395,2026-07-09 23:00:00,2199,completed,Debit Card
ORD_12696,CUST_1082,2026-07-09 23:00:00,4999,completed,Debit Card
ORD_17474,CUST_0827,2026-07-09 23:00:55,1999,completed,UPI
ORD_19327,CUST_0852,2026-07-09 23:06:28,2499,completed,COD
ORD_14172,CUST_0881,2026-07-09 23:18:28,1198,completed,Credit Card
ORD_14265,CUST_1027,2026-07-09 23:35:58,1198,completed,UPI
ORD_15732,CUST_0904,2026-07-09 23:54:50,7698,completed,UPI
ORD_12049,CUST_0435,2026-07-10 00:00:00,1499,completed,UPI
ORD_12088,CUST_0474,2026-07-10 00:00:00,2199,completed,UPI
ORD_13431,CUST_1817,2026-07-10 00:00:00,2499,completed,UPI
ORD_13509,CUST_1895,2026-07-10 00:00:00,699,completed,UPI
ORD_12012,CUST_0398,2026-07-10 01:00:00,3299,completed,Credit Card
ORD_12407,CUST_0793,2026-07-10 01:00:00,3299,completed,UPI
ORD_19481,CUST_1290,2026-07-10 01:12:07,1899,completed,COD
ORD_14857,CUST_0667,2026-07-10 01:33:55,1298,completed,COD
ORD_12335,CUST_0721,2026-07-10 02:00:00,2799,completed,UPI
ORD_12568,CUST_0954,2026-07-10 02:00:00,1299,completed,COD
ORD_13140,CUST_1526,2026-07-10 02:00:00,1299,completed,UPI
ORD_15259,CUST_0414,2026-07-10 02:12:13,1498,completed,COD
ORD_12171,CUST_0557,2026-07-10 03:00:00,1899,completed,UPI
ORD_12875,CUST_1261,2026-07-10 03:00:00,699,completed,COD
ORD_16135,CUST_0755,2026-07-10 03:00:17,5998,completed,UPI
ORD_14275,CUST_1235,2026-07-10 03:08:50,1698,completed,UPI
ORD_12079,CUST_0465,2026-07-10 04:00:00,3999,completed,COD
ORD_12403,CUST_0789,2026-07-10 04:00:00,899,completed,UPI
ORD_13103,CUST_1489,2026-07-10 04:00:00,3999,completed,UPI
ORD_18584,CUST_0772,2026-07-10 04:04:31,899,completed,Debit Card
ORD_19199,CUST_0721,2026-07-10 04:06:46,599,completed,Credit Card
ORD_15504,CUST_0703,2026-07-10 04:47:20,848,completed,UPI
ORD_12600,CUST_0986,2026-07-10 05:00:00,3999,completed,UPI
ORD_13120,CUST_1506,2026-07-10 05:00:00,2499,completed,Debit Card
ORD_13187,CUST_1573,2026-07-10 05:00:00,3299,completed,UPI
ORD_18783,CUST_1557,2026-07-10 05:32:14,2199,completed,UPI
ORD_11936,CUST_0322,2026-07-10 06:00:00,2499,completed,Debit Card
ORD_12747,CUST_1133,2026-07-10 06:00:00,1499,completed,Debit Card
ORD_12989,CUST_1375,2026-07-10 06:00:00,3999,completed,UPI
ORD_13150,CUST_1536,2026-07-10 06:00:00,899,completed,Credit Card
ORD_16164,CUST_0451,2026-07-10 06:30:05,3498,completed,UPI
ORD_15201,CUST_0598,2026-07-10 06:46:31,1498,completed,Credit Card
ORD_17081,CUST_0971,2026-07-10 08:00:28,3299,completed,UPI
ORD_14428,CUST_1565,2026-07-10 08:11:17,1298,completed,Debit Card
ORD_17949,CUST_1490,2026-07-10 10:20:59,349,completed,UPI
ORD_17061,CUST_0733,2026-07-10 11:14:53,999,failed,UPI
ORD_19462,CUST_0586,2026-07-10 12:58:01,999,completed,COD
ORD_17662,CUST_0327,2026-07-10 14:00:20,1499,completed,UPI
ORD_15391,CUST_1279,2026-07-10 17:05:27,748,completed,Debit Card
ORD_19680,CUST_0842,2026-07-10 17:20:14,899,completed,UPI
ORD_17935,CUST_0938,2026-07-10 17:30:57,699,completed,UPI
ORD_12764,CUST_1150,2026-07-10 18:00:00,5499,completed,UPI
ORD_12857,CUST_1243,2026-07-10 18:00:00,2799,completed,UPI
ORD_13289,CUST_1675,2026-07-10 18:00:00,699,completed,Debit Card
ORD_18869,CUST_1226,2026-07-10 18:11:01,899,completed,Credit Card
ORD_18188,CUST_1684,2026-07-10 18:35:59,3299,completed,Debit Card
ORD_17241,CUST_1685,2026-07-10 18:54:45,3499,failed,UPI
ORD_19267,CUST_1295,2026-07-10 18:55:23,4999,completed,Credit Card
ORD_13098,CUST_1484,2026-07-10 19:00:00,2799,completed,UPI
ORD_13348,CUST_1734,2026-07-10 19:00:00,4999,completed,Debit Card
ORD_17699,CUST_1894,2026-07-10 19:03:16,3299,completed,UPI
ORD_18599,CUST_1371,2026-07-10 19:43:40,3999,completed,UPI
ORD_12413,CUST_0799,2026-07-10 20:00:00,3999,completed,UPI
ORD_15429,CUST_0418,2026-07-10 20:18:22,848,completed,Debit Card
ORD_19975,CUST_1442,2026-07-10 20:23:02,1899,completed,Debit Card
ORD_18829,CUST_0781,2026-07-10 20:44:50,499,completed,Debit Card
ORD_18263,CUST_1619,2026-07-10 20:58:40,3299,completed,Credit Card
ORD_13064,CUST_1450,2026-07-10 21:00:00,3299,completed,COD
ORD_17524,CUST_1725,2026-07-10 21:23:41,1499,completed,UPI
ORD_19224,CUST_1280,2026-07-10 21:30:31,3299,completed,UPI
ORD_16903,CUST_0338,2026-07-10 21:43:47,499,completed,Credit Card
ORD_13367,CUST_1753,2026-07-10 22:00:00,1299,completed,UPI
ORD_13563,CUST_1949,2026-07-10 22:00:00,1499,completed,COD
ORD_19068,CUST_1737,2026-07-10 22:51:45,1999,completed,Debit Card
ORD_14273,CUST_1087,2026-07-10 22:56:31,748,completed,UPI
ORD_11904,CUST_0290,2026-07-10 23:00:00,1899,completed,UPI
ORD_11908,CUST_0294,2026-07-10 23:00:00,6999,completed,Debit Card
ORD_19011,CUST_0550,2026-07-10 23:57:27,1299,completed,UPI
ORD_12486,CUST_0872,2026-07-11 00:00:00,799,completed,COD
ORD_12741,CUST_1127,2026-07-11 00:00:00,1899,completed,UPI
ORD_15239,CUST_1601,2026-07-11 00:02:39,1098,completed,UPI
ORD_17035,CUST_0779,2026-07-11 00:24:11,2799,completed,UPI
ORD_13257,CUST_1643,2026-07-11 01:00:00,4999,completed,Credit Card
ORD_15340,CUST_0870,2026-07-11 01:12:54,1348,completed,UPI
ORD_19291,CUST_1296,2026-07-11 01:51:11,1499,completed,UPI
ORD_12777,CUST_1163,2026-07-11 02:00:00,2499,completed,UPI
ORD_12794,CUST_1180,2026-07-11 02:00:00,1499,completed,UPI
ORD_19416,CUST_0428,2026-07-11 02:31:33,1999,completed,Debit Card
ORD_16673,CUST_0800,2026-07-11 02:33:54,1899,completed,UPI
ORD_17010,CUST_1629,2026-07-11 03:02:52,1899,completed,COD
ORD_18220,CUST_1742,2026-07-11 03:06:08,1999,completed,UPI
ORD_16504,CUST_0550,2026-07-11 03:22:14,4998,completed,UPI
ORD_14787,CUST_0455,2026-07-11 03:51:20,1148,completed,COD
ORD_11889,CUST_0275,2026-07-11 04:00:00,2499,completed,Debit Card
ORD_12124,CUST_0510,2026-07-11 04:00:00,799,completed,Credit Card
ORD_13484,CUST_1870,2026-07-11 04:00:00,999,completed,Credit Card
ORD_11900,CUST_0286,2026-07-11 05:00:00,899,completed,UPI
ORD_12715,CUST_1101,2026-07-11 05:00:00,799,completed,UPI
ORD_12940,CUST_1326,2026-07-11 05:00:00,999,completed,UPI
ORD_17639,CUST_1860,2026-07-11 05:34:43,299,completed,Credit Card
ORD_13353,CUST_1739,2026-07-11 06:00:00,999,completed,UPI
ORD_13424,CUST_1810,2026-07-11 06:00:00,3299,completed,UPI
ORD_16106,CUST_1364,2026-07-11 06:13:10,1798,completed,Debit Card
ORD_17208,CUST_0776,2026-07-11 06:16:30,2199,failed,UPI
ORD_14527,CUST_0607,2026-07-11 07:15:03,1598,completed,UPI
ORD_16265,CUST_1360,2026-07-11 07:22:57,2198,completed,Credit Card
ORD_16598,CUST_0954,2026-07-11 07:38:03,1299,completed,Credit Card
ORD_18729,CUST_0466,2026-07-11 08:12:27,3999,completed,UPI
ORD_15264,CUST_1826,2026-07-11 08:55:35,1098,completed,UPI
ORD_17365,CUST_1704,2026-07-11 09:40:43,1499,completed,UPI
ORD_17331,CUST_0947,2026-07-11 10:04:45,1299,refunded,Debit Card
ORD_18007,CUST_1409,2026-07-11 10:25:21,899,completed,COD
ORD_19632,CUST_1168,2026-07-11 10:26:14,799,completed,UPI
ORD_18038,CUST_1179,2026-07-11 11:18:20,2199,completed,UPI
ORD_18451,CUST_0954,2026-07-11 11:26:20,299,completed,UPI
ORD_16650,CUST_0288,2026-07-11 13:21:51,1999,completed,COD
ORD_19968,CUST_0438,2026-07-11 13:45:16,5499,completed,UPI
ORD_19787,CUST_0432,2026-07-11 13:49:40,1899,completed,UPI
ORD_17957,CUST_0426,2026-07-11 13:52:05,2799,completed,COD
ORD_19012,CUST_1596,2026-07-11 15:22:51,1299,completed,UPI
ORD_19713,CUST_1895,2026-07-11 15:56:41,3299,completed,UPI
ORD_15658,CUST_0643,2026-07-11 16:22:31,1098,completed,UPI
ORD_15715,CUST_1999,2026-07-11 16:51:45,4198,completed,UPI
ORD_18048,CUST_0763,2026-07-11 17:04:24,2799,completed,Debit Card
ORD_19140,CUST_0491,2026-07-11 17:33:21,499,completed,COD
ORD_12001,CUST_0387,2026-07-11 18:00:00,3299,completed,COD
ORD_12935,CUST_1321,2026-07-11 18:00:00,6999,completed,UPI
ORD_13434,CUST_1820,2026-07-11 18:00:00,3299,completed,UPI
ORD_14309,CUST_1381,2026-07-11 18:54:05,1298,completed,Credit Card
ORD_11995,CUST_0381,2026-07-11 19:00:00,799,completed,UPI
ORD_12022,CUST_0408,2026-07-11 19:00:00,799,completed,UPI
ORD_12149,CUST_0535,2026-07-11 19:00:00,3999,completed,Debit Card
ORD_12905,CUST_1291,2026-07-11 19:00:00,2199,completed,Credit Card
ORD_13041,CUST_1427,2026-07-11 19:00:00,3299,completed,Credit Card
ORD_18653,CUST_0388,2026-07-11 19:55:39,249,completed,UPI
ORD_12018,CUST_0404,2026-07-11 20:00:00,799,completed,UPI
ORD_13116,CUST_1502,2026-07-11 20:00:00,1299,completed,COD
ORD_13148,CUST_1534,2026-07-11 20:00:00,1299,completed,UPI
ORD_13254,CUST_1640,2026-07-11 20:00:00,699,completed,Debit Card
ORD_13417,CUST_1803,2026-07-11 20:00:00,699,completed,UPI
ORD_18414,CUST_1732,2026-07-11 20:09:59,4999,completed,COD
ORD_16431,CUST_1809,2026-07-11 20:16:10,1798,completed,UPI
ORD_18024,CUST_0270,2026-07-11 20:20:15,1899,completed,COD
ORD_19937,CUST_1680,2026-07-11 21:41:51,999,completed,UPI
ORD_19360,CUST_1400,2026-07-11 21:54:26,899,completed,Credit Card
ORD_12096,CUST_0482,2026-07-11 22:00:00,1899,completed,UPI
ORD_12098,CUST_0484,2026-07-11 22:00:00,2499,completed,COD
ORD_12814,CUST_1200,2026-07-11 22:00:00,4999,completed,Debit Card
ORD_16107,CUST_0672,2026-07-11 22:58:59,8298,completed,UPI
ORD_12003,CUST_0389,2026-07-11 23:00:00,1899,completed,UPI
ORD_12292,CUST_0678,2026-07-11 23:00:00,2799,completed,COD
ORD_12952,CUST_1338,2026-07-11 23:00:00,1499,completed,UPI
ORD_13482,CUST_1868,2026-07-11 23:00:00,1499,completed,Debit Card
ORD_16592,CUST_0434,2026-07-11 23:12:01,3299,completed,UPI
ORD_19518,CUST_1158,2026-07-11 23:48:16,299,completed,Debit Card
ORD_12027,CUST_0413,2026-07-12 01:00:00,3299,completed,Credit Card
ORD_12881,CUST_1267,2026-07-12 01:00:00,1899,completed,Debit Card
ORD_13435,CUST_1821,2026-07-12 01:00:00,5499,completed,Credit Card
ORD_11980,CUST_0366,2026-07-12 02:00:00,1299,completed,COD
ORD_19687,CUST_1444,2026-07-12 02:30:25,799,completed,UPI
ORD_12309,CUST_0695,2026-07-12 03:00:00,1899,completed,UPI
ORD_13030,CUST_1416,2026-07-12 03:00:00,3999,completed,Credit Card
ORD_13241,CUST_1627,2026-07-12 03:00:00,1899,completed,UPI
ORD_18712,CUST_0736,2026-07-12 03:28:30,1899,completed,Debit Card
ORD_12169,CUST_0555,2026-07-12 04:00:00,3999,completed,UPI
ORD_13301,CUST_1687,2026-07-12 04:00:00,1299,completed,UPI
ORD_13362,CUST_1748,2026-07-12 04:00:00,3299,completed,Debit Card
ORD_12615,CUST_1001,2026-07-12 05:00:00,799,completed,COD
ORD_12675,CUST_1061,2026-07-12 05:00:00,799,completed,Debit Card
ORD_12923,CUST_1309,2026-07-12 05:00:00,3999,completed,Credit Card
ORD_13129,CUST_1515,2026-07-12 05:00:00,2799,completed,UPI
ORD_13382,CUST_1768,2026-07-12 05:00:00,3299,completed,COD
ORD_16211,CUST_1651,2026-07-12 05:04:32,7298,completed,UPI
ORD_18685,CUST_1589,2026-07-12 05:18:36,1499,completed,UPI
ORD_19156,CUST_0934,2026-07-12 05:53:03,1899,completed,UPI
ORD_19904,CUST_0322,2026-07-12 05:56:17,999,completed,COD
ORD_11898,CUST_0284,2026-07-12 06:00:00,999,completed,Credit Card
ORD_12308,CUST_0694,2026-07-12 06:00:00,1299,completed,UPI
ORD_12374,CUST_0760,2026-07-12 06:00:00,4999,completed,COD
ORD_12555,CUST_0941,2026-07-12 06:00:00,899,completed,UPI
ORD_12626,CUST_1012,2026-07-12 06:00:00,1299,completed,Credit Card
ORD_13024,CUST_1410,2026-07-12 06:00:00,3999,completed,Debit Card
ORD_19020,CUST_0620,2026-07-12 06:22:26,6999,refunded,UPI
ORD_19644,CUST_1582,2026-07-12 06:33:35,999,completed,COD
ORD_15473,CUST_0817,2026-07-12 06:58:54,1198,completed,Debit Card
ORD_16318,CUST_1636,2026-07-12 07:49:10,6798,completed,COD
ORD_17308,CUST_1400,2026-07-12 08:33:35,999,completed,UPI
ORD_19478,CUST_1971,2026-07-12 09:27:50,6999,completed,COD
ORD_16918,CUST_0985,2026-07-12 10:59:54,299,completed,UPI
ORD_15746,CUST_1216,2026-07-12 11:47:53,6798,completed,Debit Card
ORD_17186,CUST_1601,2026-07-12 16:04:19,3299,completed,Credit Card
ORD_12712,CUST_1098,2026-07-12 18:00:00,2199,completed,UPI
ORD_12305,CUST_0691,2026-07-12 19:00:00,3299,completed,UPI
ORD_13118,CUST_1504,2026-07-12 19:00:00,4999,completed,UPI
ORD_19747,CUST_1194,2026-07-12 19:19:13,999,failed,UPI
ORD_15148,CUST_1994,2026-07-12 19:54:05,1248,completed,UPI
ORD_14359,CUST_0588,2026-07-12 19:54:52,1098,completed,UPI
ORD_11999,CUST_0385,2026-07-12 20:00:00,6999,completed,Debit Card
ORD_19040,CUST_0654,2026-07-12 20:38:03,3999,completed,UPI
ORD_16239,CUST_1548,2026-07-12 20:49:04,1898,completed,UPI
ORD_13195,CUST_1581,2026-07-12 21:00:00,1299,completed,Credit Card
ORD_14117,CUST_1124,2026-07-12 21:15:23,1098,completed,COD
ORD_16388,CUST_0372,2026-07-12 21:53:37,3398,completed,UPI
ORD_12180,CUST_0566,2026-07-12 22:00:00,3299,completed,UPI
ORD_12585,CUST_0971,2026-07-12 22:00:00,5499,completed,UPI
ORD_12813,CUST_1199,2026-07-12 22:00:00,2199,completed,COD
ORD_12977,CUST_1363,2026-07-12 22:00:00,3299,completed,COD
ORD_17388,CUST_1320,2026-07-12 22:02:01,3999,completed,Credit Card
ORD_15641,CUST_1525,2026-07-12 22:53:41,848,completed,UPI
ORD_13072,CUST_1458,2026-07-12 23:00:00,3299,completed,COD
ORD_13347,CUST_1733,2026-07-12 23:00:00,1299,completed,Credit Card
ORD_15852,CUST_0461,2026-07-12 23:03:52,7198,completed,UPI
ORD_19204,CUST_1305,2026-07-12 23:17:37,1299,completed,COD
ORD_19077,CUST_1453,2026-07-12 23:31:20,1999,failed,UPI
ORD_11963,CUST_0349,2026-07-13 00:00:00,699,completed,UPI
ORD_11978,CUST_0364,2026-07-13 00:00:00,2199,completed,Credit Card
ORD_12122,CUST_0508,2026-07-13 00:00:00,2799,completed,UPI
ORD_12602,CUST_0988,2026-07-13 00:00:00,699,completed,UPI
ORD_12782,CUST_1168,2026-07-13 00:00:00,3299,completed,Debit Card
ORD_13214,CUST_1600,2026-07-13 00:00:00,1899,completed,UPI
ORD_13343,CUST_1729,2026-07-13 00:00:00,3999,completed,Debit Card
ORD_14935,CUST_1206,2026-07-13 00:26:13,1498,completed,UPI
ORD_18392,CUST_1595,2026-07-13 00:36:00,499,completed,UPI
ORD_12770,CUST_1156,2026-07-13 01:00:00,5499,completed,UPI
ORD_13184,CUST_1570,2026-07-13 01:00:00,1899,completed,Debit Card
ORD_13196,CUST_1582,2026-07-13 01:00:00,1499,completed,UPI
ORD_18702,CUST_1865,2026-07-13 01:37:33,1899,completed,UPI
ORD_12154,CUST_0540,2026-07-13 03:00:00,999,completed,Debit Card
ORD_12599,CUST_0985,2026-07-13 03:00:00,1299,completed,Debit Card
ORD_13051,CUST_1437,2026-07-13 03:00:00,3299,completed,UPI
ORD_16132,CUST_1672,2026-07-13 03:18:40,7998,completed,Credit Card
ORD_12177,CUST_0563,2026-07-13 04:00:00,5499,completed,UPI
ORD_12214,CUST_0600,2026-07-13 04:00:00,1499,completed,UPI
ORD_12429,CUST_0815,2026-07-13 04:00:00,3299,completed,UPI
ORD_12545,CUST_0931,2026-07-13 04:00:00,3999,completed,Credit Card
ORD_13086,CUST_1472,2026-07-13 04:00:00,1899,completed,UPI
ORD_15196,CUST_0664,2026-07-13 04:09:36,1348,completed,UPI
ORD_19010,CUST_1954,2026-07-13 04:32:20,1499,completed,Credit Card
ORD_12509,CUST_0895,2026-07-13 05:00:00,3999,completed,Credit Card
ORD_12597,CUST_0983,2026-07-13 05:00:00,3999,completed,COD
ORD_13521,CUST_1907,2026-07-13 05:00:00,2799,completed,UPI
ORD_12372,CUST_0758,2026-07-13 06:00:00,2799,completed,Credit Card
ORD_14491,CUST_0469,2026-07-13 06:31:57,1148,completed,COD
ORD_18269,CUST_1674,2026-07-13 07:24:20,3299,failed,UPI
ORD_16927,CUST_1250,2026-07-13 07:47:40,499,completed,UPI
ORD_17101,CUST_1965,2026-07-13 08:21:18,1299,completed,COD
ORD_15399,CUST_0703,2026-07-13 08:25:58,1298,completed,Credit Card
ORD_18760,CUST_0845,2026-07-13 09:42:42,2499,completed,UPI
ORD_18229,CUST_0713,2026-07-13 11:35:12,599,completed,UPI
ORD_17533,CUST_0907,2026-07-13 11:48:12,899,completed,COD
ORD_17600,CUST_1284,2026-07-13 11:51:25,999,completed,Debit Card
ORD_14323,CUST_1112,2026-07-13 13:01:49,1498,completed,UPI
ORD_18283,CUST_0649,2026-07-13 13:13:16,2199,completed,UPI
ORD_17544,CUST_0612,2026-07-13 13:24:41,1299,completed,Credit Card
ORD_17073,CUST_1482,2026-07-13 14:51:44,1999,completed,Credit Card
ORD_15993,CUST_0870,2026-07-13 16:21:37,4698,completed,UPI
ORD_19384,CUST_1432,2026-07-13 17:38:56,349,completed,UPI
ORD_11915,CUST_0301,2026-07-13 18:00:00,2799,completed,UPI
ORD_12444,CUST_0830,2026-07-13 18:00:00,1499,completed,Credit Card
ORD_13113,CUST_1499,2026-07-13 18:00:00,1899,completed,Credit Card
ORD_13335,CUST_1721,2026-07-13 18:00:00,3999,completed,COD
ORD_13579,CUST_1965,2026-07-13 18:00:00,2799,completed,UPI
ORD_12950,CUST_1336,2026-07-13 19:00:00,3299,completed,COD
ORD_13220,CUST_1606,2026-07-13 19:00:00,699,completed,UPI
ORD_13528,CUST_1914,2026-07-13 19:00:00,999,completed,COD
ORD_15929,CUST_1740,2026-07-13 19:52:16,1998,completed,Debit Card
ORD_12354,CUST_0740,2026-07-13 20:00:00,4999,completed,UPI
ORD_12433,CUST_0819,2026-07-13 20:00:00,3299,completed,UPI
ORD_12578,CUST_0964,2026-07-13 20:00:00,999,completed,Credit Card
ORD_12991,CUST_1377,2026-07-13 20:00:00,1299,completed,UPI
ORD_13570,CUST_1956,2026-07-13 20:00:00,1299,completed,UPI
ORD_12270,CUST_0656,2026-07-13 21:00:00,3299,completed,UPI
ORD_12528,CUST_0914,2026-07-13 21:00:00,699,completed,UPI
ORD_13122,CUST_1508,2026-07-13 21:00:00,1299,completed,COD
ORD_13555,CUST_1941,2026-07-13 22:00:00,2499,completed,UPI
ORD_19881,CUST_1832,2026-07-13 22:14:15,4299,completed,UPI
ORD_17224,CUST_0956,2026-07-13 22:52:46,3499,completed,Credit Card
ORD_16970,CUST_1613,2026-07-13 22:54:42,499,completed,COD
ORD_13508,CUST_1894,2026-07-13 23:00:00,3999,completed,UPI
ORD_16161,CUST_0732,2026-07-13 23:38:41,6398,completed,UPI
ORD_12734,CUST_1120,2026-07-14 00:00:00,1499,completed,UPI
ORD_12843,CUST_1229,2026-07-14 00:00:00,799,completed,Debit Card
ORD_13035,CUST_1421,2026-07-14 00:00:00,1299,completed,UPI
ORD_16141,CUST_1730,2026-07-14 00:34:08,1998,completed,UPI
ORD_17580,CUST_1004,2026-07-14 00:57:48,6999,completed,Debit Card
ORD_12553,CUST_0939,2026-07-14 01:00:00,3299,completed,UPI
ORD_17209,CUST_1244,2026-07-14 01:03:08,2499,completed,UPI
ORD_18809,CUST_1896,2026-07-14 01:12:41,799,completed,UPI
ORD_19766,CUST_1531,2026-07-14 01:52:43,599,refunded,UPI
ORD_12196,CUST_0582,2026-07-14 02:00:00,999,completed,UPI
ORD_12537,CUST_0923,2026-07-14 02:00:00,1899,completed,Debit Card
ORD_13002,CUST_1388,2026-07-14 02:00:00,2799,completed,Debit Card
ORD_18915,CUST_1911,2026-07-14 02:47:43,5499,completed,UPI
ORD_19279,CUST_0978,2026-07-14 02:51:11,1499,completed,UPI
ORD_11932,CUST_0318,2026-07-14 03:00:00,999,completed,COD
ORD_12329,CUST_0715,2026-07-14 03:00:00,3999,completed,Debit Card
ORD_17307,CUST_1106,2026-07-14 03:02:36,249,completed,Debit Card
ORD_16594,CUST_1438,2026-07-14 03:46:49,6999,completed,UPI
ORD_12307,CUST_0693,2026-07-14 04:00:00,2499,completed,Debit Card
ORD_13462,CUST_1848,2026-07-14 04:00:00,899,completed,UPI
ORD_14397,CUST_1881,2026-07-14 04:01:23,1098,completed,UPI
ORD_15868,CUST_0667,2026-07-14 04:12:49,4198,completed,COD
ORD_14254,CUST_1409,2026-07-14 04:38:28,1398,completed,COD
ORD_15175,CUST_0720,2026-07-14 04:46:50,848,completed,COD
ORD_12411,CUST_0797,2026-07-14 05:00:00,5499,completed,UPI
ORD_19406,CUST_0431,2026-07-14 05:26:51,3499,completed,Debit Card
ORD_11892,CUST_0278,2026-07-14 06:00:00,799,completed,Debit Card
ORD_12007,CUST_0393,2026-07-14 06:00:00,2799,completed,UPI
ORD_12957,CUST_1343,2026-07-14 06:00:00,1899,completed,Credit Card
ORD_12982,CUST_1368,2026-07-14 06:00:00,2799,completed,UPI
ORD_13469,CUST_1855,2026-07-14 06:00:00,2799,completed,UPI
ORD_17286,CUST_1624,2026-07-14 06:38:50,3999,completed,UPI
ORD_19497,CUST_1000,2026-07-14 09:32:35,1299,completed,UPI
ORD_18724,CUST_0710,2026-07-14 09:51:12,1299,completed,UPI
ORD_14417,CUST_1037,2026-07-14 10:57:43,1348,completed,Debit Card
ORD_18455,CUST_0863,2026-07-14 11:09:57,1499,completed,UPI
ORD_14829,CUST_1800,2026-07-14 12:10:55,1498,completed,COD
ORD_15358,CUST_0737,2026-07-14 12:11:25,1198,completed,Credit Card
ORD_19469,CUST_1182,2026-07-14 14:18:35,1299,completed,UPI
ORD_16636,CUST_0908,2026-07-14 14:34:57,3299,completed,COD
ORD_17965,CUST_1572,2026-07-14 14:36:22,999,completed,UPI
ORD_16237,CUST_0873,2026-07-14 14:55:16,4198,completed,Credit Card
ORD_16398,CUST_0888,2026-07-14 15:02:34,2598,completed,COD
ORD_15365,CUST_0464,2026-07-14 15:04:24,1698,completed,Debit Card
ORD_15601,CUST_0539,2026-07-14 15:15:35,1148,completed,Debit Card
ORD_14221,CUST_1994,2026-07-14 16:19:02,898,completed,UPI
ORD_16740,CUST_0815,2026-07-14 16:25:44,3499,completed,Debit Card
ORD_18841,CUST_1576,2026-07-14 17:36:49,499,completed,UPI
ORD_17149,CUST_0485,2026-07-14 17:54:59,599,completed,Debit Card
ORD_12990,CUST_1376,2026-07-14 19:00:00,2799,completed,UPI
ORD_13164,CUST_1550,2026-07-14 19:00:00,1299,completed,Credit Card
ORD_13584,CUST_1970,2026-07-14 19:00:00,3299,completed,Credit Card
ORD_16051,CUST_0980,2026-07-14 19:08:01,5198,completed,COD
ORD_15357,CUST_0673,2026-07-14 19:12:06,798,completed,Credit Card
ORD_18332,CUST_1668,2026-07-14 19:30:09,2799,completed,Debit Card
ORD_12344,CUST_0730,2026-07-14 20:00:00,999,completed,Credit Card
ORD_12418,CUST_0804,2026-07-14 20:00:00,4999,completed,UPI
ORD_12817,CUST_1203,2026-07-14 20:00:00,6999,completed,UPI
ORD_13012,CUST_1398,2026-07-14 20:00:00,899,completed,UPI
ORD_13170,CUST_1556,2026-07-14 20:00:00,999,completed,UPI
ORD_13349,CUST_1735,2026-07-14 20:00:00,799,completed,Credit Card
ORD_16784,CUST_0567,2026-07-14 20:10:56,799,completed,COD
ORD_12121,CUST_0507,2026-07-14 21:00:00,3299,completed,UPI
ORD_12139,CUST_0525,2026-07-14 21:00:00,999,completed,UPI
ORD_12906,CUST_1292,2026-07-14 21:00:00,3299,completed,UPI
ORD_13394,CUST_1780,2026-07-14 21:00:00,1899,completed,COD
ORD_17872,CUST_0502,2026-07-14 21:02:38,1499,completed,Debit Card
ORD_13137,CUST_1523,2026-07-14 22:00:00,6999,completed,Debit Card
ORD_13198,CUST_1584,2026-07-14 22:00:00,1299,completed,UPI
ORD_13430,CUST_1816,2026-07-14 22:00:00,899,completed,UPI
ORD_12339,CUST_0725,2026-07-14 23:00:00,2499,completed,Credit Card
ORD_14426,CUST_1879,2026-07-14 23:44:57,1298,completed,UPI
ORD_12783,CUST_1169,2026-07-15 00:00:00,1299,completed,Credit Card
ORD_18497,CUST_0360,2026-07-15 00:15:09,3999,completed,UPI
ORD_18701,CUST_1756,2026-07-15 00:27:41,6999,completed,UPI
ORD_12463,CUST_0849,2026-07-15 01:00:00,2799,completed,UPI
ORD_16004,CUST_1043,2026-07-15 01:03:10,2898,completed,Credit Card
ORD_17085,CUST_0817,2026-07-15 01:14:02,2199,completed,Credit Card
ORD_17838,CUST_1407,2026-07-15 01:19:33,2199,completed,COD
ORD_12143,CUST_0529,2026-07-15 02:00:00,6999,completed,COD
ORD_12399,CUST_0785,2026-07-15 02:00:00,3299,completed,UPI
ORD_12718,CUST_1104,2026-07-15 02:00:00,699,completed,Credit Card
ORD_16186,CUST_1318,2026-07-15 02:25:21,6498,completed,UPI
ORD_12559,CUST_0945,2026-07-15 03:00:00,2499,completed,Debit Card
ORD_15379,CUST_1876,2026-07-15 03:12:14,1298,completed,Debit Card
ORD_18390,CUST_1916,2026-07-15 03:17:19,1299,completed,COD
ORD_14159,CUST_1117,2026-07-15 03:18:55,1198,completed,UPI
ORD_11902,CUST_0288,2026-07-15 04:00:00,999,completed,Credit Card
ORD_12321,CUST_0707,2026-07-15 04:00:00,1899,completed,UPI
ORD_12333,CUST_0719,2026-07-15 04:00:00,1499,completed,UPI
ORD_13245,CUST_1631,2026-07-15 05:00:00,2199,completed,UPI
ORD_13361,CUST_1747,2026-07-15 05:00:00,1299,completed,COD
ORD_13610,CUST_1996,2026-07-15 05:00:00,1899,completed,COD
ORD_14424,CUST_1523,2026-07-15 05:33:14,848,completed,COD
ORD_17424,CUST_1008,2026-07-15 05:57:07,1899,completed,UPI
ORD_13143,CUST_1529,2026-07-15 06:00:00,3299,completed,COD
ORD_19613,CUST_0800,2026-07-15 07:11:34,4999,completed,Credit Card
ORD_14268,CUST_1078,2026-07-15 08:09:09,948,completed,UPI
ORD_19019,CUST_0677,2026-07-15 09:03:29,3299,completed,COD
ORD_17172,CUST_1213,2026-07-15 09:37:45,3999,completed,UPI
ORD_16410,CUST_0824,2026-07-15 10:18:56,4698,completed,UPI
ORD_17737,CUST_0717,2026-07-15 10:52:07,799,completed,UPI
ORD_18691,CUST_1149,2026-07-15 10:59:38,2499,completed,Debit Card
ORD_14784,CUST_0833,2026-07-15 11:03:17,1298,completed,Credit Card
ORD_18966,CUST_1908,2026-07-15 15:24:34,2199,completed,UPI
ORD_14978,CUST_0967,2026-07-15 15:30:02,798,completed,UPI
ORD_18402,CUST_0488,2026-07-15 16:17:09,999,completed,Debit Card
ORD_15191,CUST_1479,2026-07-15 16:18:09,748,completed,Credit Card
ORD_16253,CUST_1787,2026-07-15 17:05:12,7798,completed,UPI
ORD_18555,CUST_1089,2026-07-15 17:13:51,1899,completed,COD
ORD_16174,CUST_0344,2026-07-15 17:28:54,10498,completed,Credit Card
ORD_11895,CUST_0281,2026-07-15 18:00:00,3299,completed,COD
ORD_12382,CUST_0768,2026-07-15 18:00:00,3299,completed,UPI
ORD_13156,CUST_1542,2026-07-15 18:00:00,1899,completed,Debit Card
ORD_19738,CUST_1342,2026-07-15 18:32:33,3999,completed,UPI
ORD_18022,CUST_0654,2026-07-15 18:51:47,1899,completed,Debit Card
ORD_12002,CUST_0388,2026-07-15 19:00:00,1899,completed,UPI
ORD_12156,CUST_0542,2026-07-15 19:00:00,2199,completed,UPI
ORD_12297,CUST_0683,2026-07-15 19:00:00,1499,completed,UPI
ORD_12504,CUST_0890,2026-07-15 19:00:00,2799,completed,Credit Card
ORD_13512,CUST_1898,2026-07-15 19:00:00,899,completed,UPI
ORD_13571,CUST_1957,2026-07-15 20:00:00,4999,completed,Debit Card
ORD_14215,CUST_1588,2026-07-15 20:11:46,1198,completed,Debit Card
ORD_14073,CUST_1671,2026-07-15 20:49:33,1248,completed,Credit Card
ORD_19073,CUST_0365,2026-07-15 20:57:08,4299,completed,Debit Card
ORD_12494,CUST_0880,2026-07-15 21:00:00,2499,completed,UPI
ORD_13188,CUST_1574,2026-07-15 21:00:00,2499,completed,Debit Card
ORD_11899,CUST_0285,2026-07-15 22:00:00,2499,completed,Credit Card
ORD_12120,CUST_0506,2026-07-15 22:00:00,699,completed,UPI
ORD_13089,CUST_1475,2026-07-15 22:00:00,3299,completed,COD
ORD_14063,CUST_1496,2026-07-15 22:09:06,998,completed,UPI
ORD_19380,CUST_1120,2026-07-15 22:56:45,799,completed,UPI
ORD_17536,CUST_0452,2026-07-15 22:57:36,4299,completed,Credit Card
ORD_11906,CUST_0292,2026-07-15 23:00:00,3999,completed,UPI
ORD_11914,CUST_0300,2026-07-15 23:00:00,699,completed,UPI
ORD_11940,CUST_0326,2026-07-15 23:00:00,5499,completed,UPI
ORD_12733,CUST_1119,2026-07-15 23:00:00,2499,completed,UPI
ORD_12797,CUST_1183,2026-07-15 23:00:00,999,completed,UPI
ORD_13307,CUST_1693,2026-07-15 23:00:00,2799,completed,COD
ORD_17255,CUST_1087,2026-07-15 23:43:59,1299,completed,Credit Card
ORD_13413,CUST_1799,2026-07-16 00:00:00,999,completed,UPI
ORD_15165,CUST_0885,2026-07-16 00:03:41,1198,completed,UPI
ORD_12278,CUST_0664,2026-07-16 01:00:00,3299,completed,COD
ORD_12398,CUST_0784,2026-07-16 01:00:00,2799,completed,UPI
ORD_17825,CUST_1878,2026-07-16 01:42:12,2799,completed,UPI
ORD_11912,CUST_0298,2026-07-16 02:00:00,699,completed,COD
ORD_12006,CUST_0392,2026-07-16 02:00:00,6999,completed,Debit Card
ORD_12567,CUST_0953,2026-07-16 02:00:00,3999,completed,UPI
ORD_12343,CUST_0729,2026-07-16 03:00:00,4999,completed,UPI
ORD_13614,CUST_2000,2026-07-16 03:00:00,1899,completed,UPI
ORD_16067,CUST_1698,2026-07-16 03:19:03,4398,completed,COD
ORD_12210,CUST_0596,2026-07-16 04:00:00,3299,completed,COD
ORD_12417,CUST_0803,2026-07-16 04:00:00,3999,completed,UPI
ORD_12477,CUST_0863,2026-07-16 04:00:00,999,completed,UPI
ORD_19212,CUST_1941,2026-07-16 04:18:30,799,completed,COD
ORD_12412,CUST_0798,2026-07-16 05:00:00,1299,completed,Credit Card
ORD_12740,CUST_1126,2026-07-16 05:00:00,1499,completed,UPI
ORD_12767,CUST_1153,2026-07-16 05:00:00,3299,completed,UPI
ORD_13483,CUST_1869,2026-07-16 05:00:00,2499,completed,UPI
ORD_17411,CUST_0757,2026-07-16 05:50:43,499,completed,COD
ORD_14406,CUST_0975,2026-07-16 05:59:24,1598,completed,COD
ORD_19621,CUST_0938,2026-07-16 06:23:23,4999,completed,UPI
ORD_19022,CUST_1562,2026-07-16 06:37:11,599,completed,UPI
ORD_15335,CUST_0589,2026-07-16 06:55:12,1498,completed,UPI
ORD_16146,CUST_0716,2026-07-16 07:17:04,4698,completed,Credit Card
ORD_15388,CUST_0780,2026-07-16 07:45:37,798,completed,Credit Card
ORD_16541,CUST_1044,2026-07-16 07:53:05,499,completed,UPI
ORD_16681,CUST_1254,2026-07-16 09:10:21,1299,completed,UPI
ORD_16476,CUST_0476,2026-07-16 09:36:46,5998,completed,Credit Card
ORD_17773,CUST_0575,2026-07-16 09:47:12,1899,completed,UPI
ORD_17177,CUST_0489,2026-07-16 10:41:37,349,completed,COD
ORD_18619,CUST_1704,2026-07-16 11:06:53,1899,completed,UPI
ORD_14190,CUST_1922,2026-07-16 11:24:58,1098,completed,UPI
ORD_18773,CUST_2000,2026-07-16 11:47:28,1899,completed,UPI
ORD_15396,CUST_1430,2026-07-16 12:21:25,1148,completed,UPI
ORD_16198,CUST_1668,2026-07-16 12:34:42,3498,completed,UPI
ORD_17260,CUST_0418,2026-07-16 13:30:37,349,completed,Credit Card
ORD_17471,CUST_0712,2026-07-16 13:44:04,3999,completed,Credit Card
ORD_14646,CUST_0386,2026-07-16 14:01:35,1248,completed,Debit Card
ORD_14896,CUST_1535,2026-07-16 14:04:08,998,completed,Debit Card
ORD_16248,CUST_0730,2026-07-16 14:04:37,4298,completed,Debit Card
ORD_14880,CUST_1397,2026-07-16 14:50:31,1198,completed,Debit Card
ORD_16707,CUST_1846,2026-07-16 14:52:49,799,completed,UPI
ORD_17513,CUST_0523,2026-07-16 15:48:09,3299,completed,COD
ORD_15545,CUST_0991,2026-07-16 16:02:32,898,completed,Credit Card
ORD_14131,CUST_1707,2026-07-16 17:02:38,1198,completed,Debit Card
ORD_17453,CUST_0711,2026-07-16 17:16:33,2199,completed,Debit Card
ORD_19520,CUST_0531,2026-07-16 17:22:37,999,completed,COD
ORD_19228,CUST_1438,2026-07-16 17:41:56,5499,completed,COD
ORD_13045,CUST_1431,2026-07-16 18:00:00,6999,completed,Debit Card
ORD_14846,CUST_1617,2026-07-16 18:05:24,1348,completed,COD
ORD_14393,CUST_1568,2026-07-16 18:13:04,948,completed,UPI
ORD_16278,CUST_1909,2026-07-16 18:32:27,2698,completed,UPI
ORD_16066,CUST_1967,2026-07-16 18:53:54,2598,completed,Debit Card
ORD_13590,CUST_1976,2026-07-16 19:00:00,699,completed,UPI
ORD_18961,CUST_1899,2026-07-16 19:11:22,1899,completed,Credit Card
ORD_14340,CUST_0391,2026-07-16 19:33:38,1098,completed,Credit Card
ORD_15933,CUST_0606,2026-07-16 19:52:04,4798,completed,Credit Card
ORD_12216,CUST_0602,2026-07-16 20:00:00,699,completed,UPI
ORD_13110,CUST_1496,2026-07-16 20:00:00,3299,completed,Debit Card
ORD_13433,CUST_1819,2026-07-16 20:00:00,899,completed,UPI
ORD_17305,CUST_0451,2026-07-16 20:30:16,1999,completed,Debit Card
ORD_13437,CUST_1823,2026-07-16 21:00:00,1299,completed,Credit Card
ORD_19329,CUST_0499,2026-07-16 21:07:04,699,failed,UPI
ORD_16445,CUST_0742,2026-07-16 21:20:52,5298,completed,COD
ORD_12560,CUST_0946,2026-07-16 22:00:00,6999,completed,UPI
ORD_13178,CUST_1564,2026-07-16 22:00:00,1299,completed,UPI
ORD_12572,CUST_0958,2026-07-16 23:00:00,3999,completed,COD
ORD_12614,CUST_1000,2026-07-16 23:00:00,1499,completed,Debit Card
ORD_13204,CUST_1590,2026-07-16 23:00:00,6999,completed,COD
ORD_15296,CUST_0844,2026-07-16 23:10:58,848,completed,UPI
ORD_12291,CUST_0677,2026-07-17 00:00:00,2199,completed,COD
ORD_13159,CUST_1545,2026-07-17 00:00:00,699,completed,COD
ORD_14378,CUST_1769,2026-07-17 00:09:22,1198,completed,Credit Card
ORD_14234,CUST_1440,2026-07-17 00:21:01,998,completed,Credit Card
ORD_15043,CUST_1032,2026-07-17 00:55:49,1498,completed,UPI
ORD_13181,CUST_1567,2026-07-17 01:00:00,2199,completed,UPI
ORD_13568,CUST_1954,2026-07-17 01:00:00,999,completed,COD
ORD_17357,CUST_0586,2026-07-17 02:07:06,699,completed,UPI
ORD_19923,CUST_1185,2026-07-17 02:33:16,1899,completed,Credit Card
ORD_17283,CUST_1647,2026-07-17 02:46:10,1499,completed,Debit Card
ORD_12293,CUST_0679,2026-07-17 03:00:00,3299,completed,COD
ORD_12199,CUST_0585,2026-07-17 04:00:00,1899,completed,COD
ORD_17520,CUST_1911,2026-07-17 04:25:19,3999,completed,UPI
ORD_16942,CUST_1282,2026-07-17 04:29:08,599,completed,Debit Card
ORD_12052,CUST_0438,2026-07-17 05:00:00,1499,completed,Credit Card
ORD_12422,CUST_0808,2026-07-17 05:00:00,3299,completed,UPI
ORD_12746,CUST_1132,2026-07-17 05:00:00,2499,completed,COD
ORD_13225,CUST_1611,2026-07-17 05:00:00,899,completed,COD
ORD_18240,CUST_1007,2026-07-17 05:19:34,349,completed,Debit Card
ORD_17478,CUST_1375,2026-07-17 05:53:43,599,completed,COD
ORD_14245,CUST_1681,2026-07-17 05:54:37,1148,completed,UPI
ORD_12268,CUST_0654,2026-07-17 06:00:00,1299,completed,UPI
ORD_12288,CUST_0674,2026-07-17 06:00:00,799,completed,Credit Card
ORD_13247,CUST_1633,2026-07-17 06:00:00,2199,completed,Debit Card
ORD_13351,CUST_1737,2026-07-17 06:00:00,1499,completed,Credit Card
ORD_15070,CUST_1968,2026-07-17 06:31:20,898,completed,UPI
ORD_18411,CUST_0380,2026-07-17 06:42:38,899,completed,COD
ORD_19682,CUST_1157,2026-07-17 07:18:03,899,completed,UPI
ORD_15958,CUST_1345,2026-07-17 07:52:39,5198,completed,Credit Card
ORD_14949,CUST_0383,2026-07-17 07:54:34,1348,completed,UPI
ORD_16373,CUST_0847,2026-07-17 09:38:44,2898,completed,Debit Card
ORD_14788,CUST_1022,2026-07-17 09:41:09,1348,completed,Debit Card
ORD_14095,CUST_0812,2026-07-17 10:05:00,1298,completed,COD
ORD_19461,CUST_1320,2026-07-17 11:13:37,1299,completed,UPI
ORD_15080,CUST_0277,2026-07-17 12:07:56,1198,completed,UPI
ORD_16285,CUST_0965,2026-07-17 12:12:37,4798,completed,COD
ORD_14120,CUST_0316,2026-07-17 12:28:58,1398,completed,UPI
ORD_15276,CUST_1255,2026-07-17 13:17:28,1298,completed,Debit Card
ORD_17575,CUST_1643,2026-07-17 14:04:25,249,completed,UPI
ORD_18707,CUST_1330,2026-07-17 14:47:04,1299,completed,Debit Card
ORD_19834,CUST_0484,2026-07-17 15:15:46,999,completed,UPI
ORD_18371,CUST_0387,2026-07-17 16:12:58,3999,completed,Credit Card
ORD_18553,CUST_1597,2026-07-17 16:20:12,499,completed,UPI
ORD_18215,CUST_1718,2026-07-17 16:30:25,799,completed,UPI
ORD_14505,CUST_1020,2026-07-17 17:16:27,848,completed,Credit Card
ORD_14319,CUST_1431,2026-07-17 17:20:26,1098,completed,UPI
ORD_16813,CUST_0885,2026-07-17 17:33:13,899,refunded,UPI
ORD_12432,CUST_0818,2026-07-17 18:00:00,2499,completed,UPI
ORD_13596,CUST_1982,2026-07-17 18:00:00,999,completed,UPI
ORD_17449,CUST_1938,2026-07-17 18:28:55,899,completed,UPI
ORD_18105,CUST_1822,2026-07-17 18:48:53,5499,completed,UPI
ORD_19311,CUST_0631,2026-07-17 18:59:46,3999,completed,COD
ORD_12155,CUST_0541,2026-07-17 19:00:00,799,completed,Credit Card
ORD_12860,CUST_1246,2026-07-17 19:00:00,999,completed,COD
ORD_13182,CUST_1568,2026-07-17 20:00:00,2199,completed,UPI
ORD_13284,CUST_1670,2026-07-17 20:00:00,2799,completed,UPI
ORD_19410,CUST_0843,2026-07-17 20:00:21,1899,completed,UPI
ORD_19844,CUST_1438,2026-07-17 20:04:16,2499,completed,UPI
ORD_12286,CUST_0672,2026-07-17 21:00:00,699,completed,UPI
ORD_12435,CUST_0821,2026-07-17 21:00:00,3299,completed,Debit Card
ORD_12745,CUST_1131,2026-07-17 21:00:00,3999,completed,COD
ORD_13342,CUST_1728,2026-07-17 21:00:00,2499,completed,UPI
ORD_17408,CUST_1213,2026-07-17 21:29:54,699,completed,Credit Card
ORD_17250,CUST_1925,2026-07-17 21:41:11,6999,completed,Credit Card
ORD_12515,CUST_0901,2026-07-17 22:00:00,1299,completed,UPI
ORD_13057,CUST_1443,2026-07-17 22:00:00,2499,completed,COD
ORD_14897,CUST_1012,2026-07-17 22:10:08,1098,completed,UPI
ORD_17598,CUST_0992,2026-07-17 22:57:50,349,completed,Debit Card
ORD_12612,CUST_0998,2026-07-17 23:00:00,2199,completed,Credit Card
ORD_12736,CUST_1122,2026-07-17 23:00:00,799,completed,Debit Card
ORD_12926,CUST_1312,2026-07-18 00:00:00,3299,completed,UPI
ORD_13085,CUST_1471,2026-07-18 00:00:00,899,completed,UPI
ORD_16975,CUST_0441,2026-07-18 00:09:17,5499,completed,COD
ORD_19045,CUST_0451,2026-07-18 00:18:14,299,completed,COD
ORD_17030,CUST_1071,2026-07-18 00:31:12,599,completed,UPI
ORD_14201,CUST_1362,2026-07-18 01:42:37,748,completed,UPI
ORD_12129,CUST_0515,2026-07-18 02:00:00,1899,completed,UPI
ORD_12834,CUST_1220,2026-07-18 02:00:00,3999,completed,UPI
ORD_15441,CUST_0675,2026-07-18 02:29:11,1248,completed,COD
ORD_19250,CUST_1782,2026-07-18 03:47:11,349,completed,COD
ORD_12243,CUST_0629,2026-07-18 04:00:00,999,completed,Debit Card
ORD_12625,CUST_1011,2026-07-18 04:00:00,4999,completed,COD
ORD_13279,CUST_1665,2026-07-18 04:00:00,799,completed,COD
ORD_13124,CUST_1510,2026-07-18 05:00:00,1299,completed,COD
ORD_13350,CUST_1736,2026-07-18 05:00:00,2499,completed,Credit Card
ORD_13396,CUST_1782,2026-07-18 05:00:00,5499,completed,UPI
ORD_18441,CUST_1504,2026-07-18 05:56:29,799,completed,UPI
ORD_15419,CUST_1468,2026-07-18 07:29:45,1598,completed,COD
ORD_18008,CUST_1256,2026-07-18 09:13:57,699,completed,UPI
ORD_16554,CUST_1296,2026-07-18 12:19:50,3299,completed,COD
ORD_18848,CUST_1490,2026-07-18 12:29:09,4299,completed,UPI
ORD_15896,CUST_0601,2026-07-18 13:46:16,2298,completed,UPI
ORD_17382,CUST_1883,2026-07-18 13:54:15,5499,refunded,Credit Card
ORD_15777,CUST_1878,2026-07-18 14:15:27,3798,completed,UPI
ORD_18803,CUST_0961,2026-07-18 14:58:24,1299,completed,COD
ORD_16363,CUST_1102,2026-07-18 15:56:49,3398,completed,COD
ORD_19028,CUST_0523,2026-07-18 16:56:16,349,completed,UPI
ORD_14145,CUST_0667,2026-07-18 17:21:59,998,completed,COD
ORD_17011,CUST_1099,2026-07-18 18:25:59,1499,completed,UPI
ORD_12816,CUST_1202,2026-07-18 19:00:00,2499,completed,COD
ORD_12902,CUST_1288,2026-07-18 19:00:00,1299,completed,UPI
ORD_14567,CUST_0606,2026-07-18 19:18:18,1198,completed,UPI
ORD_12833,CUST_1219,2026-07-18 20:00:00,4999,completed,Debit Card
ORD_13161,CUST_1547,2026-07-18 20:00:00,699,completed,Credit Card
ORD_13271,CUST_1657,2026-07-18 20:00:00,999,completed,COD
ORD_15212,CUST_1959,2026-07-18 20:05:44,1248,completed,Debit Card
ORD_19148,CUST_0625,2026-07-18 20:08:55,5499,completed,COD
ORD_19931,CUST_1690,2026-07-18 20:14:22,999,completed,Debit Card
ORD_16097,CUST_0797,2026-07-18 20:23:14,7498,completed,UPI
ORD_14427,CUST_1543,2026-07-18 21:30:51,1498,completed,Credit Card
ORD_18857,CUST_1796,2026-07-18 21:37:57,699,completed,UPI
ORD_12251,CUST_0637,2026-07-18 22:00:00,1499,completed,Credit Card
ORD_13490,CUST_1876,2026-07-18 22:00:00,3999,completed,COD
ORD_12132,CUST_0518,2026-07-18 23:00:00,699,completed,UPI
ORD_12215,CUST_0601,2026-07-18 23:00:00,699,completed,Debit Card
ORD_17145,CUST_1019,2026-07-18 23:58:19,1499,failed,UPI
ORD_12341,CUST_0727,2026-07-19 00:00:00,2799,completed,COD
ORD_14065,CUST_1672,2026-07-19 00:48:22,1298,completed,COD
ORD_11903,CUST_0289,2026-07-19 01:00:00,2799,completed,UPI
ORD_12832,CUST_1218,2026-07-19 01:00:00,1299,completed,UPI
ORD_13246,CUST_1632,2026-07-19 01:00:00,2499,completed,COD
ORD_13358,CUST_1744,2026-07-19 01:00:00,1299,completed,UPI
ORD_13393,CUST_1779,2026-07-19 01:00:00,1499,completed,Credit Card
ORD_12058,CUST_0444,2026-07-19 02:00:00,999,completed,Debit Card
ORD_12083,CUST_0469,2026-07-19 02:00:00,1899,completed,COD
ORD_12929,CUST_1315,2026-07-19 02:00:00,6999,completed,Credit Card
ORD_16380,CUST_1968,2026-07-19 02:15:15,8298,completed,UPI
ORD_18040,CUST_1528,2026-07-19 02:51:40,1499,completed,UPI
ORD_19036,CUST_0540,2026-07-19 02:51:43,499,completed,Debit Card
ORD_19793,CUST_1544,2026-07-19 02:52:22,899,completed,COD
ORD_15923,CUST_1696,2026-07-19 02:57:50,8898,completed,UPI
ORD_12650,CUST_1036,2026-07-19 03:00:00,2499,completed,COD
ORD_12693,CUST_1079,2026-07-19 03:00:00,2799,completed,COD
ORD_13004,CUST_1390,2026-07-19 03:00:00,2799,completed,COD
ORD_13015,CUST_1401,2026-07-19 03:00:00,2799,completed,UPI
ORD_17280,CUST_0736,2026-07-19 03:45:10,999,completed,UPI
ORD_12371,CUST_0757,2026-07-19 04:00:00,2499,completed,UPI
ORD_12872,CUST_1258,2026-07-19 04:00:00,3999,completed,Credit Card
ORD_12966,CUST_1352,2026-07-19 04:00:00,6999,completed,Credit Card
ORD_13355,CUST_1741,2026-07-19 04:00:00,5499,completed,UPI
ORD_13275,CUST_1661,2026-07-19 05:00:00,2799,completed,COD
ORD_18666,CUST_1001,2026-07-19 05:10:47,299,completed,Credit Card
ORD_17243,CUST_1117,2026-07-19 05:25:32,699,completed,Debit Card
ORD_18123,CUST_0964,2026-07-19 05:46:35,799,completed,COD
ORD_12921,CUST_1307,2026-07-19 06:00:00,3999,completed,Debit Card
ORD_16084,CUST_1483,2026-07-19 06:54:20,6798,completed,Credit Card
ORD_19439,CUST_1628,2026-07-19 07:14:15,1299,completed,UPI
ORD_18316,CUST_0764,2026-07-19 11:27:52,699,completed,UPI
ORD_19374,CUST_0571,2026-07-19 14:34:48,799,completed,UPI
ORD_17216,CUST_0700,2026-07-19 14:46:00,1499,completed,Credit Card
ORD_16044,CUST_0803,2026-07-19 17:29:23,6498,completed,Credit Card
ORD_12157,CUST_0543,2026-07-19 18:00:00,2499,completed,Credit Card
ORD_12511,CUST_0897,2026-07-19 18:00:00,1499,completed,COD
ORD_12673,CUST_1059,2026-07-19 18:00:00,5499,completed,UPI
ORD_12699,CUST_1085,2026-07-19 18:00:00,3999,completed,UPI
ORD_12869,CUST_1255,2026-07-19 18:00:00,1299,completed,UPI
ORD_12287,CUST_0673,2026-07-19 19:00:00,6999,completed,Credit Card
ORD_12516,CUST_0902,2026-07-19 19:00:00,3999,completed,Credit Card
ORD_12874,CUST_1260,2026-07-19 19:00:00,1499,completed,Credit Card
ORD_19762,CUST_1469,2026-07-19 19:03:24,4999,completed,UPI
ORD_12028,CUST_0414,2026-07-19 20:00:00,1899,completed,Debit Card
ORD_13560,CUST_1946,2026-07-19 20:00:00,699,completed,Debit Card
ORD_18053,CUST_0882,2026-07-19 20:07:56,999,completed,UPI
ORD_18949,CUST_1800,2026-07-19 20:14:56,6999,completed,Credit Card
ORD_12988,CUST_1374,2026-07-19 21:00:00,899,completed,COD
ORD_13000,CUST_1386,2026-07-19 21:00:00,3999,completed,UPI
ORD_13255,CUST_1641,2026-07-19 21:00:00,2499,completed,UPI
ORD_13496,CUST_1882,2026-07-19 21:00:00,5499,completed,UPI
ORD_13538,CUST_1924,2026-07-19 21:00:00,5499,completed,COD
ORD_12784,CUST_1170,2026-07-19 22:00:00,999,completed,Debit Card
ORD_18711,CUST_1539,2026-07-19 22:08:48,999,completed,UPI
ORD_12348,CUST_0734,2026-07-19 23:00:00,699,completed,Debit Card
ORD_12598,CUST_0984,2026-07-19 23:00:00,2799,completed,COD
ORD_13268,CUST_1654,2026-07-19 23:00:00,5499,completed,COD
ORD_13377,CUST_1763,2026-07-19 23:00:00,3299,completed,UPI
ORD_13493,CUST_1879,2026-07-19 23:00:00,5499,completed,UPI
ORD_17461,CUST_0999,2026-07-19 23:07:29,3999,completed,UPI
ORD_12008,CUST_0394,2026-07-20 00:00:00,799,completed,Credit Card
ORD_12355,CUST_0741,2026-07-20 00:00:00,4999,completed,UPI
ORD_16901,CUST_1234,2026-07-20 00:13:17,799,completed,COD
ORD_18628,CUST_1213,2026-07-20 00:35:59,1999,completed,UPI
ORD_18538,CUST_1244,2026-07-20 00:55:36,3299,completed,UPI
ORD_12258,CUST_0644,2026-07-20 01:00:00,1299,completed,Debit Card
ORD_12271,CUST_0657,2026-07-20 01:00:00,2199,completed,Debit Card
ORD_12953,CUST_1339,2026-07-20 01:00:00,1899,completed,UPI
ORD_13121,CUST_1507,2026-07-20 01:00:00,2199,completed,COD
ORD_13504,CUST_1890,2026-07-20 01:00:00,3999,completed,Debit Card
ORD_19452,CUST_0441,2026-07-20 01:31:09,1299,completed,COD
ORD_17593,CUST_0967,2026-07-20 01:56:22,599,completed,COD
ORD_11957,CUST_0343,2026-07-20 02:00:00,6999,completed,Debit Card
ORD_12346,CUST_0732,2026-07-20 02:00:00,1899,completed,Credit Card
ORD_15904,CUST_0855,2026-07-20 02:15:16,1898,completed,UPI
ORD_16441,CUST_0567,2026-07-20 02:18:37,2298,completed,COD
ORD_14494,CUST_0932,2026-07-20 02:40:14,1198,completed,Credit Card
ORD_11939,CUST_0325,2026-07-20 03:00:00,3999,completed,COD
ORD_12927,CUST_1313,2026-07-20 03:00:00,3999,completed,UPI
ORD_19864,CUST_1602,2026-07-20 03:20:49,3299,completed,UPI
ORD_11922,CUST_0308,2026-07-20 04:00:00,4999,completed,Debit Card
ORD_13237,CUST_1623,2026-07-20 04:00:00,1899,completed,Debit Card
ORD_18989,CUST_0798,2026-07-20 04:24:54,899,completed,UPI
ORD_16871,CUST_1264,2026-07-20 04:47:22,2199,completed,UPI
ORD_15085,CUST_0713,2026-07-20 04:50:06,1248,completed,UPI
ORD_11890,CUST_0276,2026-07-20 05:00:00,1899,completed,UPI
ORD_13157,CUST_1543,2026-07-20 05:00:00,1499,completed,UPI
ORD_13458,CUST_1844,2026-07-20 05:00:00,1899,completed,UPI
ORD_18545,CUST_0690,2026-07-20 05:15:24,3999,completed,UPI
ORD_16012,CUST_1078,2026-07-20 05:25:48,3598,completed,UPI
ORD_12101,CUST_0487,2026-07-20 06:00:00,3299,completed,UPI
ORD_12209,CUST_0595,2026-07-20 06:00:00,999,completed,Credit Card
ORD_12885,CUST_1271,2026-07-20 06:00:00,999,completed,UPI
ORD_12913,CUST_1299,2026-07-20 06:00:00,3999,completed,COD
ORD_18214,CUST_0965,2026-07-20 06:24:24,3999,completed,Debit Card
ORD_17379,CUST_0905,2026-07-20 07:02:43,799,completed,UPI
ORD_17157,CUST_1042,2026-07-20 07:40:13,499,completed,Debit Card
ORD_18304,CUST_0346,2026-07-20 07:54:14,599,completed,COD
ORD_17105,CUST_1667,2026-07-20 07:55:30,3499,completed,UPI
ORD_19005,CUST_0622,2026-07-20 08:16:07,2499,completed,COD
ORD_16952,CUST_0354,2026-07-20 09:09:08,899,completed,UPI
ORD_15998,CUST_1013,2026-07-20 09:47:56,1798,completed,Credit Card
ORD_19322,CUST_0921,2026-07-20 10:58:33,799,completed,UPI
ORD_17202,CUST_0763,2026-07-20 12:31:22,799,completed,UPI
ORD_15258,CUST_0512,2026-07-20 14:40:01,1148,completed,UPI
ORD_15551,CUST_0826,2026-07-20 15:04:22,1348,completed,UPI
ORD_17547,CUST_1200,2026-07-20 15:23:06,1299,completed,UPI
ORD_19428,CUST_0731,2026-07-20 15:23:08,499,completed,UPI
ORD_16823,CUST_1807,2026-07-20 15:31:07,1899,completed,Debit Card
ORD_16333,CUST_1048,2026-07-20 16:04:57,2298,completed,Debit Card
ORD_19293,CUST_1471,2026-07-20 16:20:48,3299,completed,COD
ORD_17498,CUST_0904,2026-07-20 17:04:52,899,completed,UPI
ORD_18747,CUST_0648,2026-07-20 17:21:32,2499,completed,UPI
ORD_13065,CUST_1451,2026-07-20 18:00:00,3999,completed,UPI
ORD_13081,CUST_1467,2026-07-20 18:00:00,699,completed,COD
ORD_13210,CUST_1596,2026-07-20 18:00:00,4999,completed,UPI
ORD_13391,CUST_1777,2026-07-20 18:00:00,3999,completed,UPI
ORD_17191,CUST_1731,2026-07-20 18:17:36,4999,completed,UPI
ORD_18700,CUST_1506,2026-07-20 18:19:01,799,completed,UPI
ORD_17491,CUST_1248,2026-07-20 18:48:53,6999,completed,UPI
ORD_18659,CUST_0642,2026-07-20 18:56:19,699,completed,UPI
ORD_13153,CUST_1539,2026-07-20 19:00:00,6999,completed,COD
ORD_17984,CUST_1815,2026-07-20 19:15:16,2799,completed,Credit Card
ORD_19054,CUST_1564,2026-07-20 19:57:23,899,completed,Debit Card
ORD_13383,CUST_1769,2026-07-20 20:00:00,2499,completed,Credit Card
ORD_13589,CUST_1975,2026-07-20 20:00:00,1299,completed,UPI
ORD_14195,CUST_1467,2026-07-20 20:39:21,1348,completed,UPI
ORD_12093,CUST_0479,2026-07-20 21:00:00,1499,completed,Credit Card
ORD_12114,CUST_0500,2026-07-20 21:00:00,3999,completed,COD
ORD_12241,CUST_0627,2026-07-20 21:00:00,3999,completed,UPI
ORD_12280,CUST_0666,2026-07-20 21:00:00,1299,completed,UPI
ORD_12611,CUST_0997,2026-07-20 21:00:00,4999,completed,UPI
ORD_13258,CUST_1644,2026-07-20 21:00:00,3999,completed,UPI
ORD_13419,CUST_1805,2026-07-20 21:00:00,899,completed,COD
ORD_17746,CUST_1642,2026-07-20 21:05:29,499,completed,UPI
ORD_15525,CUST_1826,2026-07-20 21:07:39,1098,completed,Credit Card
ORD_19446,CUST_0501,2026-07-20 21:45:18,1499,completed,UPI
ORD_12808,CUST_1194,2026-07-20 22:00:00,999,completed,UPI
ORD_13530,CUST_1916,2026-07-20 22:00:00,1499,completed,UPI
ORD_11881,CUST_0267,2026-07-20 23:00:00,3299,completed,UPI
ORD_12136,CUST_0522,2026-07-20 23:00:00,799,completed,Debit Card
ORD_12467,CUST_0853,2026-07-20 23:00:00,6999,completed,Debit Card
ORD_12263,CUST_0649,2026-07-21 00:00:00,1499,completed,Credit Card
ORD_12491,CUST_0877,2026-07-21 00:00:00,3299,completed,UPI
ORD_13253,CUST_1639,2026-07-21 00:00:00,4999,completed,Credit Card
ORD_12064,CUST_0450,2026-07-21 01:00:00,6999,completed,Debit Card
ORD_13136,CUST_1522,2026-07-21 01:00:00,3299,completed,UPI
ORD_13356,CUST_1742,2026-07-21 01:00:00,1899,completed,COD
ORD_13449,CUST_1835,2026-07-21 01:00:00,4999,completed,Credit Card
ORD_19460,CUST_0269,2026-07-21 01:37:31,3999,completed,UPI
ORD_12687,CUST_1073,2026-07-21 02:00:00,6999,completed,UPI
ORD_13304,CUST_1690,2026-07-21 02:00:00,6999,completed,UPI
ORD_18779,CUST_1572,2026-07-21 02:01:09,6999,completed,Credit Card
ORD_19280,CUST_1218,2026-07-21 02:02:33,5499,completed,UPI
ORD_19175,CUST_0391,2026-07-21 02:21:24,3299,completed,UPI
ORD_19789,CUST_0529,2026-07-21 02:28:21,3299,completed,Debit Card
ORD_16002,CUST_1525,2026-07-21 02:41:04,3798,completed,UPI
ORD_11917,CUST_0303,2026-07-21 03:00:00,1299,completed,UPI
ORD_13456,CUST_1842,2026-07-21 03:00:00,4999,completed,COD
ORD_12446,CUST_0832,2026-07-21 04:00:00,1499,completed,UPI
ORD_14122,CUST_0728,2026-07-21 04:03:22,1198,completed,UPI
ORD_18806,CUST_0666,2026-07-21 04:51:47,1899,completed,UPI
ORD_12130,CUST_0516,2026-07-21 05:00:00,1299,completed,UPI
ORD_13282,CUST_1668,2026-07-21 05:00:00,1899,completed,UPI
ORD_13374,CUST_1760,2026-07-21 05:00:00,3299,completed,UPI
ORD_12359,CUST_0745,2026-07-21 06:00:00,899,completed,UPI
ORD_19895,CUST_0818,2026-07-21 07:12:06,1899,completed,UPI
ORD_16723,CUST_1992,2026-07-21 07:22:28,3999,completed,COD
ORD_14766,CUST_0569,2026-07-21 07:25:09,998,completed,UPI
ORD_15515,CUST_1903,2026-07-21 07:39:33,1598,completed,UPI
ORD_18901,CUST_1434,2026-07-21 07:48:18,2199,completed,UPI
ORD_14649,CUST_0700,2026-07-21 08:26:03,1098,completed,Credit Card
ORD_18256,CUST_0779,2026-07-21 11:22:42,2499,completed,UPI
ORD_18065,CUST_1199,2026-07-21 11:48:50,3299,completed,UPI
ORD_15092,CUST_0675,2026-07-21 12:04:51,1198,completed,UPI
ORD_18403,CUST_1435,2026-07-21 12:06:41,1899,completed,UPI
ORD_15858,CUST_1037,2026-07-21 12:40:04,10998,completed,UPI
ORD_15303,CUST_1657,2026-07-21 13:07:05,748,completed,COD
ORD_19723,CUST_0748,2026-07-21 13:31:03,499,completed,UPI
ORD_16367,CUST_1896,2026-07-21 13:58:57,3398,completed,UPI
ORD_18475,CUST_1380,2026-07-21 15:38:56,3499,completed,UPI
ORD_14887,CUST_1746,2026-07-21 16:17:02,1248,completed,UPI
ORD_15398,CUST_0273,2026-07-21 17:41:45,948,completed,UPI
ORD_12501,CUST_0887,2026-07-21 18:00:00,2199,completed,COD
ORD_12962,CUST_1348,2026-07-21 18:00:00,2199,completed,COD
ORD_13131,CUST_1517,2026-07-21 18:00:00,2199,completed,UPI
ORD_18876,CUST_1137,2026-07-21 18:00:17,2499,completed,Credit Card
ORD_17756,CUST_0443,2026-07-21 18:31:23,499,completed,UPI
ORD_12757,CUST_1143,2026-07-21 19:00:00,3299,completed,UPI
ORD_12829,CUST_1215,2026-07-21 19:00:00,999,completed,Credit Card
ORD_13465,CUST_1851,2026-07-21 19:00:00,3999,completed,UPI
ORD_13553,CUST_1939,2026-07-21 19:00:00,2199,completed,Credit Card
ORD_19972,CUST_1798,2026-07-21 19:38:49,999,failed,UPI
ORD_16773,CUST_1538,2026-07-21 19:50:36,999,completed,Credit Card
ORD_12076,CUST_0462,2026-07-21 20:00:00,899,completed,Credit Card
ORD_12686,CUST_1072,2026-07-21 20:00:00,3299,completed,UPI
ORD_14093,CUST_1058,2026-07-21 20:03:45,1298,completed,UPI
ORD_18642,CUST_0273,2026-07-21 20:07:16,6999,completed,UPI
ORD_12384,CUST_0770,2026-07-21 21:00:00,799,completed,UPI
ORD_12904,CUST_1290,2026-07-21 21:00:00,1899,completed,Credit Card
ORD_18011,CUST_1820,2026-07-21 21:58:32,1999,completed,UPI
ORD_11985,CUST_0371,2026-07-21 22:00:00,2499,completed,UPI
ORD_13384,CUST_1770,2026-07-21 22:00:00,3999,completed,Credit Card
ORD_13381,CUST_1767,2026-07-21 23:00:00,6999,completed,Credit Card
ORD_18648,CUST_1081,2026-07-21 23:12:18,4999,completed,UPI
ORD_17766,CUST_1752,2026-07-21 23:19:23,899,completed,UPI
ORD_12024,CUST_0410,2026-07-22 00:00:00,1299,completed,UPI
ORD_12461,CUST_0847,2026-07-22 00:00:00,899,completed,Debit Card
ORD_12624,CUST_1010,2026-07-22 00:00:00,899,completed,UPI
ORD_12819,CUST_1205,2026-07-22 00:00:00,6999,completed,Credit Card
ORD_13464,CUST_1850,2026-07-22 00:00:00,1499,completed,Debit Card
ORD_13147,CUST_1533,2026-07-22 01:00:00,1299,completed,Debit Card
ORD_13592,CUST_1978,2026-07-22 01:00:00,1499,completed,Credit Card
ORD_18014,CUST_1547,2026-07-22 01:02:30,3999,completed,UPI
ORD_16532,CUST_0611,2026-07-22 01:19:31,699,completed,Debit Card
ORD_18550,CUST_0858,2026-07-22 01:52:06,6999,completed,UPI
ORD_16083,CUST_0274,2026-07-22 01:59:00,12498,completed,UPI
ORD_12939,CUST_1325,2026-07-22 02:00:00,3299,completed,UPI
ORD_17397,CUST_0529,2026-07-22 02:02:13,1999,completed,UPI
ORD_17429,CUST_1006,2026-07-22 02:07:37,799,completed,Debit Card
ORD_11880,CUST_0266,2026-07-22 03:00:00,5499,completed,Debit Card
ORD_13049,CUST_1435,2026-07-22 03:00:00,3999,completed,UPI
ORD_13429,CUST_1815,2026-07-22 03:00:00,799,completed,Credit Card
ORD_16197,CUST_1865,2026-07-22 03:58:28,8898,completed,Credit Card
ORD_17763,CUST_0651,2026-07-22 04:44:44,899,completed,UPI
ORD_12999,CUST_1385,2026-07-22 05:00:00,799,completed,UPI
ORD_13063,CUST_1449,2026-07-22 05:00:00,3299,completed,UPI
ORD_12763,CUST_1149,2026-07-22 06:00:00,4999,completed,COD
ORD_15965,CUST_0351,2026-07-22 06:43:37,3198,completed,UPI
ORD_15685,CUST_1155,2026-07-22 07:56:53,5898,completed,UPI
ORD_16848,CUST_0353,2026-07-22 08:03:31,599,completed,Debit Card
ORD_16921,CUST_0299,2026-07-22 08:19:15,4299,completed,Debit Card
ORD_17645,CUST_0685,2026-07-22 08:35:15,999,completed,COD
ORD_17650,CUST_1077,2026-07-22 09:25:53,3499,completed,UPI
ORD_14541,CUST_0972,2026-07-22 10:23:35,1298,completed,UPI
ORD_19121,CUST_0551,2026-07-22 10:50:40,699,completed,Debit Card
ORD_16102,CUST_0367,2026-07-22 11:07:33,4798,completed,Credit Card
ORD_14279,CUST_1142,2026-07-22 11:12:48,1298,completed,UPI
ORD_15809,CUST_1949,2026-07-22 11:45:26,6498,completed,UPI
ORD_16027,CUST_0606,2026-07-22 12:15:32,6798,completed,UPI
ORD_19368,CUST_1327,2026-07-22 12:30:37,249,completed,Debit Card
ORD_16119,CUST_1005,2026-07-22 12:50:59,7698,completed,Debit Card
ORD_18331,CUST_0362,2026-07-22 12:56:46,1299,completed,UPI
ORD_16828,CUST_0328,2026-07-22 14:04:48,1999,completed,UPI
ORD_18186,CUST_1670,2026-07-22 15:08:02,2499,completed,COD
ORD_14081,CUST_1848,2026-07-22 15:49:02,998,completed,COD
ORD_16134,CUST_1899,2026-07-22 16:40:12,1798,completed,UPI
ORD_12109,CUST_0495,2026-07-22 18:00:00,2799,completed,Debit Card
ORD_12224,CUST_0610,2026-07-22 18:00:00,5499,completed,UPI
ORD_12383,CUST_0769,2026-07-22 18:00:00,3999,completed,UPI
ORD_13525,CUST_1911,2026-07-22 18:00:00,2499,completed,Debit Card
ORD_16151,CUST_1738,2026-07-22 18:21:41,6298,completed,UPI
ORD_17829,CUST_0879,2026-07-22 18:24:10,299,completed,Credit Card
ORD_15620,CUST_1758,2026-07-22 18:47:37,1148,completed,UPI
ORD_13369,CUST_1755,2026-07-22 19:00:00,3999,completed,COD
ORD_13371,CUST_1757,2026-07-22 19:00:00,6999,completed,Debit Card
ORD_13127,CUST_1513,2026-07-22 20:00:00,4999,completed,Debit Card
ORD_16167,CUST_1874,2026-07-22 20:24:12,4898,completed,UPI
ORD_15297,CUST_0683,2026-07-22 20:30:39,1148,completed,COD
ORD_12150,CUST_0536,2026-07-22 21:00:00,1499,completed,Debit Card
ORD_12720,CUST_1106,2026-07-22 21:00:00,6999,completed,Debit Card
ORD_13146,CUST_1532,2026-07-22 21:00:00,3299,completed,Credit Card
ORD_13216,CUST_1602,2026-07-22 21:00:00,1299,completed,UPI
ORD_16563,CUST_0752,2026-07-22 21:40:47,2499,completed,UPI
ORD_16585,CUST_0923,2026-07-22 21:48:56,899,completed,UPI
ORD_12674,CUST_1060,2026-07-22 22:00:00,699,completed,Credit Card
ORD_12688,CUST_1074,2026-07-22 22:00:00,3999,completed,UPI
ORD_19558,CUST_1889,2026-07-22 22:21:59,499,completed,Credit Card
ORD_14126,CUST_1267,2026-07-22 22:26:33,848,completed,Debit Card
ORD_12213,CUST_0599,2026-07-22 23:00:00,799,completed,COD
ORD_12492,CUST_0878,2026-07-22 23:00:00,1899,completed,UPI
ORD_12622,CUST_1008,2026-07-22 23:00:00,2199,completed,UPI
ORD_18906,CUST_0533,2026-07-22 23:29:58,249,completed,UPI
ORD_15917,CUST_1275,2026-07-22 23:36:30,7498,completed,UPI
ORD_12425,CUST_0811,2026-07-23 00:00:00,1299,completed,COD
ORD_13293,CUST_1679,2026-07-23 00:00:00,1499,completed,UPI
ORD_17219,CUST_1446,2026-07-23 00:14:20,1999,completed,Credit Card
ORD_18921,CUST_1750,2026-07-23 00:22:01,699,completed,Credit Card
ORD_17311,CUST_1195,2026-07-23 00:25:01,599,completed,COD
ORD_19030,CUST_1903,2026-07-23 00:29:10,4999,completed,Debit Card
ORD_19796,CUST_0598,2026-07-23 00:54:36,3999,completed,UPI
ORD_13373,CUST_1759,2026-07-23 01:00:00,1299,completed,Debit Card
ORD_14815,CUST_0449,2026-07-23 01:19:03,1298,completed,UPI
ORD_11916,CUST_0302,2026-07-23 02:00:00,1499,completed,UPI
ORD_11941,CUST_0327,2026-07-23 02:00:00,3299,completed,UPI
ORD_12802,CUST_1188,2026-07-23 02:00:00,999,completed,Debit Card
ORD_16209,CUST_0514,2026-07-23 02:31:21,4798,completed,Credit Card
ORD_12739,CUST_1125,2026-07-23 03:00:00,999,completed,UPI
ORD_17971,CUST_1620,2026-07-23 03:14:01,2199,completed,UPI
ORD_14444,CUST_0685,2026-07-23 03:23:30,998,completed,COD
ORD_17269,CUST_1862,2026-07-23 03:45:41,349,completed,UPI
ORD_13321,CUST_1707,2026-07-23 04:00:00,1299,completed,Credit Card
ORD_19379,CUST_0427,2026-07-23 04:03:18,3999,completed,UPI
ORD_18098,CUST_1197,2026-07-23 04:11:34,999,completed,UPI
ORD_18344,CUST_1962,2026-07-23 04:58:39,5499,completed,Debit Card
ORD_12152,CUST_0538,2026-07-23 05:00:00,4999,completed,COD
ORD_12483,CUST_0869,2026-07-23 05:00:00,699,completed,COD
ORD_13313,CUST_1699,2026-07-23 05:00:00,6999,completed,UPI
ORD_18839,CUST_0318,2026-07-23 05:06:03,4999,completed,UPI
ORD_14460,CUST_1157,2026-07-23 05:06:43,1298,completed,UPI
ORD_19846,CUST_0936,2026-07-23 05:17:41,799,completed,UPI
ORD_14184,CUST_0757,2026-07-23 05:44:18,1298,completed,COD
ORD_13134,CUST_1520,2026-07-23 06:00:00,1299,completed,COD
ORD_16910,CUST_1755,2026-07-23 06:05:19,3499,failed,UPI
ORD_17271,CUST_0477,2026-07-23 06:33:35,1999,completed,UPI
ORD_17051,CUST_0915,2026-07-23 07:03:50,699,completed,UPI
ORD_15400,CUST_1546,2026-07-23 07:22:34,1298,completed,Credit Card
ORD_18443,CUST_1184,2026-07-23 09:22:52,599,completed,Credit Card
ORD_18948,CUST_1655,2026-07-23 09:48:35,1499,completed,UPI
ORD_18516,CUST_1634,2026-07-23 09:58:36,799,completed,UPI
ORD_14041,CUST_1844,2026-07-23 10:23:21,798,completed,UPI
ORD_15808,CUST_1536,2026-07-23 10:32:26,9498,completed,UPI
ORD_16034,CUST_1691,2026-07-23 11:01:58,5898,completed,UPI
ORD_17768,CUST_0729,2026-07-23 11:14:59,3299,completed,UPI
ORD_18750,CUST_0975,2026-07-23 11:17:32,699,completed,COD
ORD_16984,CUST_1197,2026-07-23 11:44:44,6999,completed,UPI
ORD_19034,CUST_1085,2026-07-23 12:51:26,2199,completed,UPI
ORD_16423,CUST_0997,2026-07-23 13:16:37,4098,completed,UPI
ORD_17920,CUST_0325,2026-07-23 14:20:00,349,completed,Credit Card
ORD_15788,CUST_0345,2026-07-23 14:45:22,10298,completed,Credit Card
ORD_15314,CUST_1249,2026-07-23 15:18:49,748,completed,COD
ORD_19288,CUST_0370,2026-07-23 16:07:51,249,completed,UPI
ORD_18890,CUST_1902,2026-07-23 16:53:11,799,completed,COD
ORD_17380,CUST_1829,2026-07-23 17:13:50,499,completed,UPI
ORD_16527,CUST_1903,2026-07-23 17:40:26,599,completed,UPI
ORD_12434,CUST_0820,2026-07-23 18:00:00,999,completed,COD
ORD_12793,CUST_1179,2026-07-23 18:00:00,2799,completed,COD
ORD_13278,CUST_1664,2026-07-23 18:00:00,999,completed,Debit Card
ORD_13101,CUST_1487,2026-07-23 19:00:00,2799,completed,UPI
ORD_13539,CUST_1925,2026-07-23 19:00:00,999,completed,COD
ORD_12408,CUST_0794,2026-07-23 20:00:00,2499,completed,COD
ORD_12909,CUST_1295,2026-07-23 20:00:00,3299,completed,Credit Card
ORD_17625,CUST_1668,2026-07-23 20:19:20,3499,completed,UPI
ORD_19255,CUST_0823,2026-07-23 20:27:39,3299,completed,COD
ORD_12616,CUST_1002,2026-07-23 21:00:00,999,completed,COD
ORD_13365,CUST_1751,2026-07-23 22:00:00,6999,completed,UPI
ORD_13519,CUST_1905,2026-07-23 22:00:00,1299,completed,UPI
ORD_16370,CUST_1377,2026-07-23 22:35:32,2098,completed,UPI
ORD_11988,CUST_0374,2026-07-23 23:00:00,2199,completed,COD
ORD_12147,CUST_0533,2026-07-23 23:00:00,3999,completed,Debit Card
ORD_13302,CUST_1688,2026-07-23 23:00:00,799,completed,COD
ORD_15945,CUST_1817,2026-07-23 23:54:19,2898,completed,UPI
ORD_12195,CUST_0581,2026-07-24 00:00:00,4999,completed,Credit Card
ORD_12207,CUST_0593,2026-07-24 00:00:00,3299,completed,UPI
ORD_14493,CUST_1494,2026-07-24 00:13:50,748,completed,Credit Card
ORD_12219,CUST_0605,2026-07-24 01:00:00,1299,completed,Debit Card
ORD_11918,CUST_0304,2026-07-24 02:00:00,2799,completed,Debit Card
ORD_12838,CUST_1224,2026-07-24 02:00:00,6999,completed,UPI
ORD_12866,CUST_1252,2026-07-24 02:00:00,1299,completed,UPI
ORD_12884,CUST_1270,2026-07-24 02:00:00,1899,completed,Credit Card
ORD_12914,CUST_1300,2026-07-24 02:00:00,1499,completed,UPI
ORD_12998,CUST_1384,2026-07-24 02:00:00,6999,completed,UPI
ORD_17123,CUST_0940,2026-07-24 02:46:18,3299,completed,UPI
ORD_11950,CUST_0336,2026-07-24 03:00:00,3999,completed,UPI
ORD_12125,CUST_0511,2026-07-24 03:00:00,3999,completed,UPI
ORD_13410,CUST_1796,2026-07-24 03:00:00,3999,completed,UPI
ORD_15281,CUST_0427,2026-07-24 03:00:44,848,completed,Credit Card
ORD_12440,CUST_0826,2026-07-24 04:00:00,2199,completed,COD
ORD_12448,CUST_0834,2026-07-24 04:00:00,1899,completed,UPI
ORD_19884,CUST_1951,2026-07-24 04:42:48,2799,completed,UPI
ORD_15063,CUST_0988,2026-07-24 04:57:09,1098,completed,UPI
ORD_12630,CUST_1016,2026-07-24 05:00:00,1299,completed,Credit Card
ORD_12863,CUST_1249,2026-07-24 05:00:00,2199,completed,Debit Card
ORD_13191,CUST_1577,2026-07-24 05:00:00,1899,completed,Credit Card
ORD_13200,CUST_1586,2026-07-24 05:00:00,1899,completed,Credit Card
ORD_14231,CUST_0630,2026-07-24 05:39:41,1098,completed,UPI
ORD_13328,CUST_1714,2026-07-24 06:00:00,5499,completed,Debit Card
ORD_19235,CUST_1041,2026-07-24 06:14:05,1999,completed,Credit Card
ORD_15925,CUST_1834,2026-07-24 07:19:08,3798,completed,Credit Card
ORD_17716,CUST_1632,2026-07-24 07:24:59,2799,completed,COD
ORD_16538,CUST_1612,2026-07-24 08:45:46,349,completed,Debit Card
ORD_14707,CUST_1468,2026-07-24 08:55:51,1598,completed,UPI
ORD_15466,CUST_0351,2026-07-24 08:55:51,1198,completed,UPI
ORD_14276,CUST_0908,2026-07-24 10:21:55,1698,completed,UPI
ORD_17162,CUST_0770,2026-07-24 10:28:55,1299,completed,Debit Card
ORD_17104,CUST_1763,2026-07-24 11:07:58,999,completed,UPI
ORD_17146,CUST_1619,2026-07-24 11:56:56,299,completed,UPI
ORD_15625,CUST_1040,2026-07-24 13:42:33,848,completed,COD
ORD_14572,CUST_1383,2026-07-24 15:04:00,1048,completed,UPI
ORD_19883,CUST_1723,2026-07-24 15:58:10,3299,completed,UPI
ORD_19949,CUST_0871,2026-07-24 16:25:13,2499,completed,UPI
ORD_17819,CUST_0905,2026-07-24 16:36:07,899,completed,Debit Card
ORD_18228,CUST_1348,2026-07-24 17:03:04,1499,completed,UPI
ORD_12993,CUST_1379,2026-07-24 18:00:00,1899,completed,Credit Card
ORD_13593,CUST_1979,2026-07-24 18:00:00,2499,completed,UPI
ORD_12259,CUST_0645,2026-07-24 19:00:00,3299,completed,Debit Card
ORD_12785,CUST_1171,2026-07-24 19:00:00,1499,completed,UPI
ORD_15452,CUST_0918,2026-07-24 19:29:14,848,completed,Credit Card
ORD_11930,CUST_0316,2026-07-24 20:00:00,1299,completed,COD
ORD_12353,CUST_0739,2026-07-24 20:00:00,5499,completed,UPI
ORD_13565,CUST_1951,2026-07-24 20:00:00,1899,completed,UPI
ORD_14739,CUST_0556,2026-07-24 20:00:57,748,completed,UPI
ORD_16879,CUST_1950,2026-07-24 20:54:33,799,completed,UPI
ORD_13261,CUST_1647,2026-07-24 21:00:00,1899,completed,UPI
ORD_13276,CUST_1662,2026-07-24 21:00:00,799,completed,UPI
ORD_13498,CUST_1884,2026-07-24 21:00:00,1899,completed,COD
ORD_15665,CUST_0764,2026-07-24 21:44:09,1248,completed,UPI
ORD_12158,CUST_0544,2026-07-24 22:00:00,2199,completed,Credit Card
ORD_17571,CUST_1805,2026-07-24 22:50:37,699,completed,COD
ORD_12017,CUST_0403,2026-07-24 23:00:00,1899,completed,UPI
ORD_12464,CUST_0850,2026-07-24 23:00:00,3299,completed,UPI
ORD_19076,CUST_1840,2026-07-24 23:29:54,2499,completed,UPI
ORD_11977,CUST_0363,2026-07-25 00:00:00,799,completed,UPI
ORD_12011,CUST_0397,2026-07-25 00:00:00,2199,completed,Debit Card
ORD_13281,CUST_1667,2026-07-25 00:00:00,999,completed,Credit Card
ORD_13543,CUST_1929,2026-07-25 00:00:00,3999,completed,UPI
ORD_12021,CUST_0407,2026-07-25 01:00:00,2499,completed,Debit Card
ORD_12596,CUST_0982,2026-07-25 01:00:00,799,completed,COD
ORD_12955,CUST_1341,2026-07-25 01:00:00,1299,completed,COD
ORD_13042,CUST_1428,2026-07-25 01:00:00,1299,completed,Credit Card
ORD_13403,CUST_1789,2026-07-25 02:00:00,1499,completed,UPI
ORD_12470,CUST_0856,2026-07-25 03:00:00,4999,completed,Debit Card
ORD_12822,CUST_1208,2026-07-25 03:00:00,799,completed,UPI
ORD_12911,CUST_1297,2026-07-25 03:00:00,1899,completed,Debit Card
ORD_13092,CUST_1478,2026-07-25 03:00:00,2499,completed,Credit Card
ORD_19286,CUST_1794,2026-07-25 03:46:57,6999,completed,Credit Card
ORD_12376,CUST_0762,2026-07-25 04:00:00,2499,completed,UPI
ORD_12551,CUST_0937,2026-07-25 04:00:00,899,completed,UPI
ORD_13054,CUST_1440,2026-07-25 04:00:00,3999,completed,Credit Card
ORD_13250,CUST_1636,2026-07-25 04:00:00,1299,completed,COD
ORD_16226,CUST_1179,2026-07-25 04:22:22,2198,completed,Debit Card
ORD_17300,CUST_0846,2026-07-25 04:53:05,4299,completed,Credit Card
ORD_12186,CUST_0572,2026-07-25 05:00:00,1899,completed,UPI
ORD_12861,CUST_1247,2026-07-25 05:00:00,2199,completed,UPI
ORD_13036,CUST_1422,2026-07-25 05:00:00,3999,completed,UPI
ORD_13235,CUST_1621,2026-07-25 05:00:00,3999,completed,COD
ORD_13537,CUST_1923,2026-07-25 05:00:00,1299,completed,UPI
ORD_11951,CUST_0337,2026-07-25 06:00:00,4999,completed,Credit Card
ORD_12310,CUST_0696,2026-07-25 06:00:00,2799,completed,UPI
ORD_12324,CUST_0710,2026-07-25 06:00:00,1499,completed,Debit Card
ORD_12393,CUST_0779,2026-07-25 06:00:00,699,completed,Credit Card
ORD_13074,CUST_1460,2026-07-25 06:00:00,6999,completed,UPI
ORD_18939,CUST_0767,2026-07-25 06:13:56,3999,completed,Credit Card
ORD_14146,CUST_1550,2026-07-25 06:21:10,998,completed,UPI
ORD_18662,CUST_1107,2026-07-25 06:38:05,599,completed,Credit Card
ORD_16700,CUST_1436,2026-07-25 07:12:39,3499,completed,Debit Card
ORD_16311,CUST_0615,2026-07-25 07:13:59,7898,completed,COD
ORD_14816,CUST_1428,2026-07-25 07:23:09,898,completed,UPI
ORD_16430,CUST_0388,2026-07-25 10:12:06,4698,completed,Debit Card
ORD_14898,CUST_0378,2026-07-25 11:04:33,1198,completed,UPI
ORD_17644,CUST_0984,2026-07-25 11:13:05,499,completed,Credit Card
ORD_15963,CUST_1452,2026-07-25 11:16:39,3198,completed,COD
ORD_15471,CUST_1518,2026-07-25 11:28:12,1398,completed,UPI
ORD_16623,CUST_1784,2026-07-25 12:17:51,1899,completed,UPI
ORD_17788,CUST_1400,2026-07-25 13:01:06,999,completed,Credit Card
ORD_19908,CUST_1261,2026-07-25 13:30:18,799,completed,UPI
ORD_17926,CUST_1699,2026-07-25 13:57:46,899,completed,UPI
ORD_16949,CUST_1420,2026-07-25 14:42:22,4299,completed,UPI
ORD_14956,CUST_0384,2026-07-25 15:28:56,848,completed,Debit Card
ORD_17426,CUST_0285,2026-07-25 15:39:54,999,completed,Credit Card
ORD_19044,CUST_1857,2026-07-25 15:44:28,4299,completed,Debit Card
ORD_16841,CUST_1346,2026-07-25 16:29:26,6999,completed,UPI
ORD_12345,CUST_0731,2026-07-25 18:00:00,799,completed,UPI
ORD_13273,CUST_1659,2026-07-25 18:00:00,1299,completed,UPI
ORD_18560,CUST_1640,2026-07-25 18:29:43,1499,completed,UPI
ORD_12924,CUST_1310,2026-07-25 19:00:00,1899,completed,UPI
ORD_12961,CUST_1347,2026-07-25 19:00:00,1899,completed,UPI
ORD_14473,CUST_0308,2026-07-25 19:00:04,1098,completed,UPI
ORD_12592,CUST_0978,2026-07-25 20:00:00,5499,completed,COD
ORD_12683,CUST_1069,2026-07-25 20:00:00,4999,completed,UPI
ORD_12979,CUST_1365,2026-07-25 20:00:00,699,completed,UPI
ORD_14955,CUST_1609,2026-07-25 20:42:28,1698,completed,Credit Card
ORD_12546,CUST_0932,2026-07-25 21:00:00,699,completed,COD
ORD_12722,CUST_1108,2026-07-25 21:00:00,1899,completed,UPI
ORD_12978,CUST_1364,2026-07-25 21:00:00,3299,completed,UPI
ORD_13038,CUST_1424,2026-07-25 21:00:00,4999,completed,Debit Card
ORD_17902,CUST_1908,2026-07-25 21:46:11,499,completed,Debit Card
ORD_11959,CUST_0345,2026-07-25 22:00:00,699,completed,COD
ORD_11984,CUST_0370,2026-07-25 22:00:00,1899,completed,UPI
ORD_12369,CUST_0755,2026-07-25 22:00:00,3999,completed,COD
ORD_12577,CUST_0963,2026-07-25 22:00:00,2799,completed,UPI
ORD_12714,CUST_1100,2026-07-25 22:00:00,6999,completed,UPI
ORD_15532,CUST_0949,2026-07-25 22:23:26,748,completed,Debit Card
ORD_17641,CUST_0572,2026-07-25 22:52:15,2199,completed,UPI
ORD_12497,CUST_0883,2026-07-25 23:00:00,999,completed,UPI
ORD_12765,CUST_1151,2026-07-25 23:00:00,799,completed,UPI
ORD_12803,CUST_1189,2026-07-25 23:00:00,2199,completed,Credit Card
ORD_13100,CUST_1486,2026-07-25 23:00:00,1499,completed,COD
ORD_13283,CUST_1669,2026-07-25 23:00:00,799,completed,UPI
ORD_15291,CUST_1837,2026-07-25 23:15:58,998,completed,Debit Card
ORD_17539,CUST_1776,2026-07-25 23:21:39,1899,completed,UPI
ORD_19954,CUST_0944,2026-07-25 23:33:43,2199,completed,Debit Card
ORD_12529,CUST_0915,2026-07-26 01:00:00,1299,completed,Credit Card
ORD_15576,CUST_1549,2026-07-26 01:21:57,1248,completed,UPI
ORD_17809,CUST_1012,2026-07-26 01:29:26,799,completed,COD
ORD_19139,CUST_1652,2026-07-26 01:55:21,499,completed,Credit Card
ORD_13506,CUST_1892,2026-07-26 02:00:00,6999,completed,Credit Card
ORD_18984,CUST_1997,2026-07-26 02:20:32,1899,completed,COD
ORD_12994,CUST_1380,2026-07-26 03:00:00,2199,completed,Credit Card
ORD_17940,CUST_0769,2026-07-26 03:39:14,2199,completed,COD
ORD_17977,CUST_1464,2026-07-26 04:05:29,899,completed,UPI
ORD_16360,CUST_0849,2026-07-26 04:39:17,2998,completed,Debit Card
ORD_15761,CUST_1283,2026-07-26 04:45:22,3998,completed,UPI
ORD_12105,CUST_0491,2026-07-26 05:00:00,1299,completed,UPI
ORD_16790,CUST_1597,2026-07-26 05:21:06,3499,completed,UPI
ORD_16290,CUST_1700,2026-07-26 05:33:45,7398,completed,Debit Card
ORD_13240,CUST_1626,2026-07-26 06:00:00,1299,completed,Credit Card
ORD_13438,CUST_1824,2026-07-26 06:00:00,2799,completed,Credit Card
ORD_13601,CUST_1987,2026-07-26 06:00:00,899,completed,Debit Card
ORD_15859,CUST_1318,2026-07-26 06:28:21,1998,completed,Debit Card
ORD_14779,CUST_1207,2026-07-26 06:42:31,1198,completed,Credit Card
ORD_15934,CUST_1748,2026-07-26 06:57:29,5198,completed,Credit Card
ORD_15867,CUST_1868,2026-07-26 07:04:10,1598,completed,UPI
ORD_18224,CUST_0440,2026-07-26 07:38:29,999,completed,UPI
ORD_19588,CUST_1849,2026-07-26 08:35:31,3499,completed,UPI
ORD_18509,CUST_1149,2026-07-26 09:08:38,6999,completed,COD
ORD_19290,CUST_1339,2026-07-26 09:22:22,799,completed,Debit Card
ORD_16454,CUST_1767,2026-07-26 09:40:37,3198,completed,UPI
ORD_19310,CUST_0702,2026-07-26 12:39:29,999,completed,UPI
ORD_14776,CUST_1808,2026-07-26 13:05:34,1298,completed,UPI
ORD_14363,CUST_1299,2026-07-26 13:24:52,848,completed,UPI
ORD_17504,CUST_0625,2026-07-26 13:43:35,349,completed,UPI
ORD_16052,CUST_1862,2026-07-26 14:29:16,5298,completed,Debit Card
ORD_15147,CUST_0315,2026-07-26 15:27:45,1348,completed,UPI
ORD_14619,CUST_1327,2026-07-26 15:29:30,748,completed,UPI
ORD_14740,CUST_0890,2026-07-26 15:32:27,1298,completed,UPI
ORD_16075,CUST_1022,2026-07-26 16:12:47,4598,completed,UPI
ORD_18472,CUST_0441,2026-07-26 16:19:43,1899,completed,UPI
ORD_17472,CUST_0487,2026-07-26 16:51:12,999,completed,UPI
ORD_15245,CUST_0593,2026-07-26 17:17:19,1148,completed,UPI
ORD_19455,CUST_0465,2026-07-26 17:37:28,3999,completed,Credit Card
ORD_12735,CUST_1121,2026-07-26 18:00:00,6999,completed,UPI
ORD_12907,CUST_1293,2026-07-26 18:00:00,2499,completed,UPI
ORD_13380,CUST_1766,2026-07-26 18:00:00,5499,completed,UPI
ORD_13407,CUST_1793,2026-07-26 18:00:00,1899,completed,COD
ORD_13473,CUST_1859,2026-07-26 18:00:00,899,completed,COD
ORD_15171,CUST_1315,2026-07-26 18:17:48,1498,completed,UPI
ORD_11935,CUST_0321,2026-07-26 19:00:00,3299,completed,UPI
ORD_12133,CUST_0519,2026-07-26 19:00:00,2499,completed,UPI
ORD_12439,CUST_0825,2026-07-26 19:00:00,1899,completed,UPI
ORD_13056,CUST_1442,2026-07-26 19:00:00,3299,completed,UPI
ORD_17482,CUST_0957,2026-07-26 19:12:26,6999,completed,UPI
ORD_19066,CUST_1475,2026-07-26 19:12:40,1499,completed,Credit Card
ORD_12603,CUST_0989,2026-07-26 20:00:00,899,completed,UPI
ORD_12925,CUST_1311,2026-07-26 20:00:00,1899,completed,UPI
ORD_13171,CUST_1557,2026-07-26 20:00:00,5499,completed,UPI
ORD_13345,CUST_1731,2026-07-26 20:00:00,1899,completed,Credit Card
ORD_16880,CUST_1731,2026-07-26 20:16:11,5499,completed,UPI
ORD_12032,CUST_0418,2026-07-26 21:00:00,2199,completed,UPI
ORD_12368,CUST_0754,2026-07-26 21:00:00,799,completed,UPI
ORD_12724,CUST_1110,2026-07-26 21:00:00,1299,completed,UPI
ORD_17092,CUST_0331,2026-07-26 21:10:07,4999,completed,Debit Card
ORD_17586,CUST_1996,2026-07-26 21:31:27,499,completed,UPI
ORD_12695,CUST_1081,2026-07-26 22:00:00,1899,completed,UPI
ORD_12842,CUST_1228,2026-07-26 22:00:00,999,completed,Credit Card
ORD_17369,CUST_0429,2026-07-26 22:24:00,2499,completed,COD
ORD_19910,CUST_0709,2026-07-26 22:59:04,4299,completed,UPI
ORD_13359,CUST_1745,2026-07-26 23:00:00,899,completed,COD
ORD_14825,CUST_1738,2026-07-26 23:03:43,1148,completed,Credit Card
ORD_15558,CUST_0418,2026-07-26 23:40:53,748,completed,COD
ORD_12582,CUST_0968,2026-07-27 00:00:00,999,completed,Credit Card
ORD_12856,CUST_1242,2026-07-27 00:00:00,3999,completed,UPI
ORD_18010,CUST_1911,2026-07-27 00:26:36,2199,completed,Credit Card
ORD_12033,CUST_0419,2026-07-27 01:00:00,3299,completed,UPI
ORD_12651,CUST_1037,2026-07-27 01:00:00,3299,completed,UPI
ORD_13341,CUST_1727,2026-07-27 01:00:00,3999,completed,COD
ORD_13389,CUST_1775,2026-07-27 01:00:00,1299,completed,UPI
ORD_19934,CUST_1180,2026-07-27 01:50:16,2199,completed,Credit Card
ORD_12298,CUST_0684,2026-07-27 02:00:00,699,completed,Debit Card
ORD_13327,CUST_1713,2026-07-27 02:00:00,699,completed,UPI
ORD_16968,CUST_1972,2026-07-27 02:57:20,899,completed,Debit Card
ORD_12242,CUST_0628,2026-07-27 03:00:00,999,completed,UPI
ORD_12482,CUST_0868,2026-07-27 03:00:00,1899,completed,Debit Card
ORD_16931,CUST_1304,2026-07-27 03:02:33,4299,completed,Debit Card
ORD_14641,CUST_1794,2026-07-27 03:13:01,798,completed,Debit Card
ORD_14917,CUST_0923,2026-07-27 03:26:06,998,completed,Debit Card
ORD_18892,CUST_1940,2026-07-27 03:28:59,699,completed,Debit Card
ORD_12771,CUST_1157,2026-07-27 04:00:00,3999,completed,UPI
ORD_13288,CUST_1674,2026-07-27 04:00:00,3999,completed,Debit Card
ORD_13385,CUST_1771,2026-07-27 04:00:00,4999,completed,Credit Card
ORD_13397,CUST_1783,2026-07-27 04:00:00,1899,completed,UPI
ORD_16158,CUST_1158,2026-07-27 04:42:03,6198,completed,UPI
ORD_18842,CUST_0687,2026-07-27 04:54:47,1999,refunded,COD
ORD_12326,CUST_0712,2026-07-27 05:00:00,1299,completed,COD
ORD_13319,CUST_1705,2026-07-27 05:00:00,2499,completed,UPI
ORD_13334,CUST_1720,2026-07-27 05:00:00,2799,completed,Credit Card
ORD_19046,CUST_1085,2026-07-27 05:05:10,2499,completed,UPI
ORD_12510,CUST_0896,2026-07-27 06:00:00,1299,completed,Credit Card
ORD_13607,CUST_1993,2026-07-27 06:00:00,1299,completed,UPI
ORD_19619,CUST_0918,2026-07-27 06:11:05,2499,completed,COD
ORD_19854,CUST_1772,2026-07-27 06:32:48,1999,completed,UPI
ORD_17906,CUST_1150,2026-07-27 08:35:38,4299,completed,UPI
ORD_17389,CUST_1288,2026-07-27 11:07:42,5499,completed,COD
ORD_19440,CUST_1108,2026-07-27 11:13:11,2499,completed,Debit Card
ORD_17135,CUST_0962,2026-07-27 11:19:13,599,completed,UPI
ORD_15597,CUST_1494,2026-07-27 11:47:59,1298,completed,Credit Card
ORD_16030,CUST_1631,2026-07-27 11:55:50,2798,completed,UPI
ORD_18965,CUST_0291,2026-07-27 13:04:07,3299,completed,UPI
ORD_19132,CUST_0878,2026-07-27 13:11:39,799,completed,COD
ORD_16249,CUST_0636,2026-07-27 14:25:59,3698,completed,COD
ORD_14972,CUST_0635,2026-07-27 14:42:02,848,completed,Debit Card
ORD_15342,CUST_0851,2026-07-27 16:02:55,1148,completed,UPI
ORD_16400,CUST_1039,2026-07-27 16:14:37,7998,completed,UPI
ORD_16397,CUST_0663,2026-07-27 16:56:25,2698,completed,UPI
ORD_19555,CUST_1302,2026-07-27 17:38:22,799,completed,UPI
ORD_12754,CUST_1140,2026-07-27 18:00:00,1899,completed,UPI
ORD_19759,CUST_1289,2026-07-27 18:25:38,3999,failed,Debit Card
ORD_12945,CUST_1331,2026-07-27 19:00:00,3299,completed,UPI
ORD_13152,CUST_1538,2026-07-27 19:00:00,1299,completed,UPI
ORD_12151,CUST_0537,2026-07-27 20:00:00,1499,completed,UPI
ORD_12691,CUST_1077,2026-07-27 20:00:00,799,completed,UPI
ORD_13014,CUST_1400,2026-07-27 20:00:00,6999,completed,Credit Card
ORD_13587,CUST_1973,2026-07-27 20:00:00,899,completed,UPI
ORD_12085,CUST_0471,2026-07-27 21:00:00,6999,completed,UPI
ORD_12972,CUST_1358,2026-07-27 21:00:00,899,completed,UPI
ORD_13090,CUST_1476,2026-07-27 21:00:00,4999,completed,UPI
ORD_13411,CUST_1797,2026-07-27 21:00:00,999,completed,UPI
ORD_16590,CUST_0856,2026-07-27 21:44:32,349,completed,Debit Card
ORD_12110,CUST_0496,2026-07-27 22:00:00,2199,completed,Debit Card
ORD_12320,CUST_0706,2026-07-27 22:00:00,1299,completed,Debit Card
ORD_12959,CUST_1345,2026-07-27 22:00:00,899,completed,Debit Card
ORD_13221,CUST_1607,2026-07-27 22:00:00,799,completed,COD
ORD_14683,CUST_1367,2026-07-27 22:48:22,1098,completed,Credit Card
ORD_11972,CUST_0358,2026-07-27 23:00:00,799,completed,COD
ORD_12786,CUST_1172,2026-07-28 00:00:00,5499,completed,Debit Card
ORD_12903,CUST_1289,2026-07-28 00:00:00,1299,completed,Debit Card
ORD_13340,CUST_1726,2026-07-28 00:00:00,5499,completed,Debit Card
ORD_14459,CUST_1083,2026-07-28 00:17:13,1298,completed,Debit Card
ORD_14161,CUST_1458,2026-07-28 00:56:19,1398,completed,UPI
ORD_19489,CUST_1116,2026-07-28 01:21:32,1299,completed,Credit Card
ORD_14756,CUST_1312,2026-07-28 01:31:54,1498,completed,COD
ORD_14869,CUST_1864,2026-07-28 01:35:42,1198,completed,UPI
ORD_18752,CUST_0473,2026-07-28 01:59:27,2199,completed,Debit Card
ORD_12000,CUST_0386,2026-07-28 02:00:00,1299,completed,UPI
ORD_12317,CUST_0703,2026-07-28 02:00:00,3299,completed,UPI
ORD_13256,CUST_1642,2026-07-28 02:00:00,2799,completed,Debit Card
ORD_11937,CUST_0323,2026-07-28 03:00:00,3999,completed,UPI
ORD_12342,CUST_0728,2026-07-28 03:00:00,3999,completed,UPI
ORD_14130,CUST_1431,2026-07-28 03:30:14,1298,completed,UPI
ORD_12112,CUST_0498,2026-07-28 04:00:00,999,completed,UPI
ORD_13102,CUST_1488,2026-07-28 04:00:00,3299,completed,UPI
ORD_13243,CUST_1629,2026-07-28 04:00:00,799,completed,UPI
ORD_13564,CUST_1950,2026-07-28 04:00:00,1899,completed,UPI
ORD_19285,CUST_0820,2026-07-28 04:00:55,1899,completed,UPI
ORD_16856,CUST_1710,2026-07-28 04:54:14,1999,completed,Credit Card
ORD_12131,CUST_0517,2026-07-28 05:00:00,3999,completed,UPI
ORD_12762,CUST_1148,2026-07-28 05:00:00,3999,completed,UPI
ORD_18589,CUST_1524,2026-07-28 05:07:24,899,completed,COD
ORD_15557,CUST_1551,2026-07-28 05:29:44,848,completed,Debit Card
ORD_16227,CUST_1116,2026-07-28 05:38:33,3598,completed,UPI
ORD_12302,CUST_0688,2026-07-28 06:00:00,3999,completed,Credit Card
ORD_12658,CUST_1044,2026-07-28 06:00:00,699,completed,UPI
ORD_13202,CUST_1588,2026-07-28 06:00:00,3999,completed,COD
ORD_14867,CUST_0485,2026-07-28 06:14:36,898,completed,Debit Card
ORD_15614,CUST_1868,2026-07-28 07:17:41,1698,completed,Debit Card
ORD_15316,CUST_1174,2026-07-28 08:35:08,848,completed,Credit Card
ORD_14381,CUST_0977,2026-07-28 09:27:54,1498,completed,COD
ORD_17561,CUST_0443,2026-07-28 09:44:50,3499,completed,UPI
ORD_14079,CUST_1630,2026-07-28 09:53:43,798,completed,UPI
ORD_18239,CUST_0280,2026-07-28 10:17:05,2199,completed,Debit Card
ORD_15228,CUST_0922,2026-07-28 12:13:24,1598,completed,Credit Card
ORD_18895,CUST_1472,2026-07-28 12:18:27,999,completed,Debit Card
ORD_18687,CUST_0868,2026-07-28 12:21:26,3299,completed,COD
ORD_17291,CUST_1896,2026-07-28 12:40:58,349,completed,COD
ORD_14937,CUST_1844,2026-07-28 13:21:57,848,completed,Credit Card
ORD_19991,CUST_1127,2026-07-28 14:41:22,2499,completed,UPI
ORD_16836,CUST_0498,2026-07-28 15:14:10,3999,completed,UPI
ORD_15886,CUST_1432,2026-07-28 16:09:55,8298,completed,COD
ORD_19004,CUST_0712,2026-07-28 16:25:30,2799,completed,Debit Card
ORD_19403,CUST_1707,2026-07-28 17:20:26,799,failed,COD
ORD_17476,CUST_1902,2026-07-28 17:32:19,349,completed,Debit Card
ORD_14930,CUST_1579,2026-07-28 17:32:58,1498,completed,COD
ORD_12520,CUST_0906,2026-07-28 18:00:00,699,completed,Credit Card
ORD_11920,CUST_0306,2026-07-28 19:00:00,1299,completed,Credit Card
ORD_12920,CUST_1306,2026-07-28 19:00:00,699,completed,Debit Card
ORD_14331,CUST_0766,2026-07-28 19:08:53,1398,completed,COD
ORD_15444,CUST_0316,2026-07-28 19:24:46,1248,completed,Credit Card
ORD_14024,CUST_1695,2026-07-28 19:30:18,798,completed,UPI
ORD_18787,CUST_0470,2026-07-28 19:31:50,6999,completed,UPI
ORD_14168,CUST_1209,2026-07-28 19:54:01,1198,completed,UPI
ORD_12042,CUST_0428,2026-07-28 21:00:00,1299,completed,UPI
ORD_12707,CUST_1093,2026-07-28 21:00:00,799,completed,UPI
ORD_12738,CUST_1124,2026-07-28 21:00:00,1499,completed,Credit Card
ORD_12895,CUST_1281,2026-07-28 21:00:00,3999,completed,UPI
ORD_13104,CUST_1490,2026-07-28 21:00:00,3299,completed,UPI
ORD_13175,CUST_1561,2026-07-28 21:00:00,1299,completed,Debit Card
ORD_13420,CUST_1806,2026-07-28 21:00:00,3299,completed,UPI
ORD_18958,CUST_1656,2026-07-28 21:12:41,5499,completed,UPI
ORD_16765,CUST_1559,2026-07-28 21:18:03,2499,completed,UPI
ORD_16533,CUST_1722,2026-07-28 21:29:50,899,completed,Debit Card
ORD_15480,CUST_0990,2026-07-28 21:36:56,1298,completed,UPI
ORD_12275,CUST_0661,2026-07-28 22:00:00,5499,completed,Debit Card
ORD_12590,CUST_0976,2026-07-28 22:00:00,2199,completed,Debit Card
ORD_13234,CUST_1620,2026-07-28 22:00:00,5499,completed,Credit Card
ORD_13526,CUST_1912,2026-07-28 22:00:00,4999,completed,Credit Card
ORD_16529,CUST_0429,2026-07-28 22:20:06,2499,completed,UPI
ORD_11956,CUST_0342,2026-07-28 23:00:00,1299,completed,UPI
ORD_13386,CUST_1772,2026-07-28 23:00:00,2799,completed,UPI
ORD_18709,CUST_0304,2026-07-28 23:28:56,1899,completed,COD
ORD_12144,CUST_0530,2026-07-29 01:00:00,799,completed,COD
ORD_13529,CUST_1915,2026-07-29 01:00:00,5499,completed,UPI
ORD_16896,CUST_1833,2026-07-29 01:20:26,699,completed,UPI
ORD_16941,CUST_1112,2026-07-29 02:40:00,499,completed,Debit Card
ORD_11883,CUST_0269,2026-07-29 03:00:00,5499,completed,Credit Card
ORD_13336,CUST_1722,2026-07-29 04:00:00,5499,completed,UPI
ORD_13452,CUST_1838,2026-07-29 04:00:00,699,completed,Debit Card
ORD_14676,CUST_1349,2026-07-29 04:27:06,1398,completed,Debit Card
ORD_15689,CUST_1714,2026-07-29 04:27:12,5498,completed,Debit Card
ORD_15062,CUST_0283,2026-07-29 04:28:15,748,completed,UPI
ORD_11934,CUST_0320,2026-07-29 05:00:00,6999,completed,Debit Card
ORD_12665,CUST_1051,2026-07-29 05:00:00,4999,completed,UPI
ORD_12938,CUST_1324,2026-07-29 05:00:00,3999,completed,COD
ORD_13612,CUST_1998,2026-07-29 06:00:00,799,completed,Credit Card
ORD_19248,CUST_0737,2026-07-29 08:35:24,5499,completed,Debit Card
ORD_19624,CUST_0863,2026-07-29 09:33:00,299,completed,COD
ORD_17155,CUST_1900,2026-07-29 11:36:16,3299,completed,COD
ORD_19783,CUST_1870,2026-07-29 14:19:12,499,completed,UPI
ORD_19218,CUST_1417,2026-07-29 16:16:33,799,completed,UPI
ORD_15049,CUST_0746,2026-07-29 16:27:21,1048,completed,Debit Card
ORD_12267,CUST_0653,2026-07-29 18:00:00,699,completed,COD
ORD_12458,CUST_0844,2026-07-29 18:00:00,1899,completed,Credit Card
ORD_12618,CUST_1004,2026-07-29 18:00:00,3299,completed,Credit Card
ORD_12044,CUST_0430,2026-07-29 19:00:00,999,completed,COD
ORD_12077,CUST_0463,2026-07-29 19:00:00,4999,completed,UPI
ORD_12543,CUST_0929,2026-07-29 19:00:00,1499,completed,COD
ORD_12837,CUST_1223,2026-07-29 19:00:00,1499,completed,UPI
ORD_13311,CUST_1697,2026-07-29 19:00:00,3999,completed,Credit Card
ORD_13388,CUST_1774,2026-07-29 19:00:00,2199,completed,COD
ORD_13466,CUST_1852,2026-07-29 19:00:00,3999,completed,Credit Card
ORD_13517,CUST_1903,2026-07-29 19:00:00,899,completed,UPI
ORD_13518,CUST_1904,2026-07-29 19:00:00,1899,completed,UPI
ORD_19530,CUST_0476,2026-07-29 19:25:36,2499,completed,UPI
ORD_17349,CUST_1371,2026-07-29 19:54:58,1999,completed,Credit Card
ORD_11924,CUST_0310,2026-07-29 20:00:00,5499,completed,Debit Card
ORD_12377,CUST_0763,2026-07-29 20:00:00,4999,completed,UPI
ORD_16712,CUST_1920,2026-07-29 20:14:45,3999,completed,Credit Card
ORD_19408,CUST_1618,2026-07-29 20:24:08,699,completed,UPI
ORD_12709,CUST_1095,2026-07-29 21:00:00,899,completed,Credit Card
ORD_12870,CUST_1256,2026-07-29 21:00:00,3999,completed,COD
ORD_17749,CUST_0513,2026-07-29 21:07:20,499,completed,COD
ORD_18359,CUST_1187,2026-07-29 22:28:22,699,completed,COD
ORD_12850,CUST_1236,2026-07-29 23:00:00,1499,completed,Debit Card
ORD_13305,CUST_1691,2026-07-29 23:00:00,2499,completed,Debit Card
ORD_16395,CUST_1036,2026-07-29 23:08:03,6198,completed,UPI
ORD_18199,CUST_1438,2026-07-29 23:16:32,6999,completed,Debit Card
ORD_18232,CUST_1692,2026-07-29 23:16:46,999,completed,Credit Card
ORD_16351,CUST_0600,2026-07-29 23:44:51,4598,completed,Debit Card
ORD_12451,CUST_0837,2026-07-30 00:00:00,5499,completed,UPI
ORD_12749,CUST_1135,2026-07-30 00:00:00,2499,completed,Credit Card
ORD_14789,CUST_0555,2026-07-30 00:15:58,1248,completed,UPI
ORD_19209,CUST_0936,2026-07-30 00:19:53,1999,completed,UPI
ORD_19486,CUST_1413,2026-07-30 00:27:24,2199,completed,COD
ORD_16597,CUST_1330,2026-07-30 00:45:35,1899,completed,COD
ORD_12685,CUST_1071,2026-07-30 01:00:00,3299,completed,Debit Card
ORD_12400,CUST_0786,2026-07-30 02:00:00,6999,completed,UPI
ORD_12438,CUST_0824,2026-07-30 02:00:00,3999,completed,UPI
ORD_12969,CUST_1355,2026-07-30 02:00:00,699,completed,Credit Card
ORD_13018,CUST_1404,2026-07-30 02:00:00,799,completed,UPI
ORD_12063,CUST_0449,2026-07-30 03:00:00,699,completed,Credit Card
ORD_12189,CUST_0575,2026-07-30 03:00:00,3999,completed,UPI
ORD_13052,CUST_1438,2026-07-30 03:00:00,799,completed,Debit Card
ORD_13109,CUST_1495,2026-07-30 03:00:00,2799,completed,UPI
ORD_15143,CUST_1294,2026-07-30 03:31:07,1248,completed,UPI
ORD_11962,CUST_0348,2026-07-30 04:00:00,5499,completed,UPI
ORD_17285,CUST_1968,2026-07-30 04:14:53,799,completed,Credit Card
ORD_17068,CUST_0836,2026-07-30 04:25:07,1899,completed,COD
ORD_12265,CUST_0651,2026-07-30 05:00:00,1899,completed,Debit Card
ORD_14445,CUST_1368,2026-07-30 05:10:34,798,completed,UPI
ORD_17450,CUST_0744,2026-07-30 05:36:21,249,completed,COD
ORD_14878,CUST_1492,2026-07-30 05:58:00,998,completed,Credit Card
ORD_12459,CUST_0845,2026-07-30 06:00:00,699,completed,COD
ORD_12524,CUST_0910,2026-07-30 06:00:00,999,completed,COD
ORD_12617,CUST_1003,2026-07-30 06:00:00,1499,completed,UPI
ORD_15065,CUST_1472,2026-07-30 06:05:21,1498,completed,COD
ORD_16386,CUST_1108,2026-07-30 06:36:41,5298,completed,COD
ORD_16317,CUST_0873,2026-07-30 07:29:17,10298,completed,UPI
ORD_18896,CUST_1670,2026-07-30 07:30:59,249,completed,UPI
ORD_17742,CUST_1647,2026-07-30 08:57:47,699,completed,Credit Card
ORD_17932,CUST_0685,2026-07-30 10:09:24,1899,completed,COD
ORD_17263,CUST_1824,2026-07-30 12:01:18,3999,completed,COD
ORD_19123,CUST_0479,2026-07-30 12:41:59,3299,completed,UPI
ORD_18990,CUST_0635,2026-07-30 12:47:39,799,completed,COD
ORD_19855,CUST_0448,2026-07-30 13:49:19,899,completed,COD
ORD_16965,CUST_1503,2026-07-30 14:15:55,1899,completed,Credit Card
ORD_16009,CUST_0368,2026-07-30 14:24:11,2798,completed,Credit Card
ORD_18019,CUST_1884,2026-07-30 15:22:32,599,completed,UPI
ORD_16036,CUST_1725,2026-07-30 16:06:00,3198,completed,UPI
ORD_17454,CUST_1890,2026-07-30 16:34:23,1299,completed,UPI
ORD_19681,CUST_1996,2026-07-30 17:22:10,6999,completed,UPI
ORD_19614,CUST_1860,2026-07-30 17:38:47,899,completed,UPI
ORD_15077,CUST_1025,2026-07-30 17:54:36,1048,completed,Debit Card
ORD_12826,CUST_1212,2026-07-30 18:00:00,3299,completed,UPI
ORD_12900,CUST_1286,2026-07-30 18:00:00,1299,completed,UPI
ORD_12946,CUST_1332,2026-07-30 18:00:00,999,completed,UPI
ORD_15587,CUST_1879,2026-07-30 18:48:28,1348,completed,COD
ORD_11885,CUST_0271,2026-07-30 19:00:00,1899,completed,UPI
ORD_13066,CUST_1452,2026-07-30 19:00:00,6999,completed,Debit Card
ORD_11921,CUST_0307,2026-07-30 21:00:00,5499,completed,UPI
ORD_12266,CUST_0652,2026-07-30 21:00:00,1499,completed,UPI
ORD_13421,CUST_1807,2026-07-30 21:00:00,3999,completed,UPI
ORD_19907,CUST_1399,2026-07-30 21:24:34,799,failed,Debit Card
ORD_12202,CUST_0588,2026-07-30 22:00:00,1899,completed,UPI
ORD_12480,CUST_0866,2026-07-30 22:00:00,2799,completed,UPI
ORD_14046,CUST_1339,2026-07-30 22:13:21,1148,completed,UPI
ORD_16544,CUST_1822,2026-07-30 22:13:35,899,completed,UPI
ORD_16720,CUST_1194,2026-07-30 22:19:49,349,completed,COD
ORD_12074,CUST_0460,2026-07-30 23:00:00,6999,completed,UPI
ORD_12092,CUST_0478,2026-07-30 23:00:00,999,completed,UPI
ORD_11893,CUST_0279,2026-07-31 00:00:00,3299,completed,Credit Card
ORD_12373,CUST_0759,2026-07-31 00:00:00,3999,completed,UPI
ORD_13083,CUST_1469,2026-07-31 00:00:00,1299,completed,UPI
ORD_15256,CUST_1817,2026-07-31 00:44:27,1298,completed,UPI
ORD_12684,CUST_1070,2026-07-31 01:00:00,3299,completed,COD
ORD_12047,CUST_0433,2026-07-31 02:00:00,1299,completed,UPI
ORD_13128,CUST_1514,2026-07-31 02:00:00,3999,completed,Debit Card
ORD_13541,CUST_1927,2026-07-31 02:00:00,1299,completed,UPI
ORD_17303,CUST_1031,2026-07-31 02:28:17,1899,completed,Credit Card
ORD_18867,CUST_1704,2026-07-31 02:37:58,4999,completed,UPI
ORD_11949,CUST_0335,2026-07-31 03:00:00,899,completed,Debit Card
ORD_12416,CUST_0802,2026-07-31 03:00:00,3999,completed,Debit Card
ORD_12478,CUST_0864,2026-07-31 03:00:00,3999,completed,COD
ORD_12661,CUST_1047,2026-07-31 03:00:00,899,completed,UPI
ORD_17195,CUST_0444,2026-07-31 03:03:42,2799,completed,COD
ORD_14920,CUST_1028,2026-07-31 03:30:59,1598,completed,Debit Card
ORD_11925,CUST_0311,2026-07-31 04:00:00,3999,completed,Credit Card
ORD_12123,CUST_0509,2026-07-31 04:00:00,3999,completed,Credit Card
ORD_12752,CUST_1138,2026-07-31 04:00:00,5499,completed,UPI
ORD_13266,CUST_1652,2026-07-31 04:00:00,1499,completed,COD
ORD_13408,CUST_1794,2026-07-31 04:00:00,1899,completed,Credit Card
ORD_18923,CUST_0966,2026-07-31 04:17:55,3999,completed,UPI
ORD_11948,CUST_0334,2026-07-31 05:00:00,2499,completed,UPI
ORD_12652,CUST_1038,2026-07-31 05:00:00,5499,completed,Debit Card
ORD_16473,CUST_1733,2026-07-31 05:09:33,4398,completed,UPI
ORD_12472,CUST_0858,2026-07-31 06:00:00,1899,completed,Debit Card
ORD_12984,CUST_1370,2026-07-31 06:00:00,3999,completed,UPI
ORD_19451,CUST_0864,2026-07-31 06:50:27,3299,completed,Debit Card
ORD_17194,CUST_1662,2026-07-31 07:00:54,4299,completed,UPI
ORD_17207,CUST_0493,2026-07-31 07:41:06,799,completed,Debit Card
ORD_19670,CUST_0803,2026-07-31 08:06:15,3299,completed,Credit Card
ORD_18993,CUST_1737,2026-07-31 08:31:21,2499,completed,Credit Card
ORD_14280,CUST_1425,2026-07-31 09:48:33,1348,completed,Credit Card
ORD_19629,CUST_1142,2026-07-31 10:16:24,899,completed,COD
ORD_16630,CUST_1728,2026-07-31 10:32:12,349,completed,Credit Card
ORD_17492,CUST_1271,2026-07-31 11:11:33,2199,completed,Credit Card
ORD_17782,CUST_0702,2026-07-31 13:37:08,1899,completed,Debit Card
ORD_19522,CUST_0575,2026-07-31 16:06:30,499,completed,COD
ORD_18384,CUST_1138,2026-07-31 16:13:30,699,completed,UPI
ORD_19303,CUST_0270,2026-07-31 16:26:36,3299,completed,UPI
ORD_14890,CUST_1901,2026-07-31 17:17:24,1298,completed,Credit Card
ORD_19480,CUST_0859,2026-07-31 17:21:22,5499,completed,Credit Card
ORD_14558,CUST_1137,2026-07-31 17:41:28,1298,completed,UPI
ORD_13364,CUST_1750,2026-07-31 18:00:00,2199,completed,Debit Card
ORD_13376,CUST_1762,2026-07-31 18:00:00,2199,completed,COD
ORD_13549,CUST_1935,2026-07-31 18:00:00,2799,completed,UPI
ORD_15708,CUST_1478,2026-07-31 18:08:07,3198,completed,Credit Card
ORD_12166,CUST_0552,2026-07-31 19:00:00,6999,completed,UPI
ORD_13189,CUST_1575,2026-07-31 19:00:00,899,completed,Debit Card
ORD_15105,CUST_0425,2026-07-31 19:51:13,1098,completed,UPI
ORD_17176,CUST_0875,2026-07-31 19:53:58,2499,completed,Debit Card
ORD_12084,CUST_0470,2026-07-31 20:00:00,4999,completed,Debit Card
ORD_13494,CUST_1880,2026-07-31 20:00:00,1899,completed,UPI
ORD_16911,CUST_0367,2026-07-31 20:09:08,349,completed,Debit Card
ORD_18290,CUST_0522,2026-07-31 20:23:14,1299,completed,UPI
ORD_19289,CUST_1176,2026-07-31 20:32:46,3299,completed,Credit Card
ORD_17652,CUST_1850,2026-07-31 20:50:18,599,completed,Debit Card
ORD_12206,CUST_0592,2026-07-31 21:00:00,2499,completed,Credit Card
ORD_12475,CUST_0861,2026-07-31 21:00:00,6999,completed,UPI
ORD_13395,CUST_1781,2026-07-31 21:00:00,2199,completed,UPI
ORD_12706,CUST_1092,2026-07-31 22:00:00,4999,completed,UPI
ORD_12781,CUST_1167,2026-07-31 22:00:00,3999,completed,COD
ORD_13021,CUST_1407,2026-07-31 22:00:00,699,completed,UPI
ORD_13197,CUST_1583,2026-07-31 22:00:00,799,completed,Debit Card
ORD_16846,CUST_1149,2026-07-31 22:29:22,799,completed,Credit Card
ORD_17465,CUST_1790,2026-07-31 22:36:23,1999,completed,COD
ORD_12019,CUST_0405,2026-07-31 23:00:00,2799,completed,COD
ORD_12443,CUST_0829,2026-07-31 23:00:00,2799,completed,UPI
ORD_13324,CUST_1710,2026-07-31 23:00:00,3299,completed,Debit Card
ORD_12336,CUST_0722,2026-08-01 00:00:00,3299,completed,UPI
ORD_19169,CUST_1318,2026-08-01 00:04:22,2499,completed,UPI
ORD_18370,CUST_0524,2026-08-01 00:33:13,699,completed,Credit Card
ORD_15999,CUST_1090,2026-08-01 00:53:59,3298,completed,UPI
ORD_12118,CUST_0504,2026-08-01 01:00:00,2799,completed,COD
ORD_12340,CUST_0726,2026-08-01 01:00:00,1899,completed,UPI
ORD_12580,CUST_0966,2026-08-01 01:00:00,699,completed,UPI
ORD_12810,CUST_1196,2026-08-01 01:00:00,1899,completed,UPI
ORD_13485,CUST_1871,2026-08-01 01:00:00,6999,completed,COD
ORD_15462,CUST_0406,2026-08-01 01:42:55,1148,completed,Debit Card
ORD_12163,CUST_0549,2026-08-01 02:00:00,999,completed,COD
ORD_12205,CUST_0591,2026-08-01 02:00:00,4999,completed,UPI
ORD_17459,CUST_1238,2026-08-01 02:12:42,349,completed,COD
ORD_14797,CUST_1712,2026-08-01 02:25:05,1198,completed,COD
ORD_13316,CUST_1702,2026-08-01 03:00:00,3299,completed,UPI
ORD_14533,CUST_0479,2026-08-01 03:15:49,1098,completed,Debit Card
ORD_19275,CUST_1988,2026-08-01 03:23:11,899,completed,Credit Card
ORD_12778,CUST_1164,2026-08-01 04:00:00,899,completed,COD
ORD_12798,CUST_1184,2026-08-01 04:00:00,799,completed,UPI
ORD_12827,CUST_1213,2026-08-01 04:00:00,3999,completed,UPI
ORD_12841,CUST_1227,2026-08-01 04:00:00,899,completed,COD
ORD_16923,CUST_0757,2026-08-01 04:55:54,1299,completed,Credit Card
ORD_11946,CUST_0332,2026-08-01 05:00:00,3299,completed,UPI
ORD_13097,CUST_1483,2026-08-01 05:00:00,4999,completed,UPI
ORD_13574,CUST_1960,2026-08-01 05:00:00,2799,completed,UPI
ORD_16878,CUST_1261,2026-08-01 05:41:52,1299,completed,UPI
ORD_17694,CUST_1429,2026-08-01 05:50:25,899,completed,Credit Card
ORD_12048,CUST_0434,2026-08-01 06:00:00,1299,completed,Credit Card
ORD_17661,CUST_1790,2026-08-01 07:05:14,999,completed,Debit Card
ORD_19778,CUST_1111,2026-08-01 08:45:59,2499,completed,UPI
ORD_16115,CUST_1102,2026-08-01 09:14:02,5198,completed,COD
ORD_19092,CUST_1823,2026-08-01 09:54:59,2799,completed,Debit Card
ORD_15564,CUST_1944,2026-08-01 12:29:07,1298,completed,UPI
ORD_16666,CUST_1898,2026-08-01 13:56:58,1499,completed,Credit Card
ORD_16296,CUST_1747,2026-08-01 14:23:32,10298,completed,UPI
ORD_15315,CUST_1656,2026-08-01 14:27:47,1298,completed,UPI
ORD_15750,CUST_0419,2026-08-01 14:36:35,2698,completed,Credit Card
ORD_15109,CUST_0866,2026-08-01 15:05:37,1248,completed,COD
ORD_17761,CUST_0961,2026-08-01 15:06:40,499,completed,UPI
ORD_12165,CUST_0551,2026-08-01 18:00:00,2199,completed,UPI
ORD_12234,CUST_0620,2026-08-01 18:00:00,899,completed,Debit Card
ORD_12262,CUST_0648,2026-08-01 18:00:00,1899,completed,UPI
ORD_12570,CUST_0956,2026-08-01 18:00:00,1299,completed,COD
ORD_13495,CUST_1881,2026-08-01 18:00:00,1899,completed,Debit Card
ORD_12401,CUST_0787,2026-08-01 20:00:00,3299,completed,COD
ORD_13467,CUST_1853,2026-08-01 20:00:00,2499,completed,COD
ORD_18434,CUST_1073,2026-08-01 20:24:33,1999,completed,UPI
ORD_19918,CUST_0283,2026-08-01 20:54:04,899,completed,COD
ORD_12671,CUST_1057,2026-08-01 21:00:00,3999,completed,COD
ORD_13513,CUST_1899,2026-08-01 21:00:00,4999,completed,Credit Card
ORD_18888,CUST_1850,2026-08-01 21:25:09,999,completed,UPI
ORD_19182,CUST_1763,2026-08-01 21:44:30,699,completed,COD
ORD_18129,CUST_1677,2026-08-01 22:10:35,1899,completed,COD
ORD_16542,CUST_1018,2026-08-01 22:29:30,999,completed,UPI
ORD_15436,CUST_1317,2026-08-01 22:44:18,1148,completed,UPI
ORD_15676,CUST_1975,2026-08-01 22:57:06,5198,completed,COD
ORD_12641,CUST_1027,2026-08-01 23:00:00,999,completed,COD
ORD_18131,CUST_0437,2026-08-01 23:12:27,499,completed,Debit Card
ORD_12389,CUST_0775,2026-08-02 00:00:00,1899,completed,UPI
ORD_12476,CUST_0862,2026-08-02 00:00:00,1899,completed,UPI
ORD_12809,CUST_1195,2026-08-02 00:00:00,1899,completed,Debit Card
ORD_13379,CUST_1765,2026-08-02 00:00:00,3999,completed,UPI
ORD_11964,CUST_0350,2026-08-02 01:00:00,3299,completed,UPI
ORD_12465,CUST_0851,2026-08-02 01:00:00,799,completed,UPI
ORD_16998,CUST_1041,2026-08-02 01:17:01,6999,completed,Debit Card
ORD_11993,CUST_0379,2026-08-02 02:00:00,899,completed,Credit Card
ORD_13251,CUST_1637,2026-08-02 02:00:00,4999,completed,UPI
ORD_13446,CUST_1832,2026-08-02 02:00:00,699,completed,UPI
ORD_14617,CUST_1953,2026-08-02 02:22:08,948,completed,COD
ORD_16618,CUST_1974,2026-08-02 02:54:46,799,completed,Debit Card
ORD_13079,CUST_1465,2026-08-02 03:00:00,2799,completed,UPI
ORD_17589,CUST_1809,2026-08-02 03:02:42,3999,completed,UPI
ORD_16679,CUST_0751,2026-08-02 03:59:48,3999,completed,COD
ORD_12419,CUST_0805,2026-08-02 04:00:00,1299,completed,UPI
ORD_12513,CUST_0899,2026-08-02 04:00:00,899,completed,UPI
ORD_12759,CUST_1145,2026-08-02 04:00:00,699,completed,UPI
ORD_13091,CUST_1477,2026-08-02 04:00:00,3299,completed,COD
ORD_11960,CUST_0346,2026-08-02 05:00:00,5499,completed,Credit Card
ORD_12095,CUST_0481,2026-08-02 05:00:00,6999,completed,COD
ORD_12316,CUST_0702,2026-08-02 05:00:00,3999,completed,Debit Card
ORD_13515,CUST_1901,2026-08-02 05:00:00,5499,completed,UPI
ORD_15013,CUST_1812,2026-08-02 05:19:34,1298,completed,UPI
ORD_18600,CUST_0520,2026-08-02 05:42:08,299,completed,Debit Card
ORD_14380,CUST_0556,2026-08-02 05:58:57,848,completed,Debit Card
ORD_12187,CUST_0573,2026-08-02 06:00:00,3999,completed,Debit Card
ORD_12352,CUST_0738,2026-08-02 06:00:00,1899,completed,Credit Card
ORD_14458,CUST_0936,2026-08-02 06:08:05,1298,completed,UPI
ORD_17985,CUST_1164,2026-08-02 06:15:18,1499,completed,Credit Card
ORD_18517,CUST_0967,2026-08-02 07:53:15,3299,completed,UPI
ORD_16754,CUST_1667,2026-08-02 07:53:38,1899,completed,UPI
ORD_14525,CUST_0865,2026-08-02 08:18:46,1148,completed,UPI
ORD_14614,CUST_1319,2026-08-02 08:39:15,1248,completed,Debit Card
ORD_16284,CUST_1322,2026-08-02 08:52:06,3198,completed,UPI
ORD_14211,CUST_0882,2026-08-02 09:55:28,1348,completed,UPI
ORD_16591,CUST_1514,2026-08-02 09:58:15,3499,completed,UPI
ORD_15472,CUST_1512,2026-08-02 10:25:32,1298,completed,UPI
ORD_19375,CUST_1078,2026-08-02 12:36:01,799,completed,UPI
ORD_15274,CUST_0422,2026-08-02 12:54:36,1198,completed,Credit Card
ORD_16860,CUST_1780,2026-08-02 15:09:00,999,completed,COD
ORD_19580,CUST_0565,2026-08-02 16:59:22,1299,refunded,Credit Card
ORD_17485,CUST_0604,2026-08-02 17:04:23,1899,completed,Debit Card
ORD_14094,CUST_0356,2026-08-02 17:06:45,1498,completed,Debit Card
ORD_15769,CUST_1011,2026-08-02 17:07:35,1998,completed,UPI
ORD_14480,CUST_1617,2026-08-02 17:23:23,1148,completed,UPI
ORD_14193,CUST_1222,2026-08-02 17:25:47,848,completed,COD
ORD_16655,CUST_1715,2026-08-02 17:37:27,1299,completed,Debit Card
ORD_11983,CUST_0369,2026-08-02 18:00:00,1499,completed,UPI
ORD_13224,CUST_1610,2026-08-02 18:00:00,2199,completed,Debit Card
ORD_13500,CUST_1886,2026-08-02 18:00:00,1899,completed,COD
ORD_13594,CUST_1980,2026-08-02 18:00:00,699,completed,Debit Card
ORD_17288,CUST_0981,2026-08-02 18:21:14,899,completed,UPI
ORD_16671,CUST_1365,2026-08-02 18:30:45,6999,completed,UPI
ORD_16025,CUST_0565,2026-08-02 18:54:45,4098,completed,UPI
ORD_13071,CUST_1457,2026-08-02 19:00:00,999,completed,UPI
ORD_13112,CUST_1498,2026-08-02 19:00:00,3299,completed,UPI
ORD_12051,CUST_0437,2026-08-02 20:00:00,699,completed,UPI
ORD_12148,CUST_0534,2026-08-02 20:00:00,6999,completed,UPI
ORD_12306,CUST_0692,2026-08-02 21:00:00,999,completed,Credit Card
ORD_12610,CUST_0996,2026-08-02 21:00:00,4999,completed,Credit Card
ORD_13366,CUST_1752,2026-08-02 21:00:00,3299,completed,UPI
ORD_13585,CUST_1971,2026-08-02 21:00:00,1299,completed,Credit Card
ORD_16238,CUST_1118,2026-08-02 21:02:01,1598,completed,UPI
ORD_15538,CUST_1251,2026-08-02 21:58:04,1048,completed,Debit Card
ORD_12645,CUST_1031,2026-08-02 22:00:00,799,completed,UPI
ORD_12823,CUST_1209,2026-08-02 22:00:00,4999,completed,UPI
ORD_16847,CUST_1758,2026-08-02 22:08:19,1899,completed,UPI
ORD_18202,CUST_1262,2026-08-02 22:50:05,1299,completed,UPI
ORD_13133,CUST_1519,2026-08-02 23:00:00,1299,completed,UPI
ORD_12141,CUST_0527,2026-08-03 00:00:00,2199,completed,COD
ORD_12710,CUST_1096,2026-08-03 00:00:00,1899,completed,UPI
ORD_12847,CUST_1233,2026-08-03 00:00:00,799,completed,UPI
ORD_16329,CUST_1949,2026-08-03 00:36:16,4598,completed,COD
ORD_17717,CUST_1587,2026-08-03 00:39:37,5499,completed,Debit Card
ORD_12197,CUST_0583,2026-08-03 01:00:00,999,completed,UPI
ORD_19049,CUST_1452,2026-08-03 01:58:58,699,completed,COD
ORD_12231,CUST_0617,2026-08-03 02:00:00,3999,completed,UPI
ORD_13331,CUST_1717,2026-08-03 02:00:00,699,completed,UPI
ORD_15990,CUST_0268,2026-08-03 02:08:53,3498,completed,Credit Card
ORD_12454,CUST_0840,2026-08-03 04:00:00,3999,completed,COD
ORD_13082,CUST_1468,2026-08-03 04:00:00,3299,completed,UPI
ORD_19233,CUST_0867,2026-08-03 04:28:46,6999,completed,Credit Card
ORD_16595,CUST_1503,2026-08-03 04:34:14,799,completed,COD
ORD_17898,CUST_1927,2026-08-03 04:48:23,3499,completed,Credit Card
ORD_12642,CUST_1028,2026-08-03 06:00:00,1299,completed,COD
ORD_13600,CUST_1986,2026-08-03 06:00:00,899,completed,UPI
ORD_19096,CUST_0679,2026-08-03 06:11:17,1899,completed,UPI
ORD_17702,CUST_1731,2026-08-03 07:38:59,299,completed,COD
ORD_17060,CUST_0727,2026-08-03 08:17:52,1299,completed,COD
ORD_16162,CUST_0840,2026-08-03 08:43:40,5298,completed,Debit Card
ORD_17456,CUST_0687,2026-08-03 09:05:11,799,completed,UPI
ORD_18159,CUST_1352,2026-08-03 12:24:53,999,completed,UPI
ORD_15744,CUST_0542,2026-08-03 13:36:14,5898,completed,COD
ORD_17502,CUST_0311,2026-08-03 13:37:08,1499,completed,COD
ORD_15682,CUST_1234,2026-08-03 13:54:31,4998,completed,UPI
ORD_17181,CUST_1707,2026-08-03 14:11:13,249,completed,UPI
ORD_18176,CUST_1748,2026-08-03 14:42:20,1299,completed,UPI
ORD_15544,CUST_1328,2026-08-03 14:46:03,1298,completed,UPI
ORD_19695,CUST_1767,2026-08-03 15:07:04,1899,completed,Credit Card
ORD_14832,CUST_1697,2026-08-03 15:50:40,1098,completed,UPI
ORD_15012,CUST_1689,2026-08-03 16:45:30,1048,completed,UPI
ORD_16409,CUST_0808,2026-08-03 17:38:18,4998,completed,Debit Card
ORD_13163,CUST_1549,2026-08-03 18:00:00,2799,completed,UPI
ORD_13174,CUST_1560,2026-08-03 18:00:00,6999,completed,UPI
ORD_13445,CUST_1831,2026-08-03 18:00:00,2499,completed,Debit Card
ORD_15996,CUST_1974,2026-08-03 18:19:18,1698,completed,COD
ORD_15872,CUST_0320,2026-08-03 18:33:21,10498,completed,Debit Card
ORD_19431,CUST_1927,2026-08-03 18:38:11,3499,completed,COD
ORD_17040,CUST_0430,2026-08-03 18:38:25,899,completed,COD
ORD_12554,CUST_0940,2026-08-03 20:00:00,1299,completed,UPI
ORD_18734,CUST_0713,2026-08-03 20:26:27,4999,completed,Credit Card
ORD_13265,CUST_1651,2026-08-03 21:00:00,1299,completed,Debit Card
ORD_14343,CUST_1719,2026-08-03 21:25:28,948,completed,UPI
ORD_17695,CUST_1546,2026-08-03 21:37:00,299,completed,UPI
ORD_12193,CUST_0579,2026-08-03 22:00:00,3299,completed,Debit Card
ORD_16690,CUST_1058,2026-08-03 22:37:43,3999,completed,Debit Card
ORD_12644,CUST_1030,2026-08-03 23:00:00,2199,completed,UPI
ORD_12848,CUST_1234,2026-08-03 23:00:00,1299,completed,UPI
ORD_18150,CUST_1281,2026-08-03 23:52:29,1999,completed,COD
ORD_18035,CUST_1482,2026-08-03 23:52:42,999,completed,COD
ORD_13479,CUST_1865,2026-08-04 02:00:00,3999,completed,UPI
ORD_17805,CUST_0832,2026-08-04 02:39:12,2499,completed,Credit Card
ORD_13145,CUST_1531,2026-08-04 03:00:00,3999,completed,Credit Card
ORD_15054,CUST_1297,2026-08-04 03:12:31,1248,completed,Debit Card
ORD_14845,CUST_1443,2026-08-04 03:24:58,1098,completed,Credit Card
ORD_14125,CUST_1340,2026-08-04 03:31:01,748,completed,Debit Card
ORD_12059,CUST_0445,2026-08-04 04:00:00,799,completed,UPI
ORD_12565,CUST_0951,2026-08-04 04:00:00,1299,completed,Debit Card
ORD_13499,CUST_1885,2026-08-04 04:00:00,899,completed,COD
ORD_18201,CUST_0389,2026-08-04 04:19:24,1299,completed,UPI
ORD_12653,CUST_1039,2026-08-04 05:00:00,3299,completed,UPI
ORD_12883,CUST_1269,2026-08-04 05:00:00,3299,completed,COD
ORD_12893,CUST_1279,2026-08-04 05:00:00,3999,completed,UPI
ORD_12981,CUST_1367,2026-08-04 05:00:00,1899,completed,UPI
ORD_13022,CUST_1408,2026-08-04 05:00:00,699,completed,UPI
ORD_12349,CUST_0735,2026-08-04 06:00:00,1899,completed,UPI
ORD_12992,CUST_1378,2026-08-04 06:00:00,1299,completed,UPI
ORD_13206,CUST_1592,2026-08-04 06:00:00,1899,completed,Credit Card
ORD_19993,CUST_1768,2026-08-04 06:07:04,899,completed,COD
ORD_14023,CUST_0386,2026-08-04 06:25:44,1248,completed,COD
ORD_15531,CUST_1559,2026-08-04 06:39:45,1198,completed,COD
ORD_18897,CUST_0694,2026-08-04 07:32:00,349,completed,COD
ORD_15496,CUST_0921,2026-08-04 08:19:27,1598,completed,COD
ORD_14924,CUST_0871,2026-08-04 08:36:14,1698,completed,COD
ORD_16183,CUST_0420,2026-08-04 08:58:09,4398,completed,UPI
ORD_17289,CUST_1890,2026-08-04 09:14:29,299,completed,UPI
ORD_19007,CUST_0735,2026-08-04 09:54:09,1499,completed,UPI
ORD_16413,CUST_1207,2026-08-04 10:40:17,8298,completed,UPI
ORD_14642,CUST_0759,2026-08-04 10:55:11,1198,completed,UPI
ORD_16553,CUST_1666,2026-08-04 11:02:41,1499,completed,UPI
ORD_19703,CUST_0663,2026-08-04 11:23:17,1299,completed,Credit Card
ORD_19442,CUST_1324,2026-08-04 11:31:59,249,completed,Credit Card
ORD_16756,CUST_0312,2026-08-04 12:00:25,349,completed,UPI
ORD_16844,CUST_1251,2026-08-04 12:05:36,1299,completed,UPI
ORD_14697,CUST_0807,2026-08-04 12:07:45,1098,completed,UPI
ORD_18521,CUST_0980,2026-08-04 12:48:57,899,completed,UPI
ORD_17638,CUST_0922,2026-08-04 13:45:52,699,completed,Credit Card
ORD_14250,CUST_1285,2026-08-04 13:56:13,748,completed,UPI
ORD_16967,CUST_1868,2026-08-04 14:08:30,2199,completed,Debit Card
ORD_17995,CUST_0964,2026-08-04 14:46:31,699,completed,Credit Card
ORD_18416,CUST_0796,2026-08-04 16:02:09,699,completed,UPI
ORD_17683,CUST_1394,2026-08-04 17:22:54,699,completed,COD
ORD_17122,CUST_0860,2026-08-04 17:58:34,1499,completed,UPI
ORD_12260,CUST_0646,2026-08-04 18:00:00,3299,completed,COD
ORD_12889,CUST_1275,2026-08-04 18:00:00,1899,completed,Credit Card
ORD_12980,CUST_1366,2026-08-04 18:00:00,2199,completed,UPI
ORD_13252,CUST_1638,2026-08-04 18:00:00,4999,completed,Debit Card
ORD_13308,CUST_1694,2026-08-04 18:00:00,799,completed,COD
ORD_18660,CUST_1594,2026-08-04 18:47:06,699,completed,Debit Card
ORD_17711,CUST_1114,2026-08-04 18:58:29,2799,completed,COD
ORD_13522,CUST_1908,2026-08-04 19:00:00,2199,completed,Debit Card
ORD_18811,CUST_0606,2026-08-04 19:09:54,499,completed,UPI
ORD_18667,CUST_0936,2026-08-04 19:19:43,699,completed,COD
ORD_12424,CUST_0810,2026-08-04 20:00:00,4999,completed,UPI
ORD_13390,CUST_1776,2026-08-04 20:00:00,5499,completed,COD
ORD_14892,CUST_0343,2026-08-04 20:36:01,848,completed,COD
ORD_12023,CUST_0409,2026-08-04 21:00:00,699,completed,UPI
ORD_12181,CUST_0567,2026-08-04 21:00:00,3299,completed,UPI
ORD_12227,CUST_0613,2026-08-04 21:00:00,1499,completed,Credit Card
ORD_13264,CUST_1650,2026-08-04 21:00:00,3299,completed,UPI
ORD_14584,CUST_1972,2026-08-04 21:12:00,898,completed,UPI
ORD_12106,CUST_0492,2026-08-04 22:00:00,1899,completed,UPI
ORD_12595,CUST_0981,2026-08-04 22:00:00,1499,completed,UPI
ORD_12985,CUST_1371,2026-08-04 22:00:00,899,completed,UPI
ORD_13314,CUST_1700,2026-08-04 22:00:00,3299,completed,UPI
ORD_18639,CUST_0438,2026-08-04 22:35:53,2199,completed,COD
ORD_17690,CUST_0661,2026-08-04 22:49:14,2499,completed,UPI
ORD_14660,CUST_0976,2026-08-04 22:59:09,798,completed,Credit Card
ORD_13399,CUST_1785,2026-08-04 23:00:00,4999,completed,Credit Card
ORD_15097,CUST_0692,2026-08-04 23:50:56,1248,completed,UPI
ORD_12338,CUST_0724,2026-08-05 00:00:00,799,completed,Credit Card
ORD_12091,CUST_0477,2026-08-05 01:00:00,1299,completed,Debit Card
ORD_12173,CUST_0559,2026-08-05 01:00:00,3999,completed,COD
ORD_14607,CUST_1465,2026-08-05 01:02:57,798,completed,UPI
ORD_17798,CUST_0792,2026-08-05 01:18:30,3999,completed,COD
ORD_19183,CUST_1617,2026-08-05 01:26:45,1999,completed,Credit Card
ORD_17550,CUST_1334,2026-08-05 01:30:46,6999,completed,COD
ORD_12081,CUST_0467,2026-08-05 02:00:00,899,completed,UPI
ORD_13096,CUST_1482,2026-08-05 02:00:00,1499,completed,Debit Card
ORD_18908,CUST_1080,2026-08-05 02:28:45,1899,completed,Credit Card
ORD_14045,CUST_1870,2026-08-05 02:46:45,1698,completed,UPI
ORD_12886,CUST_1272,2026-08-05 03:00:00,999,completed,UPI
ORD_15743,CUST_0442,2026-08-05 03:00:07,4898,completed,UPI
ORD_12337,CUST_0723,2026-08-05 04:00:00,999,completed,UPI
ORD_12380,CUST_0766,2026-08-05 04:00:00,899,completed,COD
ORD_13007,CUST_1393,2026-08-05 04:00:00,1899,completed,UPI
ORD_16377,CUST_1446,2026-08-05 04:16:13,7998,completed,UPI
ORD_15518,CUST_1550,2026-08-05 04:36:52,1298,completed,Credit Card
ORD_12127,CUST_0513,2026-08-05 05:00:00,4999,completed,COD
ORD_12589,CUST_0975,2026-08-05 05:00:00,799,completed,UPI
ORD_12608,CUST_0994,2026-08-05 06:00:00,699,completed,UPI
ORD_13546,CUST_1932,2026-08-05 06:00:00,2799,completed,COD
ORD_17615,CUST_1370,2026-08-05 06:53:31,5499,completed,COD
ORD_17939,CUST_0767,2026-08-05 08:20:17,499,completed,UPI
ORD_18404,CUST_1112,2026-08-05 09:28:56,2199,completed,UPI
ORD_14718,CUST_1862,2026-08-05 10:57:23,1498,completed,Credit Card
ORD_14210,CUST_0773,2026-08-05 11:57:47,1498,completed,UPI
ORD_19325,CUST_0582,2026-08-05 13:28:32,1999,completed,COD
ORD_19898,CUST_0723,2026-08-05 13:30:41,899,completed,COD
ORD_19626,CUST_0299,2026-08-05 13:30:44,699,completed,UPI
ORD_15669,CUST_1142,2026-08-05 13:53:12,998,completed,UPI
ORD_19441,CUST_1626,2026-08-05 14:08:34,1299,completed,Debit Card
ORD_18185,CUST_0282,2026-08-05 14:39:12,1899,completed,UPI
ORD_15555,CUST_1593,2026-08-05 14:56:49,1298,completed,UPI
ORD_19699,CUST_1303,2026-08-05 15:56:35,4999,completed,Debit Card
ORD_16572,CUST_0282,2026-08-05 16:36:07,899,completed,UPI
ORD_15862,CUST_0851,2026-08-05 17:56:37,2898,completed,UPI
ORD_12068,CUST_0454,2026-08-05 18:00:00,1299,completed,UPI
ORD_12535,CUST_0921,2026-08-05 18:00:00,899,completed,COD
ORD_12682,CUST_1068,2026-08-05 18:00:00,4999,completed,COD
ORD_12941,CUST_1327,2026-08-05 18:00:00,1899,completed,Debit Card
ORD_13569,CUST_1955,2026-08-05 18:00:00,3299,completed,COD
ORD_11989,CUST_0375,2026-08-05 19:00:00,3999,completed,UPI
ORD_12228,CUST_0614,2026-08-05 19:00:00,3999,completed,UPI
ORD_12621,CUST_1007,2026-08-05 19:00:00,1899,completed,UPI
ORD_14677,CUST_0915,2026-08-05 19:27:32,1098,completed,Debit Card
ORD_12801,CUST_1187,2026-08-05 20:00:00,799,completed,UPI
ORD_13533,CUST_1919,2026-08-05 20:00:00,3299,completed,Debit Card
ORD_18645,CUST_1921,2026-08-05 20:05:20,699,completed,UPI
ORD_14593,CUST_0988,2026-08-05 20:11:25,1498,completed,Debit Card
ORD_12744,CUST_1130,2026-08-05 21:00:00,3999,completed,UPI
ORD_13436,CUST_1822,2026-08-05 21:00:00,1299,completed,UPI
ORD_14111,CUST_0716,2026-08-05 21:00:11,1048,completed,UPI
ORD_12117,CUST_0503,2026-08-05 22:00:00,799,completed,Credit Card
ORD_12351,CUST_0737,2026-08-05 22:00:00,799,completed,UPI
ORD_12662,CUST_1048,2026-08-05 22:00:00,3299,completed,UPI
ORD_13354,CUST_1740,2026-08-05 22:00:00,2799,completed,UPI
ORD_17953,CUST_1914,2026-08-05 22:16:12,1999,completed,COD
ORD_13132,CUST_1518,2026-08-05 23:00:00,2199,completed,Debit Card
ORD_19014,CUST_1258,2026-08-05 23:45:18,3499,completed,UPI
ORD_18486,CUST_0612,2026-08-06 00:20:39,6999,completed,UPI
ORD_15257,CUST_0773,2026-08-06 00:50:42,1698,completed,UPI
ORD_12396,CUST_0782,2026-08-06 01:00:00,999,completed,Debit Card
ORD_12609,CUST_0995,2026-08-06 01:00:00,1899,completed,UPI
ORD_12755,CUST_1141,2026-08-06 01:00:00,2199,completed,UPI
ORD_13016,CUST_1402,2026-08-06 01:00:00,1899,completed,COD
ORD_13203,CUST_1589,2026-08-06 01:00:00,3999,completed,COD
ORD_13558,CUST_1944,2026-08-06 01:00:00,1899,completed,Debit Card
ORD_17254,CUST_0391,2026-08-06 01:36:12,2799,completed,UPI
ORD_12289,CUST_0675,2026-08-06 02:00:00,1899,completed,Credit Card
ORD_12328,CUST_0714,2026-08-06 02:00:00,1499,completed,Credit Card
ORD_12790,CUST_1176,2026-08-06 02:00:00,999,completed,UPI
ORD_13028,CUST_1414,2026-08-06 02:00:00,5499,completed,Credit Card
ORD_17295,CUST_1921,2026-08-06 02:18:03,3999,completed,COD
ORD_18104,CUST_1903,2026-08-06 02:25:15,599,completed,UPI
ORD_12281,CUST_0667,2026-08-06 03:00:00,899,completed,UPI
ORD_12283,CUST_0669,2026-08-06 03:00:00,999,completed,Credit Card
ORD_12313,CUST_0699,2026-08-06 04:00:00,699,completed,Debit Card
ORD_12780,CUST_1166,2026-08-06 04:00:00,1299,completed,UPI
ORD_15010,CUST_0938,2026-08-06 04:37:44,998,completed,Credit Card
ORD_12264,CUST_0650,2026-08-06 05:00:00,3999,completed,UPI
ORD_12854,CUST_1240,2026-08-06 05:00:00,899,completed,UPI
ORD_16422,CUST_0334,2026-08-06 05:04:03,1798,completed,Credit Card
ORD_19517,CUST_0989,2026-08-06 05:56:42,699,completed,Credit Card
ORD_15446,CUST_1853,2026-08-06 07:15:46,1098,completed,COD
ORD_17648,CUST_0276,2026-08-06 08:02:53,3299,completed,UPI
ORD_17299,CUST_1944,2026-08-06 08:07:13,1499,completed,UPI
ORD_19841,CUST_1256,2026-08-06 08:22:33,999,completed,UPI
ORD_17428,CUST_0626,2026-08-06 09:18:00,2199,completed,UPI
ORD_15470,CUST_0358,2026-08-06 09:45:02,1298,completed,Debit Card
ORD_14220,CUST_1301,2026-08-06 10:40:05,948,completed,UPI
ORD_16884,CUST_1151,2026-08-06 10:48:51,5499,completed,Debit Card
ORD_17001,CUST_1199,2026-08-06 12:38:04,3999,completed,UPI
ORD_18270,CUST_0846,2026-08-06 14:14:55,3999,completed,UPI
ORD_16943,CUST_1506,2026-08-06 15:02:02,499,completed,UPI
ORD_14724,CUST_0319,2026-08-06 15:25:11,1098,completed,Debit Card
ORD_18794,CUST_1819,2026-08-06 15:26:17,4299,completed,UPI
ORD_17457,CUST_0823,2026-08-06 17:40:13,3999,completed,Credit Card
ORD_18361,CUST_0543,2026-08-06 17:52:33,3299,completed,UPI
ORD_13450,CUST_1836,2026-08-06 18:00:00,1899,completed,COD
ORD_11884,CUST_0270,2026-08-06 19:00:00,3999,completed,UPI
ORD_12898,CUST_1284,2026-08-06 19:00:00,1899,completed,Debit Card
ORD_12276,CUST_0662,2026-08-06 20:00:00,2199,completed,UPI
ORD_12576,CUST_0962,2026-08-06 20:00:00,999,completed,COD
ORD_12643,CUST_1029,2026-08-06 20:00:00,3299,completed,UPI
ORD_12956,CUST_1342,2026-08-06 20:00:00,1899,completed,Credit Card
ORD_16969,CUST_1913,2026-08-06 20:22:53,2799,completed,Credit Card
ORD_13207,CUST_1593,2026-08-06 21:00:00,999,completed,UPI
ORD_13248,CUST_1634,2026-08-06 21:00:00,4999,completed,COD
ORD_17512,CUST_1036,2026-08-06 21:37:34,1299,completed,COD
ORD_18340,CUST_1568,2026-08-06 21:43:02,799,completed,Debit Card
ORD_17434,CUST_0683,2026-08-06 21:52:47,1899,completed,COD
ORD_17982,CUST_1695,2026-08-06 21:54:46,899,completed,UPI
ORD_17296,CUST_0361,2026-08-06 21:59:01,299,completed,Debit Card
ORD_12111,CUST_0497,2026-08-06 22:00:00,3999,completed,COD
ORD_13033,CUST_1419,2026-08-06 22:00:00,6999,completed,COD
ORD_13486,CUST_1872,2026-08-06 22:00:00,6999,completed,Credit Card
ORD_18055,CUST_1671,2026-08-06 22:39:24,999,completed,Credit Card
ORD_18231,CUST_1489,2026-08-06 22:50:57,1299,completed,Credit Card
ORD_12490,CUST_0876,2026-08-06 23:00:00,2799,completed,Credit Card
ORD_15639,CUST_0478,2026-08-06 23:08:42,1198,completed,Debit Card
ORD_17555,CUST_1009,2026-08-06 23:24:33,1899,completed,UPI
ORD_19345,CUST_1254,2026-08-06 23:50:51,2499,completed,UPI
ORD_14344,CUST_1233,2026-08-06 23:54:53,1398,completed,UPI
ORD_13228,CUST_1614,2026-08-07 00:00:00,1499,completed,Debit Card
ORD_16425,CUST_1341,2026-08-07 00:33:17,2698,completed,UPI
ORD_12005,CUST_0391,2026-08-07 01:00:00,1899,completed,COD
ORD_12899,CUST_1285,2026-08-07 01:00:00,1299,completed,UPI
ORD_17306,CUST_1027,2026-08-07 01:26:35,1299,failed,UPI
ORD_12385,CUST_0771,2026-08-07 02:00:00,1899,completed,Debit Card
ORD_18574,CUST_0495,2026-08-07 02:47:49,4999,completed,UPI
ORD_12552,CUST_0938,2026-08-07 03:00:00,1899,completed,Credit Card
ORD_12667,CUST_1053,2026-08-07 03:00:00,6999,completed,Credit Card
ORD_15286,CUST_1963,2026-08-07 03:40:24,848,completed,UPI
ORD_18006,CUST_1157,2026-08-07 04:53:18,999,failed,Credit Card
ORD_12240,CUST_0626,2026-08-07 05:00:00,5499,completed,UPI
ORD_12574,CUST_0960,2026-08-07 05:00:00,999,completed,Credit Card
ORD_12849,CUST_1235,2026-08-07 05:00:00,699,completed,UPI
ORD_13059,CUST_1445,2026-08-07 05:00:00,2199,completed,UPI
ORD_14165,CUST_0432,2026-08-07 05:04:01,1098,completed,Credit Card
ORD_16381,CUST_0944,2026-08-07 05:26:04,3398,completed,UPI
ORD_12656,CUST_1042,2026-08-07 06:00:00,1299,completed,UPI
ORD_12800,CUST_1186,2026-08-07 06:00:00,999,completed,Credit Card
ORD_12811,CUST_1197,2026-08-07 06:00:00,1299,completed,Debit Card
ORD_13084,CUST_1470,2026-08-07 06:00:00,3299,completed,UPI
ORD_16658,CUST_1897,2026-08-07 08:50:12,799,completed,COD
ORD_14751,CUST_1508,2026-08-07 09:08:46,1598,completed,UPI
ORD_15789,CUST_1505,2026-08-07 10:04:42,4898,completed,UPI
ORD_19348,CUST_1196,2026-08-07 10:27:30,599,completed,UPI
ORD_15826,CUST_0927,2026-08-07 10:53:14,4598,completed,UPI
ORD_15747,CUST_1403,2026-08-07 12:16:15,3998,completed,UPI
ORD_18230,CUST_1762,2026-08-07 15:08:08,2499,completed,UPI
ORD_16493,CUST_1768,2026-08-07 15:28:24,2198,completed,Credit Card
ORD_19110,CUST_0920,2026-08-07 16:06:21,2499,completed,UPI
ORD_19897,CUST_1782,2026-08-07 16:40:30,5499,completed,UPI
ORD_14170,CUST_1314,2026-08-07 17:45:32,948,completed,UPI
ORD_13168,CUST_1554,2026-08-07 18:00:00,999,completed,UPI
ORD_14730,CUST_0317,2026-08-07 18:08:47,1348,completed,COD
ORD_15561,CUST_0885,2026-08-07 18:17:37,1348,completed,Credit Card
ORD_17731,CUST_0344,2026-08-07 18:58:22,1899,completed,Debit Card
ORD_12029,CUST_0415,2026-08-07 19:00:00,4999,completed,UPI
ORD_12204,CUST_0590,2026-08-07 19:00:00,3299,completed,UPI
ORD_12437,CUST_0823,2026-08-07 19:00:00,3999,completed,UPI
ORD_18068,CUST_0310,2026-08-07 19:05:09,1499,completed,COD
ORD_18716,CUST_0405,2026-08-07 19:14:46,2799,completed,UPI
ORD_19353,CUST_1699,2026-08-07 19:23:30,249,completed,UPI
ORD_11979,CUST_0365,2026-08-07 20:00:00,2799,completed,Credit Card
ORD_13527,CUST_1913,2026-08-07 20:00:00,1899,completed,COD
ORD_18124,CUST_1975,2026-08-07 21:32:24,5499,completed,COD
ORD_12873,CUST_1259,2026-08-07 22:00:00,699,completed,UPI
ORD_12647,CUST_1033,2026-08-07 23:00:00,1499,completed,Debit Card
ORD_13375,CUST_1761,2026-08-07 23:00:00,3299,completed,Debit Card
ORD_15898,CUST_0396,2026-08-07 23:49:07,6798,completed,UPI
ORD_12184,CUST_0570,2026-08-08 00:00:00,2799,completed,Credit Card
ORD_12441,CUST_0827,2026-08-08 00:00:00,2499,completed,Credit Card
ORD_13318,CUST_1704,2026-08-08 00:00:00,899,completed,Credit Card
ORD_13325,CUST_1711,2026-08-08 00:00:00,899,completed,UPI
ORD_19062,CUST_1270,2026-08-08 00:02:11,699,completed,UPI
ORD_19980,CUST_1645,2026-08-08 00:06:34,1299,completed,UPI
ORD_18585,CUST_1724,2026-08-08 00:25:57,799,completed,COD
ORD_12050,CUST_0436,2026-08-08 01:00:00,699,completed,UPI
ORD_12164,CUST_0550,2026-08-08 01:00:00,3999,completed,UPI
ORD_12748,CUST_1134,2026-08-08 01:00:00,1499,completed,UPI
ORD_12104,CUST_0490,2026-08-08 02:00:00,2499,completed,Credit Card
ORD_12690,CUST_1076,2026-08-08 02:00:00,1899,completed,UPI
ORD_19797,CUST_1703,2026-08-08 02:04:28,4999,completed,UPI
ORD_15497,CUST_1319,2026-08-08 02:08:35,1298,completed,Debit Card
ORD_17127,CUST_1514,2026-08-08 02:28:56,699,completed,COD
ORD_14235,CUST_1349,2026-08-08 02:48:19,1198,completed,UPI
ORD_12721,CUST_1107,2026-08-08 03:00:00,2799,completed,UPI
ORD_14852,CUST_1295,2026-08-08 03:35:27,1098,completed,Debit Card
ORD_13572,CUST_1958,2026-08-08 04:00:00,4999,completed,Credit Card
ORD_18198,CUST_0275,2026-08-08 04:57:57,999,completed,Credit Card
ORD_12211,CUST_0597,2026-08-08 05:00:00,6999,completed,Debit Card
ORD_13048,CUST_1434,2026-08-08 05:00:00,1499,completed,Credit Card
ORD_17642,CUST_1773,2026-08-08 05:19:54,3999,completed,Credit Card
ORD_18420,CUST_0844,2026-08-08 05:38:45,1999,completed,UPI
ORD_15217,CUST_1091,2026-08-08 05:56:50,848,completed,Debit Card
ORD_13481,CUST_1867,2026-08-08 06:00:00,3299,completed,UPI
ORD_18718,CUST_1394,2026-08-08 07:08:21,2499,completed,COD
ORD_18697,CUST_0697,2026-08-08 07:47:48,499,completed,COD
ORD_17729,CUST_1896,2026-08-08 08:09:53,699,completed,Debit Card
ORD_18041,CUST_0942,2026-08-08 11:57:17,249,completed,COD
ORD_17404,CUST_1981,2026-08-08 12:05:43,599,completed,Credit Card
ORD_17000,CUST_1096,2026-08-08 12:07:44,3299,completed,UPI
ORD_16346,CUST_1855,2026-08-08 13:17:27,1698,completed,UPI
ORD_17874,CUST_1546,2026-08-08 13:17:53,999,completed,Credit Card
ORD_14915,CUST_1945,2026-08-08 13:20:46,1598,completed,UPI
ORD_15535,CUST_1936,2026-08-08 13:31:01,1198,completed,UPI
ORD_18874,CUST_0964,2026-08-08 13:49:44,249,completed,UPI
ORD_15033,CUST_1184,2026-08-08 14:35:21,1098,completed,UPI
ORD_15763,CUST_1741,2026-08-08 14:56:12,5798,completed,Debit Card
ORD_16190,CUST_0287,2026-08-08 15:34:54,6798,completed,UPI
ORD_17812,CUST_1721,2026-08-08 16:12:13,2799,completed,Debit Card
ORD_18845,CUST_1039,2026-08-08 16:13:31,699,completed,Credit Card
ORD_12176,CUST_0562,2026-08-08 18:00:00,2499,completed,UPI
ORD_12409,CUST_0795,2026-08-08 18:00:00,899,completed,Debit Card
ORD_13286,CUST_1672,2026-08-08 18:00:00,899,completed,UPI
ORD_19736,CUST_1407,2026-08-08 18:39:16,799,completed,UPI
ORD_16040,CUST_0273,2026-08-08 18:44:25,3998,completed,UPI
ORD_15155,CUST_0658,2026-08-08 18:56:14,1148,completed,UPI
ORD_14212,CUST_1737,2026-08-08 18:58:40,1198,completed,Debit Card
ORD_12365,CUST_0751,2026-08-08 19:00:00,5499,completed,UPI
ORD_13448,CUST_1834,2026-08-08 19:00:00,6999,completed,Debit Card
ORD_14030,CUST_0411,2026-08-08 19:17:54,848,completed,UPI
ORD_19725,CUST_0623,2026-08-08 19:39:28,499,completed,Credit Card
ORD_12637,CUST_1023,2026-08-08 20:00:00,4999,completed,Credit Card
ORD_18428,CUST_0784,2026-08-08 20:03:48,799,completed,Debit Card
ORD_15468,CUST_0876,2026-08-08 20:21:44,1498,completed,UPI
ORD_12468,CUST_0854,2026-08-08 21:00:00,1899,completed,COD
ORD_13259,CUST_1645,2026-08-08 21:00:00,899,completed,UPI
ORD_13423,CUST_1809,2026-08-08 21:00:00,3999,completed,UPI
ORD_19453,CUST_0580,2026-08-08 21:17:47,2799,completed,Debit Card
ORD_17008,CUST_0442,2026-08-08 21:35:23,799,completed,Debit Card
ORD_15563,CUST_1442,2026-08-08 21:49:48,1298,completed,UPI
ORD_19399,CUST_1115,2026-08-08 21:58:13,499,failed,Credit Card
ORD_12350,CUST_0736,2026-08-08 22:00:00,5499,completed,COD
ORD_12586,CUST_0972,2026-08-08 22:00:00,2799,completed,Debit Card
ORD_12587,CUST_0973,2026-08-08 22:00:00,5499,completed,Debit Card
ORD_13106,CUST_1492,2026-08-08 22:00:00,3299,completed,UPI
ORD_13460,CUST_1846,2026-08-08 23:00:00,2199,completed,Debit Card
ORD_19677,CUST_0653,2026-08-08 23:35:51,599,completed,Debit Card
ORD_12947,CUST_1333,2026-08-09 00:00:00,799,completed,UPI
ORD_13405,CUST_1791,2026-08-09 00:00:00,5499,completed,UPI
ORD_19120,CUST_1654,2026-08-09 00:57:08,499,refunded,UPI
ORD_12170,CUST_0556,2026-08-09 01:00:00,3299,completed,COD
ORD_12584,CUST_0970,2026-08-09 01:00:00,2499,completed,Credit Card
ORD_12737,CUST_1123,2026-08-09 01:00:00,1299,completed,Credit Card
ORD_13218,CUST_1604,2026-08-09 01:00:00,799,completed,UPI
ORD_13233,CUST_1619,2026-08-09 01:00:00,2199,completed,Credit Card
ORD_11907,CUST_0293,2026-08-09 02:00:00,2499,completed,UPI
ORD_11992,CUST_0378,2026-08-09 02:00:00,3299,completed,UPI
ORD_12844,CUST_1230,2026-08-09 02:00:00,3299,completed,UPI
ORD_18378,CUST_1496,2026-08-09 02:51:52,1999,completed,COD
ORD_17525,CUST_0890,2026-08-09 02:56:12,999,completed,UPI
ORD_12253,CUST_0639,2026-08-09 03:00:00,999,completed,UPI
ORD_13516,CUST_1902,2026-08-09 03:00:00,2499,completed,Debit Card
ORD_17834,CUST_1333,2026-08-09 03:16:11,6999,completed,Debit Card
ORD_17852,CUST_1657,2026-08-09 03:27:01,3299,completed,UPI
ORD_16857,CUST_1010,2026-08-09 03:30:48,6999,completed,UPI
ORD_12702,CUST_1088,2026-08-09 04:00:00,6999,completed,Debit Card
ORD_12020,CUST_0406,2026-08-09 05:00:00,5499,completed,COD
ORD_12361,CUST_0747,2026-08-09 05:00:00,1899,completed,UPI
ORD_12378,CUST_0764,2026-08-09 05:00:00,999,completed,UPI
ORD_12508,CUST_0894,2026-08-09 05:00:00,799,completed,UPI
ORD_15617,CUST_0804,2026-08-09 05:41:41,848,completed,Debit Card
ORD_13213,CUST_1599,2026-08-09 06:00:00,4999,completed,UPI
ORD_18833,CUST_1433,2026-08-09 06:06:39,899,completed,UPI
ORD_19354,CUST_0575,2026-08-09 08:05:42,499,completed,COD
ORD_19852,CUST_0338,2026-08-09 08:30:53,499,completed,Credit Card
ORD_15514,CUST_1716,2026-08-09 08:45:50,948,completed,UPI
ORD_19930,CUST_1389,2026-08-09 09:28:30,3499,completed,UPI
ORD_19105,CUST_0425,2026-08-09 09:29:37,1299,completed,UPI
ORD_16876,CUST_1026,2026-08-09 10:54:41,299,completed,UPI
ORD_14498,CUST_1605,2026-08-09 11:52:25,1498,completed,UPI
ORD_17371,CUST_0976,2026-08-09 12:05:36,299,completed,UPI
ORD_19026,CUST_0363,2026-08-09 12:12:48,1899,completed,Credit Card
ORD_14901,CUST_0361,2026-08-09 12:34:46,1248,completed,UPI
ORD_18385,CUST_0437,2026-08-09 15:50:54,3999,completed,COD
ORD_15810,CUST_0919,2026-08-09 17:00:42,5198,completed,UPI
ORD_19803,CUST_1782,2026-08-09 17:20:05,2499,completed,UPI
ORD_18859,CUST_1504,2026-08-09 17:26:39,2499,completed,UPI
ORD_18236,CUST_0441,2026-08-09 17:33:54,899,completed,UPI
ORD_11947,CUST_0333,2026-08-09 18:00:00,3299,completed,UPI
ORD_11967,CUST_0353,2026-08-09 18:00:00,1299,completed,Credit Card
ORD_12442,CUST_0828,2026-08-09 18:00:00,1499,completed,Credit Card
ORD_12669,CUST_1055,2026-08-09 18:00:00,1499,completed,UPI
ORD_12891,CUST_1277,2026-08-09 18:00:00,4999,completed,COD
ORD_19038,CUST_1630,2026-08-09 18:20:02,3499,completed,UPI
ORD_11987,CUST_0373,2026-08-09 19:00:00,3999,completed,COD
ORD_12168,CUST_0554,2026-08-09 19:00:00,1499,completed,UPI
ORD_12456,CUST_0842,2026-08-09 19:00:00,3999,completed,Debit Card
ORD_12498,CUST_0884,2026-08-09 19:00:00,1499,completed,Debit Card
ORD_13231,CUST_1617,2026-08-09 19:00:00,1899,completed,UPI
ORD_14536,CUST_1631,2026-08-09 19:15:34,1148,completed,UPI
ORD_12075,CUST_0461,2026-08-09 20:00:00,3299,completed,UPI
ORD_12415,CUST_0801,2026-08-09 20:00:00,1299,completed,UPI
ORD_18937,CUST_0892,2026-08-09 20:01:08,4999,completed,UPI
ORD_19706,CUST_1718,2026-08-09 20:05:52,2499,completed,UPI
ORD_18285,CUST_0280,2026-08-09 20:37:18,1299,refunded,COD
ORD_12358,CUST_0744,2026-08-09 21:00:00,1299,completed,COD
ORD_12364,CUST_0750,2026-08-09 21:00:00,2499,completed,Credit Card
ORD_19512,CUST_1230,2026-08-09 21:54:12,3999,completed,UPI
ORD_11923,CUST_0309,2026-08-09 22:00:00,999,completed,Credit Card
ORD_12198,CUST_0584,2026-08-09 22:00:00,999,completed,UPI
ORD_12402,CUST_0788,2026-08-09 22:00:00,899,completed,UPI
ORD_13387,CUST_1773,2026-08-09 22:00:00,4999,completed,UPI
ORD_13576,CUST_1962,2026-08-09 22:00:00,999,completed,Credit Card
ORD_18039,CUST_1052,2026-08-09 22:15:38,899,refunded,Debit Card
ORD_18386,CUST_1042,2026-08-09 22:55:40,299,completed,UPI
ORD_11976,CUST_0362,2026-08-09 23:00:00,699,completed,Credit Card
ORD_12004,CUST_0390,2026-08-09 23:00:00,3999,completed,Credit Card
ORD_12481,CUST_0867,2026-08-09 23:00:00,1899,completed,Debit Card
ORD_12544,CUST_0930,2026-08-09 23:00:00,1499,completed,Debit Card
ORD_12791,CUST_1177,2026-08-09 23:00:00,1899,completed,UPI
ORD_14219,CUST_1008,2026-08-09 23:11:00,1498,completed,Credit Card
ORD_14262,CUST_1735,2026-08-09 23:22:33,1298,completed,COD
ORD_19891,CUST_1134,2026-08-09 23:42:24,999,completed,COD
ORD_14379,CUST_1013,2026-08-09 23:50:02,1198,completed,Credit Card
ORD_12045,CUST_0431,2026-08-10 00:00:00,1899,completed,UPI
ORD_12086,CUST_0472,2026-08-10 00:00:00,999,completed,COD
ORD_12500,CUST_0886,2026-08-10 00:00:00,5499,completed,UPI
ORD_12519,CUST_0905,2026-08-10 00:00:00,1499,completed,UPI
ORD_13013,CUST_1399,2026-08-10 00:00:00,1499,completed,COD
ORD_12613,CUST_0999,2026-08-10 01:00:00,1299,completed,UPI
ORD_12742,CUST_1128,2026-08-10 01:00:00,1499,completed,UPI
ORD_13141,CUST_1527,2026-08-10 01:00:00,2199,completed,UPI
ORD_13317,CUST_1703,2026-08-10 01:00:00,5499,completed,UPI
ORD_13427,CUST_1813,2026-08-10 01:00:00,1899,completed,UPI
ORD_14998,CUST_0883,2026-08-10 01:08:10,1198,completed,COD
ORD_13094,CUST_1480,2026-08-10 02:00:00,1899,completed,COD
ORD_13426,CUST_1812,2026-08-10 02:00:00,2499,completed,UPI
ORD_13588,CUST_1974,2026-08-10 02:00:00,5499,completed,COD
ORD_18313,CUST_0376,2026-08-10 02:45:08,249,completed,UPI
ORD_18557,CUST_1028,2026-08-10 02:48:01,1299,completed,Credit Card
ORD_12034,CUST_0420,2026-08-10 03:00:00,1899,completed,UPI
ORD_12659,CUST_1045,2026-08-10 03:00:00,3999,completed,UPI
ORD_12689,CUST_1075,2026-08-10 03:00:00,4999,completed,UPI
ORD_12876,CUST_1262,2026-08-10 03:00:00,3999,completed,Credit Card
ORD_12963,CUST_1349,2026-08-10 03:00:00,699,completed,Debit Card
ORD_13193,CUST_1579,2026-08-10 03:00:00,2199,completed,Credit Card
ORD_18134,CUST_1727,2026-08-10 03:43:53,3999,completed,UPI
ORD_12387,CUST_0773,2026-08-10 04:00:00,2199,completed,COD
ORD_12772,CUST_1158,2026-08-10 04:00:00,6999,completed,Debit Card
ORD_13497,CUST_1883,2026-08-10 04:00:00,5499,completed,UPI
ORD_12474,CUST_0860,2026-08-10 05:00:00,1299,completed,Credit Card
ORD_12974,CUST_1360,2026-08-10 05:00:00,5499,completed,Debit Card
ORD_14667,CUST_0406,2026-08-10 05:29:49,898,completed,UPI
ORD_19971,CUST_1485,2026-08-10 05:35:33,799,completed,Credit Card
ORD_12065,CUST_0451,2026-08-10 06:00:00,1299,completed,UPI
ORD_13300,CUST_1686,2026-08-10 06:00:00,2499,completed,Credit Card
ORD_13329,CUST_1715,2026-08-10 06:00:00,2799,completed,Credit Card
ORD_17875,CUST_0275,2026-08-10 06:13:27,249,completed,Credit Card
ORD_16778,CUST_1446,2026-08-10 07:31:09,899,completed,COD
ORD_14067,CUST_0911,2026-08-10 08:09:52,1298,completed,COD
ORD_16734,CUST_1003,2026-08-10 08:25:29,1899,completed,Credit Card
ORD_16874,CUST_1592,2026-08-10 09:18:57,1899,completed,Credit Card
ORD_17879,CUST_1965,2026-08-10 09:29:43,699,completed,COD
ORD_16269,CUST_1184,2026-08-10 10:02:41,6298,completed,UPI
ORD_17909,CUST_0846,2026-08-10 10:54:36,1299,completed,UPI
ORD_15983,CUST_1222,2026-08-10 11:00:57,3198,completed,Debit Card
ORD_15775,CUST_0276,2026-08-10 12:04:31,2798,completed,COD
ORD_15908,CUST_0558,2026-08-10 12:07:46,2998,completed,UPI
ORD_15520,CUST_0424,2026-08-10 12:41:14,1148,completed,Debit Card
ORD_17013,CUST_0320,2026-08-10 12:41:21,899,completed,UPI
ORD_18003,CUST_1570,2026-08-10 15:23:39,1999,completed,UPI
ORD_17859,CUST_1857,2026-08-10 16:05:15,3999,completed,COD
ORD_17439,CUST_0860,2026-08-10 16:37:05,2799,completed,UPI
ORD_13692,CUST_1162,2026-08-10 17:21:34,1499,completed,Debit Card
ORD_13577,CUST_1963,2026-08-10 18:00:00,2799,completed,UPI
ORD_13668,CUST_1179,2026-08-10 18:16:12,1499,completed,UPI
ORD_13044,CUST_1430,2026-08-10 19:00:00,799,completed,UPI
ORD_19813,CUST_1398,2026-08-10 19:02:00,499,completed,UPI
ORD_17047,CUST_1717,2026-08-10 19:05:51,349,completed,UPI
ORD_13633,CUST_1238,2026-08-10 19:31:42,1499,completed,UPI
ORD_13641,CUST_0342,2026-08-10 19:43:22,1499,completed,COD
ORD_16181,CUST_0734,2026-08-10 19:55:43,8298,completed,UPI
ORD_13026,CUST_1412,2026-08-10 20:00:00,3999,completed,Credit Card
ORD_14913,CUST_0300,2026-08-10 20:20:27,848,completed,Credit Card
ORD_17733,CUST_0327,2026-08-10 20:32:04,349,completed,COD
ORD_17674,CUST_0648,2026-08-10 20:37:53,3299,completed,Credit Card
ORD_19081,CUST_0741,2026-08-10 20:47:15,4299,completed,UPI
ORD_18009,CUST_1413,2026-08-10 21:12:41,799,completed,UPI
ORD_13619,CUST_0668,2026-08-10 21:13:14,1499,completed,UPI
ORD_13637,CUST_1472,2026-08-10 21:15:44,1499,completed,UPI
ORD_13676,CUST_1628,2026-08-10 21:59:21,1499,completed,COD
ORD_12179,CUST_0565,2026-08-10 22:00:00,3299,completed,UPI
ORD_12623,CUST_1009,2026-08-10 22:00:00,2499,completed,UPI
ORD_12805,CUST_1191,2026-08-10 22:00:00,5499,completed,UPI
ORD_12932,CUST_1318,2026-08-10 22:00:00,3299,completed,COD
ORD_13685,CUST_1306,2026-08-10 22:53:39,1499,completed,UPI
ORD_13870,CUST_0613,2026-08-10 22:56:36,2999,completed,UPI
ORD_16038,CUST_1343,2026-08-10 22:59:50,8998,completed,UPI
ORD_12550,CUST_0936,2026-08-10 23:00:00,1499,completed,COD
ORD_18573,CUST_0761,2026-08-10 23:11:34,3499,completed,UPI
ORD_12730,CUST_1116,2026-08-11 00:00:00,4999,completed,Debit Card
ORD_19220,CUST_0787,2026-08-11 00:44:52,3299,completed,Credit Card
ORD_14163,CUST_1374,2026-08-11 00:58:00,1298,completed,Debit Card
ORD_11975,CUST_0361,2026-08-11 01:00:00,999,completed,COD
ORD_12230,CUST_0616,2026-08-11 01:00:00,5499,completed,COD
ORD_12862,CUST_1248,2026-08-11 01:00:00,899,completed,UPI
ORD_18415,CUST_1557,2026-08-11 01:26:19,2499,completed,UPI
ORD_15199,CUST_1659,2026-08-11 01:37:47,898,completed,UPI
ORD_15873,CUST_0443,2026-08-11 01:50:49,5898,completed,Debit Card
ORD_13463,CUST_1849,2026-08-11 02:00:00,1299,completed,Debit Card
ORD_13877,CUST_1959,2026-08-11 02:08:48,2999,completed,UPI
ORD_16870,CUST_0775,2026-08-11 02:27:52,2799,completed,UPI
ORD_13712,CUST_1140,2026-08-11 02:49:19,1499,completed,Credit Card
ORD_19283,CUST_1275,2026-08-11 02:50:32,899,completed,Debit Card
ORD_13502,CUST_1888,2026-08-11 03:00:00,3299,completed,Debit Card
ORD_12031,CUST_0417,2026-08-11 04:00:00,899,completed,UPI
ORD_12035,CUST_0421,2026-08-11 04:00:00,799,completed,UPI
ORD_13142,CUST_1528,2026-08-11 04:00:00,4999,completed,Credit Card
ORD_13162,CUST_1548,2026-08-11 04:00:00,1299,completed,UPI
ORD_17755,CUST_1011,2026-08-11 04:08:39,3299,failed,UPI
ORD_13707,CUST_1567,2026-08-11 04:34:15,1499,completed,UPI
ORD_12363,CUST_0749,2026-08-11 05:00:00,999,completed,Debit Card
ORD_12366,CUST_0752,2026-08-11 05:00:00,3299,completed,UPI
ORD_13891,CUST_1141,2026-08-11 05:34:45,2999,completed,Debit Card
ORD_14990,CUST_0507,2026-08-11 05:56:46,1098,completed,UPI
ORD_11944,CUST_0330,2026-08-11 06:00:00,1899,completed,UPI
ORD_12119,CUST_0505,2026-08-11 06:00:00,3299,completed,UPI
ORD_18661,CUST_0849,2026-08-11 06:15:26,1299,completed,COD
ORD_17675,CUST_0331,2026-08-11 07:20:07,1899,completed,UPI
ORD_13693,CUST_0619,2026-08-11 07:58:32,1499,completed,UPI
ORD_16337,CUST_1546,2026-08-11 08:09:13,5198,completed,Debit Card
ORD_13631,CUST_0989,2026-08-11 08:39:47,1499,completed,Debit Card
ORD_15205,CUST_1095,2026-08-11 09:04:34,998,completed,Debit Card
ORD_13647,CUST_1633,2026-08-11 09:09:34,1499,completed,UPI
ORD_14348,CUST_0377,2026-08-11 09:16:26,998,completed,COD
ORD_16079,CUST_0409,2026-08-11 09:17:38,7798,completed,UPI
ORD_13887,CUST_1319,2026-08-11 09:30:13,2999,completed,Credit Card
ORD_13875,CUST_1906,2026-08-11 09:35:39,2999,completed,Debit Card
ORD_16233,CUST_0852,2026-08-11 10:13:25,7698,completed,COD
ORD_13861,CUST_1997,2026-08-11 12:20:29,2999,completed,UPI
ORD_17184,CUST_0899,2026-08-11 13:14:19,899,refunded,COD
ORD_19138,CUST_0281,2026-08-11 13:35:36,599,completed,UPI
ORD_15107,CUST_1292,2026-08-11 13:43:15,848,completed,UPI
ORD_19296,CUST_1558,2026-08-11 14:09:49,999,refunded,Credit Card
ORD_13678,CUST_1383,2026-08-11 14:22:33,1499,completed,UPI
ORD_13700,CUST_1831,2026-08-11 14:28:34,1499,completed,UPI
ORD_13866,CUST_1537,2026-08-11 14:43:09,2999,completed,Credit Card
ORD_13698,CUST_1419,2026-08-11 14:47:43,1499,completed,UPI
ORD_13710,CUST_1884,2026-08-11 15:45:32,1499,completed,Debit Card
ORD_17976,CUST_0296,2026-08-11 16:42:53,699,completed,UPI
ORD_13696,CUST_1235,2026-08-11 17:17:28,1499,completed,UPI
ORD_16579,CUST_1797,2026-08-11 17:21:32,349,completed,UPI
ORD_13125,CUST_1511,2026-08-11 18:00:00,699,completed,UPI
ORD_13263,CUST_1649,2026-08-11 18:00:00,2799,completed,Credit Card
ORD_13659,CUST_1048,2026-08-11 19:00:13,1499,completed,UPI
ORD_13658,CUST_0865,2026-08-11 19:43:32,1499,completed,Credit Card
ORD_13167,CUST_1553,2026-08-11 20:00:00,1499,completed,UPI
ORD_13299,CUST_1685,2026-08-11 20:00:00,3299,completed,COD
ORD_13372,CUST_1758,2026-08-11 20:00:00,2799,completed,UPI
ORD_13468,CUST_1854,2026-08-11 20:00:00,799,completed,UPI
ORD_13884,CUST_0339,2026-08-11 20:14:40,2999,completed,Debit Card
ORD_19171,CUST_1321,2026-08-11 20:30:33,699,completed,COD
ORD_14468,CUST_0580,2026-08-11 20:33:37,848,completed,Debit Card
ORD_12013,CUST_0399,2026-08-11 21:00:00,1899,completed,COD
ORD_13205,CUST_1591,2026-08-11 21:00:00,899,completed,COD
ORD_13557,CUST_1943,2026-08-11 21:00:00,1899,completed,Credit Card
ORD_13330,CUST_1716,2026-08-11 22:00:00,2199,completed,UPI
ORD_13711,CUST_1133,2026-08-11 22:45:57,1499,completed,UPI
ORD_14695,CUST_1315,2026-08-11 22:59:40,898,completed,UPI
ORD_13078,CUST_1464,2026-08-11 23:00:00,2199,completed,COD
ORD_18536,CUST_1570,2026-08-11 23:05:31,499,completed,COD
ORD_13667,CUST_1430,2026-08-11 23:11:13,1499,completed,Debit Card
ORD_13618,CUST_0624,2026-08-11 23:15:53,1499,completed,COD
ORD_18723,CUST_1932,2026-08-11 23:17:59,349,completed,COD
ORD_13638,CUST_1894,2026-08-11 23:55:37,1499,completed,UPI
ORD_12162,CUST_0548,2026-08-12 00:00:00,1299,completed,COD
ORD_13306,CUST_1692,2026-08-12 00:00:00,5499,completed,UPI
ORD_13597,CUST_1983,2026-08-12 00:00:00,5499,completed,UPI
ORD_19319,CUST_0376,2026-08-12 00:11:23,699,completed,Credit Card
ORD_15088,CUST_1176,2026-08-12 00:11:44,1098,completed,UPI
ORD_13709,CUST_1727,2026-08-12 00:20:41,1499,completed,UPI
ORD_12502,CUST_0888,2026-08-12 01:00:00,4999,completed,Debit Card
ORD_12908,CUST_1294,2026-08-12 01:00:00,1299,completed,Credit Card
ORD_13688,CUST_0595,2026-08-12 01:01:23,1499,completed,Credit Card
ORD_13625,CUST_0684,2026-08-12 01:05:49,1499,completed,Debit Card
ORD_13023,CUST_1409,2026-08-12 02:00:00,5499,completed,Credit Card
ORD_13640,CUST_1223,2026-08-12 02:12:42,1499,completed,UPI
ORD_15962,CUST_1228,2026-08-12 02:14:35,3998,completed,UPI
ORD_12426,CUST_0812,2026-08-12 03:00:00,799,completed,UPI
ORD_12694,CUST_1080,2026-08-12 03:00:00,999,completed,COD
ORD_12852,CUST_1238,2026-08-12 03:00:00,5499,completed,UPI
ORD_13471,CUST_1857,2026-08-12 03:00:00,3299,completed,Debit Card
ORD_14928,CUST_0391,2026-08-12 03:40:48,1598,completed,UPI
ORD_19668,CUST_1049,2026-08-12 03:59:59,2199,completed,UPI
ORD_12457,CUST_0843,2026-08-12 04:00:00,3999,completed,Debit Card
ORD_13401,CUST_1787,2026-08-12 04:00:00,3999,completed,COD
ORD_19429,CUST_1458,2026-08-12 04:35:12,349,completed,Debit Card
ORD_14746,CUST_0972,2026-08-12 04:51:02,1248,completed,Debit Card
ORD_12247,CUST_0633,2026-08-12 05:00:00,999,completed,COD
ORD_12871,CUST_1257,2026-08-12 06:00:00,1499,completed,UPI
ORD_13632,CUST_0758,2026-08-12 06:15:36,1499,completed,COD
ORD_15513,CUST_1657,2026-08-12 06:32:37,1198,completed,UPI
ORD_13670,CUST_1148,2026-08-12 06:39:06,1499,completed,UPI
ORD_17792,CUST_1692,2026-08-12 07:48:26,4999,completed,COD
ORD_13881,CUST_1965,2026-08-12 08:11:01,2999,completed,UPI
ORD_18699,CUST_1736,2026-08-12 08:20:04,699,completed,COD
ORD_13860,CUST_1781,2026-08-12 08:25:16,2999,completed,UPI
ORD_13681,CUST_1184,2026-08-12 08:42:07,1499,completed,UPI
ORD_13630,CUST_1160,2026-08-12 09:22:27,1499,completed,UPI
ORD_13704,CUST_1299,2026-08-12 09:49:04,1499,completed,Credit Card
ORD_19158,CUST_1139,2026-08-12 10:14:36,4999,completed,Credit Card
ORD_15149,CUST_0550,2026-08-12 10:47:26,1198,completed,UPI
ORD_19676,CUST_1259,2026-08-12 11:02:55,249,completed,Debit Card
ORD_13628,CUST_1090,2026-08-12 11:36:30,1499,completed,Credit Card
ORD_13675,CUST_1988,2026-08-12 12:07:30,1499,completed,COD
ORD_14448,CUST_0459,2026-08-12 12:39:15,1098,completed,UPI
ORD_14687,CUST_1834,2026-08-12 13:25:10,998,completed,UPI
ORD_14638,CUST_1552,2026-08-12 13:41:40,1248,completed,Debit Card
ORD_17568,CUST_0268,2026-08-12 13:55:33,2499,completed,COD
ORD_16957,CUST_0927,2026-08-12 14:00:55,699,completed,UPI
ORD_15844,CUST_0550,2026-08-12 14:26:48,4098,completed,UPI
ORD_13869,CUST_1579,2026-08-12 14:27:18,2999,completed,Credit Card
ORD_18754,CUST_1893,2026-08-12 14:59:17,699,completed,Debit Card
ORD_13872,CUST_1043,2026-08-12 15:26:00,2999,completed,UPI
ORD_15055,CUST_0659,2026-08-12 15:56:50,1398,completed,UPI
ORD_13673,CUST_1995,2026-08-12 15:57:40,1499,completed,UPI
ORD_13648,CUST_1872,2026-08-12 16:08:01,1499,completed,UPI
ORD_13888,CUST_0973,2026-08-12 16:10:17,2999,completed,UPI
ORD_13663,CUST_0743,2026-08-12 16:44:17,1499,completed,UPI
ORD_19837,CUST_1606,2026-08-12 17:03:23,1299,completed,Debit Card
ORD_19223,CUST_1810,2026-08-12 17:29:29,6999,completed,Debit Card
ORD_14032,CUST_1700,2026-08-12 17:58:25,748,completed,Debit Card
ORD_12768,CUST_1154,2026-08-12 18:00:00,5499,completed,Debit Card
ORD_13605,CUST_1991,2026-08-12 18:00:00,3299,completed,Credit Card
ORD_16605,CUST_0271,2026-08-12 18:23:57,6999,completed,UPI
ORD_19753,CUST_1968,2026-08-12 18:51:29,999,completed,UPI
ORD_12370,CUST_0756,2026-08-12 19:00:00,3999,completed,UPI
ORD_12390,CUST_0776,2026-08-12 19:00:00,2499,completed,COD
ORD_12628,CUST_1014,2026-08-12 19:00:00,4999,completed,Credit Card
ORD_13664,CUST_1160,2026-08-12 19:18:25,1499,completed,UPI
ORD_15675,CUST_1232,2026-08-12 19:50:22,4998,completed,Credit Card
ORD_13061,CUST_1447,2026-08-12 20:00:00,4999,completed,Credit Card
ORD_13290,CUST_1676,2026-08-12 20:00:00,2199,completed,UPI
ORD_18812,CUST_0728,2026-08-12 20:06:42,1899,completed,UPI
ORD_15161,CUST_1950,2026-08-12 20:13:01,1248,completed,UPI
ORD_11909,CUST_0295,2026-08-12 21:00:00,2199,completed,UPI
ORD_11990,CUST_0376,2026-08-12 21:00:00,4999,completed,Credit Card
ORD_12701,CUST_1087,2026-08-12 21:00:00,2499,completed,Debit Card
ORD_13697,CUST_1990,2026-08-12 21:01:31,1499,completed,Credit Card
ORD_12386,CUST_0772,2026-08-12 22:00:00,1299,completed,Credit Card
ORD_13862,CUST_0552,2026-08-12 22:22:30,2999,completed,UPI
ORD_13878,CUST_0939,2026-08-12 22:36:43,2999,completed,UPI
ORD_11955,CUST_0341,2026-08-12 23:00:00,5499,completed,UPI
ORD_12493,CUST_0879,2026-08-12 23:00:00,6999,completed,UPI
ORD_12679,CUST_1065,2026-08-12 23:00:00,1899,completed,UPI
ORD_17758,CUST_1065,2026-08-12 23:24:14,4299,completed,UPI
ORD_13654,CUST_0399,2026-08-12 23:51:54,1499,completed,Credit Card
ORD_13617,CUST_0880,2026-08-13 00:06:25,1499,completed,Credit Card
ORD_13627,CUST_1640,2026-08-13 00:21:38,1499,completed,Debit Card
ORD_15710,CUST_1450,2026-08-13 00:21:38,6998,completed,COD
ORD_12450,CUST_0836,2026-08-13 01:00:00,1899,completed,UPI
ORD_12836,CUST_1222,2026-08-13 01:00:00,1299,completed,UPI
ORD_18532,CUST_0469,2026-08-13 01:22:31,6999,completed,UPI
ORD_13398,CUST_1784,2026-08-13 02:00:00,5499,completed,Debit Card
ORD_14597,CUST_0935,2026-08-13 02:09:11,1148,completed,COD
ORD_16547,CUST_1661,2026-08-13 02:29:00,249,completed,Credit Card
ORD_11973,CUST_0359,2026-08-13 03:00:00,6999,completed,Credit Card
ORD_12569,CUST_0955,2026-08-13 03:00:00,3999,completed,COD
ORD_13280,CUST_1666,2026-08-13 05:00:00,3299,completed,Credit Card
ORD_12116,CUST_0502,2026-08-13 06:00:00,1499,completed,UPI
ORD_12708,CUST_1094,2026-08-13 06:00:00,799,completed,COD
ORD_14610,CUST_0745,2026-08-13 06:28:41,1498,completed,UPI
ORD_13653,CUST_1574,2026-08-13 07:09:06,1499,completed,COD
ORD_16350,CUST_1947,2026-08-13 07:25:36,6298,completed,UPI
ORD_16619,CUST_0883,2026-08-13 07:25:45,3299,completed,Debit Card
ORD_18071,CUST_0646,2026-08-13 07:51:17,999,completed,Debit Card
ORD_13882,CUST_1544,2026-08-13 08:49:42,2999,completed,UPI
ORD_13879,CUST_1057,2026-08-13 08:51:34,2999,completed,UPI
ORD_18219,CUST_0963,2026-08-13 08:59:39,3999,completed,UPI
ORD_19860,CUST_1716,2026-08-13 09:08:03,899,completed,UPI
ORD_13854,CUST_1804,2026-08-13 09:44:17,2999,completed,Debit Card
ORD_13690,CUST_1776,2026-08-13 09:54:22,1499,completed,Debit Card
ORD_17948,CUST_0689,2026-08-13 09:56:56,4299,completed,Debit Card
ORD_18079,CUST_1860,2026-08-13 10:11:55,699,completed,Credit Card
ORD_17873,CUST_0462,2026-08-13 10:33:47,3999,completed,UPI
ORD_14532,CUST_1360,2026-08-13 10:41:20,1348,completed,Debit Card
ORD_18258,CUST_1242,2026-08-13 11:00:04,2199,completed,UPI
ORD_18430,CUST_1440,2026-08-13 12:04:36,5499,completed,COD
ORD_14939,CUST_1323,2026-08-13 12:16:52,1298,completed,Credit Card
ORD_15938,CUST_1730,2026-08-13 12:27:29,3098,completed,UPI
ORD_15834,CUST_0622,2026-08-13 13:10:14,8998,completed,Credit Card
ORD_17355,CUST_0913,2026-08-13 13:33:56,6999,completed,COD
ORD_14733,CUST_1236,2026-08-13 13:48:53,1198,completed,UPI
ORD_14951,CUST_1340,2026-08-13 13:51:29,1398,completed,Credit Card
ORD_14632,CUST_1272,2026-08-13 14:04:59,1198,completed,UPI
ORD_13713,CUST_1396,2026-08-13 14:16:03,1499,completed,UPI
ORD_15900,CUST_1267,2026-08-13 14:41:30,2498,completed,UPI
ORD_14191,CUST_1712,2026-08-13 14:50:12,1248,completed,Credit Card
ORD_19926,CUST_0938,2026-08-13 14:56:57,2799,completed,Debit Card
ORD_13855,CUST_0930,2026-08-13 15:45:18,2999,completed,UPI
ORD_13889,CUST_0786,2026-08-13 16:05:50,2999,completed,COD
ORD_14881,CUST_1228,2026-08-13 16:24:04,1298,completed,UPI
ORD_16282,CUST_1499,2026-08-13 16:25:16,6198,completed,Credit Card
ORD_17138,CUST_1157,2026-08-13 16:33:42,999,completed,COD
ORD_19404,CUST_1229,2026-08-13 17:30:39,4299,completed,UPI
ORD_13677,CUST_1911,2026-08-13 17:34:56,1499,completed,UPI
ORD_16565,CUST_0390,2026-08-13 17:42:33,899,completed,UPI
ORD_11954,CUST_0340,2026-08-13 18:00:00,799,completed,Debit Card
ORD_13037,CUST_1423,2026-08-13 18:00:00,3999,completed,COD
ORD_13524,CUST_1910,2026-08-13 18:00:00,3299,completed,Credit Card
ORD_13890,CUST_1002,2026-08-13 18:12:42,2999,completed,UPI
ORD_13642,CUST_1607,2026-08-13 18:30:54,1499,completed,Debit Card
ORD_16085,CUST_1415,2026-08-13 18:38:36,4998,completed,COD
ORD_13669,CUST_1723,2026-08-13 18:55:43,1499,completed,UPI
ORD_11894,CUST_0280,2026-08-13 19:00:00,3299,completed,UPI
ORD_12175,CUST_0561,2026-08-13 19:00:00,3999,completed,UPI
ORD_12212,CUST_0598,2026-08-13 19:00:00,1299,completed,COD
ORD_12436,CUST_0822,2026-08-13 19:00:00,1899,completed,Credit Card
ORD_12942,CUST_1328,2026-08-13 19:00:00,1299,completed,Debit Card
ORD_13634,CUST_0383,2026-08-13 19:28:45,1499,completed,Credit Card
ORD_13662,CUST_1435,2026-08-13 19:31:43,1499,completed,UPI
ORD_14970,CUST_0478,2026-08-13 19:55:30,848,completed,UPI
ORD_17022,CUST_0764,2026-08-13 20:08:54,499,completed,COD
ORD_13856,CUST_1898,2026-08-13 20:09:50,2999,completed,UPI
ORD_13645,CUST_1714,2026-08-13 20:30:50,1499,completed,Debit Card
ORD_13702,CUST_1939,2026-08-13 20:45:51,1499,completed,UPI
ORD_19254,CUST_1267,2026-08-13 20:57:32,1899,completed,UPI
ORD_12290,CUST_0676,2026-08-13 21:00:00,1299,completed,COD
ORD_12692,CUST_1078,2026-08-13 21:00:00,799,completed,COD
ORD_12830,CUST_1216,2026-08-13 21:00:00,3299,completed,Debit Card
ORD_13185,CUST_1571,2026-08-13 21:00:00,1899,completed,COD
ORD_13511,CUST_1897,2026-08-13 21:00:00,3999,completed,Debit Card
ORD_17549,CUST_0398,2026-08-13 21:04:20,3999,failed,COD
ORD_15101,CUST_0443,2026-08-13 21:32:44,848,completed,Debit Card
ORD_14946,CUST_1298,2026-08-13 21:33:20,848,completed,UPI
ORD_12619,CUST_1005,2026-08-13 22:00:00,3299,completed,UPI
ORD_13151,CUST_1537,2026-08-13 22:00:00,899,completed,Debit Card
ORD_13616,CUST_1352,2026-08-13 22:15:32,1499,completed,Credit Card
ORD_12796,CUST_1182,2026-08-13 23:00:00,1499,completed,Credit Card
ORD_13598,CUST_1984,2026-08-13 23:00:00,899,completed,UPI
ORD_14038,CUST_1112,2026-08-13 23:35:28,748,completed,COD
ORD_13360,CUST_1746,2026-08-14 00:00:00,4999,completed,UPI
ORD_13415,CUST_1801,2026-08-14 00:00:00,3299,completed,UPI
ORD_13714,CUST_1264,2026-08-14 00:45:18,1499,completed,COD
ORD_12330,CUST_0716,2026-08-14 01:00:00,2499,completed,Credit Card
ORD_13615,CUST_0363,2026-08-14 01:48:21,1499,completed,UPI
ORD_13107,CUST_1493,2026-08-14 02:00:00,1899,completed,Debit Card
ORD_18996,CUST_0300,2026-08-14 02:01:34,299,completed,UPI
ORD_13666,CUST_1476,2026-08-14 02:12:29,1499,completed,Debit Card
ORD_17759,CUST_1792,2026-08-14 02:19:04,1899,completed,UPI
ORD_13684,CUST_1547,2026-08-14 02:24:02,1499,completed,COD
ORD_15273,CUST_1682,2026-08-14 02:25:34,1298,completed,UPI
ORD_15156,CUST_1836,2026-08-14 02:35:58,1148,completed,UPI
ORD_17343,CUST_0702,2026-08-14 02:41:14,2499,failed,UPI
ORD_12026,CUST_0412,2026-08-14 03:00:00,4999,completed,COD
ORD_13135,CUST_1521,2026-08-14 03:00:00,1499,completed,UPI
ORD_18903,CUST_0719,2026-08-14 03:25:56,1499,completed,UPI
ORD_13868,CUST_0763,2026-08-14 03:28:45,2999,completed,COD
ORD_12311,CUST_0697,2026-08-14 04:00:00,999,completed,Credit Card
ORD_14961,CUST_1801,2026-08-14 04:04:11,1498,completed,COD
ORD_13650,CUST_1920,2026-08-14 04:41:26,1499,completed,COD
ORD_12100,CUST_0486,2026-08-14 05:00:00,999,completed,Credit Card
ORD_12299,CUST_0685,2026-08-14 05:00:00,899,completed,Credit Card
ORD_12758,CUST_1144,2026-08-14 05:00:00,1299,completed,UPI
ORD_13333,CUST_1719,2026-08-14 05:00:00,1499,completed,Credit Card
ORD_16670,CUST_1176,2026-08-14 05:02:20,249,completed,UPI
ORD_16279,CUST_1909,2026-08-14 05:23:56,7298,completed,Credit Card
ORD_15132,CUST_1988,2026-08-14 05:37:44,1598,completed,UPI
ORD_12235,CUST_0621,2026-08-14 06:00:00,2199,completed,Debit Card
ORD_13019,CUST_1405,2026-08-14 06:00:00,799,completed,Credit Card
ORD_13883,CUST_0736,2026-08-14 07:00:27,2999,completed,UPI
ORD_17261,CUST_1448,2026-08-14 07:53:34,299,completed,UPI
ORD_17595,CUST_1987,2026-08-14 08:40:59,899,completed,Credit Card
ORD_17901,CUST_0793,2026-08-14 09:22:18,3499,completed,UPI
ORD_18145,CUST_1158,2026-08-14 09:24:03,2499,completed,UPI
ORD_17265,CUST_0436,2026-08-14 09:28:59,349,completed,UPI
ORD_13646,CUST_0272,2026-08-14 09:45:50,1499,completed,UPI
ORD_15420,CUST_1442,2026-08-14 10:21:32,1248,completed,Debit Card
ORD_15501,CUST_1126,2026-08-14 10:21:45,948,completed,Debit Card
ORD_17558,CUST_1647,2026-08-14 11:00:32,3299,completed,UPI
ORD_19366,CUST_1398,2026-08-14 11:19:08,899,completed,UPI
ORD_15072,CUST_1961,2026-08-14 12:41:31,748,completed,UPI
ORD_16704,CUST_1663,2026-08-14 12:56:14,2199,completed,UPI
ORD_13636,CUST_0902,2026-08-14 14:12:57,1499,completed,COD
ORD_16003,CUST_1953,2026-08-14 14:56:27,3498,completed,COD
ORD_17882,CUST_1076,2026-08-14 15:05:08,3299,completed,UPI
ORD_13626,CUST_0277,2026-08-14 15:12:55,1499,completed,UPI
ORD_17359,CUST_0717,2026-08-14 15:26:56,799,completed,Debit Card
ORD_18047,CUST_0638,2026-08-14 15:40:07,2799,completed,UPI
ORD_14531,CUST_0303,2026-08-14 16:03:54,1398,completed,UPI
ORD_12200,CUST_0586,2026-08-14 18:00:00,3299,completed,Debit Card
ORD_12357,CUST_0743,2026-08-14 19:00:00,2799,completed,Credit Card
ORD_12388,CUST_0774,2026-08-14 19:00:00,699,completed,UPI
ORD_12620,CUST_1006,2026-08-14 19:00:00,899,completed,Credit Card
ORD_12743,CUST_1129,2026-08-14 19:00:00,699,completed,UPI
ORD_12882,CUST_1268,2026-08-14 19:00:00,3999,completed,Credit Card
ORD_17573,CUST_1905,2026-08-14 19:43:29,4299,completed,Debit Card
ORD_14298,CUST_0751,2026-08-14 19:45:35,1048,completed,COD
ORD_15194,CUST_0539,2026-08-14 19:48:54,998,completed,Debit Card
ORD_11888,CUST_0274,2026-08-14 20:00:00,2499,completed,UPI
ORD_12666,CUST_1052,2026-08-14 20:00:00,799,completed,COD
ORD_17480,CUST_0276,2026-08-14 20:05:02,3299,completed,Debit Card
ORD_11945,CUST_0331,2026-08-14 21:00:00,4999,completed,Credit Card
ORD_12285,CUST_0671,2026-08-14 21:00:00,6999,completed,Credit Card
ORD_12776,CUST_1162,2026-08-14 21:00:00,999,completed,Debit Card
ORD_13873,CUST_1238,2026-08-14 21:00:08,2999,completed,COD
ORD_13708,CUST_0354,2026-08-14 21:17:48,1499,completed,UPI
ORD_19916,CUST_0499,2026-08-14 21:27:13,599,completed,UPI
ORD_13622,CUST_1651,2026-08-14 21:29:54,1499,completed,Credit Card
ORD_13105,CUST_1491,2026-08-14 22:00:00,3299,completed,UPI
ORD_13155,CUST_1541,2026-08-14 22:00:00,1899,completed,Credit Card
ORD_13272,CUST_1658,2026-08-14 22:00:00,2799,completed,COD
ORD_13440,CUST_1826,2026-08-14 22:00:00,1299,completed,Debit Card
ORD_16477,CUST_1790,2026-08-14 22:12:07,6198,completed,Debit Card
ORD_18470,CUST_0695,2026-08-14 22:43:34,5499,completed,UPI
ORD_11891,CUST_0277,2026-08-14 23:00:00,3299,completed,UPI
ORD_12254,CUST_0640,2026-08-14 23:00:00,1899,completed,Credit Card
ORD_13223,CUST_1609,2026-08-14 23:00:00,1499,completed,Credit Card
ORD_13242,CUST_1628,2026-08-14 23:00:00,3299,completed,COD
ORD_13332,CUST_1718,2026-08-14 23:00:00,1899,completed,COD
ORD_14656,CUST_1804,2026-08-14 23:55:35,898,completed,UPI
ORD_18211,CUST_0852,2026-08-14 23:57:59,799,completed,UPI
ORD_12700,CUST_1086,2026-08-15 00:00:00,3999,completed,COD
ORD_13352,CUST_1738,2026-08-15 00:00:00,1299,completed,UPI
ORD_14575,CUST_1661,2026-08-15 00:35:51,1498,completed,COD
ORD_11958,CUST_0344,2026-08-15 01:00:00,6999,completed,COD
ORD_11998,CUST_0384,2026-08-15 01:00:00,4999,completed,Debit Card
ORD_13858,CUST_0891,2026-08-15 01:01:15,2999,completed,UPI
ORD_14710,CUST_1281,2026-08-15 01:55:12,1498,completed,UPI
ORD_14304,CUST_0986,2026-08-15 02:46:22,848,completed,Credit Card
ORD_16403,CUST_1728,2026-08-15 02:59:35,4698,completed,UPI
ORD_12471,CUST_0857,2026-08-15 03:00:00,3999,completed,Debit Card
ORD_12698,CUST_1084,2026-08-15 03:00:00,1899,completed,UPI
ORD_12719,CUST_1105,2026-08-15 03:00:00,3999,completed,Debit Card
ORD_13183,CUST_1569,2026-08-15 03:00:00,1899,completed,UPI
ORD_12648,CUST_1034,2026-08-15 04:00:00,899,completed,UPI
ORD_12779,CUST_1165,2026-08-15 04:00:00,2199,completed,UPI
ORD_12799,CUST_1185,2026-08-15 04:00:00,899,completed,UPI
ORD_13158,CUST_1544,2026-08-15 04:00:00,3299,completed,UPI
ORD_17528,CUST_1240,2026-08-15 04:39:29,799,completed,UPI
ORD_12507,CUST_0893,2026-08-15 05:00:00,999,completed,UPI
ORD_13344,CUST_1730,2026-08-15 05:00:00,1299,completed,UPI
ORD_12766,CUST_1152,2026-08-15 06:00:00,1899,completed,Debit Card
ORD_13591,CUST_1977,2026-08-15 06:00:00,899,completed,UPI
ORD_18732,CUST_0967,2026-08-15 06:10:35,899,completed,UPI
ORD_16932,CUST_1393,2026-08-15 06:20:36,899,completed,Credit Card
ORD_13876,CUST_1871,2026-08-15 06:43:44,2999,completed,UPI
ORD_18177,CUST_0940,2026-08-15 07:08:35,1499,completed,COD
ORD_19152,CUST_0397,2026-08-15 08:07:14,799,completed,Debit Card
ORD_13705,CUST_1753,2026-08-15 08:12:31,1499,completed,Debit Card
ORD_14843,CUST_1152,2026-08-15 08:53:09,1248,completed,COD
ORD_17565,CUST_1738,2026-08-15 09:24:11,899,completed,UPI
ORD_13885,CUST_0407,2026-08-15 09:26:31,2999,completed,Credit Card
ORD_13867,CUST_1163,2026-08-15 09:58:04,2999,completed,UPI
ORD_13686,CUST_1385,2026-08-15 10:13:03,1499,completed,UPI
ORD_13699,CUST_1485,2026-08-15 11:26:56,1499,completed,UPI
ORD_16157,CUST_1884,2026-08-15 11:42:32,5898,completed,UPI
ORD_19559,CUST_0763,2026-08-15 12:30:48,999,completed,Credit Card
ORD_15001,CUST_1991,2026-08-15 13:23:12,1048,completed,UPI
ORD_15208,CUST_0538,2026-08-15 13:28:35,1298,completed,UPI
ORD_16382,CUST_0334,2026-08-15 13:34:58,4698,completed,UPI
ORD_13674,CUST_0448,2026-08-15 13:38:14,1499,completed,UPI
ORD_19700,CUST_1565,2026-08-15 13:45:56,699,completed,Debit Card
ORD_15986,CUST_1730,2026-08-15 14:10:23,9498,completed,Credit Card
ORD_16015,CUST_0801,2026-08-15 14:33:58,4398,completed,Debit Card
ORD_13656,CUST_0512,2026-08-15 14:45:14,1499,completed,Credit Card
ORD_17974,CUST_0938,2026-08-15 15:49:37,1899,completed,Debit Card
ORD_16035,CUST_1127,2026-08-15 16:03:31,3398,completed,Debit Card
ORD_17686,CUST_0534,2026-08-15 16:24:58,699,completed,COD
ORD_13703,CUST_1494,2026-08-15 17:20:45,1499,completed,Debit Card
ORD_16887,CUST_0540,2026-08-15 17:44:13,1299,completed,Debit Card
ORD_14872,CUST_0849,2026-08-15 17:51:15,848,completed,UPI
ORD_13635,CUST_1115,2026-08-15 17:57:15,1499,completed,UPI
ORD_19741,CUST_0964,2026-08-15 18:24:15,349,completed,UPI
ORD_16683,CUST_1338,2026-08-15 18:34:26,349,completed,COD
ORD_12638,CUST_1024,2026-08-15 19:00:00,2499,completed,COD
ORD_13088,CUST_1474,2026-08-15 19:00:00,5499,completed,UPI
ORD_13099,CUST_1485,2026-08-15 19:00:00,3299,completed,UPI
ORD_13857,CUST_0330,2026-08-15 19:01:27,2999,completed,UPI
ORD_13623,CUST_1138,2026-08-15 19:05:47,1499,completed,Debit Card
ORD_17065,CUST_1505,2026-08-15 19:18:54,999,completed,UPI
ORD_14622,CUST_1622,2026-08-15 19:22:47,998,completed,UPI
ORD_12593,CUST_0979,2026-08-15 20:00:00,1899,completed,Credit Card
ORD_12951,CUST_1337,2026-08-15 20:00:00,3999,completed,Debit Card
ORD_13620,CUST_1423,2026-08-15 20:43:51,1499,completed,UPI
ORD_12217,CUST_0603,2026-08-15 21:00:00,1299,completed,Credit Card
ORD_13070,CUST_1456,2026-08-15 21:00:00,6999,completed,UPI
ORD_17042,CUST_0410,2026-08-15 21:03:20,3999,completed,UPI
ORD_17922,CUST_1569,2026-08-15 21:17:29,899,completed,Debit Card
ORD_13629,CUST_0786,2026-08-15 21:25:25,1499,completed,Credit Card
ORD_13655,CUST_1474,2026-08-15 21:52:23,1499,completed,COD
ORD_16365,CUST_0440,2026-08-15 21:56:51,9498,completed,UPI
ORD_12138,CUST_0524,2026-08-15 22:00:00,899,completed,UPI
ORD_13031,CUST_1417,2026-08-15 22:00:00,1299,completed,COD
ORD_13270,CUST_1656,2026-08-15 22:00:00,3999,completed,UPI
ORD_13412,CUST_1798,2026-08-15 22:00:00,899,completed,Debit Card
ORD_13582,CUST_1968,2026-08-15 22:00:00,3999,completed,UPI
ORD_19597,CUST_1876,2026-08-15 22:10:18,3999,completed,Debit Card
ORD_12190,CUST_0576,2026-08-15 23:00:00,1899,completed,UPI
ORD_12912,CUST_1298,2026-08-15 23:00:00,6999,completed,UPI
ORD_12916,CUST_1302,2026-08-15 23:00:00,3999,completed,Credit Card
ORD_13029,CUST_1415,2026-08-15 23:00:00,2799,completed,UPI
ORD_13682,CUST_0437,2026-08-15 23:27:26,1499,completed,UPI
ORD_15269,CUST_0829,2026-08-15 23:34:31,948,completed,Debit Card
ORD_12761,CUST_1147,2026-08-16 00:00:00,699,completed,UPI
ORD_13212,CUST_1598,2026-08-16 00:00:00,1299,completed,Credit Card
ORD_14855,CUST_0977,2026-08-16 00:06:17,798,completed,UPI
ORD_13863,CUST_1726,2026-08-16 00:19:44,2999,completed,UPI
ORD_18126,CUST_1987,2026-08-16 00:36:22,299,completed,UPI
ORD_11911,CUST_0297,2026-08-16 01:00:00,4999,completed,UPI
ORD_12025,CUST_0411,2026-08-16 01:00:00,799,completed,UPI
ORD_12233,CUST_0619,2026-08-16 01:00:00,3299,completed,UPI
ORD_18873,CUST_1939,2026-08-16 01:11:29,5499,completed,UPI
ORD_19790,CUST_1531,2026-08-16 01:29:33,3299,completed,COD
ORD_15678,CUST_1418,2026-08-16 01:35:53,10298,completed,Credit Card
ORD_11927,CUST_0313,2026-08-16 02:00:00,1899,completed,UPI
ORD_12082,CUST_0468,2026-08-16 02:00:00,5499,completed,COD
ORD_12751,CUST_1137,2026-08-16 02:00:00,999,completed,UPI
ORD_14831,CUST_1068,2026-08-16 02:43:22,1298,completed,UPI
ORD_12036,CUST_0422,2026-08-16 03:00:00,999,completed,UPI
ORD_12514,CUST_0900,2026-08-16 03:00:00,2199,completed,COD
ORD_12654,CUST_1040,2026-08-16 03:00:00,2799,completed,UPI
ORD_12727,CUST_1113,2026-08-16 03:00:00,2499,completed,Debit Card
ORD_18206,CUST_1827,2026-08-16 03:44:31,1899,completed,UPI
ORD_19483,CUST_1058,2026-08-16 03:56:47,299,completed,UPI
ORD_12332,CUST_0718,2026-08-16 04:00:00,699,completed,COD
ORD_13586,CUST_1972,2026-08-16 04:00:00,2799,completed,UPI
ORD_13672,CUST_1321,2026-08-16 04:12:02,1499,completed,Debit Card
ORD_12070,CUST_0456,2026-08-16 05:00:00,799,completed,UPI
ORD_12732,CUST_1118,2026-08-16 05:00:00,3299,completed,Credit Card
ORD_13457,CUST_1843,2026-08-16 05:00:00,3999,completed,UPI
ORD_13604,CUST_1990,2026-08-16 05:00:00,2499,completed,Credit Card
ORD_17542,CUST_1570,2026-08-16 05:04:17,1899,completed,UPI
ORD_19831,CUST_1491,2026-08-16 05:10:22,4299,completed,Debit Card
ORD_16258,CUST_0375,2026-08-16 05:53:02,5898,completed,COD
ORD_12323,CUST_0709,2026-08-16 06:00:00,1499,completed,UPI
ORD_12820,CUST_1206,2026-08-16 06:00:00,2199,completed,UPI
ORD_13418,CUST_1804,2026-08-16 06:00:00,1899,completed,UPI
ORD_13859,CUST_1601,2026-08-16 06:05:19,2999,completed,UPI
ORD_13671,CUST_0704,2026-08-16 06:06:06,1499,completed,UPI
ORD_16757,CUST_1975,2026-08-16 06:43:48,499,completed,UPI
ORD_19190,CUST_0718,2026-08-16 07:41:26,499,completed,Credit Card
ORD_16412,CUST_0991,2026-08-16 08:01:28,4398,completed,COD
ORD_13695,CUST_1123,2026-08-16 08:09:07,1499,completed,UPI
ORD_14902,CUST_0843,2026-08-16 08:27:28,1098,completed,Debit Card
ORD_13706,CUST_1638,2026-08-16 08:58:33,1499,completed,COD
ORD_15655,CUST_0687,2026-08-16 09:42:57,1398,completed,UPI
ORD_15683,CUST_1094,2026-08-16 10:36:29,5998,completed,UPI
ORD_13660,CUST_0708,2026-08-16 11:15:12,1499,completed,UPI
ORD_13661,CUST_0366,2026-08-16 11:16:21,1499,completed,Credit Card
ORD_13639,CUST_1181,2026-08-16 11:27:24,1499,completed,COD
ORD_18102,CUST_0453,2026-08-16 12:27:14,499,completed,COD
ORD_13865,CUST_1833,2026-08-16 13:05:16,2999,completed,COD
ORD_17734,CUST_1928,2026-08-16 13:37:44,1499,completed,Debit Card
ORD_15014,CUST_0869,2026-08-16 14:21:49,1498,completed,UPI
ORD_13624,CUST_0785,2026-08-16 14:31:16,1499,completed,UPI
ORD_13651,CUST_1966,2026-08-16 14:44:03,1499,completed,Credit Card
ORD_18733,CUST_0868,2026-08-16 14:59:19,1899,completed,UPI
ORD_13701,CUST_1312,2026-08-16 15:32:37,1499,completed,COD
ORD_14181,CUST_1320,2026-08-16 15:59:16,1198,completed,Debit Card
ORD_17090,CUST_1761,2026-08-16 16:02:36,799,completed,UPI
ORD_13649,CUST_0789,2026-08-16 16:10:13,1499,completed,UPI
ORD_19959,CUST_1982,2026-08-16 16:44:18,1299,completed,UPI
ORD_13680,CUST_1485,2026-08-16 16:56:01,1499,completed,Debit Card
ORD_13886,CUST_1237,2026-08-16 17:08:14,2999,completed,UPI
ORD_13691,CUST_1167,2026-08-16 17:37:48,1499,completed,UPI
ORD_13472,CUST_1858,2026-08-16 18:00:00,5499,completed,COD
ORD_17701,CUST_1489,2026-08-16 18:30:06,899,completed,Debit Card
ORD_13009,CUST_1395,2026-08-16 19:00:00,899,completed,COD
ORD_13428,CUST_1814,2026-08-16 19:00:00,5499,completed,UPI
ORD_13480,CUST_1866,2026-08-16 19:00:00,3299,completed,Credit Card
ORD_18204,CUST_0484,2026-08-16 19:01:06,1299,completed,COD
ORD_16950,CUST_1323,2026-08-16 19:12:16,799,completed,Debit Card
ORD_15177,CUST_1598,2026-08-16 19:32:49,1248,completed,COD
ORD_13461,CUST_1847,2026-08-16 20:00:00,799,completed,Debit Card
ORD_13544,CUST_1930,2026-08-16 20:00:00,4999,completed,Credit Card
ORD_13665,CUST_1775,2026-08-16 20:07:03,1499,completed,COD
ORD_19164,CUST_0614,2026-08-16 20:07:33,299,completed,UPI
ORD_11887,CUST_0273,2026-08-16 21:00:00,2499,completed,Credit Card
ORD_11969,CUST_0355,2026-08-16 21:00:00,2799,completed,UPI
ORD_12975,CUST_1361,2026-08-16 21:00:00,3299,completed,UPI
ORD_12995,CUST_1381,2026-08-16 21:00:00,1499,completed,UPI
ORD_17804,CUST_1665,2026-08-16 21:18:51,299,completed,UPI
ORD_17373,CUST_1913,2026-08-16 21:40:09,2499,completed,COD
ORD_12167,CUST_0553,2026-08-16 22:00:00,3299,completed,COD
ORD_12922,CUST_1308,2026-08-16 22:00:00,3299,completed,UPI
ORD_13689,CUST_0995,2026-08-16 22:01:40,1499,completed,Debit Card
ORD_15610,CUST_0888,2026-08-16 22:07:12,948,completed,Credit Card
ORD_18408,CUST_0818,2026-08-16 22:20:40,1899,failed,UPI
ORD_12094,CUST_0480,2026-08-16 23:00:00,6999,completed,Debit Card
ORD_12279,CUST_0665,2026-08-16 23:00:00,1899,completed,Debit Card
ORD_13011,CUST_1397,2026-08-16 23:00:00,2799,completed,UPI
ORD_13326,CUST_1712,2026-08-16 23:00:00,3299,completed,COD
ORD_14579,CUST_1349,2026-08-16 23:06:50,848,completed,UPI
ORD_15935,CUST_0283,2026-08-16 23:46:30,8898,completed,Debit Card
ORD_12792,CUST_1178,2026-08-17 00:00:00,2799,completed,Credit Card
ORD_12851,CUST_1237,2026-08-17 00:00:00,799,completed,UPI
ORD_13425,CUST_1811,2026-08-17 00:00:00,699,completed,UPI
ORD_13652,CUST_1870,2026-08-17 00:08:13,1499,completed,Credit Card
ORD_13621,CUST_0980,2026-08-17 00:51:59,1499,completed,Debit Card
ORD_16232,CUST_1998,2026-08-17 00:56:44,5298,completed,COD
ORD_12466,CUST_0852,2026-08-17 01:00:00,3999,completed,UPI
ORD_17038,CUST_1973,2026-08-17 01:44:51,1999,completed,Debit Card
ORD_13892,CUST_0696,2026-08-17 01:51:12,2999,completed,UPI
ORD_13687,CUST_0888,2026-08-17 01:51:37,1499,completed,UPI
ORD_11966,CUST_0352,2026-08-17 02:00:00,1299,completed,UPI
ORD_13269,CUST_1655,2026-08-17 02:00:00,3299,completed,COD
ORD_13864,CUST_1842,2026-08-17 02:29:25,2999,completed,Debit Card
ORD_13683,CUST_1762,2026-08-17 02:33:31,1499,completed,Debit Card
ORD_12536,CUST_0922,2026-08-17 03:00:00,4999,completed,COD
ORD_13244,CUST_1630,2026-08-17 03:00:00,999,completed,Debit Card
ORD_13694,CUST_0797,2026-08-17 03:18:50,1499,completed,UPI
ORD_18519,CUST_0582,2026-08-17 03:34:01,1899,completed,Debit Card
ORD_17083,CUST_1267,2026-08-17 03:56:22,999,completed,UPI
ORD_12488,CUST_0874,2026-08-17 04:00:00,699,completed,UPI
ORD_12534,CUST_0920,2026-08-17 04:00:00,899,completed,UPI
ORD_12901,CUST_1287,2026-08-17 04:00:00,1899,completed,COD
ORD_13192,CUST_1578,2026-08-17 04:00:00,1499,completed,COD
ORD_13320,CUST_1706,2026-08-17 04:00:00,899,completed,UPI
ORD_15593,CUST_1135,2026-08-17 04:03:44,1298,completed,Debit Card
ORD_13874,CUST_0291,2026-08-17 04:07:53,2999,completed,UPI
ORD_13643,CUST_0749,2026-08-17 04:24:57,1499,completed,Debit Card
ORD_15656,CUST_0543,2026-08-17 04:42:41,1148,completed,UPI
ORD_13880,CUST_1738,2026-08-17 04:50:08,2999,completed,Debit Card
ORD_12788,CUST_1174,2026-08-17 05:00:00,999,completed,UPI
ORD_13062,CUST_1448,2026-08-17 05:00:00,1899,completed,UPI
ORD_13165,CUST_1551,2026-08-17 05:00:00,699,completed,UPI
ORD_16048,CUST_0980,2026-08-17 05:29:55,5698,completed,Credit Card
ORD_16022,CUST_1059,2026-08-17 05:33:55,4698,completed,UPI
ORD_12824,CUST_1210,2026-08-17 06:00:00,3299,completed,UPI
ORD_13871,CUST_1971,2026-08-17 07:40:52,2999,completed,Debit Card
ORD_14251,CUST_1965,2026-08-17 07:47:07,1498,completed,UPI
ORD_13657,CUST_1500,2026-08-17 08:06:16,1499,completed,COD
ORD_13853,CUST_1641,2026-08-17 08:22:52,2999,completed,COD
ORD_14953,CUST_1486,2026-08-17 08:47:02,1298,completed,UPI
ORD_17317,CUST_0397,2026-08-17 09:18:00,699,completed,COD
ORD_13644,CUST_0405,2026-08-17 09:57:45,1499,completed,COD
ORD_18630,CUST_1966,2026-08-17 09:57:57,5499,completed,Debit Card
ORD_14922,CUST_1036,2026-08-17 10:18:36,748,completed,Credit Card
ORD_19133,CUST_0759,2026-08-17 10:26:32,899,completed,Debit Card
ORD_19471,CUST_1355,2026-08-17 10:53:37,1299,completed,UPI
ORD_18073,CUST_0647,2026-08-17 10:53:59,3299,completed,COD
ORD_18181,CUST_1476,2026-08-17 12:13:44,599,completed,UPI
ORD_13679,CUST_1022,2026-08-17 12:28:46,1499,completed,Debit Card
ORD_16110,CUST_0593,2026-08-17 13:04:43,4798,completed,UPI
ORD_17824,CUST_0597,2026-08-17 13:41:26,499,completed,UPI
ORD_13766,CUST_1374,2026-08-17 14:49:50,1499,completed,Credit Card
ORD_18209,CUST_0342,2026-08-17 15:00:48,599,completed,UPI
ORD_16447,CUST_0851,2026-08-17 16:17:30,3198,completed,UPI
ORD_17880,CUST_0664,2026-08-17 16:25:26,699,completed,Credit Card
ORD_19266,CUST_1236,2026-08-17 16:51:31,799,completed,COD
ORD_19995,CUST_0886,2026-08-17 17:57:00,6999,completed,Credit Card
ORD_11965,CUST_0351,2026-08-17 18:00:00,899,completed,UPI
ORD_12030,CUST_0416,2026-08-17 18:00:00,2799,completed,UPI
ORD_13925,CUST_0270,2026-08-17 18:44:28,2999,completed,UPI
ORD_13944,CUST_1849,2026-08-17 18:55:22,2999,completed,Credit Card
ORD_12108,CUST_0494,2026-08-17 19:00:00,999,completed,Debit Card
ORD_12362,CUST_0748,2026-08-17 19:00:00,2799,completed,UPI
ORD_12896,CUST_1282,2026-08-17 19:00:00,5499,completed,Credit Card
ORD_13027,CUST_1413,2026-08-17 19:00:00,6999,completed,Credit Card
ORD_13172,CUST_1558,2026-08-17 19:00:00,1299,completed,COD
ORD_18598,CUST_0906,2026-08-17 19:32:10,2799,completed,UPI
ORD_12312,CUST_0698,2026-08-17 20:00:00,2199,completed,Credit Card
ORD_12381,CUST_0767,2026-08-17 20:00:00,1899,completed,UPI
ORD_12660,CUST_1046,2026-08-17 20:00:00,3999,completed,Credit Card
ORD_12670,CUST_1056,2026-08-17 20:00:00,999,completed,Credit Card
ORD_13046,CUST_1432,2026-08-17 20:00:00,1499,completed,COD
ORD_19969,CUST_0446,2026-08-17 20:04:09,1899,completed,COD
ORD_19256,CUST_1186,2026-08-17 20:14:44,3999,completed,Debit Card
ORD_13740,CUST_1136,2026-08-17 20:25:26,1499,completed,Debit Card
ORD_18641,CUST_1067,2026-08-17 20:59:47,999,completed,UPI
ORD_11953,CUST_0339,2026-08-17 21:00:00,2499,completed,UPI
ORD_13296,CUST_1682,2026-08-17 21:00:00,1899,completed,UPI
ORD_13475,CUST_1861,2026-08-17 21:00:00,2799,completed,COD
ORD_13556,CUST_1942,2026-08-17 21:00:00,1899,completed,UPI
ORD_16732,CUST_0306,2026-08-17 21:19:35,1499,completed,UPI
ORD_13724,CUST_1145,2026-08-17 21:27:45,1499,completed,UPI
ORD_11997,CUST_0383,2026-08-17 22:00:00,3299,completed,Credit Card
ORD_13404,CUST_1790,2026-08-17 22:00:00,4999,completed,UPI
ORD_17744,CUST_1066,2026-08-17 22:25:14,699,completed,Debit Card
ORD_12394,CUST_0780,2026-08-17 23:00:00,1499,completed,Credit Card
ORD_12453,CUST_0839,2026-08-17 23:00:00,3999,completed,Credit Card
ORD_12634,CUST_1020,2026-08-17 23:00:00,3999,completed,UPI
ORD_16531,CUST_0791,2026-08-17 23:09:14,999,completed,Debit Card
ORD_13757,CUST_0917,2026-08-17 23:11:39,1499,completed,UPI
ORD_12194,CUST_0580,2026-08-18 00:00:00,5499,completed,Debit Card
ORD_13575,CUST_1961,2026-08-18 00:00:00,999,completed,Debit Card
ORD_16713,CUST_0432,2026-08-18 00:00:14,3299,completed,UPI
ORD_15916,CUST_1392,2026-08-18 00:03:10,1998,completed,UPI
ORD_14674,CUST_0541,2026-08-18 00:54:42,1198,completed,UPI
ORD_11929,CUST_0315,2026-08-18 01:00:00,3999,completed,Credit Card
ORD_12273,CUST_0659,2026-08-18 01:00:00,3299,completed,UPI
ORD_12315,CUST_0701,2026-08-18 01:00:00,2499,completed,UPI
ORD_12531,CUST_0917,2026-08-18 01:00:00,6999,completed,Credit Card
ORD_14197,CUST_1233,2026-08-18 01:03:27,1698,completed,Credit Card
ORD_13736,CUST_1523,2026-08-18 01:58:03,1499,completed,Credit Card
ORD_12261,CUST_0647,2026-08-18 02:00:00,1899,completed,UPI
ORD_13765,CUST_1557,2026-08-18 02:11:02,1499,completed,Debit Card
ORD_15992,CUST_1733,2026-08-18 02:28:13,9798,completed,UPI
ORD_14643,CUST_0775,2026-08-18 02:56:02,1398,completed,Debit Card
ORD_11981,CUST_0367,2026-08-18 03:00:00,6999,completed,UPI
ORD_12040,CUST_0426,2026-08-18 03:00:00,1499,completed,Debit Card
ORD_13720,CUST_0865,2026-08-18 03:09:21,1499,completed,Debit Card
ORD_13928,CUST_0500,2026-08-18 03:11:50,2999,completed,UPI
ORD_16721,CUST_1158,2026-08-18 03:12:43,1999,completed,UPI
ORD_12469,CUST_0855,2026-08-18 04:00:00,1899,completed,COD
ORD_13043,CUST_1429,2026-08-18 04:00:00,899,completed,COD
ORD_13400,CUST_1786,2026-08-18 04:00:00,999,completed,Debit Card
ORD_13523,CUST_1909,2026-08-18 04:00:00,2199,completed,UPI
ORD_13782,CUST_1911,2026-08-18 04:21:35,1499,completed,UPI
ORD_17966,CUST_1033,2026-08-18 04:40:08,2199,completed,Credit Card
ORD_12269,CUST_0655,2026-08-18 05:00:00,699,completed,Debit Card
ORD_13262,CUST_1648,2026-08-18 05:00:00,5499,completed,UPI
ORD_13295,CUST_1681,2026-08-18 05:00:00,3299,completed,COD
ORD_14907,CUST_0913,2026-08-18 05:16:35,1098,completed,UPI
ORD_18847,CUST_1902,2026-08-18 05:58:17,1299,completed,Credit Card
ORD_13227,CUST_1613,2026-08-18 06:00:00,1299,completed,UPI
ORD_15609,CUST_1857,2026-08-18 06:11:10,1298,completed,Credit Card
ORD_17313,CUST_1610,2026-08-18 06:33:19,699,completed,UPI
ORD_19174,CUST_0721,2026-08-18 06:39:21,4299,completed,UPI
ORD_16133,CUST_1536,2026-08-18 06:46:18,3798,completed,UPI
ORD_13903,CUST_1831,2026-08-18 07:44:40,2999,completed,UPI
ORD_13934,CUST_0857,2026-08-18 07:58:29,2999,completed,COD
ORD_13789,CUST_1131,2026-08-18 08:01:12,1499,completed,UPI
ORD_13760,CUST_1089,2026-08-18 08:24:08,1499,completed,Credit Card
ORD_13741,CUST_1972,2026-08-18 08:28:10,1499,completed,UPI
ORD_13726,CUST_0576,2026-08-18 08:51:45,1499,completed,Credit Card
ORD_13893,CUST_1675,2026-08-18 09:12:41,2999,completed,Credit Card
ORD_14255,CUST_0449,2026-08-18 09:22:14,1298,completed,COD
ORD_19973,CUST_1735,2026-08-18 10:08:35,6999,completed,UPI
ORD_16383,CUST_1663,2026-08-18 10:27:56,7298,completed,UPI
ORD_15383,CUST_1530,2026-08-18 11:24:10,1398,completed,UPI
ORD_19129,CUST_0404,2026-08-18 11:28:18,5499,completed,UPI
ORD_13742,CUST_0880,2026-08-18 11:30:40,1499,completed,UPI
ORD_17967,CUST_0563,2026-08-18 11:51:11,599,completed,UPI
ORD_16769,CUST_1407,2026-08-18 12:12:43,249,completed,COD
ORD_19088,CUST_0880,2026-08-18 13:02:47,2499,completed,UPI
ORD_17188,CUST_1570,2026-08-18 13:20:04,599,completed,UPI
ORD_15666,CUST_1970,2026-08-18 13:30:36,948,completed,UPI
ORD_13909,CUST_1925,2026-08-18 16:04:51,2999,completed,COD
ORD_15713,CUST_1464,2026-08-18 16:34:05,5698,completed,UPI
ORD_18926,CUST_1916,2026-08-18 17:55:56,3999,completed,COD
ORD_12174,CUST_0560,2026-08-18 18:00:00,1499,completed,UPI
ORD_13232,CUST_1618,2026-08-18 18:00:00,1899,completed,UPI
ORD_13756,CUST_1528,2026-08-18 18:21:30,1499,completed,Credit Card
ORD_13942,CUST_0913,2026-08-18 18:26:41,2999,completed,UPI
ORD_16280,CUST_1523,2026-08-18 18:28:14,3198,completed,UPI
ORD_12971,CUST_1357,2026-08-18 19:00:00,3299,completed,UPI
ORD_13492,CUST_1878,2026-08-18 19:00:00,2499,completed,UPI
ORD_15776,CUST_1128,2026-08-18 19:13:50,12498,completed,UPI
ORD_18549,CUST_0699,2026-08-18 19:19:22,2799,completed,UPI
ORD_14989,CUST_1373,2026-08-18 19:23:05,998,completed,Debit Card
ORD_13728,CUST_0958,2026-08-18 19:46:14,1499,completed,Credit Card
ORD_17470,CUST_0768,2026-08-18 19:56:02,2799,refunded,UPI
ORD_13003,CUST_1389,2026-08-18 20:00:00,4999,completed,UPI
ORD_13039,CUST_1425,2026-08-18 20:00:00,3999,completed,Debit Card
ORD_13916,CUST_1429,2026-08-18 20:03:36,2999,completed,UPI
ORD_18558,CUST_1086,2026-08-18 20:04:41,3999,completed,Credit Card
ORD_13770,CUST_1324,2026-08-18 20:27:46,1499,completed,UPI
ORD_12248,CUST_0634,2026-08-18 21:00:00,1299,completed,UPI
ORD_12579,CUST_0965,2026-08-18 21:00:00,1499,completed,UPI
ORD_13093,CUST_1479,2026-08-18 21:00:00,2499,completed,UPI
ORD_14512,CUST_1452,2026-08-18 21:35:41,1198,completed,Credit Card
ORD_12060,CUST_0446,2026-08-18 22:00:00,2799,completed,COD
ORD_13154,CUST_1540,2026-08-18 22:00:00,3999,completed,Credit Card
ORD_19794,CUST_1400,2026-08-18 22:35:25,1899,completed,UPI
ORD_13743,CUST_1965,2026-08-18 22:53:52,1499,completed,Debit Card
ORD_12244,CUST_0630,2026-08-18 23:00:00,5499,completed,Debit Card
ORD_12631,CUST_1017,2026-08-18 23:00:00,699,completed,UPI
ORD_12888,CUST_1274,2026-08-18 23:00:00,2499,completed,COD
ORD_19378,CUST_0275,2026-08-18 23:06:56,499,completed,UPI
ORD_13923,CUST_0357,2026-08-19 00:04:15,2999,completed,UPI
ORD_17916,CUST_1181,2026-08-19 00:11:40,299,completed,Credit Card
ORD_17180,CUST_1721,2026-08-19 00:13:41,1999,completed,Debit Card
ORD_12423,CUST_0809,2026-08-19 01:00:00,3999,completed,UPI
ORD_18448,CUST_1073,2026-08-19 01:31:38,2799,completed,UPI
ORD_14911,CUST_1524,2026-08-19 01:32:58,1498,completed,UPI
ORD_13897,CUST_1584,2026-08-19 01:55:23,2999,completed,UPI
ORD_12097,CUST_0483,2026-08-19 02:00:00,1899,completed,Credit Card
ORD_12232,CUST_0618,2026-08-19 02:00:00,1499,completed,UPI
ORD_13732,CUST_1385,2026-08-19 02:25:32,1499,completed,UPI
ORD_13199,CUST_1585,2026-08-19 03:00:00,1299,completed,UPI
ORD_13378,CUST_1764,2026-08-19 03:00:00,3299,completed,Credit Card
ORD_14072,CUST_0705,2026-08-19 03:02:58,1148,completed,COD
ORD_12379,CUST_0765,2026-08-19 04:00:00,699,completed,COD
ORD_13075,CUST_1461,2026-08-19 04:00:00,3999,completed,COD
ORD_15339,CUST_0538,2026-08-19 04:03:32,948,completed,Credit Card
ORD_19686,CUST_0517,2026-08-19 04:17:05,299,completed,UPI
ORD_13912,CUST_0814,2026-08-19 04:30:22,2999,completed,UPI
ORD_13905,CUST_1705,2026-08-19 04:41:37,2999,completed,Credit Card
ORD_12697,CUST_1083,2026-08-19 05:00:00,699,completed,COD
ORD_13783,CUST_0520,2026-08-19 05:15:14,1499,completed,COD
ORD_12089,CUST_0475,2026-08-19 06:00:00,2799,completed,COD
ORD_12558,CUST_0944,2026-08-19 06:00:00,899,completed,UPI
ORD_12892,CUST_1278,2026-08-19 06:00:00,5499,completed,UPI
ORD_13907,CUST_1660,2026-08-19 06:03:30,2999,completed,UPI
ORD_16057,CUST_1768,2026-08-19 06:16:06,2298,completed,COD
ORD_16016,CUST_1199,2026-08-19 06:16:51,5198,completed,UPI
ORD_19501,CUST_1833,2026-08-19 06:27:01,599,completed,COD
ORD_14350,CUST_1768,2026-08-19 07:28:50,948,completed,Credit Card
ORD_13922,CUST_0609,2026-08-19 08:26:23,2999,completed,UPI
ORD_16827,CUST_1456,2026-08-19 09:12:10,699,failed,COD
ORD_13738,CUST_1248,2026-08-19 10:04:50,1499,completed,Debit Card
ORD_13727,CUST_0289,2026-08-19 10:32:58,1499,completed,Debit Card
ORD_16539,CUST_0789,2026-08-19 11:00:31,4999,completed,Credit Card
ORD_18635,CUST_1502,2026-08-19 11:05:42,4299,completed,UPI
ORD_19125,CUST_1378,2026-08-19 11:19:58,799,completed,Credit Card
ORD_19467,CUST_0710,2026-08-19 11:32:17,3999,completed,UPI
ORD_16851,CUST_0404,2026-08-19 11:37:56,1899,completed,Credit Card
ORD_13729,CUST_0557,2026-08-19 12:32:50,1499,completed,UPI
ORD_17361,CUST_1811,2026-08-19 12:36:15,799,completed,UPI
ORD_18502,CUST_1973,2026-08-19 12:40:29,299,completed,Credit Card
ORD_19607,CUST_1256,2026-08-19 13:26:13,1499,completed,Debit Card
ORD_13745,CUST_1620,2026-08-19 13:32:54,1499,completed,UPI
ORD_14160,CUST_1040,2026-08-19 14:04:24,1198,completed,UPI
ORD_14036,CUST_0702,2026-08-19 14:08:42,948,completed,UPI
ORD_13753,CUST_0310,2026-08-19 14:13:36,1499,completed,UPI
ORD_17257,CUST_0667,2026-08-19 16:23:33,3299,completed,Debit Card
ORD_14903,CUST_1368,2026-08-19 16:27:58,1048,completed,UPI
ORD_19795,CUST_0915,2026-08-19 16:46:37,899,completed,UPI
ORD_17853,CUST_1010,2026-08-19 17:19:25,3499,completed,UPI
ORD_19346,CUST_0420,2026-08-19 17:50:54,599,completed,Debit Card
ORD_12016,CUST_0402,2026-08-19 18:00:00,1299,completed,UPI
ORD_12043,CUST_0429,2026-08-19 18:00:00,1899,completed,UPI
ORD_12723,CUST_1109,2026-08-19 18:00:00,1499,completed,UPI
ORD_19660,CUST_0583,2026-08-19 18:13:51,799,completed,UPI
ORD_13784,CUST_1492,2026-08-19 18:35:53,1499,completed,UPI
ORD_12137,CUST_0523,2026-08-19 19:00:00,3999,completed,UPI
ORD_12223,CUST_0609,2026-08-19 19:00:00,1899,completed,UPI
ORD_12296,CUST_0682,2026-08-19 19:00:00,6999,completed,COD
ORD_14810,CUST_1629,2026-08-19 19:08:45,898,completed,UPI
ORD_13067,CUST_1453,2026-08-19 20:00:00,1299,completed,Credit Card
ORD_13114,CUST_1500,2026-08-19 20:00:00,6999,completed,UPI
ORD_15912,CUST_0817,2026-08-19 20:03:20,6098,completed,UPI
ORD_13749,CUST_0965,2026-08-19 20:20:43,1499,completed,UPI
ORD_16416,CUST_0312,2026-08-19 20:32:19,4798,completed,Credit Card
ORD_11913,CUST_0299,2026-08-19 21:00:00,699,completed,Credit Card
ORD_12495,CUST_0881,2026-08-19 21:00:00,2799,completed,UPI
ORD_12845,CUST_1231,2026-08-19 21:00:00,3999,completed,COD
ORD_12853,CUST_1239,2026-08-19 21:00:00,1899,completed,Debit Card
ORD_12986,CUST_1372,2026-08-19 21:00:00,3299,completed,UPI
ORD_13409,CUST_1795,2026-08-19 21:00:00,5499,completed,Credit Card
ORD_16059,CUST_1679,2026-08-19 21:27:33,2198,completed,Credit Card
ORD_17455,CUST_1931,2026-08-19 21:37:01,3499,completed,COD
ORD_17938,CUST_0507,2026-08-19 21:54:47,2499,completed,Debit Card
ORD_13160,CUST_1546,2026-08-19 22:00:00,4999,completed,COD
ORD_19149,CUST_0267,2026-08-19 22:42:02,349,completed,UPI
ORD_17360,CUST_1403,2026-08-19 22:44:06,3999,completed,COD
ORD_13940,CUST_0549,2026-08-19 22:47:39,2999,completed,UPI
ORD_14888,CUST_1219,2026-08-19 23:07:33,1198,completed,UPI
ORD_17801,CUST_1880,2026-08-19 23:44:49,499,completed,UPI
ORD_13943,CUST_0273,2026-08-19 23:50:00,2999,completed,COD
ORD_12930,CUST_1316,2026-08-20 00:00:00,1899,completed,COD
ORD_13606,CUST_1992,2026-08-20 00:00:00,1299,completed,UPI
ORD_18084,CUST_0905,2026-08-20 00:07:43,2499,completed,Credit Card
ORD_12334,CUST_0720,2026-08-20 01:00:00,1299,completed,Credit Card
ORD_12460,CUST_0846,2026-08-20 01:00:00,699,completed,COD
ORD_12931,CUST_1317,2026-08-20 01:00:00,899,completed,UPI
ORD_19649,CUST_1392,2026-08-20 02:08:52,699,completed,UPI
ORD_19146,CUST_1434,2026-08-20 02:18:27,599,completed,Debit Card
ORD_11970,CUST_0356,2026-08-20 03:00:00,1499,completed,UPI
ORD_12530,CUST_0916,2026-08-20 03:00:00,6999,completed,UPI
ORD_12949,CUST_1335,2026-08-20 03:00:00,3999,completed,Debit Card
ORD_13919,CUST_1426,2026-08-20 03:11:35,2999,completed,UPI
ORD_19349,CUST_1919,2026-08-20 03:44:06,1499,completed,UPI
ORD_12728,CUST_1114,2026-08-20 04:00:00,3999,completed,UPI
ORD_12944,CUST_1330,2026-08-20 04:00:00,1899,completed,UPI
ORD_13442,CUST_1828,2026-08-20 04:00:00,1899,completed,Debit Card
ORD_13747,CUST_0742,2026-08-20 04:08:27,1499,completed,Credit Card
ORD_16728,CUST_0806,2026-08-20 04:28:59,1499,completed,UPI
ORD_12069,CUST_0455,2026-08-20 05:00:00,1299,completed,UPI
ORD_12649,CUST_1035,2026-08-20 05:00:00,4999,completed,UPI
ORD_13126,CUST_1512,2026-08-20 05:00:00,3299,completed,UPI
ORD_13357,CUST_1743,2026-08-20 05:00:00,1499,completed,COD
ORD_15146,CUST_1531,2026-08-20 05:18:26,1598,completed,Credit Card
ORD_13894,CUST_1500,2026-08-20 05:20:05,2999,completed,Credit Card
ORD_12237,CUST_0623,2026-08-20 06:00:00,1299,completed,UPI
ORD_13020,CUST_1406,2026-08-20 06:00:00,2199,completed,COD
ORD_13073,CUST_1459,2026-08-20 06:00:00,899,completed,COD
ORD_18818,CUST_1903,2026-08-20 06:37:57,699,completed,UPI
ORD_16136,CUST_0828,2026-08-20 07:32:28,6998,completed,UPI
ORD_13924,CUST_0645,2026-08-20 08:59:52,2999,completed,UPI
ORD_17211,CUST_0611,2026-08-20 09:14:53,499,completed,Debit Card
ORD_17903,CUST_0737,2026-08-20 09:27:40,2499,completed,Credit Card
ORD_13908,CUST_1037,2026-08-20 09:44:07,2999,completed,UPI
ORD_13915,CUST_1333,2026-08-20 10:35:03,2999,completed,UPI
ORD_19521,CUST_0318,2026-08-20 10:45:09,249,completed,COD
ORD_18620,CUST_1815,2026-08-20 11:46:53,3299,completed,COD
ORD_19872,CUST_0729,2026-08-20 12:02:33,2499,completed,Debit Card
ORD_18627,CUST_1791,2026-08-20 12:18:56,2799,completed,UPI
ORD_13730,CUST_1453,2026-08-20 12:49:29,1499,completed,COD
ORD_18705,CUST_1041,2026-08-20 12:54:29,4999,completed,Debit Card
ORD_13936,CUST_0919,2026-08-20 13:03:39,2999,completed,COD
ORD_19145,CUST_1806,2026-08-20 13:42:35,999,completed,UPI
ORD_15084,CUST_1158,2026-08-20 13:55:51,1498,completed,UPI
ORD_13744,CUST_1815,2026-08-20 14:19:05,1499,completed,UPI
ORD_13775,CUST_1914,2026-08-20 14:31:10,1499,completed,COD
ORD_19565,CUST_1479,2026-08-20 14:41:53,5499,completed,UPI
ORD_16518,CUST_0792,2026-08-20 15:24:18,4598,completed,COD
ORD_13911,CUST_1046,2026-08-20 15:35:05,2999,completed,UPI
ORD_13750,CUST_0355,2026-08-20 16:07:55,1499,completed,UPI
ORD_18327,CUST_0401,2026-08-20 16:10:08,4299,completed,UPI
ORD_15895,CUST_1632,2026-08-20 16:12:49,2798,completed,UPI
ORD_13899,CUST_1315,2026-08-20 16:24:25,2999,completed,Debit Card
ORD_17781,CUST_1855,2026-08-20 16:53:22,799,completed,Credit Card
ORD_13737,CUST_0547,2026-08-20 17:18:10,1499,completed,Credit Card
ORD_13763,CUST_1699,2026-08-20 17:20:58,1499,completed,Debit Card
ORD_18397,CUST_1004,2026-08-20 17:49:18,2799,completed,COD
ORD_12218,CUST_0604,2026-08-20 18:00:00,3299,completed,COD
ORD_12664,CUST_1050,2026-08-20 18:00:00,3299,completed,Credit Card
ORD_12818,CUST_1204,2026-08-20 18:00:00,1899,completed,UPI
ORD_13781,CUST_1470,2026-08-20 18:05:07,1499,completed,UPI
ORD_13755,CUST_0562,2026-08-20 18:21:58,1499,completed,UPI
ORD_19716,CUST_0510,2026-08-20 18:34:16,5499,completed,COD
ORD_12183,CUST_0569,2026-08-20 19:00:00,1899,completed,Debit Card
ORD_12877,CUST_1263,2026-08-20 19:00:00,2799,completed,UPI
ORD_12880,CUST_1266,2026-08-20 19:00:00,3299,completed,UPI
ORD_13723,CUST_0775,2026-08-20 19:08:15,1499,completed,Debit Card
ORD_13773,CUST_1037,2026-08-20 19:11:40,1499,completed,Debit Card
ORD_12188,CUST_0574,2026-08-20 20:00:00,6999,completed,UPI
ORD_12663,CUST_1049,2026-08-20 20:00:00,2799,completed,Debit Card
ORD_13230,CUST_1616,2026-08-20 20:00:00,2499,completed,UPI
ORD_13769,CUST_1172,2026-08-20 20:53:47,1499,completed,Credit Card
ORD_11996,CUST_0382,2026-08-20 21:00:00,699,completed,Debit Card
ORD_12087,CUST_0473,2026-08-20 21:00:00,2199,completed,COD
ORD_12250,CUST_0636,2026-08-20 21:00:00,1899,completed,Credit Card
ORD_12405,CUST_0791,2026-08-20 21:00:00,3999,completed,UPI
ORD_13111,CUST_1497,2026-08-20 21:00:00,2499,completed,UPI
ORD_13566,CUST_1952,2026-08-20 21:00:00,699,completed,Credit Card
ORD_13768,CUST_0464,2026-08-20 21:04:46,1499,completed,UPI
ORD_19645,CUST_1568,2026-08-20 21:39:51,699,completed,UPI
ORD_13906,CUST_0480,2026-08-20 21:52:42,2999,completed,Credit Card
ORD_11910,CUST_0296,2026-08-20 22:00:00,699,completed,UPI
ORD_12115,CUST_0501,2026-08-20 22:00:00,799,completed,UPI
ORD_12318,CUST_0704,2026-08-20 22:00:00,1899,completed,UPI
ORD_12421,CUST_0807,2026-08-20 22:00:00,4999,completed,UPI
ORD_12512,CUST_0898,2026-08-20 22:00:00,3299,completed,UPI
ORD_12527,CUST_0913,2026-08-20 22:00:00,1299,completed,COD
ORD_13731,CUST_1098,2026-08-20 22:09:46,1499,completed,Debit Card
ORD_14398,CUST_1301,2026-08-20 22:47:32,998,completed,UPI
ORD_14557,CUST_1159,2026-08-20 22:56:44,1098,completed,UPI
ORD_12245,CUST_0631,2026-08-20 23:00:00,1299,completed,Debit Card
ORD_12331,CUST_0717,2026-08-20 23:00:00,3299,completed,UPI
ORD_12347,CUST_0733,2026-08-20 23:00:00,899,completed,Debit Card
ORD_13580,CUST_1966,2026-08-20 23:00:00,2199,completed,Credit Card
ORD_15425,CUST_1853,2026-08-20 23:38:50,948,completed,UPI
ORD_12067,CUST_0453,2026-08-21 00:00:00,2199,completed,Debit Card
ORD_12356,CUST_0742,2026-08-21 00:00:00,1899,completed,Credit Card
ORD_13087,CUST_1473,2026-08-21 00:00:00,899,completed,Credit Card
ORD_13138,CUST_1524,2026-08-21 00:00:00,1499,completed,Debit Card
ORD_13721,CUST_1129,2026-08-21 00:26:28,1499,completed,Debit Card
ORD_13123,CUST_1509,2026-08-21 01:00:00,1899,completed,Credit Card
ORD_11928,CUST_0314,2026-08-21 02:00:00,899,completed,COD
ORD_12556,CUST_0942,2026-08-21 02:00:00,2499,completed,UPI
ORD_12967,CUST_1353,2026-08-21 02:00:00,1899,completed,Credit Card
ORD_13758,CUST_1693,2026-08-21 02:13:18,1499,completed,UPI
ORD_12054,CUST_0440,2026-08-21 03:00:00,5499,completed,Debit Card
ORD_12128,CUST_0514,2026-08-21 03:00:00,2499,completed,UPI
ORD_13503,CUST_1889,2026-08-21 03:00:00,5499,completed,UPI
ORD_19942,CUST_0886,2026-08-21 03:03:59,4299,completed,COD
ORD_12367,CUST_0753,2026-08-21 04:00:00,799,completed,UPI
ORD_12518,CUST_0904,2026-08-21 04:00:00,1299,completed,UPI
ORD_13932,CUST_1940,2026-08-21 04:03:44,2999,completed,UPI
ORD_12879,CUST_1265,2026-08-21 05:00:00,2499,completed,UPI
ORD_13032,CUST_1418,2026-08-21 05:00:00,6999,completed,COD
ORD_13547,CUST_1933,2026-08-21 05:00:00,1899,completed,UPI
ORD_18817,CUST_0628,2026-08-21 05:34:53,699,completed,UPI
ORD_15887,CUST_0570,2026-08-21 05:44:38,7298,completed,UPI
ORD_13754,CUST_0836,2026-08-21 05:59:22,1499,completed,Credit Card
ORD_12795,CUST_1181,2026-08-21 06:00:00,3999,completed,Credit Card
ORD_12894,CUST_1280,2026-08-21 06:00:00,2799,completed,UPI
ORD_13303,CUST_1689,2026-08-21 06:00:00,999,completed,UPI
ORD_14583,CUST_1163,2026-08-21 06:24:46,1248,completed,UPI
ORD_14627,CUST_1823,2026-08-21 06:25:47,1048,completed,Credit Card
ORD_17034,CUST_2000,2026-08-21 06:48:49,5499,completed,UPI
ORD_18969,CUST_1631,2026-08-21 07:00:44,599,completed,Debit Card
ORD_16889,CUST_0284,2026-08-21 07:08:20,2499,completed,UPI
ORD_17152,CUST_1171,2026-08-21 07:21:50,3999,completed,COD
ORD_18444,CUST_1719,2026-08-21 07:31:00,699,completed,COD
ORD_17991,CUST_0849,2026-08-21 07:54:29,1499,completed,Debit Card
ORD_13779,CUST_1427,2026-08-21 08:58:43,1499,completed,COD
ORD_13792,CUST_1128,2026-08-21 09:34:19,1499,completed,UPI
ORD_18360,CUST_1296,2026-08-21 09:35:33,799,completed,COD
ORD_15035,CUST_0911,2026-08-21 09:44:40,1148,completed,UPI
ORD_18466,CUST_0709,2026-08-21 09:52:04,3299,completed,UPI
ORD_15630,CUST_0540,2026-08-21 11:05:23,848,completed,UPI
ORD_17672,CUST_1852,2026-08-21 11:10:05,5499,completed,Debit Card
ORD_13896,CUST_0297,2026-08-21 11:21:07,2999,completed,UPI
ORD_15976,CUST_1934,2026-08-21 11:39:57,3198,completed,UPI
ORD_14472,CUST_0715,2026-08-21 12:39:00,1298,completed,Credit Card
ORD_13771,CUST_1985,2026-08-21 13:05:05,1499,completed,Debit Card
ORD_14821,CUST_0360,2026-08-21 13:17:00,1498,completed,UPI
ORD_13780,CUST_0450,2026-08-21 13:20:26,1499,completed,UPI
ORD_17413,CUST_1012,2026-08-21 13:20:29,699,completed,Debit Card
ORD_18524,CUST_0267,2026-08-21 13:56:50,1499,completed,Debit Card
ORD_18889,CUST_1261,2026-08-21 14:02:55,3999,completed,COD
ORD_19386,CUST_0561,2026-08-21 14:46:10,999,completed,UPI
ORD_13752,CUST_1086,2026-08-21 14:49:59,1499,completed,COD
ORD_13716,CUST_0725,2026-08-21 15:04:57,1499,completed,COD
ORD_14150,CUST_1690,2026-08-21 15:34:22,998,completed,UPI
ORD_17772,CUST_1219,2026-08-21 16:13:36,1299,completed,Debit Card
ORD_15735,CUST_0414,2026-08-21 17:15:10,6198,completed,UPI
ORD_12588,CUST_0974,2026-08-21 18:00:00,1899,completed,COD
ORD_17871,CUST_1839,2026-08-21 18:31:25,3299,completed,UPI
ORD_18882,CUST_0313,2026-08-21 18:32:56,2799,completed,UPI
ORD_14113,CUST_1810,2026-08-21 18:35:13,1148,completed,Debit Card
ORD_18265,CUST_1701,2026-08-21 18:50:45,3299,completed,UPI
ORD_11994,CUST_0380,2026-08-21 19:00:00,3299,completed,UPI
ORD_12056,CUST_0442,2026-08-21 19:00:00,3999,completed,UPI
ORD_12640,CUST_1026,2026-08-21 19:00:00,4999,completed,UPI
ORD_12655,CUST_1041,2026-08-21 19:00:00,1499,completed,UPI
ORD_13554,CUST_1940,2026-08-21 19:00:00,1899,completed,COD
ORD_16023,CUST_0312,2026-08-21 19:14:07,5198,completed,Credit Card
ORD_18257,CUST_1753,2026-08-21 19:54:05,3999,completed,Credit Card
ORD_13402,CUST_1788,2026-08-21 20:00:00,3299,completed,COD
ORD_13787,CUST_0357,2026-08-21 20:18:43,1499,completed,UPI
ORD_19806,CUST_1597,2026-08-21 20:21:42,4299,completed,COD
ORD_12392,CUST_0778,2026-08-21 21:00:00,1299,completed,COD
ORD_13309,CUST_1695,2026-08-21 21:00:00,2799,completed,UPI
ORD_13717,CUST_1038,2026-08-21 21:07:20,1499,completed,UPI
ORD_17108,CUST_1145,2026-08-21 21:38:42,999,completed,UPI
ORD_16088,CUST_1763,2026-08-21 21:59:41,4698,completed,COD
ORD_12462,CUST_0848,2026-08-21 22:00:00,699,completed,UPI
ORD_12037,CUST_0423,2026-08-21 23:00:00,899,completed,Credit Card
ORD_12672,CUST_1058,2026-08-21 23:00:00,1299,completed,Credit Card
ORD_12960,CUST_1346,2026-08-21 23:00:00,3999,completed,Debit Card
ORD_13180,CUST_1566,2026-08-21 23:00:00,2199,completed,COD
ORD_13447,CUST_1833,2026-08-21 23:00:00,1899,completed,Debit Card
ORD_12997,CUST_1383,2026-08-22 00:00:00,4999,completed,Credit Card
ORD_13226,CUST_1612,2026-08-22 00:00:00,1299,completed,UPI
ORD_13487,CUST_1873,2026-08-22 00:00:00,2799,completed,Debit Card
ORD_17936,CUST_0862,2026-08-22 00:06:11,3999,completed,Credit Card
ORD_12890,CUST_1276,2026-08-22 01:00:00,799,completed,COD
ORD_13363,CUST_1749,2026-08-22 01:00:00,4999,completed,Credit Card
ORD_19889,CUST_1416,2026-08-22 01:39:59,2499,failed,UPI
ORD_13946,CUST_0273,2026-08-22 01:47:14,2999,completed,UPI
ORD_11886,CUST_0272,2026-08-22 02:00:00,3299,completed,UPI
ORD_12859,CUST_1245,2026-08-22 02:00:00,999,completed,COD
ORD_15684,CUST_0856,2026-08-22 02:30:28,9498,completed,Credit Card
ORD_12078,CUST_0464,2026-08-22 03:00:00,1299,completed,UPI
ORD_13058,CUST_1444,2026-08-22 03:00:00,1899,completed,UPI
ORD_13474,CUST_1860,2026-08-22 03:00:00,3299,completed,UPI
ORD_15559,CUST_1162,2026-08-22 03:22:04,848,completed,Credit Card
ORD_18830,CUST_1487,2026-08-22 03:50:14,4999,refunded,UPI
ORD_15124,CUST_0985,2026-08-22 03:58:05,948,completed,Credit Card
ORD_12711,CUST_1097,2026-08-22 04:00:00,899,completed,UPI
ORD_13108,CUST_1494,2026-08-22 04:00:00,2199,completed,Credit Card
ORD_13520,CUST_1906,2026-08-22 04:00:00,1299,completed,COD
ORD_13552,CUST_1938,2026-08-22 04:00:00,2199,completed,UPI
ORD_13947,CUST_0940,2026-08-22 04:26:48,2999,completed,Credit Card
ORD_14391,CUST_1933,2026-08-22 04:55:04,948,completed,COD
ORD_12201,CUST_0587,2026-08-22 05:00:00,1299,completed,COD
ORD_13149,CUST_1535,2026-08-22 05:00:00,2199,completed,UPI
ORD_13786,CUST_0770,2026-08-22 05:07:01,1499,completed,COD
ORD_18940,CUST_1693,2026-08-22 05:16:23,3999,completed,UPI
ORD_18931,CUST_1602,2026-08-22 05:24:11,2199,completed,COD
ORD_18693,CUST_0591,2026-08-22 05:29:17,799,completed,UPI
ORD_13933,CUST_1029,2026-08-22 05:45:55,2999,completed,UPI
ORD_13722,CUST_1036,2026-08-22 05:46:10,1499,completed,Debit Card
ORD_13368,CUST_1754,2026-08-22 06:00:00,1899,completed,UPI
ORD_13567,CUST_1953,2026-08-22 06:00:00,4999,completed,UPI
ORD_13900,CUST_1771,2026-08-22 06:25:46,2999,completed,Debit Card
ORD_13930,CUST_1250,2026-08-22 06:29:55,2999,completed,UPI
ORD_18161,CUST_0810,2026-08-22 07:44:42,699,completed,UPI
ORD_16749,CUST_0642,2026-08-22 08:01:46,2499,completed,UPI
ORD_15252,CUST_0535,2026-08-22 08:03:10,798,completed,Credit Card
ORD_13918,CUST_0327,2026-08-22 08:08:53,2999,completed,UPI
ORD_13772,CUST_0644,2026-08-22 08:54:43,1499,completed,COD
ORD_13791,CUST_1919,2026-08-22 09:01:07,1499,completed,UPI
ORD_13776,CUST_1457,2026-08-22 09:17:35,1499,completed,COD
ORD_18581,CUST_1437,2026-08-22 09:40:31,599,completed,Credit Card
ORD_19359,CUST_1497,2026-08-22 09:48:01,3999,completed,UPI
ORD_13719,CUST_1900,2026-08-22 09:58:19,1499,completed,UPI
ORD_17900,CUST_1744,2026-08-22 10:41:00,499,completed,COD
ORD_13945,CUST_1976,2026-08-22 11:45:15,2999,completed,UPI
ORD_13746,CUST_1729,2026-08-22 12:39:28,1499,completed,UPI
ORD_13748,CUST_1739,2026-08-22 12:43:53,1499,completed,UPI
ORD_13941,CUST_0899,2026-08-22 13:01:59,2999,completed,Debit Card
ORD_19435,CUST_0380,2026-08-22 13:14:27,499,completed,COD
ORD_18029,CUST_0825,2026-08-22 14:15:26,2799,completed,Debit Card
ORD_14750,CUST_1372,2026-08-22 15:01:20,948,completed,COD
ORD_18152,CUST_0531,2026-08-22 15:29:02,3299,completed,UPI
ORD_14390,CUST_0372,2026-08-22 16:07:50,1298,completed,Credit Card
ORD_19042,CUST_1744,2026-08-22 17:40:16,1899,completed,Debit Card
ORD_13901,CUST_1429,2026-08-22 17:57:38,2999,completed,Debit Card
ORD_12062,CUST_0448,2026-08-22 18:00:00,5499,completed,UPI
ORD_12221,CUST_0607,2026-08-22 18:00:00,3299,completed,Debit Card
ORD_12769,CUST_1155,2026-08-22 18:00:00,2499,completed,Debit Card
ORD_12936,CUST_1322,2026-08-22 18:00:00,2499,completed,UPI
ORD_11952,CUST_0338,2026-08-22 19:00:00,2499,completed,COD
ORD_13080,CUST_1466,2026-08-22 19:00:00,1899,completed,UPI
ORD_12252,CUST_0638,2026-08-22 20:00:00,3299,completed,UPI
ORD_12319,CUST_0705,2026-08-22 20:00:00,3299,completed,Credit Card
ORD_12532,CUST_0918,2026-08-22 20:00:00,699,completed,Credit Card
ORD_12557,CUST_0943,2026-08-22 20:00:00,1299,completed,Credit Card
ORD_12633,CUST_1019,2026-08-22 20:00:00,2799,completed,UPI
ORD_13548,CUST_1934,2026-08-22 20:00:00,2499,completed,Credit Card
ORD_13927,CUST_1210,2026-08-22 20:24:11,2999,completed,Credit Card
ORD_14136,CUST_0945,2026-08-22 20:44:03,1298,completed,COD
ORD_12789,CUST_1175,2026-08-22 21:00:00,799,completed,Credit Card
ORD_13008,CUST_1394,2026-08-22 21:00:00,1299,completed,COD
ORD_13550,CUST_1936,2026-08-22 21:00:00,3299,completed,UPI
ORD_15127,CUST_0874,2026-08-22 21:40:01,748,completed,UPI
ORD_19901,CUST_1265,2026-08-22 21:57:53,2499,completed,UPI
ORD_12103,CUST_0489,2026-08-22 22:00:00,699,completed,UPI
ORD_12657,CUST_1043,2026-08-22 22:00:00,6999,completed,Debit Card
ORD_12937,CUST_1323,2026-08-22 22:00:00,3299,completed,Credit Card
ORD_13201,CUST_1587,2026-08-22 22:00:00,2799,completed,Debit Card
ORD_12071,CUST_0457,2026-08-22 23:00:00,2499,completed,Credit Card
ORD_12812,CUST_1198,2026-08-22 23:00:00,3999,completed,Credit Card
ORD_13267,CUST_1653,2026-08-22 23:00:00,799,completed,UPI
ORD_13507,CUST_1893,2026-08-22 23:00:00,2499,completed,COD
ORD_13535,CUST_1921,2026-08-22 23:00:00,3299,completed,UPI
ORD_16482,CUST_0946,2026-08-22 23:27:53,1998,completed,UPI
ORD_14318,CUST_0491,2026-08-22 23:49:43,1248,completed,UPI
ORD_12607,CUST_0993,2026-08-23 00:00:00,999,completed,COD
ORD_13001,CUST_1387,2026-08-23 00:00:00,4999,completed,UPI
ORD_13186,CUST_1572,2026-08-23 00:00:00,3999,completed,UPI
ORD_13551,CUST_1937,2026-08-23 00:00:00,1499,completed,UPI
ORD_18302,CUST_1283,2026-08-23 00:37:30,499,completed,UPI
ORD_16173,CUST_1158,2026-08-23 00:45:47,4998,completed,UPI
ORD_16375,CUST_0304,2026-08-23 00:48:52,8898,completed,UPI
ORD_13914,CUST_0729,2026-08-23 00:56:06,2999,completed,UPI
ORD_12226,CUST_0612,2026-08-23 01:00:00,3299,completed,UPI
ORD_12594,CUST_0980,2026-08-23 01:00:00,999,completed,Debit Card
ORD_13581,CUST_1967,2026-08-23 01:00:00,5499,completed,Credit Card
ORD_15928,CUST_0549,2026-08-23 02:23:13,4098,completed,UPI
ORD_19573,CUST_0771,2026-08-23 02:41:23,1999,completed,Credit Card
ORD_13898,CUST_1365,2026-08-23 02:57:47,2999,completed,Debit Card
ORD_12325,CUST_0711,2026-08-23 03:00:00,2199,completed,Debit Card
ORD_12605,CUST_0991,2026-08-23 03:00:00,5499,completed,COD
ORD_13139,CUST_1525,2026-08-23 03:00:00,799,completed,UPI
ORD_13322,CUST_1708,2026-08-23 03:00:00,799,completed,UPI
ORD_15053,CUST_0383,2026-08-23 03:02:15,1248,completed,COD
ORD_14976,CUST_1217,2026-08-23 03:35:09,998,completed,UPI
ORD_15159,CUST_0927,2026-08-23 03:43:52,1298,completed,Credit Card
ORD_19786,CUST_1016,2026-08-23 03:58:16,2499,completed,UPI
ORD_13718,CUST_1861,2026-08-23 04:03:16,1499,completed,Debit Card
ORD_15802,CUST_1766,2026-08-23 04:44:27,6098,completed,UPI
ORD_12294,CUST_0680,2026-08-23 05:00:00,5499,completed,Credit Card
ORD_12639,CUST_1025,2026-08-23 05:00:00,5499,completed,UPI
ORD_12726,CUST_1112,2026-08-23 05:00:00,3999,completed,Credit Card
ORD_12973,CUST_1359,2026-08-23 05:00:00,6999,completed,UPI
ORD_13453,CUST_1839,2026-08-23 05:00:00,799,completed,UPI
ORD_15512,CUST_0576,2026-08-23 05:17:19,1298,completed,Credit Card
ORD_12410,CUST_0796,2026-08-23 06:00:00,2799,completed,UPI
ORD_13602,CUST_1988,2026-08-23 06:00:00,1899,completed,UPI
ORD_19732,CUST_1525,2026-08-23 07:01:10,1299,completed,Debit Card
ORD_19433,CUST_1683,2026-08-23 07:40:20,1899,completed,Debit Card
ORD_19705,CUST_1802,2026-08-23 07:58:15,349,completed,UPI
ORD_19393,CUST_0905,2026-08-23 08:07:33,4299,completed,UPI
ORD_13788,CUST_0410,2026-08-23 08:12:09,1499,completed,UPI
ORD_16512,CUST_1314,2026-08-23 08:27:37,4098,completed,COD
ORD_18655,CUST_1179,2026-08-23 09:02:30,1499,completed,UPI
ORD_13785,CUST_1996,2026-08-23 09:09:24,1499,completed,UPI
ORD_19800,CUST_1989,2026-08-23 09:22:18,3999,completed,UPI
ORD_14311,CUST_0899,2026-08-23 09:31:47,1198,completed,UPI
ORD_16137,CUST_0644,2026-08-23 10:01:21,9498,completed,UPI
ORD_13904,CUST_0910,2026-08-23 10:10:17,2999,completed,Debit Card
ORD_17344,CUST_1921,2026-08-23 10:10:29,3299,completed,Credit Card
ORD_13938,CUST_1876,2026-08-23 10:33:50,2999,completed,UPI
ORD_19423,CUST_1003,2026-08-23 10:44:13,3299,completed,UPI
ORD_13761,CUST_1813,2026-08-23 11:02:42,1499,completed,COD
ORD_19318,CUST_0824,2026-08-23 14:04:52,1299,completed,Credit Card
ORD_13735,CUST_1356,2026-08-23 16:09:44,1499,completed,UPI
ORD_15347,CUST_0846,2026-08-23 16:31:38,1348,completed,Credit Card
ORD_19247,CUST_1055,2026-08-23 16:57:05,6999,completed,Debit Card
ORD_17930,CUST_0509,2026-08-23 17:08:44,3499,completed,UPI
ORD_13778,CUST_0904,2026-08-23 17:35:37,1499,completed,Credit Card
ORD_12142,CUST_0528,2026-08-23 18:00:00,6999,completed,COD
ORD_13937,CUST_0440,2026-08-23 18:38:44,2999,completed,UPI
ORD_13751,CUST_1405,2026-08-23 18:51:08,1499,completed,UPI
ORD_12172,CUST_0558,2026-08-23 19:00:00,3299,completed,COD
ORD_12185,CUST_0571,2026-08-23 19:00:00,699,completed,Debit Card
ORD_13725,CUST_1193,2026-08-23 19:02:36,1499,completed,UPI
ORD_18249,CUST_1202,2026-08-23 19:19:28,999,completed,UPI
ORD_13902,CUST_1346,2026-08-23 19:51:24,2999,completed,UPI
ORD_13920,CUST_1324,2026-08-23 19:54:45,2999,completed,UPI
ORD_11968,CUST_0354,2026-08-23 20:00:00,699,completed,Debit Card
ORD_12099,CUST_0485,2026-08-23 20:00:00,1899,completed,Debit Card
ORD_12113,CUST_0499,2026-08-23 20:00:00,5499,completed,COD
ORD_13339,CUST_1725,2026-08-23 20:00:00,1899,completed,UPI
ORD_13762,CUST_0399,2026-08-23 20:14:02,1499,completed,UPI
ORD_14801,CUST_1291,2026-08-23 20:51:00,1198,completed,UPI
ORD_12153,CUST_0539,2026-08-23 21:00:00,899,completed,UPI
ORD_12591,CUST_0977,2026-08-23 21:00:00,1299,completed,UPI
ORD_12983,CUST_1369,2026-08-23 21:00:00,1299,completed,UPI
ORD_16557,CUST_1666,2026-08-23 21:13:22,799,completed,UPI
ORD_19477,CUST_1070,2026-08-23 21:32:06,699,completed,Credit Card
ORD_12506,CUST_0892,2026-08-23 22:00:00,5499,completed,COD
ORD_13211,CUST_1597,2026-08-23 22:00:00,699,completed,UPI
ORD_13926,CUST_1682,2026-08-23 22:02:59,2999,completed,Credit Card
ORD_19654,CUST_0502,2026-08-23 22:14:08,349,failed,Debit Card
ORD_12249,CUST_0635,2026-08-23 23:00:00,1899,completed,Debit Card
ORD_12277,CUST_0663,2026-08-23 23:00:00,5499,completed,UPI
ORD_18367,CUST_0460,2026-08-23 23:05:23,3499,failed,UPI
ORD_12473,CUST_0859,2026-08-24 00:00:00,2799,completed,Debit Card
ORD_13491,CUST_1877,2026-08-24 00:00:00,2199,completed,Debit Card
ORD_17064,CUST_1045,2026-08-24 00:40:32,1899,completed,UPI
ORD_11905,CUST_0291,2026-08-24 01:00:00,3299,completed,Credit Card
ORD_13177,CUST_1563,2026-08-24 01:00:00,3999,completed,Debit Card
ORD_13734,CUST_0810,2026-08-24 01:43:11,1499,completed,Credit Card
ORD_13034,CUST_1420,2026-08-24 02:00:00,1299,completed,UPI
ORD_14264,CUST_1947,2026-08-24 02:22:25,1248,completed,UPI
ORD_13790,CUST_1971,2026-08-24 02:39:02,1499,completed,Debit Card
ORD_13774,CUST_1130,2026-08-24 02:49:17,1499,completed,Debit Card
ORD_12102,CUST_0488,2026-08-24 03:00:00,2499,completed,UPI
ORD_13613,CUST_1999,2026-08-24 03:00:00,2199,completed,Credit Card
ORD_15516,CUST_1640,2026-08-24 03:02:44,1248,completed,Credit Card
ORD_14542,CUST_1478,2026-08-24 03:11:50,1248,completed,COD
ORD_13910,CUST_1491,2026-08-24 03:24:59,2999,completed,COD
ORD_15423,CUST_1536,2026-08-24 03:50:51,1348,completed,UPI
ORD_17942,CUST_0813,2026-08-24 03:54:36,4299,completed,COD
ORD_12806,CUST_1192,2026-08-24 04:00:00,3299,completed,UPI
ORD_12928,CUST_1314,2026-08-24 04:00:00,6999,completed,UPI
ORD_13561,CUST_1947,2026-08-24 04:00:00,699,completed,UPI
ORD_13609,CUST_1995,2026-08-24 04:00:00,4999,completed,UPI
ORD_17074,CUST_1696,2026-08-24 04:00:19,799,completed,Debit Card
ORD_11986,CUST_0372,2026-08-24 05:00:00,3999,completed,UPI
ORD_12303,CUST_0689,2026-08-24 05:00:00,3999,completed,UPI
ORD_13069,CUST_1455,2026-08-24 05:00:00,1299,completed,Debit Card
ORD_13562,CUST_1948,2026-08-24 05:00:00,699,completed,UPI
ORD_13931,CUST_0288,2026-08-24 05:32:28,2999,completed,UPI
ORD_17239,CUST_1362,2026-08-24 05:41:07,2499,completed,Debit Card
ORD_12548,CUST_0934,2026-08-24 06:00:00,1299,completed,Debit Card
ORD_12729,CUST_1115,2026-08-24 06:00:00,3999,completed,COD
ORD_13777,CUST_1532,2026-08-24 06:04:07,1499,completed,Credit Card
ORD_13917,CUST_0496,2026-08-24 06:06:48,2999,completed,Credit Card
ORD_13939,CUST_1128,2026-08-24 06:17:44,2999,completed,COD
ORD_13767,CUST_1211,2026-08-24 06:32:05,1499,completed,UPI
ORD_13895,CUST_1708,2026-08-24 06:55:07,2999,completed,UPI
ORD_18823,CUST_0809,2026-08-24 06:56:39,3999,completed,Debit Card
ORD_13935,CUST_0747,2026-08-24 07:04:56,2999,completed,UPI
ORD_13715,CUST_1921,2026-08-24 07:08:04,1499,completed,Debit Card
ORD_14592,CUST_1361,2026-08-24 07:57:01,1048,completed,UPI
ORD_13913,CUST_1969,2026-08-24 08:09:51,2999,completed,COD
ORD_13921,CUST_1723,2026-08-24 08:15:04,2999,completed,UPI
ORD_13929,CUST_1306,2026-08-24 08:33:39,2999,completed,COD
ORD_17222,CUST_1134,2026-08-24 08:43:52,3499,completed,COD
ORD_17728,CUST_1677,2026-08-24 09:29:57,2499,completed,COD
ORD_14358,CUST_0873,2026-08-24 10:51:36,1298,completed,Credit Card
ORD_14785,CUST_0509,2026-08-24 11:11:07,998,completed,Credit Card
ORD_13759,CUST_0323,2026-08-24 11:12:52,1499,completed,Credit Card
ORD_16746,CUST_1168,2026-08-24 11:25:40,3999,completed,UPI
ORD_14312,CUST_1055,2026-08-24 12:09:13,1698,completed,COD
ORD_16578,CUST_1525,2026-08-24 12:10:29,249,completed,UPI
ORD_19170,CUST_1701,2026-08-24 12:15:52,349,completed,UPI
ORD_14074,CUST_1563,2026-08-24 12:28:54,1248,completed,UPI
ORD_15936,CUST_0851,2026-08-24 12:44:30,3598,completed,UPI
ORD_13764,CUST_1368,2026-08-24 12:58:00,1499,completed,Debit Card
ORD_13733,CUST_1295,2026-08-24 13:09:06,1499,completed,UPI
ORD_17608,CUST_1263,2026-08-24 13:40:16,2499,completed,UPI
ORD_13739,CUST_1177,2026-08-24 13:41:57,1499,completed,UPI
ORD_14006,CUST_1966,2026-08-24 14:01:03,2999,completed,COD
ORD_14050,CUST_0780,2026-08-24 14:20:28,1248,completed,Debit Card
ORD_18518,CUST_1063,2026-08-24 14:28:53,1299,refunded,UPI
ORD_14509,CUST_1424,2026-08-24 14:52:10,1148,completed,UPI
ORD_19187,CUST_1043,2026-08-24 15:19:48,2799,completed,UPI
ORD_13982,CUST_1399,2026-08-24 15:42:08,2999,completed,Debit Card
ORD_18626,CUST_0961,2026-08-24 15:49:48,1899,completed,Debit Card
ORD_13796,CUST_1260,2026-08-24 16:14:11,1499,completed,UPI
ORD_13819,CUST_0375,2026-08-24 16:40:00,1499,completed,COD
ORD_16315,CUST_0458,2026-08-24 16:58:16,4198,completed,COD
ORD_13839,CUST_1874,2026-08-24 17:58:01,1499,completed,UPI
ORD_15461,CUST_0624,2026-08-24 17:58:06,1348,completed,UPI
ORD_12046,CUST_0432,2026-08-24 18:00:00,1299,completed,UPI
ORD_12855,CUST_1241,2026-08-24 18:00:00,1299,completed,UPI
ORD_13229,CUST_1615,2026-08-24 18:00:00,1299,completed,Credit Card
ORD_13805,CUST_0597,2026-08-24 18:10:52,1499,completed,UPI
ORD_13959,CUST_1525,2026-08-24 18:22:55,2999,completed,UPI
ORD_19861,CUST_1815,2026-08-24 18:38:51,249,completed,UPI
ORD_16863,CUST_0467,2026-08-24 18:43:34,5499,completed,Credit Card
ORD_11942,CUST_0328,2026-08-24 19:00:00,1899,completed,COD
ORD_12080,CUST_0466,2026-08-24 19:00:00,899,completed,COD
ORD_12677,CUST_1063,2026-08-24 19:00:00,2799,completed,COD
ORD_12756,CUST_1142,2026-08-24 19:00:00,5499,completed,UPI
ORD_13119,CUST_1505,2026-08-24 19:00:00,1899,completed,Credit Card
ORD_14007,CUST_1442,2026-08-24 19:15:39,2999,completed,COD
ORD_12828,CUST_1214,2026-08-24 20:00:00,2499,completed,UPI
ORD_13406,CUST_1792,2026-08-24 20:00:00,1899,completed,UPI
ORD_12525,CUST_0911,2026-08-24 21:00:00,999,completed,Debit Card
ORD_12583,CUST_0969,2026-08-24 21:00:00,6999,completed,UPI
ORD_12725,CUST_1111,2026-08-24 21:00:00,6999,completed,Credit Card
ORD_13545,CUST_1931,2026-08-24 21:00:00,899,completed,UPI
ORD_12015,CUST_0401,2026-08-24 22:00:00,899,completed,Debit Card
ORD_13489,CUST_1875,2026-08-24 22:00:00,2499,completed,Credit Card
ORD_13811,CUST_1915,2026-08-24 22:24:54,1499,completed,Credit Card
ORD_13808,CUST_1366,2026-08-24 22:30:01,1499,completed,Debit Card
ORD_13166,CUST_1552,2026-08-24 23:00:00,2199,completed,Credit Card
ORD_13173,CUST_1559,2026-08-24 23:00:00,1499,completed,UPI
ORD_14484,CUST_1514,2026-08-24 23:28:49,1098,completed,UPI
ORD_12750,CUST_1136,2026-08-25 00:00:00,6999,completed,UPI
ORD_18911,CUST_1501,2026-08-25 00:09:16,599,completed,COD
ORD_14945,CUST_0712,2026-08-25 00:13:28,1598,completed,COD
ORD_14293,CUST_1270,2026-08-25 00:35:48,1098,completed,UPI
ORD_14241,CUST_1960,2026-08-25 00:51:10,1298,completed,UPI
ORD_12391,CUST_0777,2026-08-25 01:00:00,3299,completed,UPI
ORD_12987,CUST_1373,2026-08-25 01:00:00,5499,completed,UPI
ORD_19388,CUST_0821,2026-08-25 01:17:31,3299,completed,UPI
ORD_13219,CUST_1605,2026-08-25 02:00:00,2199,completed,COD
ORD_14938,CUST_0568,2026-08-25 02:01:31,1098,completed,Debit Card
ORD_13958,CUST_1227,2026-08-25 02:13:15,2999,completed,Debit Card
ORD_15948,CUST_1054,2026-08-25 02:35:36,3198,completed,UPI
ORD_19740,CUST_1500,2026-08-25 02:45:33,499,completed,UPI
ORD_14002,CUST_1261,2026-08-25 03:12:55,2999,completed,UPI
ORD_13949,CUST_0306,2026-08-25 03:25:15,2999,completed,Credit Card
ORD_12420,CUST_0806,2026-08-25 04:00:00,1899,completed,UPI
ORD_12958,CUST_1344,2026-08-25 04:00:00,899,completed,Debit Card
ORD_12182,CUST_0568,2026-08-25 05:00:00,1499,completed,UPI
ORD_14339,CUST_0282,2026-08-25 05:20:58,1598,completed,UPI
ORD_17416,CUST_1194,2026-08-25 05:22:03,4999,completed,UPI
ORD_12360,CUST_0746,2026-08-25 06:00:00,1299,completed,UPI
ORD_12878,CUST_1264,2026-08-25 06:00:00,4999,completed,UPI
ORD_13477,CUST_1863,2026-08-25 06:00:00,1499,completed,COD
ORD_16260,CUST_1243,2026-08-25 06:09:34,5698,completed,Debit Card
ORD_13795,CUST_1028,2026-08-25 06:15:22,1499,completed,Credit Card
ORD_16611,CUST_1942,2026-08-25 06:21:02,3999,completed,Credit Card
ORD_16321,CUST_1702,2026-08-25 06:25:06,4198,completed,COD
ORD_18887,CUST_1746,2026-08-25 06:42:58,699,completed,UPI
ORD_15943,CUST_1681,2026-08-25 07:01:49,5498,completed,UPI
ORD_13832,CUST_1061,2026-08-25 07:28:01,1499,completed,UPI
ORD_15095,CUST_1614,2026-08-25 07:52:56,848,completed,UPI
ORD_14008,CUST_0367,2026-08-25 08:27:27,2999,completed,COD
ORD_15797,CUST_0314,2026-08-25 08:47:32,1598,completed,Debit Card
ORD_14107,CUST_1583,2026-08-25 09:08:35,898,completed,UPI
ORD_13826,CUST_1521,2026-08-25 09:36:43,1499,completed,Credit Card
ORD_13997,CUST_1469,2026-08-25 11:41:04,2999,completed,Credit Card
ORD_13948,CUST_1974,2026-08-25 11:42:33,2999,completed,UPI
ORD_13990,CUST_0644,2026-08-25 11:44:13,2999,completed,UPI
ORD_14947,CUST_1098,2026-08-25 13:17:37,848,completed,Debit Card
ORD_16021,CUST_0762,2026-08-25 14:48:41,2098,completed,COD
ORD_13953,CUST_0878,2026-08-25 15:12:25,2999,completed,COD
ORD_13977,CUST_0311,2026-08-25 15:20:00,2999,completed,UPI
ORD_14112,CUST_0842,2026-08-25 15:27:19,1698,completed,UPI
ORD_18354,CUST_1127,2026-08-25 15:33:06,3999,completed,UPI
ORD_14016,CUST_0385,2026-08-25 15:54:40,2999,completed,Credit Card
ORD_16946,CUST_0725,2026-08-25 16:38:35,699,completed,Credit Card
ORD_13992,CUST_0840,2026-08-25 16:46:06,2999,completed,Debit Card
ORD_13951,CUST_0816,2026-08-25 16:48:17,2999,completed,UPI
ORD_13829,CUST_0470,2026-08-25 16:53:03,1499,completed,UPI
ORD_15236,CUST_0275,2026-08-25 17:24:48,848,completed,UPI
ORD_18085,CUST_1764,2026-08-25 17:37:24,299,completed,UPI
ORD_19192,CUST_0579,2026-08-25 17:54:09,899,completed,Debit Card
ORD_12134,CUST_0520,2026-08-25 18:00:00,1899,completed,UPI
ORD_12846,CUST_1232,2026-08-25 18:00:00,1899,completed,UPI
ORD_13209,CUST_1595,2026-08-25 18:00:00,899,completed,Debit Card
ORD_13249,CUST_1635,2026-08-25 18:00:00,699,completed,UPI
ORD_19976,CUST_0788,2026-08-25 18:30:42,349,completed,Debit Card
ORD_14266,CUST_1972,2026-08-25 18:44:13,1098,completed,UPI
ORD_17762,CUST_1765,2026-08-25 18:45:41,5499,completed,UPI
ORD_12014,CUST_0400,2026-08-25 19:00:00,3299,completed,Debit Card
ORD_12562,CUST_0948,2026-08-25 19:00:00,2799,completed,UPI
ORD_12601,CUST_0987,2026-08-25 19:00:00,699,completed,UPI
ORD_13956,CUST_0929,2026-08-25 19:17:36,2999,completed,Credit Card
ORD_15679,CUST_1830,2026-08-25 19:22:25,6998,completed,UPI
ORD_18046,CUST_0396,2026-08-25 20:04:04,899,completed,Debit Card
ORD_13827,CUST_0322,2026-08-25 20:11:31,1499,completed,UPI
ORD_14000,CUST_0536,2026-08-25 20:39:07,2999,completed,Debit Card
ORD_15584,CUST_0596,2026-08-25 20:55:55,1098,completed,Debit Card
ORD_13025,CUST_1411,2026-08-25 21:00:00,2499,completed,UPI
ORD_12222,CUST_0608,2026-08-25 22:00:00,799,completed,COD
ORD_12627,CUST_1013,2026-08-25 22:00:00,5499,completed,Credit Card
ORD_12968,CUST_1354,2026-08-25 22:00:00,999,completed,UPI
ORD_13843,CUST_0567,2026-08-25 22:18:15,1499,completed,UPI
ORD_16621,CUST_1878,2026-08-25 22:38:22,3999,completed,UPI
ORD_12430,CUST_0816,2026-08-25 23:00:00,999,completed,COD
ORD_12868,CUST_1254,2026-08-25 23:00:00,6999,completed,UPI
ORD_12563,CUST_0949,2026-08-26 00:00:00,1499,completed,UPI
ORD_13821,CUST_0648,2026-08-26 00:29:26,1499,completed,UPI
ORD_12804,CUST_1190,2026-08-26 01:00:00,1899,completed,UPI
ORD_13595,CUST_1981,2026-08-26 01:00:00,2499,completed,Debit Card
ORD_15861,CUST_1928,2026-08-26 01:23:53,6798,completed,UPI
ORD_12703,CUST_1089,2026-08-26 02:00:00,899,completed,Credit Card
ORD_13793,CUST_1107,2026-08-26 02:37:52,1499,completed,UPI
ORD_18345,CUST_1403,2026-08-26 02:50:37,3499,completed,Debit Card
ORD_12126,CUST_0512,2026-08-26 03:00:00,6999,completed,UPI
ORD_12314,CUST_0700,2026-08-26 03:00:00,5499,completed,COD
ORD_12705,CUST_1091,2026-08-26 03:00:00,6999,completed,Credit Card
ORD_13217,CUST_1603,2026-08-26 03:00:00,2499,completed,UPI
ORD_13315,CUST_1701,2026-08-26 03:00:00,1899,completed,UPI
ORD_13459,CUST_1845,2026-08-26 03:00:00,1299,completed,UPI
ORD_13852,CUST_0900,2026-08-26 03:15:30,1499,completed,UPI
ORD_15941,CUST_0487,2026-08-26 03:16:48,2598,completed,Credit Card
ORD_18072,CUST_1240,2026-08-26 03:50:34,249,completed,UPI
ORD_12295,CUST_0681,2026-08-26 04:00:00,3299,completed,UPI
ORD_12404,CUST_0790,2026-08-26 04:00:00,999,completed,UPI
ORD_12815,CUST_1201,2026-08-26 04:00:00,1499,completed,UPI
ORD_13814,CUST_1870,2026-08-26 04:06:00,1499,completed,COD
ORD_12505,CUST_0891,2026-08-26 05:00:00,2799,completed,UPI
ORD_12606,CUST_0992,2026-08-26 05:00:00,6999,completed,Credit Card
ORD_12646,CUST_1032,2026-08-26 05:00:00,6999,completed,COD
ORD_12933,CUST_1319,2026-08-26 05:00:00,2799,completed,UPI
ORD_13825,CUST_1087,2026-08-26 05:07:42,1499,completed,UPI
ORD_13840,CUST_1179,2026-08-26 05:17:43,1499,completed,COD
ORD_13798,CUST_1918,2026-08-26 05:34:47,1499,completed,UPI
ORD_14012,CUST_0698,2026-08-26 05:36:59,2999,completed,UPI
ORD_18793,CUST_0419,2026-08-26 05:57:29,1299,completed,Credit Card
ORD_12406,CUST_0792,2026-08-26 06:00:00,1299,completed,COD
ORD_12522,CUST_0908,2026-08-26 06:00:00,1899,completed,Debit Card
ORD_13988,CUST_0450,2026-08-26 06:11:11,2999,completed,Credit Card
ORD_13983,CUST_1020,2026-08-26 06:32:41,2999,completed,UPI
ORD_17062,CUST_1880,2026-08-26 06:54:08,499,completed,COD
ORD_13995,CUST_0599,2026-08-26 07:02:38,2999,completed,Debit Card
ORD_14004,CUST_0271,2026-08-26 07:13:31,2999,completed,UPI
ORD_15093,CUST_0831,2026-08-26 07:58:09,1298,completed,COD
ORD_14490,CUST_0677,2026-08-26 08:37:30,1048,completed,UPI
ORD_18293,CUST_0599,2026-08-26 09:21:04,299,completed,UPI
ORD_18962,CUST_1256,2026-08-26 09:44:38,4299,completed,Credit Card
ORD_19306,CUST_0677,2026-08-26 10:04:27,3299,completed,Credit Card
ORD_17293,CUST_1650,2026-08-26 10:40:44,499,completed,UPI
ORD_14615,CUST_1804,2026-08-26 12:42:12,1598,completed,Debit Card
ORD_17943,CUST_1438,2026-08-26 12:57:52,999,refunded,Debit Card
ORD_15914,CUST_1026,2026-08-26 13:07:27,6798,completed,UPI
ORD_17144,CUST_1959,2026-08-26 13:23:25,2799,completed,UPI
ORD_14069,CUST_1162,2026-08-26 13:30:33,1248,completed,UPI
ORD_17776,CUST_1661,2026-08-26 13:54:08,2199,completed,COD
ORD_13850,CUST_0983,2026-08-26 15:10:03,1499,completed,UPI
ORD_17997,CUST_0969,2026-08-26 15:56:13,3499,completed,Credit Card
ORD_14013,CUST_1228,2026-08-26 17:44:13,2999,completed,Debit Card
ORD_12668,CUST_1054,2026-08-26 18:00:00,799,completed,UPI
ORD_12220,CUST_0606,2026-08-26 19:00:00,999,completed,Debit Card
ORD_12414,CUST_0800,2026-08-26 19:00:00,3299,completed,Credit Card
ORD_12484,CUST_0870,2026-08-26 19:00:00,1899,completed,Debit Card
ORD_13392,CUST_1778,2026-08-26 19:00:00,6999,completed,UPI
ORD_14059,CUST_0948,2026-08-26 19:05:05,1298,completed,UPI
ORD_17142,CUST_1909,2026-08-26 19:31:59,4999,completed,Debit Card
ORD_19563,CUST_1051,2026-08-26 19:47:25,1299,completed,Debit Card
ORD_12236,CUST_0622,2026-08-26 20:00:00,999,completed,UPI
ORD_12539,CUST_0925,2026-08-26 20:00:00,3999,completed,Debit Card
ORD_13980,CUST_1410,2026-08-26 20:24:04,2999,completed,Credit Card
ORD_14768,CUST_1001,2026-08-26 20:42:41,1298,completed,UPI
ORD_12057,CUST_0443,2026-08-26 21:00:00,1899,completed,COD
ORD_12431,CUST_0817,2026-08-26 21:00:00,799,completed,UPI
ORD_13190,CUST_1576,2026-08-26 21:00:00,1899,completed,UPI
ORD_13298,CUST_1684,2026-08-26 21:00:00,6999,completed,UPI
ORD_13542,CUST_1928,2026-08-26 21:00:00,1899,completed,UPI
ORD_12010,CUST_0396,2026-08-26 22:00:00,999,completed,UPI
ORD_13810,CUST_0718,2026-08-26 22:00:28,1499,completed,Debit Card
ORD_14156,CUST_1080,2026-08-26 22:43:12,1198,completed,Debit Card
ORD_12039,CUST_0425,2026-08-26 23:00:00,2499,completed,Credit Card
ORD_12775,CUST_1161,2026-08-26 23:00:00,2799,completed,UPI
ORD_13611,CUST_1997,2026-08-26 23:00:00,3299,completed,UPI
ORD_18308,CUST_0410,2026-08-26 23:01:15,799,completed,UPI
ORD_13837,CUST_0527,2026-08-26 23:03:19,1499,completed,UPI
ORD_19470,CUST_0779,2026-08-26 23:13:10,2799,completed,UPI
ORD_18425,CUST_0986,2026-08-26 23:16:27,699,completed,Credit Card
ORD_17770,CUST_1919,2026-08-26 23:54:09,3299,completed,UPI
ORD_12774,CUST_1160,2026-08-27 00:00:00,2799,completed,UPI
ORD_18099,CUST_0995,2026-08-27 00:14:39,249,completed,UPI
ORD_18083,CUST_0914,2026-08-27 00:55:20,4999,completed,UPI
ORD_12455,CUST_0841,2026-08-27 01:00:00,899,completed,UPI
ORD_13444,CUST_1830,2026-08-27 01:00:00,4999,completed,Debit Card
ORD_13844,CUST_0375,2026-08-27 01:23:15,1499,completed,Debit Card
ORD_14214,CUST_1660,2026-08-27 01:23:35,798,completed,Debit Card
ORD_18280,CUST_0987,2026-08-27 01:57:11,3999,completed,UPI
ORD_11897,CUST_0283,2026-08-27 02:00:00,1499,completed,COD
ORD_12976,CUST_1362,2026-08-27 02:00:00,699,completed,Debit Card
ORD_18588,CUST_1058,2026-08-27 02:44:56,4299,completed,Debit Card
ORD_13422,CUST_1808,2026-08-27 03:00:00,1299,completed,COD
ORD_18730,CUST_1082,2026-08-27 03:10:20,2499,completed,UPI
ORD_17192,CUST_0749,2026-08-27 03:49:50,599,completed,Debit Card
ORD_13312,CUST_1698,2026-08-27 04:00:00,4999,completed,COD
ORD_13583,CUST_1969,2026-08-27 04:00:00,2199,completed,Credit Card
ORD_17432,CUST_0750,2026-08-27 04:03:08,499,completed,Credit Card
ORD_11991,CUST_0377,2026-08-27 05:00:00,2199,completed,COD
ORD_13208,CUST_1594,2026-08-27 05:00:00,699,completed,Debit Card
ORD_13294,CUST_1680,2026-08-27 05:00:00,1499,completed,Debit Card
ORD_13297,CUST_1683,2026-08-27 05:00:00,1499,completed,Debit Card
ORD_18938,CUST_0485,2026-08-27 05:07:55,699,failed,Debit Card
ORD_19877,CUST_1873,2026-08-27 05:10:42,1299,completed,UPI
ORD_16292,CUST_0633,2026-08-27 05:45:30,6398,completed,COD
ORD_14009,CUST_1083,2026-08-27 05:57:02,2999,completed,COD
ORD_12549,CUST_0935,2026-08-27 06:00:00,6999,completed,UPI
ORD_12807,CUST_1193,2026-08-27 06:00:00,1299,completed,UPI
ORD_12887,CUST_1273,2026-08-27 06:00:00,6999,completed,Credit Card
ORD_17252,CUST_0557,2026-08-27 07:03:18,4999,completed,Credit Card
ORD_13954,CUST_0450,2026-08-27 07:28:35,2999,completed,UPI
ORD_13845,CUST_0780,2026-08-27 08:38:42,1499,completed,COD
ORD_13967,CUST_1347,2026-08-27 10:10:50,2999,completed,Debit Card
ORD_13976,CUST_0313,2026-08-27 10:57:27,2999,completed,UPI
ORD_14650,CUST_0408,2026-08-27 11:13:34,1248,completed,Credit Card
ORD_14019,CUST_1192,2026-08-27 12:00:46,2999,completed,UPI
ORD_13812,CUST_0533,2026-08-27 12:38:17,1499,completed,UPI
ORD_16689,CUST_1736,2026-08-27 13:13:56,5499,completed,UPI
ORD_16543,CUST_1342,2026-08-27 13:21:10,799,completed,UPI
ORD_15800,CUST_1824,2026-08-27 14:05:03,7898,completed,UPI
ORD_19929,CUST_0591,2026-08-27 14:42:50,4299,completed,Credit Card
ORD_13799,CUST_1352,2026-08-27 14:52:52,1499,completed,UPI
ORD_13830,CUST_1296,2026-08-27 15:10:03,1499,completed,Debit Card
ORD_17747,CUST_1458,2026-08-27 15:13:58,2499,completed,COD
ORD_18878,CUST_0301,2026-08-27 15:46:53,3299,completed,UPI
ORD_15325,CUST_0708,2026-08-27 16:13:30,848,completed,Credit Card
ORD_17014,CUST_0765,2026-08-27 16:19:39,2499,completed,UPI
ORD_17771,CUST_1688,2026-08-27 16:37:03,599,completed,COD
ORD_16124,CUST_1269,2026-08-27 16:51:31,7798,completed,UPI
ORD_13794,CUST_1320,2026-08-27 17:42:10,1499,completed,UPI
ORD_12090,CUST_0476,2026-08-27 18:00:00,3999,completed,UPI
ORD_12897,CUST_1283,2026-08-27 18:00:00,1299,completed,COD
ORD_14018,CUST_0595,2026-08-27 18:15:35,2999,completed,COD
ORD_13841,CUST_1102,2026-08-27 18:38:23,1499,completed,UPI
ORD_14248,CUST_0453,2026-08-27 18:46:52,748,completed,Credit Card
ORD_13998,CUST_0375,2026-08-27 18:59:34,2999,completed,COD
ORD_12395,CUST_0781,2026-08-27 19:00:00,6999,completed,COD
ORD_13006,CUST_1392,2026-08-27 19:00:00,3299,completed,COD
ORD_13076,CUST_1462,2026-08-27 19:00:00,5499,completed,UPI
ORD_17003,CUST_1441,2026-08-27 19:02:17,1899,completed,UPI
ORD_13994,CUST_1158,2026-08-27 19:33:25,2999,completed,UPI
ORD_18960,CUST_0528,2026-08-27 19:39:37,4999,completed,UPI
ORD_12566,CUST_0952,2026-08-27 20:00:00,3299,completed,UPI
ORD_12716,CUST_1102,2026-08-27 20:00:00,4999,completed,UPI
ORD_13144,CUST_1530,2026-08-27 20:00:00,3999,completed,UPI
ORD_17741,CUST_1173,2026-08-27 20:11:36,249,completed,UPI
ORD_13957,CUST_1523,2026-08-27 20:18:44,2999,completed,Debit Card
ORD_18821,CUST_1781,2026-08-27 20:28:07,1899,completed,UPI
ORD_16252,CUST_0355,2026-08-27 20:51:15,9198,completed,Credit Card
ORD_14754,CUST_0386,2026-08-27 20:54:32,748,completed,Debit Card
ORD_12571,CUST_0957,2026-08-27 21:00:00,799,completed,Debit Card
ORD_15300,CUST_1296,2026-08-27 21:02:30,1198,completed,Credit Card
ORD_13801,CUST_1034,2026-08-27 21:48:00,1499,completed,COD
ORD_12246,CUST_0632,2026-08-27 22:00:00,899,completed,UPI
ORD_12503,CUST_0889,2026-08-27 22:00:00,2199,completed,COD
ORD_17381,CUST_0860,2026-08-27 22:42:48,699,completed,COD
ORD_12564,CUST_0950,2026-08-27 23:00:00,799,completed,Credit Card
ORD_12954,CUST_1340,2026-08-27 23:00:00,1899,completed,UPI
ORD_14015,CUST_0937,2026-08-27 23:33:19,2999,completed,UPI
ORD_13828,CUST_0628,2026-08-27 23:49:37,1499,completed,COD
ORD_11933,CUST_0319,2026-08-28 00:00:00,899,completed,UPI
ORD_12135,CUST_0521,2026-08-28 00:00:00,6999,completed,UPI
ORD_19262,CUST_0687,2026-08-28 00:01:37,349,completed,COD
ORD_15729,CUST_0780,2026-08-28 00:53:39,6598,completed,UPI
ORD_12255,CUST_0641,2026-08-28 01:00:00,2199,completed,Credit Card
ORD_12678,CUST_1064,2026-08-28 01:00:00,6999,completed,Credit Card
ORD_13050,CUST_1436,2026-08-28 01:00:00,999,completed,Credit Card
ORD_13222,CUST_1608,2026-08-28 01:00:00,1299,completed,UPI
ORD_13488,CUST_1874,2026-08-28 01:00:00,2799,completed,Debit Card
ORD_16131,CUST_0551,2026-08-28 01:34:28,9498,completed,COD
ORD_18251,CUST_0519,2026-08-28 01:35:16,999,completed,UPI
ORD_17486,CUST_1414,2026-08-28 01:40:03,899,completed,Credit Card
ORD_12632,CUST_1018,2026-08-28 02:00:00,1899,completed,Credit Card
ORD_12636,CUST_1022,2026-08-28 02:00:00,5499,completed,UPI
ORD_13816,CUST_1700,2026-08-28 02:13:58,1499,completed,UPI
ORD_18710,CUST_1650,2026-08-28 02:36:30,299,completed,Credit Card
ORD_13987,CUST_1201,2026-08-28 02:41:52,2999,completed,COD
ORD_18625,CUST_0634,2026-08-28 02:53:14,499,completed,UPI
ORD_12523,CUST_0909,2026-08-28 03:00:00,3999,completed,Debit Card
ORD_13005,CUST_1391,2026-08-28 03:00:00,3999,completed,COD
ORD_13055,CUST_1441,2026-08-28 03:00:00,2499,completed,Credit Card
ORD_13800,CUST_0362,2026-08-28 03:26:05,1499,completed,Credit Card
ORD_14001,CUST_0975,2026-08-28 03:31:52,2999,completed,UPI
ORD_13822,CUST_0577,2026-08-28 03:39:59,1499,completed,UPI
ORD_13962,CUST_0680,2026-08-28 03:41:32,2999,completed,Debit Card
ORD_19031,CUST_0612,2026-08-28 03:45:07,2499,completed,UPI
ORD_12284,CUST_0670,2026-08-28 04:00:00,2799,completed,Debit Card
ORD_12322,CUST_0708,2026-08-28 04:00:00,899,completed,COD
ORD_13169,CUST_1555,2026-08-28 04:00:00,1499,completed,UPI
ORD_13455,CUST_1841,2026-08-28 04:00:00,699,completed,UPI
ORD_17535,CUST_0836,2026-08-28 04:19:45,4999,completed,COD
ORD_19974,CUST_1351,2026-08-28 04:31:31,1899,completed,UPI
ORD_13239,CUST_1625,2026-08-28 05:00:00,3999,completed,UPI
ORD_12517,CUST_0903,2026-08-28 06:00:00,3999,completed,UPI
ORD_13432,CUST_1818,2026-08-28 06:00:00,6999,completed,UPI
ORD_13981,CUST_0296,2026-08-28 06:10:30,2999,completed,UPI
ORD_15798,CUST_0855,2026-08-28 07:03:48,5898,completed,UPI
ORD_14556,CUST_0928,2026-08-28 07:39:30,1248,completed,Debit Card
ORD_13809,CUST_1188,2026-08-28 07:51:48,1499,completed,UPI
ORD_19299,CUST_0403,2026-08-28 08:06:45,1999,completed,UPI
ORD_19323,CUST_1070,2026-08-28 08:14:30,1299,completed,UPI
ORD_19906,CUST_1759,2026-08-28 10:09:25,6999,completed,Debit Card
ORD_16709,CUST_0574,2026-08-28 11:01:06,1899,completed,Debit Card
ORD_15140,CUST_1239,2026-08-28 12:36:51,1248,completed,UPI
ORD_17918,CUST_1921,2026-08-28 12:53:41,799,completed,COD
ORD_15487,CUST_0990,2026-08-28 13:11:15,1148,completed,UPI
ORD_14738,CUST_0705,2026-08-28 13:17:22,1248,completed,UPI
ORD_13996,CUST_1243,2026-08-28 15:21:44,2999,completed,Debit Card
ORD_15957,CUST_1884,2026-08-28 15:44:56,2398,completed,Debit Card
ORD_18213,CUST_0272,2026-08-28 16:22:48,999,failed,UPI
ORD_14547,CUST_1742,2026-08-28 17:28:07,798,completed,Debit Card
ORD_16313,CUST_1645,2026-08-28 17:55:06,9498,completed,COD
ORD_12239,CUST_0625,2026-08-28 18:00:00,4999,completed,Debit Card
ORD_13176,CUST_1562,2026-08-28 18:00:00,3999,completed,COD
ORD_13260,CUST_1646,2026-08-28 18:00:00,1299,completed,UPI
ORD_11882,CUST_0268,2026-08-28 19:00:00,1499,completed,Debit Card
ORD_12561,CUST_0947,2026-08-28 19:00:00,4999,completed,Credit Card
ORD_13053,CUST_1439,2026-08-28 19:00:00,3299,completed,UPI
ORD_13818,CUST_0950,2026-08-28 19:04:40,1499,completed,UPI
ORD_15805,CUST_1285,2026-08-28 19:36:54,4598,completed,COD
ORD_14803,CUST_1883,2026-08-28 19:41:21,1498,completed,Credit Card
ORD_12161,CUST_0547,2026-08-28 20:00:00,1899,completed,UPI
ORD_12225,CUST_0611,2026-08-28 20:00:00,3999,completed,COD
ORD_12489,CUST_0875,2026-08-28 20:00:00,799,completed,UPI
ORD_12499,CUST_0885,2026-08-28 20:00:00,799,completed,COD
ORD_12521,CUST_0907,2026-08-28 20:00:00,799,completed,Debit Card
ORD_13414,CUST_1800,2026-08-28 20:00:00,3999,completed,Debit Card
ORD_13416,CUST_1802,2026-08-28 21:00:00,1899,completed,Credit Card
ORD_13510,CUST_1896,2026-08-28 21:00:00,1899,completed,UPI
ORD_17058,CUST_0914,2026-08-28 21:10:19,1299,completed,Credit Card
ORD_14694,CUST_1541,2026-08-28 21:33:39,848,completed,UPI
ORD_12208,CUST_0594,2026-08-28 22:00:00,2499,completed,Debit Card
ORD_13277,CUST_1663,2026-08-28 22:00:00,2799,completed,Credit Card
ORD_13310,CUST_1696,2026-08-28 22:00:00,3299,completed,COD
ORD_13838,CUST_0620,2026-08-28 22:22:52,1499,completed,Credit Card
ORD_13978,CUST_1149,2026-08-28 22:25:21,2999,completed,Credit Card
ORD_17481,CUST_0931,2026-08-28 22:26:45,499,completed,Debit Card
ORD_11896,CUST_0282,2026-08-28 23:00:00,3999,completed,COD
ORD_12038,CUST_0424,2026-08-28 23:00:00,1899,completed,Credit Card
ORD_12066,CUST_0452,2026-08-28 23:00:00,2199,completed,COD
ORD_12533,CUST_0919,2026-08-28 23:00:00,1299,completed,Credit Card
ORD_12449,CUST_0835,2026-08-29 00:00:00,3999,completed,UPI
ORD_12676,CUST_1062,2026-08-29 00:00:00,3299,completed,Debit Card
ORD_13972,CUST_0414,2026-08-29 00:02:50,2999,completed,UPI
ORD_17621,CUST_1225,2026-08-29 00:10:31,899,completed,UPI
ORD_13999,CUST_1763,2026-08-29 00:44:01,2999,completed,UPI
ORD_16271,CUST_1265,2026-08-29 00:52:38,4598,completed,UPI
ORD_14005,CUST_1995,2026-08-29 00:56:44,2999,completed,Credit Card
ORD_13346,CUST_1732,2026-08-29 01:00:00,3999,completed,Debit Card
ORD_19618,CUST_1771,2026-08-29 01:36:43,999,completed,UPI
ORD_12053,CUST_0439,2026-08-29 02:00:00,1899,completed,UPI
ORD_12541,CUST_0927,2026-08-29 02:00:00,1299,completed,UPI
ORD_13532,CUST_1918,2026-08-29 02:00:00,699,completed,UPI
ORD_17833,CUST_1604,2026-08-29 02:13:42,3999,completed,UPI
ORD_12160,CUST_0546,2026-08-29 03:00:00,4999,completed,UPI
ORD_15479,CUST_0916,2026-08-29 03:17:12,1198,completed,UPI
ORD_19717,CUST_1776,2026-08-29 03:38:38,299,failed,UPI
ORD_12445,CUST_0831,2026-08-29 04:00:00,1899,completed,Credit Card
ORD_13454,CUST_1840,2026-08-29 04:00:00,1299,completed,UPI
ORD_13963,CUST_0554,2026-08-29 04:04:38,2999,completed,Debit Card
ORD_16449,CUST_0623,2026-08-29 04:27:54,6098,completed,UPI
ORD_12178,CUST_0564,2026-08-29 05:00:00,1899,completed,Debit Card
ORD_12496,CUST_0882,2026-08-29 05:00:00,2199,completed,UPI
ORD_13117,CUST_1503,2026-08-29 05:00:00,1899,completed,UPI
ORD_13540,CUST_1926,2026-08-29 05:00:00,699,completed,UPI
ORD_15395,CUST_0383,2026-08-29 05:27:27,948,completed,Credit Card
ORD_17354,CUST_0616,2026-08-29 05:36:14,499,completed,UPI
ORD_12272,CUST_0658,2026-08-29 06:00:00,699,completed,Credit Card
ORD_12604,CUST_0990,2026-08-29 06:00:00,1299,completed,UPI
ORD_12970,CUST_1356,2026-08-29 06:00:00,699,completed,UPI
ORD_13115,CUST_1501,2026-08-29 06:00:00,1299,completed,UPI
ORD_15811,CUST_0971,2026-08-29 06:03:11,4998,completed,Debit Card
ORD_13989,CUST_0873,2026-08-29 06:10:03,2999,completed,Debit Card
ORD_13848,CUST_1692,2026-08-29 06:23:33,1499,completed,Debit Card
ORD_19711,CUST_0350,2026-08-29 06:51:24,899,completed,Debit Card
ORD_17720,CUST_1741,2026-08-29 07:29:32,2799,completed,UPI
ORD_17656,CUST_0865,2026-08-29 07:34:04,299,completed,Debit Card
ORD_13950,CUST_1152,2026-08-29 07:34:35,2999,completed,Credit Card
ORD_15292,CUST_1027,2026-08-29 07:47:12,1148,completed,Credit Card
ORD_16428,CUST_1665,2026-08-29 08:10:26,3498,completed,UPI
ORD_13952,CUST_0292,2026-08-29 08:27:57,2999,completed,UPI
ORD_14456,CUST_1295,2026-08-29 08:50:53,1298,completed,COD
ORD_13835,CUST_1323,2026-08-29 09:22:00,1499,completed,Credit Card
ORD_13817,CUST_0488,2026-08-29 09:29:10,1499,completed,COD
ORD_16459,CUST_1366,2026-08-29 09:49:43,1598,completed,UPI
ORD_16869,CUST_0929,2026-08-29 10:11:29,1299,completed,UPI
ORD_18200,CUST_1583,2026-08-29 10:15:42,6999,completed,UPI
ORD_14983,CUST_0760,2026-08-29 10:18:33,1198,completed,Debit Card
ORD_15734,CUST_1093,2026-08-29 10:46:11,5498,completed,COD
ORD_13993,CUST_1725,2026-08-29 11:19:39,2999,completed,UPI
ORD_13813,CUST_0794,2026-08-29 11:48:02,1499,completed,Credit Card
ORD_13965,CUST_1539,2026-08-29 12:02:22,2999,completed,UPI
ORD_14554,CUST_1942,2026-08-29 13:24:49,1498,completed,UPI
ORD_14010,CUST_0966,2026-08-29 13:25:25,2999,completed,UPI
ORD_13803,CUST_1284,2026-08-29 13:33:18,1499,completed,UPI
ORD_19996,CUST_1251,2026-08-29 14:08:28,899,completed,UPI
ORD_19312,CUST_1510,2026-08-29 14:28:37,3499,completed,UPI
ORD_17712,CUST_0736,2026-08-29 14:49:51,1999,refunded,Debit Card
ORD_15569,CUST_1712,2026-08-29 15:30:48,1048,completed,COD
ORD_16772,CUST_0419,2026-08-29 15:46:39,1299,completed,UPI
ORD_16286,CUST_1490,2026-08-29 15:51:09,8298,completed,UPI
ORD_13815,CUST_0643,2026-08-29 15:57:54,1499,completed,UPI
ORD_14020,CUST_0545,2026-08-29 16:14:31,2999,completed,UPI
ORD_13961,CUST_1146,2026-08-29 16:14:37,2999,completed,Debit Card
ORD_14388,CUST_1898,2026-08-29 16:47:39,798,completed,Credit Card
ORD_13806,CUST_0910,2026-08-29 17:22:47,1499,completed,UPI
ORD_17500,CUST_1057,2026-08-29 17:32:50,3499,completed,Credit Card
ORD_17980,CUST_0752,2026-08-29 17:37:37,1499,completed,Credit Card
ORD_13842,CUST_1573,2026-08-29 17:47:12,1499,completed,UPI
ORD_13820,CUST_1648,2026-08-29 17:56:04,1499,completed,UPI
ORD_16160,CUST_0558,2026-08-29 18:43:24,3598,completed,Credit Card
ORD_17226,CUST_0314,2026-08-29 18:43:51,1299,failed,COD
ORD_16494,CUST_0480,2026-08-29 18:52:33,2998,completed,COD
ORD_13973,CUST_1025,2026-08-29 18:53:01,2999,completed,UPI
ORD_13847,CUST_0732,2026-08-29 19:16:15,1499,completed,UPI
ORD_11926,CUST_0312,2026-08-29 20:00:00,3299,completed,UPI
ORD_12428,CUST_0814,2026-08-29 20:00:00,6999,completed,UPI
ORD_13476,CUST_1862,2026-08-29 20:00:00,699,completed,Debit Card
ORD_13559,CUST_1945,2026-08-29 20:00:00,5499,completed,Credit Card
ORD_17328,CUST_0502,2026-08-29 20:30:13,2799,completed,Debit Card
ORD_13802,CUST_1406,2026-08-29 20:40:34,1499,completed,Credit Card
ORD_19757,CUST_1969,2026-08-29 20:43:13,1499,completed,Debit Card
ORD_13804,CUST_0935,2026-08-29 20:56:13,1499,completed,UPI
ORD_13060,CUST_1446,2026-08-29 21:00:00,799,completed,UPI
ORD_17020,CUST_0577,2026-08-29 21:20:55,599,completed,Debit Card
ORD_18668,CUST_1841,2026-08-29 21:56:56,5499,completed,Credit Card
ORD_12915,CUST_1301,2026-08-29 22:00:00,3999,completed,UPI
ORD_12858,CUST_1244,2026-08-29 23:00:00,5499,completed,UPI
ORD_13807,CUST_1269,2026-08-29 23:03:39,1499,completed,UPI
ORD_12447,CUST_0833,2026-08-30 00:00:00,5499,completed,UPI
ORD_12635,CUST_1021,2026-08-30 00:00:00,5499,completed,Credit Card
ORD_12917,CUST_1303,2026-08-30 00:00:00,2199,completed,UPI
ORD_13010,CUST_1396,2026-08-30 00:00:00,899,completed,UPI
ORD_13955,CUST_0269,2026-08-30 00:12:15,2999,completed,Debit Card
ORD_11961,CUST_0347,2026-08-30 01:00:00,1299,completed,Credit Card
ORD_12238,CUST_0624,2026-08-30 01:00:00,1499,completed,UPI
ORD_12479,CUST_0865,2026-08-30 01:00:00,999,completed,Debit Card
ORD_13823,CUST_1826,2026-08-30 01:37:59,1499,completed,Credit Card
ORD_11919,CUST_0305,2026-08-30 02:00:00,999,completed,COD
ORD_12191,CUST_0577,2026-08-30 02:00:00,3999,completed,UPI
ORD_13439,CUST_1825,2026-08-30 02:00:00,999,completed,UPI
ORD_13974,CUST_1009,2026-08-30 02:06:05,2999,completed,UPI
ORD_13975,CUST_1432,2026-08-30 02:22:27,2999,completed,Credit Card
ORD_12282,CUST_0668,2026-08-30 03:00:00,1899,completed,UPI
ORD_12864,CUST_1250,2026-08-30 03:00:00,5499,completed,Credit Card
ORD_17324,CUST_1535,2026-08-30 03:06:02,4999,completed,Debit Card
ORD_19443,CUST_1794,2026-08-30 03:13:05,2199,completed,Debit Card
ORD_13966,CUST_1061,2026-08-30 03:43:35,2999,completed,UPI
ORD_14011,CUST_0374,2026-08-30 03:47:51,2999,completed,UPI
ORD_14179,CUST_0547,2026-08-30 03:48:37,1248,completed,COD
ORD_12055,CUST_0441,2026-08-30 04:00:00,1299,completed,UPI
ORD_12821,CUST_1207,2026-08-30 04:00:00,1899,completed,Credit Card
ORD_13040,CUST_1426,2026-08-30 04:00:00,1299,completed,UPI
ORD_13337,CUST_1723,2026-08-30 04:00:00,3299,completed,Credit Card
ORD_13514,CUST_1900,2026-08-30 04:00:00,4999,completed,UPI
ORD_13986,CUST_0507,2026-08-30 04:09:03,2999,completed,Credit Card
ORD_13984,CUST_1871,2026-08-30 04:16:18,2999,completed,UPI
ORD_13849,CUST_0364,2026-08-30 04:20:07,1499,completed,Debit Card
ORD_19543,CUST_1147,2026-08-30 04:56:21,799,completed,Debit Card
ORD_12146,CUST_0532,2026-08-30 05:00:00,3999,completed,UPI
ORD_12717,CUST_1103,2026-08-30 05:00:00,1899,completed,Debit Card
ORD_13478,CUST_1864,2026-08-30 05:00:00,1299,completed,UPI
ORD_13292,CUST_1678,2026-08-30 06:00:00,1299,completed,Credit Card
ORD_18971,CUST_0959,2026-08-30 07:29:48,2199,failed,COD
ORD_13824,CUST_1245,2026-08-30 08:02:50,1499,completed,UPI
ORD_13834,CUST_0487,2026-08-30 08:13:58,1499,completed,Debit Card
ORD_16393,CUST_1582,2026-08-30 08:35:23,2298,completed,UPI
ORD_18297,CUST_0490,2026-08-30 08:51:41,3299,completed,Credit Card
ORD_14230,CUST_0317,2026-08-30 09:07:18,1498,completed,COD
ORD_15741,CUST_0686,2026-08-30 09:08:56,4798,completed,UPI
ORD_13846,CUST_1821,2026-08-30 09:26:16,1499,completed,UPI
ORD_17179,CUST_0694,2026-08-30 09:42:44,1499,failed,COD
ORD_18843,CUST_0411,2026-08-30 09:46:49,6999,completed,UPI
ORD_15774,CUST_1605,2026-08-30 10:05:03,7898,completed,UPI
ORD_19925,CUST_1882,2026-08-30 10:05:22,999,completed,Credit Card
ORD_17541,CUST_1697,2026-08-30 10:10:44,699,completed,COD
ORD_14022,CUST_0278,2026-08-30 10:14:18,2999,completed,UPI
ORD_16854,CUST_1729,2026-08-30 10:31:46,699,completed,UPI
ORD_16986,CUST_1522,2026-08-30 10:40:13,2499,completed,UPI
ORD_17133,CUST_0982,2026-08-30 11:15:39,6999,completed,COD
ORD_13971,CUST_1618,2026-08-30 11:21:08,2999,completed,Debit Card
ORD_14873,CUST_1012,2026-08-30 11:24:13,798,completed,UPI
ORD_17767,CUST_0566,2026-08-30 11:50:02,6999,completed,COD
ORD_14783,CUST_0313,2026-08-30 11:50:44,1148,completed,Debit Card
ORD_17316,CUST_1257,2026-08-30 11:58:53,3299,completed,UPI
ORD_15381,CUST_1414,2026-08-30 12:46:40,1148,completed,UPI
ORD_17338,CUST_1702,2026-08-30 12:56:52,1899,completed,UPI
ORD_15839,CUST_1367,2026-08-30 13:04:21,4098,completed,Credit Card
ORD_19847,CUST_1255,2026-08-30 13:26:11,499,completed,Debit Card
ORD_15600,CUST_1927,2026-08-30 13:31:24,998,completed,UPI
ORD_18650,CUST_1179,2026-08-30 13:37:23,999,completed,UPI
ORD_13836,CUST_1722,2026-08-30 14:02:36,1499,completed,Debit Card
ORD_19109,CUST_0386,2026-08-30 14:12:47,499,completed,Credit Card
ORD_17007,CUST_0614,2026-08-30 14:25:44,2199,completed,UPI
ORD_17800,CUST_0834,2026-08-30 14:43:01,699,completed,Debit Card
ORD_15924,CUST_1735,2026-08-30 17:17:47,5498,completed,Credit Card
ORD_14003,CUST_1157,2026-08-30 17:19:27,2999,completed,UPI
ORD_19691,CUST_1342,2026-08-30 17:54:38,999,completed,Credit Card
ORD_13985,CUST_0953,2026-08-30 18:41:34,2999,completed,UPI
ORD_14743,CUST_0726,2026-08-30 19:15:19,1498,completed,Credit Card
ORD_13851,CUST_0808,2026-08-30 19:43:46,1499,completed,UPI
ORD_14017,CUST_1331,2026-08-30 20:30:09,2999,completed,UPI
ORD_19731,CUST_1282,2026-08-30 20:33:37,3499,completed,COD
ORD_13831,CUST_1898,2026-08-30 20:36:26,1499,completed,COD
ORD_16660,CUST_0435,2026-08-30 20:45:48,3299,completed,COD
ORD_16437,CUST_1136,2026-08-30 20:58:05,4598,completed,COD
ORD_15582,CUST_1783,2026-08-30 21:06:58,1198,completed,Credit Card
ORD_18587,CUST_1359,2026-08-30 21:27:58,499,completed,COD
ORD_15083,CUST_0493,2026-08-30 21:40:36,898,completed,Credit Card
ORD_13979,CUST_1558,2026-08-30 22:02:12,2999,completed,Debit Card
ORD_16478,CUST_1772,2026-08-30 22:56:41,6398,completed,UPI
ORD_14977,CUST_1085,2026-08-30 23:27:26,1498,completed,UPI
ORD_15984,CUST_1421,2026-08-30 23:29:20,6798,completed,COD
ORD_13970,CUST_1233,2026-08-31 00:07:22,2999,completed,COD
ORD_16818,CUST_1821,2026-08-31 00:10:19,249,completed,Credit Card
ORD_16076,CUST_0326,2026-08-31 01:26:46,3998,completed,UPI
ORD_17378,CUST_1936,2026-08-31 02:19:55,2499,completed,UPI
ORD_13833,CUST_1823,2026-08-31 02:22:08,1499,completed,UPI
ORD_14143,CUST_0535,2026-08-31 02:44:14,1198,completed,UPI
ORD_15126,CUST_1399,2026-08-31 03:01:27,848,completed,COD
ORD_14021,CUST_1063,2026-08-31 03:56:25,2999,completed,UPI
ORD_16126,CUST_1417,2026-08-31 06:33:55,4598,completed,Credit Card
ORD_13991,CUST_1375,2026-08-31 06:36:51,2999,completed,UPI
ORD_18582,CUST_1725,2026-08-31 06:48:30,2199,completed,UPI
ORD_14039,CUST_1320,2026-08-31 08:03:12,1498,completed,UPI
ORD_16305,CUST_1823,2026-08-31 08:12:40,4098,completed,Credit Card
ORD_13968,CUST_1153,2026-08-31 08:32:16,2999,completed,Debit Card
ORD_14014,CUST_0599,2026-08-31 09:06:32,2999,completed,Debit Card
ORD_13960,CUST_1849,2026-08-31 09:36:22,2999,completed,UPI
ORD_15745,CUST_0899,2026-08-31 10:30:40,4098,completed,UPI
ORD_17175,CUST_1845,2026-08-31 10:38:48,1499,completed,UPI
ORD_13969,CUST_1331,2026-08-31 10:47:14,2999,completed,UPI
ORD_13964,CUST_1752,2026-08-31 11:17:13,2999,completed,Debit Card
ORD_13797,CUST_0316,2026-08-31 12:43:24,1499,completed,UPI
ORD_16523,CUST_1307,2026-08-31 12:56:58,4999,completed,Credit Card
ORD_18624,CUST_1407,2026-08-31 12:58:42,3299,completed,UPI
